[2026-09-15T00:47:10.367Z] [INFO] === Crawl start === ts=2026-09-15T00:00:00Z
[2026-09-15T00:47:10.369Z] [INFO] Config loaded apps=4, platforms=macos, categories=Business,Productivity,Utilities
[2026-09-15T00:47:10.369Z] [INFO] App IDs to track: 23 our=4, competitors=19
[2026-09-15T00:47:10.370Z] [INFO] Lookup needed (daily refresh), fetching 23 apps...
[2026-09-15T00:47:10.371Z] [INFO] Lookup: 23 unique IDs in 1 batch(es)
[2026-09-15T00:47:10.371Z] [DEBUG] Lookup batch 1/1: 23 IDs
[2026-09-15T00:47:11.191Z] [DEBUG] Lookup batch 1: 23 results
[2026-09-15T00:47:11.192Z] [INFO] Lookup result: 23/23 apps found
[2026-09-15T00:47:11.195Z] [INFO] Lookup done: 23/23 results
[2026-09-15T00:47:11.196Z] [INFO] RSS requests: 60 countries=20, platforms=macos, categories=Business,Productivity,Utilities
[2026-09-15T00:47:11.196Z] [INFO] RSS fetch start: 60 requests, concurrency=1
[2026-09-15T00:47:11.826Z] [DEBUG] RSS ok: us/macos/Business/top-free entries=100
[2026-09-15T00:47:21.829Z] [DEBUG] Hits: us/macos/Business/top-free 3 app(s) found
[2026-09-15T00:47:22.653Z] [DEBUG] RSS ok: us/macos/Productivity/top-free entries=99
[2026-09-15T00:47:32.659Z] [DEBUG] Hits: us/macos/Productivity/top-free 6 app(s) found
[2026-09-15T00:47:33.763Z] [DEBUG] RSS ok: us/macos/Utilities/top-free entries=100
[2026-09-15T00:47:43.770Z] [DEBUG] Hits: us/macos/Utilities/top-free 1 app(s) found
[2026-09-15T00:47:44.514Z] [DEBUG] RSS ok: gb/macos/Business/top-free entries=98
[2026-09-15T00:47:54.520Z] [DEBUG] Hits: gb/macos/Business/top-free 4 app(s) found
[2026-09-15T00:47:55.540Z] [DEBUG] RSS ok: gb/macos/Productivity/top-free entries=99
[2026-09-15T00:48:05.546Z] [DEBUG] Hits: gb/macos/Productivity/top-free 5 app(s) found
[2026-09-15T00:48:06.362Z] [DEBUG] RSS ok: gb/macos/Utilities/top-free entries=100
[2026-09-15T00:48:16.368Z] [DEBUG] Hits: gb/macos/Utilities/top-free 3 app(s) found
[2026-09-15T00:48:17.131Z] [DEBUG] RSS ok: ca/macos/Business/top-free entries=100
[2026-09-15T00:48:27.138Z] [DEBUG] Hits: ca/macos/Business/top-free 5 app(s) found
[2026-09-15T00:48:27.969Z] [DEBUG] RSS ok: ca/macos/Productivity/top-free entries=99
[2026-09-15T00:48:37.975Z] [DEBUG] Hits: ca/macos/Productivity/top-free 5 app(s) found
[2026-09-15T00:48:38.913Z] [DEBUG] RSS ok: ca/macos/Utilities/top-free entries=100
[2026-09-15T00:48:48.919Z] [DEBUG] Hits: ca/macos/Utilities/top-free 1 app(s) found
[2026-09-15T00:48:49.735Z] [DEBUG] RSS ok: fr/macos/Business/top-free entries=98
[2026-09-15T00:48:59.742Z] [DEBUG] Hits: fr/macos/Business/top-free 3 app(s) found
[2026-09-15T00:48:59.742Z] [INFO] RSS progress: 10/60 (10 ok, 0 error, 36 points)
[2026-09-15T00:49:00.807Z] [DEBUG] RSS ok: fr/macos/Productivity/top-free entries=99
[2026-09-15T00:49:10.813Z] [DEBUG] Hits: fr/macos/Productivity/top-free 5 app(s) found
[2026-09-15T00:49:11.775Z] [DEBUG] RSS ok: fr/macos/Utilities/top-free entries=100
[2026-09-15T00:49:21.779Z] [DEBUG] Hits: fr/macos/Utilities/top-free 1 app(s) found
[2026-09-15T00:49:22.679Z] [DEBUG] RSS ok: de/macos/Business/top-free entries=99
[2026-09-15T00:49:32.685Z] [DEBUG] Hits: de/macos/Business/top-free 2 app(s) found
[2026-09-15T00:49:33.551Z] [DEBUG] RSS ok: de/macos/Productivity/top-free entries=99
[2026-09-15T00:49:43.555Z] [DEBUG] Hits: de/macos/Productivity/top-free 4 app(s) found
[2026-09-15T00:49:44.379Z] [DEBUG] RSS ok: de/macos/Utilities/top-free entries=100
[2026-09-15T00:49:54.385Z] [DEBUG] Hits: de/macos/Utilities/top-free 4 app(s) found
[2026-09-15T00:49:55.153Z] [DEBUG] RSS ok: jp/macos/Business/top-free entries=100
[2026-09-15T00:50:05.159Z] [DEBUG] Hits: jp/macos/Business/top-free 2 app(s) found
[2026-09-15T00:50:05.928Z] [DEBUG] RSS ok: jp/macos/Productivity/top-free entries=99
[2026-09-15T00:50:15.934Z] [DEBUG] Hits: jp/macos/Productivity/top-free 3 app(s) found
[2026-09-15T00:50:16.685Z] [DEBUG] RSS ok: jp/macos/Utilities/top-free entries=99
[2026-09-15T00:50:26.691Z] [DEBUG] Hits: jp/macos/Utilities/top-free 5 app(s) found
[2026-09-15T00:50:27.454Z] [DEBUG] RSS ok: au/macos/Business/top-free entries=100
[2026-09-15T00:50:37.460Z] [DEBUG] Hits: au/macos/Business/top-free 4 app(s) found
[2026-09-15T00:50:38.197Z] [DEBUG] RSS ok: au/macos/Productivity/top-free entries=99
[2026-09-15T00:50:48.204Z] [INFO] RSS progress: 20/60 (20 ok, 0 error, 70 points)
[2026-09-15T00:50:48.204Z] [DEBUG] Hits: au/macos/Productivity/top-free 4 app(s) found
[2026-09-15T00:50:48.952Z] [DEBUG] RSS ok: au/macos/Utilities/top-free entries=100
[2026-09-15T00:50:58.958Z] [DEBUG] Hits: au/macos/Utilities/top-free 1 app(s) found
[2026-09-15T00:50:59.808Z] [DEBUG] RSS ok: es/macos/Business/top-free entries=99
[2026-09-15T00:51:09.814Z] [DEBUG] Hits: es/macos/Business/top-free 3 app(s) found
[2026-09-15T00:51:10.700Z] [DEBUG] RSS ok: es/macos/Productivity/top-free entries=99
[2026-09-15T00:51:20.706Z] [DEBUG] Hits: es/macos/Productivity/top-free 5 app(s) found
[2026-09-15T00:51:21.485Z] [DEBUG] RSS ok: es/macos/Utilities/top-free entries=100
[2026-09-15T00:51:31.491Z] [DEBUG] Hits: es/macos/Utilities/top-free 1 app(s) found
[2026-09-15T00:51:32.346Z] [DEBUG] RSS ok: it/macos/Business/top-free entries=99
[2026-09-15T00:51:42.352Z] [DEBUG] Hits: it/macos/Business/top-free 3 app(s) found
[2026-09-15T00:51:43.277Z] [DEBUG] RSS ok: it/macos/Productivity/top-free entries=99
[2026-09-15T00:51:53.281Z] [DEBUG] Hits: it/macos/Productivity/top-free 5 app(s) found
[2026-09-15T00:51:54.173Z] [DEBUG] RSS ok: it/macos/Utilities/top-free entries=100
[2026-09-15T00:52:04.179Z] [DEBUG] Hits: it/macos/Utilities/top-free 1 app(s) found
[2026-09-15T00:52:05.100Z] [DEBUG] RSS ok: pt/macos/Business/top-free entries=100
[2026-09-15T00:52:15.106Z] [DEBUG] Hits: pt/macos/Business/top-free 3 app(s) found
[2026-09-15T00:52:15.950Z] [DEBUG] RSS ok: pt/macos/Productivity/top-free entries=99
[2026-09-15T00:52:25.957Z] [DEBUG] Hits: pt/macos/Productivity/top-free 4 app(s) found
[2026-09-15T00:52:26.858Z] [DEBUG] RSS ok: pt/macos/Utilities/top-free entries=100
[2026-09-15T00:52:36.864Z] [INFO] RSS progress: 30/60 (30 ok, 0 error, 96 points)
[2026-09-15T00:52:37.642Z] [DEBUG] RSS ok: ch/macos/Business/top-free entries=98
[2026-09-15T00:52:47.648Z] [DEBUG] Hits: ch/macos/Business/top-free 3 app(s) found
[2026-09-15T00:52:48.391Z] [DEBUG] RSS ok: ch/macos/Productivity/top-free entries=99
[2026-09-15T00:52:58.397Z] [DEBUG] Hits: ch/macos/Productivity/top-free 4 app(s) found
[2026-09-15T00:52:59.432Z] [DEBUG] RSS ok: ch/macos/Utilities/top-free entries=100
[2026-09-15T00:53:09.439Z] [DEBUG] Hits: ch/macos/Utilities/top-free 2 app(s) found
[2026-09-15T00:53:10.224Z] [DEBUG] RSS ok: be/macos/Business/top-free entries=100
[2026-09-15T00:53:20.225Z] [DEBUG] Hits: be/macos/Business/top-free 2 app(s) found
[2026-09-15T00:53:21.094Z] [DEBUG] RSS ok: be/macos/Productivity/top-free entries=99
[2026-09-15T00:53:31.101Z] [DEBUG] Hits: be/macos/Productivity/top-free 5 app(s) found
[2026-09-15T00:53:32.214Z] [DEBUG] RSS ok: be/macos/Utilities/top-free entries=100
[2026-09-15T00:53:43.146Z] [DEBUG] RSS ok: nl/macos/Business/top-free entries=99
[2026-09-15T00:53:53.153Z] [DEBUG] Hits: nl/macos/Business/top-free 1 app(s) found
[2026-09-15T00:53:53.996Z] [DEBUG] RSS ok: nl/macos/Productivity/top-free entries=99
[2026-09-15T00:54:03.998Z] [DEBUG] Hits: nl/macos/Productivity/top-free 4 app(s) found
[2026-09-15T00:54:04.823Z] [DEBUG] RSS ok: nl/macos/Utilities/top-free entries=100
[2026-09-15T00:54:15.583Z] [DEBUG] RSS ok: tw/macos/Business/top-free entries=100
[2026-09-15T00:54:25.589Z] [DEBUG] Hits: tw/macos/Business/top-free 2 app(s) found
[2026-09-15T00:54:25.589Z] [INFO] RSS progress: 40/60 (40 ok, 0 error, 119 points)
[2026-09-15T00:54:26.554Z] [DEBUG] RSS ok: tw/macos/Productivity/top-free entries=99
[2026-09-15T00:54:36.561Z] [DEBUG] Hits: tw/macos/Productivity/top-free 3 app(s) found
[2026-09-15T00:54:37.820Z] [DEBUG] RSS ok: tw/macos/Utilities/top-free entries=100
[2026-09-15T00:54:48.640Z] [DEBUG] RSS ok: hk/macos/Business/top-free entries=100
[2026-09-15T00:54:58.646Z] [DEBUG] Hits: hk/macos/Business/top-free 1 app(s) found
[2026-09-15T00:54:59.480Z] [DEBUG] RSS ok: hk/macos/Productivity/top-free entries=99
[2026-09-15T00:55:09.486Z] [DEBUG] Hits: hk/macos/Productivity/top-free 4 app(s) found
[2026-09-15T00:55:10.193Z] [DEBUG] RSS ok: hk/macos/Utilities/top-free entries=100
[2026-09-15T00:55:21.097Z] [DEBUG] RSS ok: nz/macos/Business/top-free entries=100
[2026-09-15T00:55:31.104Z] [DEBUG] Hits: nz/macos/Business/top-free 4 app(s) found
[2026-09-15T00:55:31.861Z] [DEBUG] RSS ok: nz/macos/Productivity/top-free entries=99
[2026-09-15T00:55:41.867Z] [DEBUG] Hits: nz/macos/Productivity/top-free 4 app(s) found
[2026-09-15T00:55:42.770Z] [DEBUG] RSS ok: nz/macos/Utilities/top-free entries=100
[2026-09-15T00:55:52.776Z] [DEBUG] Hits: nz/macos/Utilities/top-free 2 app(s) found
[2026-09-15T00:55:53.548Z] [DEBUG] RSS ok: sg/macos/Business/top-free entries=100
[2026-09-15T00:56:03.554Z] [DEBUG] Hits: sg/macos/Business/top-free 2 app(s) found
[2026-09-15T00:56:04.387Z] [DEBUG] RSS ok: sg/macos/Productivity/top-free entries=99
[2026-09-15T00:56:14.394Z] [DEBUG] Hits: sg/macos/Productivity/top-free 4 app(s) found
[2026-09-15T00:56:14.394Z] [INFO] RSS progress: 50/60 (50 ok, 0 error, 143 points)
[2026-09-15T00:56:15.359Z] [DEBUG] RSS ok: sg/macos/Utilities/top-free entries=100
[2026-09-15T00:56:26.269Z] [DEBUG] RSS ok: in/macos/Business/top-free entries=100
[2026-09-15T00:56:36.273Z] [DEBUG] Hits: in/macos/Business/top-free 2 app(s) found
[2026-09-15T00:56:37.366Z] [DEBUG] RSS ok: in/macos/Productivity/top-free entries=99
[2026-09-15T00:56:47.372Z] [DEBUG] Hits: in/macos/Productivity/top-free 2 app(s) found
[2026-09-15T00:56:48.304Z] [DEBUG] RSS ok: in/macos/Utilities/top-free entries=100
[2026-09-15T00:56:59.079Z] [DEBUG] RSS ok: za/macos/Business/top-free entries=100
[2026-09-15T00:57:09.085Z] [DEBUG] Hits: za/macos/Business/top-free 3 app(s) found
[2026-09-15T00:57:09.887Z] [DEBUG] RSS ok: za/macos/Productivity/top-free entries=99
[2026-09-15T00:57:19.894Z] [DEBUG] Hits: za/macos/Productivity/top-free 3 app(s) found
[2026-09-15T00:57:20.781Z] [DEBUG] RSS ok: za/macos/Utilities/top-free entries=100
[2026-09-15T00:57:30.787Z] [DEBUG] Hits: za/macos/Utilities/top-free 3 app(s) found
[2026-09-15T00:57:31.649Z] [DEBUG] RSS ok: br/macos/Business/top-free entries=100
[2026-09-15T00:57:41.655Z] [DEBUG] Hits: br/macos/Business/top-free 2 app(s) found
[2026-09-15T00:57:43.975Z] [DEBUG] RSS ok: br/macos/Productivity/top-free entries=99
[2026-09-15T00:57:53.982Z] [DEBUG] Hits: br/macos/Productivity/top-free 2 app(s) found
[2026-09-15T00:57:54.871Z] [DEBUG] RSS ok: br/macos/Utilities/top-free entries=100
[2026-09-15T00:58:04.878Z] [INFO] RSS progress: 60/60 (60 ok, 0 error, 160 points)
[2026-09-15T00:58:04.878Z] [INFO] RSS fetch done: 60 ok, 0 error, 160 points
[2026-09-15T00:58:04.878Z] [INFO] Platform max returned: macos = 100
[2026-09-15T00:58:04.878Z] [INFO] RSS results: 60 ok, 0 error, 160 rank points
[2026-09-15T00:58:04.897Z] [INFO] Stored: 60 crawls, 160 points
[2026-09-15T00:58:04.906Z] [INFO] current.json written rows=23
[2026-09-15T00:58:04.906Z] [INFO] Current summary: on_chart=160, not_on_chart=300, depth_limited=0, crawl_error=0, total=460
[2026-09-15T00:58:04.906Z] [INFO] === Crawl complete === 654.5s
[2026-09-15T01:47:12.004Z] [INFO] === Crawl start === ts=2026-09-15T01:00:00Z
[2026-09-15T01:47:12.008Z] [INFO] Config loaded apps=4, platforms=macos, categories=Business,Productivity,Utilities
[2026-09-15T01:47:12.009Z] [INFO] App IDs to track: 23 our=4, competitors=19
[2026-09-15T01:47:12.010Z] [INFO] Lookup cached fetched_at=2026-09-15T00:47:11.192Z, 23 apps
[2026-09-15T01:47:12.010Z] [INFO] RSS requests: 60 countries=20, platforms=macos, categories=Business,Productivity,Utilities
[2026-09-15T01:47:12.011Z] [INFO] RSS fetch start: 60 requests, concurrency=1
[2026-09-15T01:47:13.333Z] [DEBUG] RSS ok: us/macos/Business/top-free entries=100
[2026-09-15T01:47:23.337Z] [DEBUG] Hits: us/macos/Business/top-free 3 app(s) found
[2026-09-15T01:47:24.084Z] [DEBUG] RSS ok: us/macos/Productivity/top-free entries=99
[2026-09-15T01:47:34.090Z] [DEBUG] Hits: us/macos/Productivity/top-free 6 app(s) found
[2026-09-15T01:47:34.889Z] [DEBUG] RSS ok: us/macos/Utilities/top-free entries=99
[2026-09-15T01:47:44.895Z] [DEBUG] Hits: us/macos/Utilities/top-free 1 app(s) found
[2026-09-15T01:47:45.550Z] [DEBUG] RSS ok: gb/macos/Business/top-free entries=99
[2026-09-15T01:47:55.556Z] [DEBUG] Hits: gb/macos/Business/top-free 4 app(s) found
[2026-09-15T01:47:56.278Z] [DEBUG] RSS ok: gb/macos/Productivity/top-free entries=99
[2026-09-15T01:48:06.283Z] [DEBUG] Hits: gb/macos/Productivity/top-free 5 app(s) found
[2026-09-15T01:48:06.969Z] [DEBUG] RSS ok: gb/macos/Utilities/top-free entries=100
[2026-09-15T01:48:16.976Z] [DEBUG] Hits: gb/macos/Utilities/top-free 3 app(s) found
[2026-09-15T01:48:17.775Z] [DEBUG] RSS ok: ca/macos/Business/top-free entries=100
[2026-09-15T01:48:27.781Z] [DEBUG] Hits: ca/macos/Business/top-free 4 app(s) found
[2026-09-15T01:48:29.545Z] [DEBUG] RSS ok: ca/macos/Productivity/top-free entries=99
[2026-09-15T01:48:39.551Z] [DEBUG] Hits: ca/macos/Productivity/top-free 5 app(s) found
[2026-09-15T01:48:40.533Z] [DEBUG] RSS ok: ca/macos/Utilities/top-free entries=100
[2026-09-15T01:48:50.540Z] [DEBUG] Hits: ca/macos/Utilities/top-free 1 app(s) found
[2026-09-15T01:48:51.313Z] [DEBUG] RSS ok: fr/macos/Business/top-free entries=99
[2026-09-15T01:49:01.316Z] [DEBUG] Hits: fr/macos/Business/top-free 3 app(s) found
[2026-09-15T01:49:01.316Z] [INFO] RSS progress: 10/60 (10 ok, 0 error, 35 points)
[2026-09-15T01:49:02.181Z] [DEBUG] RSS ok: fr/macos/Productivity/top-free entries=99
[2026-09-15T01:49:12.188Z] [DEBUG] Hits: fr/macos/Productivity/top-free 4 app(s) found
[2026-09-15T01:49:12.922Z] [DEBUG] RSS ok: fr/macos/Utilities/top-free entries=100
[2026-09-15T01:49:22.928Z] [DEBUG] Hits: fr/macos/Utilities/top-free 2 app(s) found
[2026-09-15T01:49:23.827Z] [DEBUG] RSS ok: de/macos/Business/top-free entries=99
[2026-09-15T01:49:33.834Z] [DEBUG] Hits: de/macos/Business/top-free 2 app(s) found
[2026-09-15T01:49:34.821Z] [DEBUG] RSS ok: de/macos/Productivity/top-free entries=99
[2026-09-15T01:49:44.828Z] [DEBUG] Hits: de/macos/Productivity/top-free 4 app(s) found
[2026-09-15T01:49:45.832Z] [DEBUG] RSS ok: de/macos/Utilities/top-free entries=100
[2026-09-15T01:49:55.838Z] [DEBUG] Hits: de/macos/Utilities/top-free 4 app(s) found
[2026-09-15T01:49:56.610Z] [DEBUG] RSS ok: jp/macos/Business/top-free entries=100
[2026-09-15T01:50:06.613Z] [DEBUG] Hits: jp/macos/Business/top-free 2 app(s) found
[2026-09-15T01:50:07.402Z] [DEBUG] RSS ok: jp/macos/Productivity/top-free entries=99
[2026-09-15T01:50:17.404Z] [DEBUG] Hits: jp/macos/Productivity/top-free 3 app(s) found
[2026-09-15T01:50:18.308Z] [DEBUG] RSS ok: jp/macos/Utilities/top-free entries=98
[2026-09-15T01:50:28.314Z] [DEBUG] Hits: jp/macos/Utilities/top-free 5 app(s) found
[2026-09-15T01:50:29.015Z] [DEBUG] RSS ok: au/macos/Business/top-free entries=100
[2026-09-15T01:50:39.022Z] [DEBUG] Hits: au/macos/Business/top-free 4 app(s) found
[2026-09-15T01:50:39.749Z] [DEBUG] RSS ok: au/macos/Productivity/top-free entries=99
[2026-09-15T01:50:49.755Z] [DEBUG] Hits: au/macos/Productivity/top-free 5 app(s) found
[2026-09-15T01:50:49.755Z] [INFO] RSS progress: 20/60 (20 ok, 0 error, 70 points)
[2026-09-15T01:50:50.495Z] [DEBUG] RSS ok: au/macos/Utilities/top-free entries=99
[2026-09-15T01:51:00.500Z] [DEBUG] Hits: au/macos/Utilities/top-free 1 app(s) found
[2026-09-15T01:51:01.308Z] [DEBUG] RSS ok: es/macos/Business/top-free entries=100
[2026-09-15T01:51:11.315Z] [DEBUG] Hits: es/macos/Business/top-free 3 app(s) found
[2026-09-15T01:51:12.562Z] [DEBUG] RSS ok: es/macos/Productivity/top-free entries=99
[2026-09-15T01:51:22.569Z] [DEBUG] Hits: es/macos/Productivity/top-free 5 app(s) found
[2026-09-15T01:51:23.448Z] [DEBUG] RSS ok: es/macos/Utilities/top-free entries=100
[2026-09-15T01:51:33.454Z] [DEBUG] Hits: es/macos/Utilities/top-free 1 app(s) found
[2026-09-15T01:51:34.407Z] [DEBUG] RSS ok: it/macos/Business/top-free entries=99
[2026-09-15T01:51:44.414Z] [DEBUG] Hits: it/macos/Business/top-free 3 app(s) found
[2026-09-15T01:51:45.267Z] [DEBUG] RSS ok: it/macos/Productivity/top-free entries=99
[2026-09-15T01:51:55.274Z] [DEBUG] Hits: it/macos/Productivity/top-free 5 app(s) found
[2026-09-15T01:51:56.345Z] [DEBUG] RSS ok: it/macos/Utilities/top-free entries=100
[2026-09-15T01:52:06.351Z] [DEBUG] Hits: it/macos/Utilities/top-free 1 app(s) found
[2026-09-15T01:52:07.171Z] [DEBUG] RSS ok: pt/macos/Business/top-free entries=100
[2026-09-15T01:52:17.172Z] [DEBUG] Hits: pt/macos/Business/top-free 3 app(s) found
[2026-09-15T01:52:18.198Z] [DEBUG] RSS ok: pt/macos/Productivity/top-free entries=99
[2026-09-15T01:52:28.203Z] [DEBUG] Hits: pt/macos/Productivity/top-free 4 app(s) found
[2026-09-15T01:52:28.991Z] [DEBUG] RSS ok: pt/macos/Utilities/top-free entries=99
[2026-09-15T01:52:38.994Z] [INFO] RSS progress: 30/60 (30 ok, 0 error, 96 points)
[2026-09-15T01:52:39.822Z] [DEBUG] RSS ok: ch/macos/Business/top-free entries=98
[2026-09-15T01:52:49.829Z] [DEBUG] Hits: ch/macos/Business/top-free 3 app(s) found
[2026-09-15T01:52:50.728Z] [DEBUG] RSS ok: ch/macos/Productivity/top-free entries=99
[2026-09-15T01:53:00.734Z] [DEBUG] Hits: ch/macos/Productivity/top-free 4 app(s) found
[2026-09-15T01:53:01.586Z] [DEBUG] RSS ok: ch/macos/Utilities/top-free entries=100
[2026-09-15T01:53:11.592Z] [DEBUG] Hits: ch/macos/Utilities/top-free 2 app(s) found
[2026-09-15T01:53:12.356Z] [DEBUG] RSS ok: be/macos/Business/top-free entries=100
[2026-09-15T01:53:22.357Z] [DEBUG] Hits: be/macos/Business/top-free 2 app(s) found
[2026-09-15T01:53:23.084Z] [DEBUG] RSS ok: be/macos/Productivity/top-free entries=99
[2026-09-15T01:53:33.091Z] [DEBUG] Hits: be/macos/Productivity/top-free 5 app(s) found
[2026-09-15T01:53:34.001Z] [DEBUG] RSS ok: be/macos/Utilities/top-free entries=100
[2026-09-15T01:53:44.886Z] [DEBUG] RSS ok: nl/macos/Business/top-free entries=100
[2026-09-15T01:53:54.892Z] [DEBUG] Hits: nl/macos/Business/top-free 1 app(s) found
[2026-09-15T01:53:55.615Z] [DEBUG] RSS ok: nl/macos/Productivity/top-free entries=99
[2026-09-15T01:54:05.621Z] [DEBUG] Hits: nl/macos/Productivity/top-free 4 app(s) found
[2026-09-15T01:54:06.512Z] [DEBUG] RSS ok: nl/macos/Utilities/top-free entries=99
[2026-09-15T01:54:17.293Z] [DEBUG] RSS ok: tw/macos/Business/top-free entries=100
[2026-09-15T01:54:27.295Z] [DEBUG] Hits: tw/macos/Business/top-free 2 app(s) found
[2026-09-15T01:54:27.296Z] [INFO] RSS progress: 40/60 (40 ok, 0 error, 119 points)
[2026-09-15T01:54:28.161Z] [DEBUG] RSS ok: tw/macos/Productivity/top-free entries=99
[2026-09-15T01:54:38.166Z] [DEBUG] Hits: tw/macos/Productivity/top-free 3 app(s) found
[2026-09-15T01:54:38.924Z] [DEBUG] RSS ok: tw/macos/Utilities/top-free entries=100
[2026-09-15T01:54:49.775Z] [DEBUG] RSS ok: hk/macos/Business/top-free entries=100
[2026-09-15T01:54:59.781Z] [DEBUG] Hits: hk/macos/Business/top-free 1 app(s) found
[2026-09-15T01:55:00.636Z] [DEBUG] RSS ok: hk/macos/Productivity/top-free entries=99
[2026-09-15T01:55:10.642Z] [DEBUG] Hits: hk/macos/Productivity/top-free 4 app(s) found
[2026-09-15T01:55:12.074Z] [DEBUG] RSS ok: hk/macos/Utilities/top-free entries=100
[2026-09-15T01:55:22.993Z] [DEBUG] RSS ok: nz/macos/Business/top-free entries=100
[2026-09-15T01:55:32.999Z] [DEBUG] Hits: nz/macos/Business/top-free 4 app(s) found
[2026-09-15T01:55:33.852Z] [DEBUG] RSS ok: nz/macos/Productivity/top-free entries=99
[2026-09-15T01:55:43.858Z] [DEBUG] Hits: nz/macos/Productivity/top-free 4 app(s) found
[2026-09-15T01:55:44.661Z] [DEBUG] RSS ok: nz/macos/Utilities/top-free entries=100
[2026-09-15T01:55:54.668Z] [DEBUG] Hits: nz/macos/Utilities/top-free 2 app(s) found
[2026-09-15T01:55:55.473Z] [DEBUG] RSS ok: sg/macos/Business/top-free entries=100
[2026-09-15T01:56:05.480Z] [DEBUG] Hits: sg/macos/Business/top-free 2 app(s) found
[2026-09-15T01:56:06.331Z] [DEBUG] RSS ok: sg/macos/Productivity/top-free entries=99
[2026-09-15T01:56:16.337Z] [DEBUG] Hits: sg/macos/Productivity/top-free 4 app(s) found
[2026-09-15T01:56:16.337Z] [INFO] RSS progress: 50/60 (50 ok, 0 error, 143 points)
[2026-09-15T01:56:17.057Z] [DEBUG] RSS ok: sg/macos/Utilities/top-free entries=100
[2026-09-15T01:56:27.844Z] [DEBUG] RSS ok: in/macos/Business/top-free entries=100
[2026-09-15T01:56:37.851Z] [DEBUG] Hits: in/macos/Business/top-free 2 app(s) found
[2026-09-15T01:56:38.732Z] [DEBUG] RSS ok: in/macos/Productivity/top-free entries=99
[2026-09-15T01:56:48.732Z] [DEBUG] Hits: in/macos/Productivity/top-free 2 app(s) found
[2026-09-15T01:56:49.973Z] [DEBUG] RSS ok: in/macos/Utilities/top-free entries=100
[2026-09-15T01:57:01.014Z] [DEBUG] RSS ok: za/macos/Business/top-free entries=100
[2026-09-15T01:57:11.021Z] [DEBUG] Hits: za/macos/Business/top-free 3 app(s) found
[2026-09-15T01:57:11.828Z] [DEBUG] RSS ok: za/macos/Productivity/top-free entries=99
[2026-09-15T01:57:21.834Z] [DEBUG] Hits: za/macos/Productivity/top-free 3 app(s) found
[2026-09-15T01:57:22.696Z] [DEBUG] RSS ok: za/macos/Utilities/top-free entries=100
[2026-09-15T01:57:32.702Z] [DEBUG] Hits: za/macos/Utilities/top-free 3 app(s) found
[2026-09-15T01:57:33.468Z] [DEBUG] RSS ok: br/macos/Business/top-free entries=99
[2026-09-15T01:57:43.475Z] [DEBUG] Hits: br/macos/Business/top-free 2 app(s) found
[2026-09-15T01:57:44.390Z] [DEBUG] RSS ok: br/macos/Productivity/top-free entries=99
[2026-09-15T01:57:54.396Z] [DEBUG] Hits: br/macos/Productivity/top-free 3 app(s) found
[2026-09-15T01:57:55.245Z] [DEBUG] RSS ok: br/macos/Utilities/top-free entries=99
[2026-09-15T01:58:05.252Z] [INFO] RSS progress: 60/60 (60 ok, 0 error, 161 points)
[2026-09-15T01:58:05.252Z] [INFO] RSS fetch done: 60 ok, 0 error, 161 points
[2026-09-15T01:58:05.252Z] [INFO] Platform max returned: macos = 100
[2026-09-15T01:58:05.253Z] [INFO] RSS results: 60 ok, 0 error, 161 rank points
[2026-09-15T01:58:05.285Z] [INFO] Stored: 60 crawls, 161 points
[2026-09-15T01:58:05.301Z] [INFO] current.json written rows=23
[2026-09-15T01:58:05.302Z] [INFO] Current summary: on_chart=161, not_on_chart=299, depth_limited=0, crawl_error=0, total=460
[2026-09-15T01:58:05.302Z] [INFO] === Crawl complete === 653.3s
[2026-09-15T02:47:15.886Z] [INFO] === Crawl start === ts=2026-09-15T02:00:00Z
[2026-09-15T02:47:15.890Z] [INFO] Config loaded apps=4, platforms=macos, categories=Business,Productivity,Utilities
[2026-09-15T02:47:15.890Z] [INFO] App IDs to track: 23 our=4, competitors=19
[2026-09-15T02:47:15.891Z] [INFO] Lookup cached fetched_at=2026-09-15T00:47:11.192Z, 23 apps
[2026-09-15T02:47:15.891Z] [INFO] RSS requests: 60 countries=20, platforms=macos, categories=Business,Productivity,Utilities
[2026-09-15T02:47:15.892Z] [INFO] RSS fetch start: 60 requests, concurrency=1
[2026-09-15T02:47:16.804Z] [DEBUG] RSS ok: us/macos/Business/top-free entries=100
[2026-09-15T02:47:26.807Z] [DEBUG] Hits: us/macos/Business/top-free 3 app(s) found
[2026-09-15T02:47:27.522Z] [DEBUG] RSS ok: us/macos/Productivity/top-free entries=99
[2026-09-15T02:47:37.528Z] [DEBUG] Hits: us/macos/Productivity/top-free 6 app(s) found
[2026-09-15T02:47:38.237Z] [DEBUG] RSS ok: us/macos/Utilities/top-free entries=99
[2026-09-15T02:47:48.243Z] [DEBUG] Hits: us/macos/Utilities/top-free 1 app(s) found
[2026-09-15T02:47:48.917Z] [DEBUG] RSS ok: gb/macos/Business/top-free entries=99
[2026-09-15T02:47:58.918Z] [DEBUG] Hits: gb/macos/Business/top-free 4 app(s) found
[2026-09-15T02:47:59.810Z] [DEBUG] RSS ok: gb/macos/Productivity/top-free entries=99
[2026-09-15T02:48:09.816Z] [DEBUG] Hits: gb/macos/Productivity/top-free 5 app(s) found
[2026-09-15T02:48:10.691Z] [DEBUG] RSS ok: gb/macos/Utilities/top-free entries=100
[2026-09-15T02:48:20.696Z] [DEBUG] Hits: gb/macos/Utilities/top-free 3 app(s) found
[2026-09-15T02:48:21.387Z] [DEBUG] RSS ok: ca/macos/Business/top-free entries=100
[2026-09-15T02:48:31.393Z] [DEBUG] Hits: ca/macos/Business/top-free 4 app(s) found
[2026-09-15T02:48:32.148Z] [DEBUG] RSS ok: ca/macos/Productivity/top-free entries=99
[2026-09-15T02:48:42.149Z] [DEBUG] Hits: ca/macos/Productivity/top-free 5 app(s) found
[2026-09-15T02:48:42.941Z] [DEBUG] RSS ok: ca/macos/Utilities/top-free entries=100
[2026-09-15T02:48:52.945Z] [DEBUG] Hits: ca/macos/Utilities/top-free 1 app(s) found
[2026-09-15T02:48:53.784Z] [DEBUG] RSS ok: fr/macos/Business/top-free entries=99
[2026-09-15T02:49:03.791Z] [DEBUG] Hits: fr/macos/Business/top-free 3 app(s) found
[2026-09-15T02:49:03.791Z] [INFO] RSS progress: 10/60 (10 ok, 0 error, 35 points)
[2026-09-15T02:49:04.705Z] [DEBUG] RSS ok: fr/macos/Productivity/top-free entries=99
[2026-09-15T02:49:14.711Z] [DEBUG] Hits: fr/macos/Productivity/top-free 4 app(s) found
[2026-09-15T02:49:15.477Z] [DEBUG] RSS ok: fr/macos/Utilities/top-free entries=100
[2026-09-15T02:49:25.477Z] [DEBUG] Hits: fr/macos/Utilities/top-free 2 app(s) found
[2026-09-15T02:49:26.142Z] [DEBUG] RSS ok: de/macos/Business/top-free entries=99
[2026-09-15T02:49:36.149Z] [DEBUG] Hits: de/macos/Business/top-free 2 app(s) found
[2026-09-15T02:49:36.792Z] [DEBUG] RSS ok: de/macos/Productivity/top-free entries=99
[2026-09-15T02:49:46.798Z] [DEBUG] Hits: de/macos/Productivity/top-free 4 app(s) found
[2026-09-15T02:49:47.717Z] [DEBUG] RSS ok: de/macos/Utilities/top-free entries=100
[2026-09-15T02:49:57.723Z] [DEBUG] Hits: de/macos/Utilities/top-free 4 app(s) found
[2026-09-15T02:49:58.782Z] [DEBUG] RSS ok: jp/macos/Business/top-free entries=100
[2026-09-15T02:50:08.789Z] [DEBUG] Hits: jp/macos/Business/top-free 2 app(s) found
[2026-09-15T02:50:09.455Z] [DEBUG] RSS ok: jp/macos/Productivity/top-free entries=99
[2026-09-15T02:50:19.462Z] [DEBUG] Hits: jp/macos/Productivity/top-free 3 app(s) found
[2026-09-15T02:50:20.294Z] [DEBUG] RSS ok: jp/macos/Utilities/top-free entries=98
[2026-09-15T02:50:30.300Z] [DEBUG] Hits: jp/macos/Utilities/top-free 5 app(s) found
[2026-09-15T02:50:31.101Z] [DEBUG] RSS ok: au/macos/Business/top-free entries=100
[2026-09-15T02:50:41.107Z] [DEBUG] Hits: au/macos/Business/top-free 4 app(s) found
[2026-09-15T02:50:41.930Z] [DEBUG] RSS ok: au/macos/Productivity/top-free entries=99
[2026-09-15T02:50:51.936Z] [DEBUG] Hits: au/macos/Productivity/top-free 5 app(s) found
[2026-09-15T02:50:51.936Z] [INFO] RSS progress: 20/60 (20 ok, 0 error, 70 points)
[2026-09-15T02:50:52.909Z] [DEBUG] RSS ok: au/macos/Utilities/top-free entries=99
[2026-09-15T02:51:02.915Z] [DEBUG] Hits: au/macos/Utilities/top-free 1 app(s) found
[2026-09-15T02:51:03.771Z] [DEBUG] RSS ok: es/macos/Business/top-free entries=100
[2026-09-15T02:51:13.778Z] [DEBUG] Hits: es/macos/Business/top-free 3 app(s) found
[2026-09-15T02:51:14.514Z] [DEBUG] RSS ok: es/macos/Productivity/top-free entries=99
[2026-09-15T02:51:24.521Z] [DEBUG] Hits: es/macos/Productivity/top-free 5 app(s) found
[2026-09-15T02:51:25.263Z] [DEBUG] RSS ok: es/macos/Utilities/top-free entries=100
[2026-09-15T02:51:35.269Z] [DEBUG] Hits: es/macos/Utilities/top-free 1 app(s) found
[2026-09-15T02:51:36.008Z] [DEBUG] RSS ok: it/macos/Business/top-free entries=99
[2026-09-15T02:51:46.014Z] [DEBUG] Hits: it/macos/Business/top-free 3 app(s) found
[2026-09-15T02:51:47.085Z] [DEBUG] RSS ok: it/macos/Productivity/top-free entries=99
[2026-09-15T02:51:57.091Z] [DEBUG] Hits: it/macos/Productivity/top-free 5 app(s) found
[2026-09-15T02:51:57.962Z] [DEBUG] RSS ok: it/macos/Utilities/top-free entries=100
[2026-09-15T02:52:07.965Z] [DEBUG] Hits: it/macos/Utilities/top-free 1 app(s) found
[2026-09-15T02:52:08.742Z] [DEBUG] RSS ok: pt/macos/Business/top-free entries=100
[2026-09-15T02:52:18.749Z] [DEBUG] Hits: pt/macos/Business/top-free 3 app(s) found
[2026-09-15T02:52:19.461Z] [DEBUG] RSS ok: pt/macos/Productivity/top-free entries=99
[2026-09-15T02:52:29.467Z] [DEBUG] Hits: pt/macos/Productivity/top-free 4 app(s) found
[2026-09-15T02:52:30.339Z] [DEBUG] RSS ok: pt/macos/Utilities/top-free entries=99
[2026-09-15T02:52:40.346Z] [INFO] RSS progress: 30/60 (30 ok, 0 error, 96 points)
[2026-09-15T02:52:41.215Z] [DEBUG] RSS ok: ch/macos/Business/top-free entries=98
[2026-09-15T02:52:51.220Z] [DEBUG] Hits: ch/macos/Business/top-free 3 app(s) found
[2026-09-15T02:52:52.282Z] [DEBUG] RSS ok: ch/macos/Productivity/top-free entries=99
[2026-09-15T02:53:02.289Z] [DEBUG] Hits: ch/macos/Productivity/top-free 4 app(s) found
[2026-09-15T02:53:03.199Z] [DEBUG] RSS ok: ch/macos/Utilities/top-free entries=100
[2026-09-15T02:53:13.205Z] [DEBUG] Hits: ch/macos/Utilities/top-free 2 app(s) found
[2026-09-15T02:53:14.068Z] [DEBUG] RSS ok: be/macos/Business/top-free entries=100
[2026-09-15T02:53:24.070Z] [DEBUG] Hits: be/macos/Business/top-free 2 app(s) found
[2026-09-15T02:53:24.752Z] [DEBUG] RSS ok: be/macos/Productivity/top-free entries=99
[2026-09-15T02:53:34.758Z] [DEBUG] Hits: be/macos/Productivity/top-free 5 app(s) found
[2026-09-15T02:53:35.440Z] [DEBUG] RSS ok: be/macos/Utilities/top-free entries=100
[2026-09-15T02:53:46.081Z] [DEBUG] RSS ok: nl/macos/Business/top-free entries=100
[2026-09-15T02:53:56.088Z] [DEBUG] Hits: nl/macos/Business/top-free 1 app(s) found
[2026-09-15T02:53:56.783Z] [DEBUG] RSS ok: nl/macos/Productivity/top-free entries=99
[2026-09-15T02:54:06.788Z] [DEBUG] Hits: nl/macos/Productivity/top-free 4 app(s) found
[2026-09-15T02:54:07.648Z] [DEBUG] RSS ok: nl/macos/Utilities/top-free entries=99
[2026-09-15T02:54:18.304Z] [DEBUG] RSS ok: tw/macos/Business/top-free entries=100
[2026-09-15T02:54:28.309Z] [DEBUG] Hits: tw/macos/Business/top-free 2 app(s) found
[2026-09-15T02:54:28.310Z] [INFO] RSS progress: 40/60 (40 ok, 0 error, 119 points)
[2026-09-15T02:54:29.126Z] [DEBUG] RSS ok: tw/macos/Productivity/top-free entries=99
[2026-09-15T02:54:39.132Z] [DEBUG] Hits: tw/macos/Productivity/top-free 3 app(s) found
[2026-09-15T02:54:40.032Z] [DEBUG] RSS ok: tw/macos/Utilities/top-free entries=100
[2026-09-15T02:54:50.764Z] [DEBUG] RSS ok: hk/macos/Business/top-free entries=100
[2026-09-15T02:55:00.770Z] [DEBUG] Hits: hk/macos/Business/top-free 1 app(s) found
[2026-09-15T02:55:01.751Z] [DEBUG] RSS ok: hk/macos/Productivity/top-free entries=99
[2026-09-15T02:55:11.757Z] [DEBUG] Hits: hk/macos/Productivity/top-free 4 app(s) found
[2026-09-15T02:55:12.608Z] [DEBUG] RSS ok: hk/macos/Utilities/top-free entries=100
[2026-09-15T02:55:23.412Z] [DEBUG] RSS ok: nz/macos/Business/top-free entries=100
[2026-09-15T02:55:33.419Z] [DEBUG] Hits: nz/macos/Business/top-free 4 app(s) found
[2026-09-15T02:55:34.128Z] [DEBUG] RSS ok: nz/macos/Productivity/top-free entries=99
[2026-09-15T02:55:44.133Z] [DEBUG] Hits: nz/macos/Productivity/top-free 4 app(s) found
[2026-09-15T02:55:45.122Z] [DEBUG] RSS ok: nz/macos/Utilities/top-free entries=100
[2026-09-15T02:55:55.128Z] [DEBUG] Hits: nz/macos/Utilities/top-free 2 app(s) found
[2026-09-15T02:55:55.850Z] [DEBUG] RSS ok: sg/macos/Business/top-free entries=100
[2026-09-15T02:56:05.857Z] [DEBUG] Hits: sg/macos/Business/top-free 2 app(s) found
[2026-09-15T02:56:06.472Z] [DEBUG] RSS ok: sg/macos/Productivity/top-free entries=99
[2026-09-15T02:56:16.478Z] [INFO] RSS progress: 50/60 (50 ok, 0 error, 143 points)
[2026-09-15T02:56:16.478Z] [DEBUG] Hits: sg/macos/Productivity/top-free 4 app(s) found
[2026-09-15T02:56:17.554Z] [DEBUG] RSS ok: sg/macos/Utilities/top-free entries=100
[2026-09-15T02:56:28.216Z] [DEBUG] RSS ok: in/macos/Business/top-free entries=100
[2026-09-15T02:56:38.223Z] [DEBUG] Hits: in/macos/Business/top-free 2 app(s) found
[2026-09-15T02:56:39.017Z] [DEBUG] RSS ok: in/macos/Productivity/top-free entries=99
[2026-09-15T02:56:49.024Z] [DEBUG] Hits: in/macos/Productivity/top-free 2 app(s) found
[2026-09-15T02:56:50.065Z] [DEBUG] RSS ok: in/macos/Utilities/top-free entries=100
[2026-09-15T02:57:00.887Z] [DEBUG] RSS ok: za/macos/Business/top-free entries=100
[2026-09-15T02:57:10.894Z] [DEBUG] Hits: za/macos/Business/top-free 3 app(s) found
[2026-09-15T02:57:11.936Z] [DEBUG] RSS ok: za/macos/Productivity/top-free entries=99
[2026-09-15T02:57:21.942Z] [DEBUG] Hits: za/macos/Productivity/top-free 3 app(s) found
[2026-09-15T02:57:22.673Z] [DEBUG] RSS ok: za/macos/Utilities/top-free entries=100
[2026-09-15T02:57:32.678Z] [DEBUG] Hits: za/macos/Utilities/top-free 3 app(s) found
[2026-09-15T02:57:33.945Z] [DEBUG] RSS ok: br/macos/Business/top-free entries=99
[2026-09-15T02:57:43.951Z] [DEBUG] Hits: br/macos/Business/top-free 2 app(s) found
[2026-09-15T02:57:44.881Z] [DEBUG] RSS ok: br/macos/Productivity/top-free entries=99
[2026-09-15T02:57:54.887Z] [DEBUG] Hits: br/macos/Productivity/top-free 3 app(s) found
[2026-09-15T02:57:55.583Z] [DEBUG] RSS ok: br/macos/Utilities/top-free entries=99
[2026-09-15T02:58:05.588Z] [INFO] RSS fetch done: 60 ok, 0 error, 161 points
[2026-09-15T02:58:05.588Z] [INFO] RSS progress: 60/60 (60 ok, 0 error, 161 points)
[2026-09-15T02:58:05.589Z] [INFO] Platform max returned: macos = 100
[2026-09-15T02:58:05.589Z] [INFO] RSS results: 60 ok, 0 error, 161 rank points
[2026-09-15T02:58:05.614Z] [INFO] Stored: 60 crawls, 161 points
[2026-09-15T02:58:05.627Z] [INFO] current.json written rows=23
[2026-09-15T02:58:05.628Z] [INFO] Current summary: on_chart=161, not_on_chart=299, depth_limited=0, crawl_error=0, total=460
[2026-09-15T02:58:05.628Z] [INFO] === Crawl complete === 649.7s
[2026-09-15T03:47:10.060Z] [INFO] === Crawl start === ts=2026-09-15T03:00:00Z
[2026-09-15T03:47:10.064Z] [INFO] Config loaded apps=4, platforms=macos, categories=Business,Productivity,Utilities
[2026-09-15T03:47:10.064Z] [INFO] App IDs to track: 23 our=4, competitors=19
[2026-09-15T03:47:10.066Z] [INFO] Lookup cached fetched_at=2026-09-15T00:47:11.192Z, 23 apps
[2026-09-15T03:47:10.066Z] [INFO] RSS requests: 60 countries=20, platforms=macos, categories=Business,Productivity,Utilities
[2026-09-15T03:47:10.067Z] [INFO] RSS fetch start: 60 requests, concurrency=1
[2026-09-15T03:47:10.825Z] [DEBUG] RSS ok: us/macos/Business/top-free entries=100
[2026-09-15T03:47:20.828Z] [DEBUG] Hits: us/macos/Business/top-free 3 app(s) found
[2026-09-15T03:47:21.516Z] [DEBUG] RSS ok: us/macos/Productivity/top-free entries=99
[2026-09-15T03:47:31.523Z] [DEBUG] Hits: us/macos/Productivity/top-free 6 app(s) found
[2026-09-15T03:47:32.326Z] [DEBUG] RSS ok: us/macos/Utilities/top-free entries=99
[2026-09-15T03:47:42.333Z] [DEBUG] Hits: us/macos/Utilities/top-free 1 app(s) found
[2026-09-15T03:47:43.019Z] [DEBUG] RSS ok: gb/macos/Business/top-free entries=99
[2026-09-15T03:47:53.025Z] [DEBUG] Hits: gb/macos/Business/top-free 4 app(s) found
[2026-09-15T03:47:53.763Z] [DEBUG] RSS ok: gb/macos/Productivity/top-free entries=99
[2026-09-15T03:48:03.769Z] [DEBUG] Hits: gb/macos/Productivity/top-free 5 app(s) found
[2026-09-15T03:48:04.451Z] [DEBUG] RSS ok: gb/macos/Utilities/top-free entries=100
[2026-09-15T03:48:14.458Z] [DEBUG] Hits: gb/macos/Utilities/top-free 3 app(s) found
[2026-09-15T03:48:15.042Z] [DEBUG] RSS ok: ca/macos/Business/top-free entries=100
[2026-09-15T03:48:25.043Z] [DEBUG] Hits: ca/macos/Business/top-free 4 app(s) found
[2026-09-15T03:48:25.724Z] [DEBUG] RSS ok: ca/macos/Productivity/top-free entries=99
[2026-09-15T03:48:35.731Z] [DEBUG] Hits: ca/macos/Productivity/top-free 5 app(s) found
[2026-09-15T03:48:36.506Z] [DEBUG] RSS ok: ca/macos/Utilities/top-free entries=100
[2026-09-15T03:48:46.513Z] [DEBUG] Hits: ca/macos/Utilities/top-free 1 app(s) found
[2026-09-15T03:48:47.295Z] [DEBUG] RSS ok: fr/macos/Business/top-free entries=99
[2026-09-15T03:48:57.301Z] [DEBUG] Hits: fr/macos/Business/top-free 3 app(s) found
[2026-09-15T03:48:57.301Z] [INFO] RSS progress: 10/60 (10 ok, 0 error, 35 points)
[2026-09-15T03:48:58.037Z] [DEBUG] RSS ok: fr/macos/Productivity/top-free entries=99
[2026-09-15T03:49:08.038Z] [DEBUG] Hits: fr/macos/Productivity/top-free 4 app(s) found
[2026-09-15T03:49:08.753Z] [DEBUG] RSS ok: fr/macos/Utilities/top-free entries=100
[2026-09-15T03:49:18.759Z] [DEBUG] Hits: fr/macos/Utilities/top-free 2 app(s) found
[2026-09-15T03:49:19.749Z] [DEBUG] RSS ok: de/macos/Business/top-free entries=99
[2026-09-15T03:49:29.750Z] [DEBUG] Hits: de/macos/Business/top-free 2 app(s) found
[2026-09-15T03:49:30.463Z] [DEBUG] RSS ok: de/macos/Productivity/top-free entries=99
[2026-09-15T03:49:40.469Z] [DEBUG] Hits: de/macos/Productivity/top-free 4 app(s) found
[2026-09-15T03:49:41.307Z] [DEBUG] RSS ok: de/macos/Utilities/top-free entries=100
[2026-09-15T03:49:51.313Z] [DEBUG] Hits: de/macos/Utilities/top-free 4 app(s) found
[2026-09-15T03:49:52.123Z] [DEBUG] RSS ok: jp/macos/Business/top-free entries=100
[2026-09-15T03:50:02.129Z] [DEBUG] Hits: jp/macos/Business/top-free 2 app(s) found
[2026-09-15T03:50:03.001Z] [DEBUG] RSS ok: jp/macos/Productivity/top-free entries=99
[2026-09-15T03:50:13.007Z] [DEBUG] Hits: jp/macos/Productivity/top-free 3 app(s) found
[2026-09-15T03:50:13.606Z] [DEBUG] RSS ok: jp/macos/Utilities/top-free entries=98
[2026-09-15T03:50:23.613Z] [DEBUG] Hits: jp/macos/Utilities/top-free 5 app(s) found
[2026-09-15T03:50:24.196Z] [DEBUG] RSS ok: au/macos/Business/top-free entries=100
[2026-09-15T03:50:34.203Z] [DEBUG] Hits: au/macos/Business/top-free 4 app(s) found
[2026-09-15T03:50:34.988Z] [DEBUG] RSS ok: au/macos/Productivity/top-free entries=99
[2026-09-15T03:50:44.994Z] [DEBUG] Hits: au/macos/Productivity/top-free 5 app(s) found
[2026-09-15T03:50:44.994Z] [INFO] RSS progress: 20/60 (20 ok, 0 error, 70 points)
[2026-09-15T03:50:45.744Z] [DEBUG] RSS ok: au/macos/Utilities/top-free entries=99
[2026-09-15T03:50:55.751Z] [DEBUG] Hits: au/macos/Utilities/top-free 1 app(s) found
[2026-09-15T03:50:56.665Z] [DEBUG] RSS ok: es/macos/Business/top-free entries=100
[2026-09-15T03:51:06.671Z] [DEBUG] Hits: es/macos/Business/top-free 3 app(s) found
[2026-09-15T03:51:07.379Z] [DEBUG] RSS ok: es/macos/Productivity/top-free entries=99
[2026-09-15T03:51:17.385Z] [DEBUG] Hits: es/macos/Productivity/top-free 5 app(s) found
[2026-09-15T03:51:18.400Z] [DEBUG] RSS ok: es/macos/Utilities/top-free entries=100
[2026-09-15T03:51:28.407Z] [DEBUG] Hits: es/macos/Utilities/top-free 1 app(s) found
[2026-09-15T03:51:29.075Z] [DEBUG] RSS ok: it/macos/Business/top-free entries=99
[2026-09-15T03:51:39.078Z] [DEBUG] Hits: it/macos/Business/top-free 3 app(s) found
[2026-09-15T03:51:39.777Z] [DEBUG] RSS ok: it/macos/Productivity/top-free entries=99
[2026-09-15T03:51:49.778Z] [DEBUG] Hits: it/macos/Productivity/top-free 5 app(s) found
[2026-09-15T03:51:50.563Z] [DEBUG] RSS ok: it/macos/Utilities/top-free entries=100
[2026-09-15T03:52:00.570Z] [DEBUG] Hits: it/macos/Utilities/top-free 1 app(s) found
[2026-09-15T03:52:01.501Z] [DEBUG] RSS ok: pt/macos/Business/top-free entries=100
[2026-09-15T03:52:11.507Z] [DEBUG] Hits: pt/macos/Business/top-free 3 app(s) found
[2026-09-15T03:52:12.163Z] [DEBUG] RSS ok: pt/macos/Productivity/top-free entries=99
[2026-09-15T03:52:22.169Z] [DEBUG] Hits: pt/macos/Productivity/top-free 4 app(s) found
[2026-09-15T03:52:23.119Z] [DEBUG] RSS ok: pt/macos/Utilities/top-free entries=99
[2026-09-15T03:52:33.126Z] [INFO] RSS progress: 30/60 (30 ok, 0 error, 96 points)
[2026-09-15T03:52:33.963Z] [DEBUG] RSS ok: ch/macos/Business/top-free entries=98
[2026-09-15T03:52:43.970Z] [DEBUG] Hits: ch/macos/Business/top-free 3 app(s) found
[2026-09-15T03:52:44.906Z] [DEBUG] RSS ok: ch/macos/Productivity/top-free entries=99
[2026-09-15T03:52:54.913Z] [DEBUG] Hits: ch/macos/Productivity/top-free 4 app(s) found
[2026-09-15T03:52:55.680Z] [DEBUG] RSS ok: ch/macos/Utilities/top-free entries=100
[2026-09-15T03:53:05.687Z] [DEBUG] Hits: ch/macos/Utilities/top-free 2 app(s) found
[2026-09-15T03:53:06.415Z] [DEBUG] RSS ok: be/macos/Business/top-free entries=100
[2026-09-15T03:53:16.422Z] [DEBUG] Hits: be/macos/Business/top-free 2 app(s) found
[2026-09-15T03:53:17.163Z] [DEBUG] RSS ok: be/macos/Productivity/top-free entries=99
[2026-09-15T03:53:27.169Z] [DEBUG] Hits: be/macos/Productivity/top-free 5 app(s) found
[2026-09-15T03:53:27.981Z] [DEBUG] RSS ok: be/macos/Utilities/top-free entries=100
[2026-09-15T03:53:38.817Z] [DEBUG] RSS ok: nl/macos/Business/top-free entries=100
[2026-09-15T03:53:48.824Z] [DEBUG] Hits: nl/macos/Business/top-free 1 app(s) found
[2026-09-15T03:53:49.397Z] [DEBUG] RSS ok: nl/macos/Productivity/top-free entries=99
[2026-09-15T03:53:59.403Z] [DEBUG] Hits: nl/macos/Productivity/top-free 4 app(s) found
[2026-09-15T03:54:00.173Z] [DEBUG] RSS ok: nl/macos/Utilities/top-free entries=99
[2026-09-15T03:54:10.827Z] [DEBUG] RSS ok: tw/macos/Business/top-free entries=100
[2026-09-15T03:54:20.833Z] [DEBUG] Hits: tw/macos/Business/top-free 2 app(s) found
[2026-09-15T03:54:20.833Z] [INFO] RSS progress: 40/60 (40 ok, 0 error, 119 points)
[2026-09-15T03:54:21.560Z] [DEBUG] RSS ok: tw/macos/Productivity/top-free entries=99
[2026-09-15T03:54:31.562Z] [DEBUG] Hits: tw/macos/Productivity/top-free 3 app(s) found
[2026-09-15T03:54:32.300Z] [DEBUG] RSS ok: tw/macos/Utilities/top-free entries=100
[2026-09-15T03:54:43.133Z] [DEBUG] RSS ok: hk/macos/Business/top-free entries=100
[2026-09-15T03:54:53.138Z] [DEBUG] Hits: hk/macos/Business/top-free 1 app(s) found
[2026-09-15T03:54:53.834Z] [DEBUG] RSS ok: hk/macos/Productivity/top-free entries=99
[2026-09-15T03:55:03.840Z] [DEBUG] Hits: hk/macos/Productivity/top-free 4 app(s) found
[2026-09-15T03:55:04.656Z] [DEBUG] RSS ok: hk/macos/Utilities/top-free entries=99
[2026-09-15T03:55:15.373Z] [DEBUG] RSS ok: nz/macos/Business/top-free entries=100
[2026-09-15T03:55:25.374Z] [DEBUG] Hits: nz/macos/Business/top-free 4 app(s) found
[2026-09-15T03:55:26.022Z] [DEBUG] RSS ok: nz/macos/Productivity/top-free entries=99
[2026-09-15T03:55:36.028Z] [DEBUG] Hits: nz/macos/Productivity/top-free 4 app(s) found
[2026-09-15T03:55:36.883Z] [DEBUG] RSS ok: nz/macos/Utilities/top-free entries=100
[2026-09-15T03:55:46.887Z] [DEBUG] Hits: nz/macos/Utilities/top-free 2 app(s) found
[2026-09-15T03:55:47.577Z] [DEBUG] RSS ok: sg/macos/Business/top-free entries=100
[2026-09-15T03:55:57.579Z] [DEBUG] Hits: sg/macos/Business/top-free 2 app(s) found
[2026-09-15T03:55:58.285Z] [DEBUG] RSS ok: sg/macos/Productivity/top-free entries=99
[2026-09-15T03:56:08.292Z] [DEBUG] Hits: sg/macos/Productivity/top-free 4 app(s) found
[2026-09-15T03:56:08.292Z] [INFO] RSS progress: 50/60 (50 ok, 0 error, 143 points)
[2026-09-15T03:56:08.981Z] [DEBUG] RSS ok: sg/macos/Utilities/top-free entries=100
[2026-09-15T03:56:19.762Z] [DEBUG] RSS ok: in/macos/Business/top-free entries=100
[2026-09-15T03:56:29.768Z] [DEBUG] Hits: in/macos/Business/top-free 2 app(s) found
[2026-09-15T03:56:30.577Z] [DEBUG] RSS ok: in/macos/Productivity/top-free entries=99
[2026-09-15T03:56:40.582Z] [DEBUG] Hits: in/macos/Productivity/top-free 2 app(s) found
[2026-09-15T03:56:41.444Z] [DEBUG] RSS ok: in/macos/Utilities/top-free entries=100
[2026-09-15T03:56:52.115Z] [DEBUG] RSS ok: za/macos/Business/top-free entries=100
[2026-09-15T03:57:02.121Z] [DEBUG] Hits: za/macos/Business/top-free 3 app(s) found
[2026-09-15T03:57:02.912Z] [DEBUG] RSS ok: za/macos/Productivity/top-free entries=99
[2026-09-15T03:57:12.918Z] [DEBUG] Hits: za/macos/Productivity/top-free 3 app(s) found
[2026-09-15T03:57:13.718Z] [DEBUG] RSS ok: za/macos/Utilities/top-free entries=100
[2026-09-15T03:57:23.724Z] [DEBUG] Hits: za/macos/Utilities/top-free 3 app(s) found
[2026-09-15T03:57:24.474Z] [DEBUG] RSS ok: br/macos/Business/top-free entries=99
[2026-09-15T03:57:34.481Z] [DEBUG] Hits: br/macos/Business/top-free 2 app(s) found
[2026-09-15T03:57:35.295Z] [DEBUG] RSS ok: br/macos/Productivity/top-free entries=99
[2026-09-15T03:57:45.301Z] [DEBUG] Hits: br/macos/Productivity/top-free 3 app(s) found
[2026-09-15T03:57:46.084Z] [DEBUG] RSS ok: br/macos/Utilities/top-free entries=99
[2026-09-15T03:57:56.090Z] [INFO] RSS progress: 60/60 (60 ok, 0 error, 161 points)
[2026-09-15T03:57:56.091Z] [INFO] RSS fetch done: 60 ok, 0 error, 161 points
[2026-09-15T03:57:56.091Z] [INFO] Platform max returned: macos = 100
[2026-09-15T03:57:56.091Z] [INFO] RSS results: 60 ok, 0 error, 161 rank points
[2026-09-15T03:57:56.121Z] [INFO] Stored: 60 crawls, 161 points
[2026-09-15T03:57:56.137Z] [INFO] current.json written rows=23
[2026-09-15T03:57:56.138Z] [INFO] Current summary: on_chart=161, not_on_chart=299, depth_limited=0, crawl_error=0, total=460
[2026-09-15T03:57:56.138Z] [INFO] === Crawl complete === 646.1s
[2026-09-15T04:47:14.581Z] [INFO] === Crawl start === ts=2026-09-15T04:00:00Z
[2026-09-15T04:47:14.585Z] [INFO] Config loaded apps=4, platforms=macos, categories=Business,Productivity,Utilities
[2026-09-15T04:47:14.585Z] [INFO] App IDs to track: 23 our=4, competitors=19
[2026-09-15T04:47:14.587Z] [INFO] Lookup cached fetched_at=2026-09-15T00:47:11.192Z, 23 apps
[2026-09-15T04:47:14.588Z] [INFO] RSS requests: 60 countries=20, platforms=macos, categories=Business,Productivity,Utilities
[2026-09-15T04:47:14.588Z] [INFO] RSS fetch start: 60 requests, concurrency=1
[2026-09-15T04:47:15.478Z] [DEBUG] RSS ok: us/macos/Business/top-free entries=100
[2026-09-15T04:47:25.481Z] [DEBUG] Hits: us/macos/Business/top-free 4 app(s) found
[2026-09-15T04:47:26.153Z] [DEBUG] RSS ok: us/macos/Productivity/top-free entries=99
[2026-09-15T04:47:36.159Z] [DEBUG] Hits: us/macos/Productivity/top-free 6 app(s) found
[2026-09-15T04:47:36.945Z] [DEBUG] RSS ok: us/macos/Utilities/top-free entries=100
[2026-09-15T04:47:46.950Z] [DEBUG] Hits: us/macos/Utilities/top-free 1 app(s) found
[2026-09-15T04:47:47.640Z] [DEBUG] RSS ok: gb/macos/Business/top-free entries=100
[2026-09-15T04:47:57.646Z] [DEBUG] Hits: gb/macos/Business/top-free 4 app(s) found
[2026-09-15T04:47:58.493Z] [DEBUG] RSS ok: gb/macos/Productivity/top-free entries=99
[2026-09-15T04:48:08.499Z] [DEBUG] Hits: gb/macos/Productivity/top-free 5 app(s) found
[2026-09-15T04:48:09.731Z] [DEBUG] RSS ok: gb/macos/Utilities/top-free entries=100
[2026-09-15T04:48:19.732Z] [DEBUG] Hits: gb/macos/Utilities/top-free 3 app(s) found
[2026-09-15T04:48:20.607Z] [DEBUG] RSS ok: ca/macos/Business/top-free entries=99
[2026-09-15T04:48:30.614Z] [DEBUG] Hits: ca/macos/Business/top-free 4 app(s) found
[2026-09-15T04:48:31.453Z] [DEBUG] RSS ok: ca/macos/Productivity/top-free entries=99
[2026-09-15T04:48:41.460Z] [DEBUG] Hits: ca/macos/Productivity/top-free 5 app(s) found
[2026-09-15T04:48:42.626Z] [DEBUG] RSS ok: ca/macos/Utilities/top-free entries=99
[2026-09-15T04:48:52.632Z] [DEBUG] Hits: ca/macos/Utilities/top-free 1 app(s) found
[2026-09-15T04:48:53.381Z] [DEBUG] RSS ok: fr/macos/Business/top-free entries=99
[2026-09-15T04:49:03.388Z] [DEBUG] Hits: fr/macos/Business/top-free 3 app(s) found
[2026-09-15T04:49:03.388Z] [INFO] RSS progress: 10/60 (10 ok, 0 error, 36 points)
[2026-09-15T04:49:04.274Z] [DEBUG] RSS ok: fr/macos/Productivity/top-free entries=99
[2026-09-15T04:49:14.280Z] [DEBUG] Hits: fr/macos/Productivity/top-free 4 app(s) found
[2026-09-15T04:49:15.343Z] [DEBUG] RSS ok: fr/macos/Utilities/top-free entries=100
[2026-09-15T04:49:25.349Z] [DEBUG] Hits: fr/macos/Utilities/top-free 1 app(s) found
[2026-09-15T04:49:26.194Z] [DEBUG] RSS ok: de/macos/Business/top-free entries=98
[2026-09-15T04:49:36.200Z] [DEBUG] Hits: de/macos/Business/top-free 2 app(s) found
[2026-09-15T04:49:36.994Z] [DEBUG] RSS ok: de/macos/Productivity/top-free entries=99
[2026-09-15T04:49:46.999Z] [DEBUG] Hits: de/macos/Productivity/top-free 4 app(s) found
[2026-09-15T04:49:47.806Z] [DEBUG] RSS ok: de/macos/Utilities/top-free entries=100
[2026-09-15T04:49:57.811Z] [DEBUG] Hits: de/macos/Utilities/top-free 4 app(s) found
[2026-09-15T04:49:58.703Z] [DEBUG] RSS ok: jp/macos/Business/top-free entries=100
[2026-09-15T04:50:08.706Z] [DEBUG] Hits: jp/macos/Business/top-free 2 app(s) found
[2026-09-15T04:50:09.558Z] [DEBUG] RSS ok: jp/macos/Productivity/top-free entries=99
[2026-09-15T04:50:19.565Z] [DEBUG] Hits: jp/macos/Productivity/top-free 3 app(s) found
[2026-09-15T04:50:20.356Z] [DEBUG] RSS ok: jp/macos/Utilities/top-free entries=99
[2026-09-15T04:50:30.362Z] [DEBUG] Hits: jp/macos/Utilities/top-free 4 app(s) found
[2026-09-15T04:50:31.095Z] [DEBUG] RSS ok: au/macos/Business/top-free entries=100
[2026-09-15T04:50:41.102Z] [DEBUG] Hits: au/macos/Business/top-free 3 app(s) found
[2026-09-15T04:50:41.866Z] [DEBUG] RSS ok: au/macos/Productivity/top-free entries=99
[2026-09-15T04:50:51.873Z] [DEBUG] Hits: au/macos/Productivity/top-free 4 app(s) found
[2026-09-15T04:50:51.873Z] [INFO] RSS progress: 20/60 (20 ok, 0 error, 67 points)
[2026-09-15T04:50:52.956Z] [DEBUG] RSS ok: au/macos/Utilities/top-free entries=100
[2026-09-15T04:51:02.961Z] [DEBUG] Hits: au/macos/Utilities/top-free 2 app(s) found
[2026-09-15T04:51:03.760Z] [DEBUG] RSS ok: es/macos/Business/top-free entries=100
[2026-09-15T04:51:13.765Z] [DEBUG] Hits: es/macos/Business/top-free 3 app(s) found
[2026-09-15T04:51:14.483Z] [DEBUG] RSS ok: es/macos/Productivity/top-free entries=99
[2026-09-15T04:51:24.489Z] [DEBUG] Hits: es/macos/Productivity/top-free 5 app(s) found
[2026-09-15T04:51:25.571Z] [DEBUG] RSS ok: es/macos/Utilities/top-free entries=100
[2026-09-15T04:51:35.577Z] [DEBUG] Hits: es/macos/Utilities/top-free 1 app(s) found
[2026-09-15T04:51:36.416Z] [DEBUG] RSS ok: it/macos/Business/top-free entries=99
[2026-09-15T04:51:46.422Z] [DEBUG] Hits: it/macos/Business/top-free 3 app(s) found
[2026-09-15T04:51:47.305Z] [DEBUG] RSS ok: it/macos/Productivity/top-free entries=99
[2026-09-15T04:51:57.311Z] [DEBUG] Hits: it/macos/Productivity/top-free 5 app(s) found
[2026-09-15T04:51:58.092Z] [DEBUG] RSS ok: it/macos/Utilities/top-free entries=100
[2026-09-15T04:52:08.098Z] [DEBUG] Hits: it/macos/Utilities/top-free 1 app(s) found
[2026-09-15T04:52:09.087Z] [DEBUG] RSS ok: pt/macos/Business/top-free entries=100
[2026-09-15T04:52:19.092Z] [DEBUG] Hits: pt/macos/Business/top-free 3 app(s) found
[2026-09-15T04:52:19.807Z] [DEBUG] RSS ok: pt/macos/Productivity/top-free entries=99
[2026-09-15T04:52:29.813Z] [DEBUG] Hits: pt/macos/Productivity/top-free 4 app(s) found
[2026-09-15T04:52:30.571Z] [DEBUG] RSS ok: pt/macos/Utilities/top-free entries=99
[2026-09-15T04:52:40.578Z] [INFO] RSS progress: 30/60 (30 ok, 0 error, 94 points)
[2026-09-15T04:52:41.399Z] [DEBUG] RSS ok: ch/macos/Business/top-free entries=98
[2026-09-15T04:52:51.405Z] [DEBUG] Hits: ch/macos/Business/top-free 3 app(s) found
[2026-09-15T04:52:52.542Z] [DEBUG] RSS ok: ch/macos/Productivity/top-free entries=99
[2026-09-15T04:53:02.549Z] [DEBUG] Hits: ch/macos/Productivity/top-free 4 app(s) found
[2026-09-15T04:53:03.299Z] [DEBUG] RSS ok: ch/macos/Utilities/top-free entries=100
[2026-09-15T04:53:13.304Z] [DEBUG] Hits: ch/macos/Utilities/top-free 2 app(s) found
[2026-09-15T04:53:14.067Z] [DEBUG] RSS ok: be/macos/Business/top-free entries=100
[2026-09-15T04:53:24.074Z] [DEBUG] Hits: be/macos/Business/top-free 2 app(s) found
[2026-09-15T04:53:24.895Z] [DEBUG] RSS ok: be/macos/Productivity/top-free entries=99
[2026-09-15T04:53:34.895Z] [DEBUG] Hits: be/macos/Productivity/top-free 5 app(s) found
[2026-09-15T04:53:35.646Z] [DEBUG] RSS ok: be/macos/Utilities/top-free entries=100
[2026-09-15T04:53:46.440Z] [DEBUG] RSS ok: nl/macos/Business/top-free entries=100
[2026-09-15T04:53:56.447Z] [DEBUG] Hits: nl/macos/Business/top-free 1 app(s) found
[2026-09-15T04:53:57.349Z] [DEBUG] RSS ok: nl/macos/Productivity/top-free entries=99
[2026-09-15T04:54:07.355Z] [DEBUG] Hits: nl/macos/Productivity/top-free 4 app(s) found
[2026-09-15T04:54:08.758Z] [DEBUG] RSS ok: nl/macos/Utilities/top-free entries=99
[2026-09-15T04:54:19.438Z] [DEBUG] RSS ok: tw/macos/Business/top-free entries=100
[2026-09-15T04:54:29.445Z] [DEBUG] Hits: tw/macos/Business/top-free 2 app(s) found
[2026-09-15T04:54:29.445Z] [INFO] RSS progress: 40/60 (40 ok, 0 error, 117 points)
[2026-09-15T04:54:30.325Z] [DEBUG] RSS ok: tw/macos/Productivity/top-free entries=99
[2026-09-15T04:54:40.332Z] [DEBUG] Hits: tw/macos/Productivity/top-free 4 app(s) found
[2026-09-15T04:54:41.085Z] [DEBUG] RSS ok: tw/macos/Utilities/top-free entries=100
[2026-09-15T04:54:51.848Z] [DEBUG] RSS ok: hk/macos/Business/top-free entries=100
[2026-09-15T04:55:01.855Z] [DEBUG] Hits: hk/macos/Business/top-free 1 app(s) found
[2026-09-15T04:55:02.945Z] [DEBUG] RSS ok: hk/macos/Productivity/top-free entries=99
[2026-09-15T04:55:12.951Z] [DEBUG] Hits: hk/macos/Productivity/top-free 5 app(s) found
[2026-09-15T04:55:13.663Z] [DEBUG] RSS ok: hk/macos/Utilities/top-free entries=99
[2026-09-15T04:55:24.572Z] [DEBUG] RSS ok: nz/macos/Business/top-free entries=100
[2026-09-15T04:55:34.578Z] [DEBUG] Hits: nz/macos/Business/top-free 4 app(s) found
[2026-09-15T04:55:35.422Z] [DEBUG] RSS ok: nz/macos/Productivity/top-free entries=99
[2026-09-15T04:55:45.427Z] [DEBUG] Hits: nz/macos/Productivity/top-free 3 app(s) found
[2026-09-15T04:55:46.248Z] [DEBUG] RSS ok: nz/macos/Utilities/top-free entries=100
[2026-09-15T04:55:57.913Z] [DEBUG] RSS ok: sg/macos/Business/top-free entries=100
[2026-09-15T04:56:07.920Z] [DEBUG] Hits: sg/macos/Business/top-free 2 app(s) found
[2026-09-15T04:56:08.586Z] [DEBUG] RSS ok: sg/macos/Productivity/top-free entries=99
[2026-09-15T04:56:18.592Z] [INFO] RSS progress: 50/60 (50 ok, 0 error, 139 points)
[2026-09-15T04:56:18.592Z] [DEBUG] Hits: sg/macos/Productivity/top-free 3 app(s) found
[2026-09-15T04:56:19.296Z] [DEBUG] RSS ok: sg/macos/Utilities/top-free entries=100
[2026-09-15T04:56:30.043Z] [DEBUG] RSS ok: in/macos/Business/top-free entries=100
[2026-09-15T04:56:40.049Z] [DEBUG] Hits: in/macos/Business/top-free 2 app(s) found
[2026-09-15T04:56:40.885Z] [DEBUG] RSS ok: in/macos/Productivity/top-free entries=99
[2026-09-15T04:56:50.890Z] [DEBUG] Hits: in/macos/Productivity/top-free 2 app(s) found
[2026-09-15T04:56:51.627Z] [DEBUG] RSS ok: in/macos/Utilities/top-free entries=100
[2026-09-15T04:57:02.457Z] [DEBUG] RSS ok: za/macos/Business/top-free entries=100
[2026-09-15T04:57:12.463Z] [DEBUG] Hits: za/macos/Business/top-free 3 app(s) found
[2026-09-15T04:57:13.309Z] [DEBUG] RSS ok: za/macos/Productivity/top-free entries=99
[2026-09-15T04:57:23.314Z] [DEBUG] Hits: za/macos/Productivity/top-free 3 app(s) found
[2026-09-15T04:57:24.334Z] [DEBUG] RSS ok: za/macos/Utilities/top-free entries=100
[2026-09-15T04:57:34.341Z] [DEBUG] Hits: za/macos/Utilities/top-free 3 app(s) found
[2026-09-15T04:57:35.141Z] [DEBUG] RSS ok: br/macos/Business/top-free entries=99
[2026-09-15T04:57:45.143Z] [DEBUG] Hits: br/macos/Business/top-free 2 app(s) found
[2026-09-15T04:57:45.893Z] [DEBUG] RSS ok: br/macos/Productivity/top-free entries=99
[2026-09-15T04:57:55.899Z] [DEBUG] Hits: br/macos/Productivity/top-free 3 app(s) found
[2026-09-15T04:57:56.920Z] [DEBUG] RSS ok: br/macos/Utilities/top-free entries=99
[2026-09-15T04:58:06.922Z] [INFO] RSS progress: 60/60 (60 ok, 0 error, 157 points)
[2026-09-15T04:58:06.923Z] [INFO] RSS fetch done: 60 ok, 0 error, 157 points
[2026-09-15T04:58:06.923Z] [INFO] Platform max returned: macos = 100
[2026-09-15T04:58:06.923Z] [INFO] RSS results: 60 ok, 0 error, 157 rank points
[2026-09-15T04:58:06.966Z] [INFO] Stored: 60 crawls, 157 points
[2026-09-15T04:58:06.991Z] [INFO] current.json written rows=23
[2026-09-15T04:58:06.992Z] [INFO] Current summary: on_chart=157, not_on_chart=303, depth_limited=0, crawl_error=0, total=460
[2026-09-15T04:58:06.992Z] [INFO] === Crawl complete === 652.4s
[2026-09-15T05:47:11.332Z] [INFO] === Crawl start === ts=2026-09-15T05:00:00Z
[2026-09-15T05:47:11.336Z] [INFO] Config loaded apps=4, platforms=macos, categories=Business,Productivity,Utilities
[2026-09-15T05:47:11.336Z] [INFO] App IDs to track: 23 our=4, competitors=19
[2026-09-15T05:47:11.337Z] [INFO] Lookup cached fetched_at=2026-09-15T00:47:11.192Z, 23 apps
[2026-09-15T05:47:11.338Z] [INFO] RSS requests: 60 countries=20, platforms=macos, categories=Business,Productivity,Utilities
[2026-09-15T05:47:11.338Z] [INFO] RSS fetch start: 60 requests, concurrency=1
[2026-09-15T05:47:12.037Z] [DEBUG] RSS ok: us/macos/Business/top-free entries=100
[2026-09-15T05:47:22.040Z] [DEBUG] Hits: us/macos/Business/top-free 4 app(s) found
[2026-09-15T05:47:22.884Z] [DEBUG] RSS ok: us/macos/Productivity/top-free entries=99
[2026-09-15T05:47:32.891Z] [DEBUG] Hits: us/macos/Productivity/top-free 6 app(s) found
[2026-09-15T05:47:33.828Z] [DEBUG] RSS ok: us/macos/Utilities/top-free entries=100
[2026-09-15T05:47:43.835Z] [DEBUG] Hits: us/macos/Utilities/top-free 1 app(s) found
[2026-09-15T05:47:44.498Z] [DEBUG] RSS ok: gb/macos/Business/top-free entries=100
[2026-09-15T05:47:54.504Z] [DEBUG] Hits: gb/macos/Business/top-free 4 app(s) found
[2026-09-15T05:47:55.256Z] [DEBUG] RSS ok: gb/macos/Productivity/top-free entries=99
[2026-09-15T05:48:05.263Z] [DEBUG] Hits: gb/macos/Productivity/top-free 5 app(s) found
[2026-09-15T05:48:06.009Z] [DEBUG] RSS ok: gb/macos/Utilities/top-free entries=100
[2026-09-15T05:48:16.013Z] [DEBUG] Hits: gb/macos/Utilities/top-free 3 app(s) found
[2026-09-15T05:48:16.627Z] [DEBUG] RSS ok: ca/macos/Business/top-free entries=99
[2026-09-15T05:48:26.633Z] [DEBUG] Hits: ca/macos/Business/top-free 4 app(s) found
[2026-09-15T05:48:27.233Z] [DEBUG] RSS ok: ca/macos/Productivity/top-free entries=99
[2026-09-15T05:48:37.240Z] [DEBUG] Hits: ca/macos/Productivity/top-free 5 app(s) found
[2026-09-15T05:48:38.124Z] [DEBUG] RSS ok: ca/macos/Utilities/top-free entries=99
[2026-09-15T05:48:48.131Z] [DEBUG] Hits: ca/macos/Utilities/top-free 1 app(s) found
[2026-09-15T05:48:48.850Z] [DEBUG] RSS ok: fr/macos/Business/top-free entries=99
[2026-09-15T05:48:58.856Z] [DEBUG] Hits: fr/macos/Business/top-free 3 app(s) found
[2026-09-15T05:48:58.856Z] [INFO] RSS progress: 10/60 (10 ok, 0 error, 36 points)
[2026-09-15T05:48:59.809Z] [DEBUG] RSS ok: fr/macos/Productivity/top-free entries=99
[2026-09-15T05:49:09.815Z] [DEBUG] Hits: fr/macos/Productivity/top-free 4 app(s) found
[2026-09-15T05:49:10.458Z] [DEBUG] RSS ok: fr/macos/Utilities/top-free entries=100
[2026-09-15T05:49:20.464Z] [DEBUG] Hits: fr/macos/Utilities/top-free 1 app(s) found
[2026-09-15T05:49:21.409Z] [DEBUG] RSS ok: de/macos/Business/top-free entries=98
[2026-09-15T05:49:31.414Z] [DEBUG] Hits: de/macos/Business/top-free 2 app(s) found
[2026-09-15T05:49:32.048Z] [DEBUG] RSS ok: de/macos/Productivity/top-free entries=99
[2026-09-15T05:49:42.052Z] [DEBUG] Hits: de/macos/Productivity/top-free 4 app(s) found
[2026-09-15T05:49:43.021Z] [DEBUG] RSS ok: de/macos/Utilities/top-free entries=100
[2026-09-15T05:49:53.023Z] [DEBUG] Hits: de/macos/Utilities/top-free 4 app(s) found
[2026-09-15T05:49:53.790Z] [DEBUG] RSS ok: jp/macos/Business/top-free entries=100
[2026-09-15T05:50:03.797Z] [DEBUG] Hits: jp/macos/Business/top-free 2 app(s) found
[2026-09-15T05:50:04.641Z] [DEBUG] RSS ok: jp/macos/Productivity/top-free entries=99
[2026-09-15T05:50:14.647Z] [DEBUG] Hits: jp/macos/Productivity/top-free 3 app(s) found
[2026-09-15T05:50:15.398Z] [DEBUG] RSS ok: jp/macos/Utilities/top-free entries=99
[2026-09-15T05:50:25.403Z] [DEBUG] Hits: jp/macos/Utilities/top-free 4 app(s) found
[2026-09-15T05:50:26.270Z] [DEBUG] RSS ok: au/macos/Business/top-free entries=100
[2026-09-15T05:50:36.277Z] [DEBUG] Hits: au/macos/Business/top-free 3 app(s) found
[2026-09-15T05:50:37.009Z] [DEBUG] RSS ok: au/macos/Productivity/top-free entries=99
[2026-09-15T05:50:47.016Z] [DEBUG] Hits: au/macos/Productivity/top-free 4 app(s) found
[2026-09-15T05:50:47.016Z] [INFO] RSS progress: 20/60 (20 ok, 0 error, 67 points)
[2026-09-15T05:50:47.821Z] [DEBUG] RSS ok: au/macos/Utilities/top-free entries=100
[2026-09-15T05:50:57.827Z] [DEBUG] Hits: au/macos/Utilities/top-free 2 app(s) found
[2026-09-15T05:50:58.584Z] [DEBUG] RSS ok: es/macos/Business/top-free entries=100
[2026-09-15T05:51:08.590Z] [DEBUG] Hits: es/macos/Business/top-free 3 app(s) found
[2026-09-15T05:51:09.276Z] [DEBUG] RSS ok: es/macos/Productivity/top-free entries=99
[2026-09-15T05:51:19.282Z] [DEBUG] Hits: es/macos/Productivity/top-free 5 app(s) found
[2026-09-15T05:51:20.042Z] [DEBUG] RSS ok: es/macos/Utilities/top-free entries=100
[2026-09-15T05:51:30.048Z] [DEBUG] Hits: es/macos/Utilities/top-free 1 app(s) found
[2026-09-15T05:51:30.886Z] [DEBUG] RSS ok: it/macos/Business/top-free entries=99
[2026-09-15T05:51:40.893Z] [DEBUG] Hits: it/macos/Business/top-free 3 app(s) found
[2026-09-15T05:51:41.632Z] [DEBUG] RSS ok: it/macos/Productivity/top-free entries=99
[2026-09-15T05:51:51.639Z] [DEBUG] Hits: it/macos/Productivity/top-free 5 app(s) found
[2026-09-15T05:51:52.363Z] [DEBUG] RSS ok: it/macos/Utilities/top-free entries=100
[2026-09-15T05:52:02.367Z] [DEBUG] Hits: it/macos/Utilities/top-free 1 app(s) found
[2026-09-15T05:52:03.233Z] [DEBUG] RSS ok: pt/macos/Business/top-free entries=100
[2026-09-15T05:52:13.238Z] [DEBUG] Hits: pt/macos/Business/top-free 3 app(s) found
[2026-09-15T05:52:13.999Z] [DEBUG] RSS ok: pt/macos/Productivity/top-free entries=99
[2026-09-15T05:52:24.005Z] [DEBUG] Hits: pt/macos/Productivity/top-free 4 app(s) found
[2026-09-15T05:52:24.764Z] [DEBUG] RSS ok: pt/macos/Utilities/top-free entries=99
[2026-09-15T05:52:34.770Z] [INFO] RSS progress: 30/60 (30 ok, 0 error, 94 points)
[2026-09-15T05:52:35.897Z] [DEBUG] RSS ok: ch/macos/Business/top-free entries=98
[2026-09-15T05:52:45.903Z] [DEBUG] Hits: ch/macos/Business/top-free 3 app(s) found
[2026-09-15T05:52:46.634Z] [DEBUG] RSS ok: ch/macos/Productivity/top-free entries=99
[2026-09-15T05:52:56.640Z] [DEBUG] Hits: ch/macos/Productivity/top-free 4 app(s) found
[2026-09-15T05:52:57.456Z] [DEBUG] RSS ok: ch/macos/Utilities/top-free entries=100
[2026-09-15T05:53:07.461Z] [DEBUG] Hits: ch/macos/Utilities/top-free 2 app(s) found
[2026-09-15T05:53:08.128Z] [DEBUG] RSS ok: be/macos/Business/top-free entries=100
[2026-09-15T05:53:18.133Z] [DEBUG] Hits: be/macos/Business/top-free 2 app(s) found
[2026-09-15T05:53:18.824Z] [DEBUG] RSS ok: be/macos/Productivity/top-free entries=99
[2026-09-15T05:53:28.831Z] [DEBUG] Hits: be/macos/Productivity/top-free 5 app(s) found
[2026-09-15T05:53:29.504Z] [DEBUG] RSS ok: be/macos/Utilities/top-free entries=100
[2026-09-15T05:53:40.162Z] [DEBUG] RSS ok: nl/macos/Business/top-free entries=100
[2026-09-15T05:53:50.169Z] [DEBUG] Hits: nl/macos/Business/top-free 1 app(s) found
[2026-09-15T05:53:50.759Z] [DEBUG] RSS ok: nl/macos/Productivity/top-free entries=99
[2026-09-15T05:54:00.765Z] [DEBUG] Hits: nl/macos/Productivity/top-free 4 app(s) found
[2026-09-15T05:54:01.480Z] [DEBUG] RSS ok: nl/macos/Utilities/top-free entries=99
[2026-09-15T05:54:12.182Z] [DEBUG] RSS ok: tw/macos/Business/top-free entries=100
[2026-09-15T05:54:22.188Z] [DEBUG] Hits: tw/macos/Business/top-free 2 app(s) found
[2026-09-15T05:54:22.188Z] [INFO] RSS progress: 40/60 (40 ok, 0 error, 117 points)
[2026-09-15T05:54:23.756Z] [DEBUG] RSS ok: tw/macos/Productivity/top-free entries=99
[2026-09-15T05:54:33.763Z] [DEBUG] Hits: tw/macos/Productivity/top-free 4 app(s) found
[2026-09-15T05:54:34.370Z] [DEBUG] RSS ok: tw/macos/Utilities/top-free entries=100
[2026-09-15T05:54:45.192Z] [DEBUG] RSS ok: hk/macos/Business/top-free entries=100
[2026-09-15T05:54:55.197Z] [DEBUG] Hits: hk/macos/Business/top-free 1 app(s) found
[2026-09-15T05:54:55.886Z] [DEBUG] RSS ok: hk/macos/Productivity/top-free entries=99
[2026-09-15T05:55:05.893Z] [DEBUG] Hits: hk/macos/Productivity/top-free 5 app(s) found
[2026-09-15T05:55:06.690Z] [DEBUG] RSS ok: hk/macos/Utilities/top-free entries=99
[2026-09-15T05:55:17.438Z] [DEBUG] RSS ok: nz/macos/Business/top-free entries=100
[2026-09-15T05:55:27.444Z] [DEBUG] Hits: nz/macos/Business/top-free 4 app(s) found
[2026-09-15T05:55:28.205Z] [DEBUG] RSS ok: nz/macos/Productivity/top-free entries=99
[2026-09-15T05:55:38.211Z] [DEBUG] Hits: nz/macos/Productivity/top-free 3 app(s) found
[2026-09-15T05:55:38.927Z] [DEBUG] RSS ok: nz/macos/Utilities/top-free entries=100
[2026-09-15T05:55:49.746Z] [DEBUG] RSS ok: sg/macos/Business/top-free entries=100
[2026-09-15T05:55:59.752Z] [DEBUG] Hits: sg/macos/Business/top-free 2 app(s) found
[2026-09-15T05:56:00.559Z] [DEBUG] RSS ok: sg/macos/Productivity/top-free entries=99
[2026-09-15T05:56:10.564Z] [DEBUG] Hits: sg/macos/Productivity/top-free 3 app(s) found
[2026-09-15T05:56:10.564Z] [INFO] RSS progress: 50/60 (50 ok, 0 error, 139 points)
[2026-09-15T05:56:11.287Z] [DEBUG] RSS ok: sg/macos/Utilities/top-free entries=100
[2026-09-15T05:56:22.069Z] [DEBUG] RSS ok: in/macos/Business/top-free entries=100
[2026-09-15T05:56:32.075Z] [DEBUG] Hits: in/macos/Business/top-free 2 app(s) found
[2026-09-15T05:56:32.763Z] [DEBUG] RSS ok: in/macos/Productivity/top-free entries=99
[2026-09-15T05:56:42.769Z] [DEBUG] Hits: in/macos/Productivity/top-free 2 app(s) found
[2026-09-15T05:56:43.637Z] [DEBUG] RSS ok: in/macos/Utilities/top-free entries=100
[2026-09-15T05:56:54.348Z] [DEBUG] RSS ok: za/macos/Business/top-free entries=100
[2026-09-15T05:57:04.354Z] [DEBUG] Hits: za/macos/Business/top-free 3 app(s) found
[2026-09-15T05:57:05.013Z] [DEBUG] RSS ok: za/macos/Productivity/top-free entries=99
[2026-09-15T05:57:15.020Z] [DEBUG] Hits: za/macos/Productivity/top-free 3 app(s) found
[2026-09-15T05:57:15.847Z] [DEBUG] RSS ok: za/macos/Utilities/top-free entries=100
[2026-09-15T05:57:25.854Z] [DEBUG] Hits: za/macos/Utilities/top-free 3 app(s) found
[2026-09-15T05:57:26.561Z] [DEBUG] RSS ok: br/macos/Business/top-free entries=99
[2026-09-15T05:57:36.568Z] [DEBUG] Hits: br/macos/Business/top-free 2 app(s) found
[2026-09-15T05:57:37.266Z] [DEBUG] RSS ok: br/macos/Productivity/top-free entries=99
[2026-09-15T05:57:47.271Z] [DEBUG] Hits: br/macos/Productivity/top-free 3 app(s) found
[2026-09-15T05:57:47.979Z] [DEBUG] RSS ok: br/macos/Utilities/top-free entries=99
[2026-09-15T05:57:57.985Z] [INFO] RSS progress: 60/60 (60 ok, 0 error, 157 points)
[2026-09-15T05:57:57.986Z] [INFO] RSS fetch done: 60 ok, 0 error, 157 points
[2026-09-15T05:57:57.986Z] [INFO] Platform max returned: macos = 100
[2026-09-15T05:57:57.986Z] [INFO] RSS results: 60 ok, 0 error, 157 rank points
[2026-09-15T05:57:58.017Z] [INFO] Stored: 60 crawls, 157 points
[2026-09-15T05:57:58.033Z] [INFO] current.json written rows=23
[2026-09-15T05:57:58.034Z] [INFO] Current summary: on_chart=157, not_on_chart=303, depth_limited=0, crawl_error=0, total=460
[2026-09-15T05:57:58.034Z] [INFO] === Crawl complete === 646.7s
[2026-09-15T06:47:13.251Z] [INFO] === Crawl start === ts=2026-09-15T06:00:00Z
[2026-09-15T06:47:13.255Z] [INFO] Config loaded apps=4, platforms=macos, categories=Business,Productivity,Utilities
[2026-09-15T06:47:13.255Z] [INFO] App IDs to track: 23 our=4, competitors=19
[2026-09-15T06:47:13.257Z] [INFO] Lookup cached fetched_at=2026-09-15T00:47:11.192Z, 23 apps
[2026-09-15T06:47:13.257Z] [INFO] RSS requests: 60 countries=20, platforms=macos, categories=Business,Productivity,Utilities
[2026-09-15T06:47:13.258Z] [INFO] RSS fetch start: 60 requests, concurrency=1
[2026-09-15T06:47:13.977Z] [DEBUG] RSS ok: us/macos/Business/top-free entries=100
[2026-09-15T06:47:23.980Z] [DEBUG] Hits: us/macos/Business/top-free 4 app(s) found
[2026-09-15T06:47:24.567Z] [DEBUG] RSS ok: us/macos/Productivity/top-free entries=99
[2026-09-15T06:47:34.573Z] [DEBUG] Hits: us/macos/Productivity/top-free 6 app(s) found
[2026-09-15T06:47:35.339Z] [DEBUG] RSS ok: us/macos/Utilities/top-free entries=100
[2026-09-15T06:47:45.344Z] [DEBUG] Hits: us/macos/Utilities/top-free 1 app(s) found
[2026-09-15T06:47:45.926Z] [DEBUG] RSS ok: gb/macos/Business/top-free entries=100
[2026-09-15T06:47:55.933Z] [DEBUG] Hits: gb/macos/Business/top-free 4 app(s) found
[2026-09-15T06:47:56.700Z] [DEBUG] RSS ok: gb/macos/Productivity/top-free entries=99
[2026-09-15T06:48:06.707Z] [DEBUG] Hits: gb/macos/Productivity/top-free 5 app(s) found
[2026-09-15T06:48:07.360Z] [DEBUG] RSS ok: gb/macos/Utilities/top-free entries=100
[2026-09-15T06:48:17.367Z] [DEBUG] Hits: gb/macos/Utilities/top-free 3 app(s) found
[2026-09-15T06:48:18.029Z] [DEBUG] RSS ok: ca/macos/Business/top-free entries=99
[2026-09-15T06:48:28.036Z] [DEBUG] Hits: ca/macos/Business/top-free 4 app(s) found
[2026-09-15T06:48:28.903Z] [DEBUG] RSS ok: ca/macos/Productivity/top-free entries=99
[2026-09-15T06:48:38.904Z] [DEBUG] Hits: ca/macos/Productivity/top-free 5 app(s) found
[2026-09-15T06:48:39.592Z] [DEBUG] RSS ok: ca/macos/Utilities/top-free entries=99
[2026-09-15T06:48:49.599Z] [DEBUG] Hits: ca/macos/Utilities/top-free 1 app(s) found
[2026-09-15T06:48:50.308Z] [DEBUG] RSS ok: fr/macos/Business/top-free entries=99
[2026-09-15T06:49:00.314Z] [DEBUG] Hits: fr/macos/Business/top-free 3 app(s) found
[2026-09-15T06:49:00.314Z] [INFO] RSS progress: 10/60 (10 ok, 0 error, 36 points)
[2026-09-15T06:49:01.256Z] [DEBUG] RSS ok: fr/macos/Productivity/top-free entries=99
[2026-09-15T06:49:11.262Z] [DEBUG] Hits: fr/macos/Productivity/top-free 4 app(s) found
[2026-09-15T06:49:12.099Z] [DEBUG] RSS ok: fr/macos/Utilities/top-free entries=100
[2026-09-15T06:49:22.106Z] [DEBUG] Hits: fr/macos/Utilities/top-free 1 app(s) found
[2026-09-15T06:49:22.822Z] [DEBUG] RSS ok: de/macos/Business/top-free entries=98
[2026-09-15T06:49:32.829Z] [DEBUG] Hits: de/macos/Business/top-free 2 app(s) found
[2026-09-15T06:49:33.503Z] [DEBUG] RSS ok: de/macos/Productivity/top-free entries=99
[2026-09-15T06:49:43.510Z] [DEBUG] Hits: de/macos/Productivity/top-free 4 app(s) found
[2026-09-15T06:49:44.162Z] [DEBUG] RSS ok: de/macos/Utilities/top-free entries=100
[2026-09-15T06:49:54.168Z] [DEBUG] Hits: de/macos/Utilities/top-free 4 app(s) found
[2026-09-15T06:49:54.888Z] [DEBUG] RSS ok: jp/macos/Business/top-free entries=100
[2026-09-15T06:50:04.894Z] [DEBUG] Hits: jp/macos/Business/top-free 2 app(s) found
[2026-09-15T06:50:05.738Z] [DEBUG] RSS ok: jp/macos/Productivity/top-free entries=99
[2026-09-15T06:50:15.745Z] [DEBUG] Hits: jp/macos/Productivity/top-free 3 app(s) found
[2026-09-15T06:50:16.400Z] [DEBUG] RSS ok: jp/macos/Utilities/top-free entries=99
[2026-09-15T06:50:26.405Z] [DEBUG] Hits: jp/macos/Utilities/top-free 4 app(s) found
[2026-09-15T06:50:27.039Z] [DEBUG] RSS ok: au/macos/Business/top-free entries=100
[2026-09-15T06:50:37.044Z] [DEBUG] Hits: au/macos/Business/top-free 3 app(s) found
[2026-09-15T06:50:37.631Z] [DEBUG] RSS ok: au/macos/Productivity/top-free entries=99
[2026-09-15T06:50:47.636Z] [DEBUG] Hits: au/macos/Productivity/top-free 4 app(s) found
[2026-09-15T06:50:47.636Z] [INFO] RSS progress: 20/60 (20 ok, 0 error, 67 points)
[2026-09-15T06:50:48.322Z] [DEBUG] RSS ok: au/macos/Utilities/top-free entries=100
[2026-09-15T06:50:58.328Z] [DEBUG] Hits: au/macos/Utilities/top-free 2 app(s) found
[2026-09-15T06:50:59.028Z] [DEBUG] RSS ok: es/macos/Business/top-free entries=100
[2026-09-15T06:51:09.034Z] [DEBUG] Hits: es/macos/Business/top-free 3 app(s) found
[2026-09-15T06:51:09.685Z] [DEBUG] RSS ok: es/macos/Productivity/top-free entries=99
[2026-09-15T06:51:19.690Z] [DEBUG] Hits: es/macos/Productivity/top-free 5 app(s) found
[2026-09-15T06:51:20.548Z] [DEBUG] RSS ok: es/macos/Utilities/top-free entries=100
[2026-09-15T06:51:30.554Z] [DEBUG] Hits: es/macos/Utilities/top-free 1 app(s) found
[2026-09-15T06:51:31.299Z] [DEBUG] RSS ok: it/macos/Business/top-free entries=99
[2026-09-15T06:51:41.306Z] [DEBUG] Hits: it/macos/Business/top-free 3 app(s) found
[2026-09-15T06:51:42.003Z] [DEBUG] RSS ok: it/macos/Productivity/top-free entries=99
[2026-09-15T06:51:52.009Z] [DEBUG] Hits: it/macos/Productivity/top-free 5 app(s) found
[2026-09-15T06:51:52.858Z] [DEBUG] RSS ok: it/macos/Utilities/top-free entries=100
[2026-09-15T06:52:02.865Z] [DEBUG] Hits: it/macos/Utilities/top-free 1 app(s) found
[2026-09-15T06:52:03.572Z] [DEBUG] RSS ok: pt/macos/Business/top-free entries=100
[2026-09-15T06:52:13.577Z] [DEBUG] Hits: pt/macos/Business/top-free 3 app(s) found
[2026-09-15T06:52:14.388Z] [DEBUG] RSS ok: pt/macos/Productivity/top-free entries=99
[2026-09-15T06:52:24.392Z] [DEBUG] Hits: pt/macos/Productivity/top-free 4 app(s) found
[2026-09-15T06:52:24.996Z] [DEBUG] RSS ok: pt/macos/Utilities/top-free entries=99
[2026-09-15T06:52:35.002Z] [INFO] RSS progress: 30/60 (30 ok, 0 error, 94 points)
[2026-09-15T06:52:35.694Z] [DEBUG] RSS ok: ch/macos/Business/top-free entries=98
[2026-09-15T06:52:45.696Z] [DEBUG] Hits: ch/macos/Business/top-free 3 app(s) found
[2026-09-15T06:52:46.395Z] [DEBUG] RSS ok: ch/macos/Productivity/top-free entries=99
[2026-09-15T06:52:56.401Z] [DEBUG] Hits: ch/macos/Productivity/top-free 4 app(s) found
[2026-09-15T06:52:57.156Z] [DEBUG] RSS ok: ch/macos/Utilities/top-free entries=100
[2026-09-15T06:53:07.162Z] [DEBUG] Hits: ch/macos/Utilities/top-free 2 app(s) found
[2026-09-15T06:53:07.760Z] [DEBUG] RSS ok: be/macos/Business/top-free entries=100
[2026-09-15T06:53:17.766Z] [DEBUG] Hits: be/macos/Business/top-free 2 app(s) found
[2026-09-15T06:53:18.398Z] [DEBUG] RSS ok: be/macos/Productivity/top-free entries=99
[2026-09-15T06:53:28.405Z] [DEBUG] Hits: be/macos/Productivity/top-free 5 app(s) found
[2026-09-15T06:53:29.013Z] [DEBUG] RSS ok: be/macos/Utilities/top-free entries=100
[2026-09-15T06:53:39.597Z] [DEBUG] RSS ok: nl/macos/Business/top-free entries=100
[2026-09-15T06:53:49.604Z] [DEBUG] Hits: nl/macos/Business/top-free 1 app(s) found
[2026-09-15T06:53:50.518Z] [DEBUG] RSS ok: nl/macos/Productivity/top-free entries=99
[2026-09-15T06:54:00.524Z] [DEBUG] Hits: nl/macos/Productivity/top-free 4 app(s) found
[2026-09-15T06:54:01.284Z] [DEBUG] RSS ok: nl/macos/Utilities/top-free entries=99
[2026-09-15T06:54:11.894Z] [DEBUG] RSS ok: tw/macos/Business/top-free entries=100
[2026-09-15T06:54:21.896Z] [DEBUG] Hits: tw/macos/Business/top-free 2 app(s) found
[2026-09-15T06:54:21.896Z] [INFO] RSS progress: 40/60 (40 ok, 0 error, 117 points)
[2026-09-15T06:54:22.799Z] [DEBUG] RSS ok: tw/macos/Productivity/top-free entries=99
[2026-09-15T06:54:32.806Z] [DEBUG] Hits: tw/macos/Productivity/top-free 4 app(s) found
[2026-09-15T06:54:33.524Z] [DEBUG] RSS ok: tw/macos/Utilities/top-free entries=100
[2026-09-15T06:54:44.138Z] [DEBUG] RSS ok: hk/macos/Business/top-free entries=100
[2026-09-15T06:54:54.143Z] [DEBUG] Hits: hk/macos/Business/top-free 1 app(s) found
[2026-09-15T06:54:54.733Z] [DEBUG] RSS ok: hk/macos/Productivity/top-free entries=99
[2026-09-15T06:55:04.740Z] [DEBUG] Hits: hk/macos/Productivity/top-free 5 app(s) found
[2026-09-15T06:55:05.385Z] [DEBUG] RSS ok: hk/macos/Utilities/top-free entries=99
[2026-09-15T06:55:16.178Z] [DEBUG] RSS ok: nz/macos/Business/top-free entries=100
[2026-09-15T06:55:26.184Z] [DEBUG] Hits: nz/macos/Business/top-free 4 app(s) found
[2026-09-15T06:55:26.840Z] [DEBUG] RSS ok: nz/macos/Productivity/top-free entries=99
[2026-09-15T06:55:36.846Z] [DEBUG] Hits: nz/macos/Productivity/top-free 3 app(s) found
[2026-09-15T06:55:37.528Z] [DEBUG] RSS ok: nz/macos/Utilities/top-free entries=100
[2026-09-15T06:55:48.308Z] [DEBUG] RSS ok: sg/macos/Business/top-free entries=100
[2026-09-15T06:55:58.312Z] [DEBUG] Hits: sg/macos/Business/top-free 2 app(s) found
[2026-09-15T06:55:59.016Z] [DEBUG] RSS ok: sg/macos/Productivity/top-free entries=99
[2026-09-15T06:56:09.022Z] [DEBUG] Hits: sg/macos/Productivity/top-free 3 app(s) found
[2026-09-15T06:56:09.023Z] [INFO] RSS progress: 50/60 (50 ok, 0 error, 139 points)
[2026-09-15T06:56:09.764Z] [DEBUG] RSS ok: sg/macos/Utilities/top-free entries=100
[2026-09-15T06:56:20.842Z] [DEBUG] RSS ok: in/macos/Business/top-free entries=100
[2026-09-15T06:56:30.849Z] [DEBUG] Hits: in/macos/Business/top-free 2 app(s) found
[2026-09-15T06:56:31.545Z] [DEBUG] RSS ok: in/macos/Productivity/top-free entries=99
[2026-09-15T06:56:41.551Z] [DEBUG] Hits: in/macos/Productivity/top-free 2 app(s) found
[2026-09-15T06:56:42.450Z] [DEBUG] RSS ok: in/macos/Utilities/top-free entries=100
[2026-09-15T06:56:53.222Z] [DEBUG] RSS ok: za/macos/Business/top-free entries=100
[2026-09-15T06:57:03.229Z] [DEBUG] Hits: za/macos/Business/top-free 3 app(s) found
[2026-09-15T06:57:03.866Z] [DEBUG] RSS ok: za/macos/Productivity/top-free entries=99
[2026-09-15T06:57:13.871Z] [DEBUG] Hits: za/macos/Productivity/top-free 3 app(s) found
[2026-09-15T06:57:14.716Z] [DEBUG] RSS ok: za/macos/Utilities/top-free entries=100
[2026-09-15T06:57:24.722Z] [DEBUG] Hits: za/macos/Utilities/top-free 3 app(s) found
[2026-09-15T06:57:25.399Z] [DEBUG] RSS ok: br/macos/Business/top-free entries=99
[2026-09-15T06:57:35.405Z] [DEBUG] Hits: br/macos/Business/top-free 2 app(s) found
[2026-09-15T06:57:36.137Z] [DEBUG] RSS ok: br/macos/Productivity/top-free entries=99
[2026-09-15T06:57:46.140Z] [DEBUG] Hits: br/macos/Productivity/top-free 3 app(s) found
[2026-09-15T06:57:46.899Z] [DEBUG] RSS ok: br/macos/Utilities/top-free entries=99
[2026-09-15T06:57:56.906Z] [INFO] RSS progress: 60/60 (60 ok, 0 error, 157 points)
[2026-09-15T06:57:56.906Z] [INFO] RSS fetch done: 60 ok, 0 error, 157 points
[2026-09-15T06:57:56.906Z] [INFO] Platform max returned: macos = 100
[2026-09-15T06:57:56.907Z] [INFO] RSS results: 60 ok, 0 error, 157 rank points
[2026-09-15T06:57:56.948Z] [INFO] Stored: 60 crawls, 157 points
[2026-09-15T06:57:56.974Z] [INFO] current.json written rows=23
[2026-09-15T06:57:56.975Z] [INFO] Current summary: on_chart=157, not_on_chart=303, depth_limited=0, crawl_error=0, total=460
[2026-09-15T06:57:56.975Z] [INFO] === Crawl complete === 643.7s
[2026-09-15T07:47:13.072Z] [INFO] === Crawl start === ts=2026-09-15T07:00:00Z
[2026-09-15T07:47:13.076Z] [INFO] Config loaded apps=4, platforms=macos, categories=Business,Productivity,Utilities
[2026-09-15T07:47:13.076Z] [INFO] App IDs to track: 23 our=4, competitors=19
[2026-09-15T07:47:13.078Z] [INFO] Lookup cached fetched_at=2026-09-15T00:47:11.192Z, 23 apps
[2026-09-15T07:47:13.078Z] [INFO] RSS requests: 60 countries=20, platforms=macos, categories=Business,Productivity,Utilities
[2026-09-15T07:47:13.079Z] [INFO] RSS fetch start: 60 requests, concurrency=1
[2026-09-15T07:47:14.099Z] [DEBUG] RSS ok: us/macos/Business/top-free entries=100
[2026-09-15T07:47:24.104Z] [DEBUG] Hits: us/macos/Business/top-free 4 app(s) found
[2026-09-15T07:47:24.755Z] [DEBUG] RSS ok: us/macos/Productivity/top-free entries=99
[2026-09-15T07:47:34.762Z] [DEBUG] Hits: us/macos/Productivity/top-free 6 app(s) found
[2026-09-15T07:47:35.474Z] [DEBUG] RSS ok: us/macos/Utilities/top-free entries=100
[2026-09-15T07:47:45.479Z] [DEBUG] Hits: us/macos/Utilities/top-free 1 app(s) found
[2026-09-15T07:47:46.128Z] [DEBUG] RSS ok: gb/macos/Business/top-free entries=100
[2026-09-15T07:47:56.135Z] [DEBUG] Hits: gb/macos/Business/top-free 4 app(s) found
[2026-09-15T07:47:56.862Z] [DEBUG] RSS ok: gb/macos/Productivity/top-free entries=99
[2026-09-15T07:48:06.868Z] [DEBUG] Hits: gb/macos/Productivity/top-free 5 app(s) found
[2026-09-15T07:48:07.723Z] [DEBUG] RSS ok: gb/macos/Utilities/top-free entries=100
[2026-09-15T07:48:17.729Z] [DEBUG] Hits: gb/macos/Utilities/top-free 3 app(s) found
[2026-09-15T07:48:18.480Z] [DEBUG] RSS ok: ca/macos/Business/top-free entries=100
[2026-09-15T07:48:28.486Z] [DEBUG] Hits: ca/macos/Business/top-free 4 app(s) found
[2026-09-15T07:48:29.112Z] [DEBUG] RSS ok: ca/macos/Productivity/top-free entries=99
[2026-09-15T07:48:39.118Z] [DEBUG] Hits: ca/macos/Productivity/top-free 5 app(s) found
[2026-09-15T07:48:39.750Z] [DEBUG] RSS ok: ca/macos/Utilities/top-free entries=100
[2026-09-15T07:48:49.756Z] [DEBUG] Hits: ca/macos/Utilities/top-free 1 app(s) found
[2026-09-15T07:48:50.402Z] [DEBUG] RSS ok: fr/macos/Business/top-free entries=99
[2026-09-15T07:49:00.407Z] [DEBUG] Hits: fr/macos/Business/top-free 3 app(s) found
[2026-09-15T07:49:00.408Z] [INFO] RSS progress: 10/60 (10 ok, 0 error, 36 points)
[2026-09-15T07:49:01.094Z] [DEBUG] RSS ok: fr/macos/Productivity/top-free entries=99
[2026-09-15T07:49:11.097Z] [DEBUG] Hits: fr/macos/Productivity/top-free 4 app(s) found
[2026-09-15T07:49:11.829Z] [DEBUG] RSS ok: fr/macos/Utilities/top-free entries=100
[2026-09-15T07:49:21.835Z] [DEBUG] Hits: fr/macos/Utilities/top-free 1 app(s) found
[2026-09-15T07:49:22.519Z] [DEBUG] RSS ok: de/macos/Business/top-free entries=99
[2026-09-15T07:49:32.525Z] [DEBUG] Hits: de/macos/Business/top-free 2 app(s) found
[2026-09-15T07:49:33.234Z] [DEBUG] RSS ok: de/macos/Productivity/top-free entries=99
[2026-09-15T07:49:43.237Z] [DEBUG] Hits: de/macos/Productivity/top-free 4 app(s) found
[2026-09-15T07:49:43.907Z] [DEBUG] RSS ok: de/macos/Utilities/top-free entries=100
[2026-09-15T07:49:53.914Z] [DEBUG] Hits: de/macos/Utilities/top-free 2 app(s) found
[2026-09-15T07:49:54.743Z] [DEBUG] RSS ok: jp/macos/Business/top-free entries=100
[2026-09-15T07:50:04.750Z] [DEBUG] Hits: jp/macos/Business/top-free 3 app(s) found
[2026-09-15T07:50:05.650Z] [DEBUG] RSS ok: jp/macos/Productivity/top-free entries=99
[2026-09-15T07:50:15.654Z] [DEBUG] Hits: jp/macos/Productivity/top-free 4 app(s) found
[2026-09-15T07:50:16.377Z] [DEBUG] RSS ok: jp/macos/Utilities/top-free entries=100
[2026-09-15T07:50:26.384Z] [DEBUG] Hits: jp/macos/Utilities/top-free 4 app(s) found
[2026-09-15T07:50:27.070Z] [DEBUG] RSS ok: au/macos/Business/top-free entries=100
[2026-09-15T07:50:37.076Z] [DEBUG] Hits: au/macos/Business/top-free 3 app(s) found
[2026-09-15T07:50:37.851Z] [DEBUG] RSS ok: au/macos/Productivity/top-free entries=99
[2026-09-15T07:50:47.857Z] [DEBUG] Hits: au/macos/Productivity/top-free 4 app(s) found
[2026-09-15T07:50:47.857Z] [INFO] RSS progress: 20/60 (20 ok, 0 error, 67 points)
[2026-09-15T07:50:48.583Z] [DEBUG] RSS ok: au/macos/Utilities/top-free entries=100
[2026-09-15T07:50:58.590Z] [DEBUG] Hits: au/macos/Utilities/top-free 1 app(s) found
[2026-09-15T07:50:59.250Z] [DEBUG] RSS ok: es/macos/Business/top-free entries=100
[2026-09-15T07:51:09.255Z] [DEBUG] Hits: es/macos/Business/top-free 3 app(s) found
[2026-09-15T07:51:10.207Z] [DEBUG] RSS ok: es/macos/Productivity/top-free entries=99
[2026-09-15T07:51:20.214Z] [DEBUG] Hits: es/macos/Productivity/top-free 5 app(s) found
[2026-09-15T07:51:20.796Z] [DEBUG] RSS ok: es/macos/Utilities/top-free entries=100
[2026-09-15T07:51:30.803Z] [DEBUG] Hits: es/macos/Utilities/top-free 1 app(s) found
[2026-09-15T07:51:31.741Z] [DEBUG] RSS ok: it/macos/Business/top-free entries=99
[2026-09-15T07:51:41.746Z] [DEBUG] Hits: it/macos/Business/top-free 3 app(s) found
[2026-09-15T07:51:42.447Z] [DEBUG] RSS ok: it/macos/Productivity/top-free entries=99
[2026-09-15T07:51:52.453Z] [DEBUG] Hits: it/macos/Productivity/top-free 5 app(s) found
[2026-09-15T07:51:53.326Z] [DEBUG] RSS ok: it/macos/Utilities/top-free entries=100
[2026-09-15T07:52:03.331Z] [DEBUG] Hits: it/macos/Utilities/top-free 1 app(s) found
[2026-09-15T07:52:04.081Z] [DEBUG] RSS ok: pt/macos/Business/top-free entries=100
[2026-09-15T07:52:14.085Z] [DEBUG] Hits: pt/macos/Business/top-free 3 app(s) found
[2026-09-15T07:52:14.848Z] [DEBUG] RSS ok: pt/macos/Productivity/top-free entries=99
[2026-09-15T07:52:24.854Z] [DEBUG] Hits: pt/macos/Productivity/top-free 4 app(s) found
[2026-09-15T07:52:25.692Z] [DEBUG] RSS ok: pt/macos/Utilities/top-free entries=100
[2026-09-15T07:52:35.698Z] [INFO] RSS progress: 30/60 (30 ok, 0 error, 93 points)
[2026-09-15T07:52:36.430Z] [DEBUG] RSS ok: ch/macos/Business/top-free entries=98
[2026-09-15T07:52:46.430Z] [DEBUG] Hits: ch/macos/Business/top-free 3 app(s) found
[2026-09-15T07:52:47.198Z] [DEBUG] RSS ok: ch/macos/Productivity/top-free entries=99
[2026-09-15T07:52:57.205Z] [DEBUG] Hits: ch/macos/Productivity/top-free 3 app(s) found
[2026-09-15T07:52:58.056Z] [DEBUG] RSS ok: ch/macos/Utilities/top-free entries=100
[2026-09-15T07:53:08.059Z] [DEBUG] Hits: ch/macos/Utilities/top-free 2 app(s) found
[2026-09-15T07:53:09.467Z] [DEBUG] RSS ok: be/macos/Business/top-free entries=100
[2026-09-15T07:53:19.473Z] [DEBUG] Hits: be/macos/Business/top-free 2 app(s) found
[2026-09-15T07:53:20.133Z] [DEBUG] RSS ok: be/macos/Productivity/top-free entries=99
[2026-09-15T07:53:30.140Z] [DEBUG] Hits: be/macos/Productivity/top-free 5 app(s) found
[2026-09-15T07:53:30.762Z] [DEBUG] RSS ok: be/macos/Utilities/top-free entries=100
[2026-09-15T07:53:41.264Z] [DEBUG] RSS ok: nl/macos/Business/top-free entries=100
[2026-09-15T07:53:51.271Z] [DEBUG] Hits: nl/macos/Business/top-free 1 app(s) found
[2026-09-15T07:53:51.887Z] [DEBUG] RSS ok: nl/macos/Productivity/top-free entries=99
[2026-09-15T07:54:01.892Z] [DEBUG] Hits: nl/macos/Productivity/top-free 4 app(s) found
[2026-09-15T07:54:02.532Z] [DEBUG] RSS ok: nl/macos/Utilities/top-free entries=99
[2026-09-15T07:54:13.186Z] [DEBUG] RSS ok: tw/macos/Business/top-free entries=100
[2026-09-15T07:54:23.191Z] [DEBUG] Hits: tw/macos/Business/top-free 2 app(s) found
[2026-09-15T07:54:23.191Z] [INFO] RSS progress: 40/60 (40 ok, 0 error, 115 points)
[2026-09-15T07:54:24.036Z] [DEBUG] RSS ok: tw/macos/Productivity/top-free entries=99
[2026-09-15T07:54:34.043Z] [DEBUG] Hits: tw/macos/Productivity/top-free 4 app(s) found
[2026-09-15T07:54:34.649Z] [DEBUG] RSS ok: tw/macos/Utilities/top-free entries=100
[2026-09-15T07:54:44.656Z] [DEBUG] Hits: tw/macos/Utilities/top-free 1 app(s) found
[2026-09-15T07:54:45.256Z] [DEBUG] RSS ok: hk/macos/Business/top-free entries=100
[2026-09-15T07:54:55.261Z] [DEBUG] Hits: hk/macos/Business/top-free 1 app(s) found
[2026-09-15T07:54:56.026Z] [DEBUG] RSS ok: hk/macos/Productivity/top-free entries=99
[2026-09-15T07:55:06.031Z] [DEBUG] Hits: hk/macos/Productivity/top-free 5 app(s) found
[2026-09-15T07:55:06.723Z] [DEBUG] RSS ok: hk/macos/Utilities/top-free entries=99
[2026-09-15T07:55:17.422Z] [DEBUG] RSS ok: nz/macos/Business/top-free entries=100
[2026-09-15T07:55:27.428Z] [DEBUG] Hits: nz/macos/Business/top-free 4 app(s) found
[2026-09-15T07:55:28.113Z] [DEBUG] RSS ok: nz/macos/Productivity/top-free entries=99
[2026-09-15T07:55:38.120Z] [DEBUG] Hits: nz/macos/Productivity/top-free 4 app(s) found
[2026-09-15T07:55:38.777Z] [DEBUG] RSS ok: nz/macos/Utilities/top-free entries=100
[2026-09-15T07:55:49.487Z] [DEBUG] RSS ok: sg/macos/Business/top-free entries=100
[2026-09-15T07:55:59.494Z] [DEBUG] Hits: sg/macos/Business/top-free 2 app(s) found
[2026-09-15T07:56:00.472Z] [DEBUG] RSS ok: sg/macos/Productivity/top-free entries=99
[2026-09-15T07:56:10.479Z] [DEBUG] Hits: sg/macos/Productivity/top-free 3 app(s) found
[2026-09-15T07:56:10.479Z] [INFO] RSS progress: 50/60 (50 ok, 0 error, 139 points)
[2026-09-15T07:56:11.045Z] [DEBUG] RSS ok: sg/macos/Utilities/top-free entries=100
[2026-09-15T07:56:21.617Z] [DEBUG] RSS ok: in/macos/Business/top-free entries=99
[2026-09-15T07:56:31.622Z] [DEBUG] Hits: in/macos/Business/top-free 2 app(s) found
[2026-09-15T07:56:32.224Z] [DEBUG] RSS ok: in/macos/Productivity/top-free entries=99
[2026-09-15T07:56:42.229Z] [DEBUG] Hits: in/macos/Productivity/top-free 2 app(s) found
[2026-09-15T07:56:42.983Z] [DEBUG] RSS ok: in/macos/Utilities/top-free entries=100
[2026-09-15T07:56:53.797Z] [DEBUG] RSS ok: za/macos/Business/top-free entries=100
[2026-09-15T07:57:03.804Z] [DEBUG] Hits: za/macos/Business/top-free 3 app(s) found
[2026-09-15T07:57:04.566Z] [DEBUG] RSS ok: za/macos/Productivity/top-free entries=99
[2026-09-15T07:57:14.572Z] [DEBUG] Hits: za/macos/Productivity/top-free 3 app(s) found
[2026-09-15T07:57:15.507Z] [DEBUG] RSS ok: za/macos/Utilities/top-free entries=100
[2026-09-15T07:57:25.514Z] [DEBUG] Hits: za/macos/Utilities/top-free 3 app(s) found
[2026-09-15T07:57:26.207Z] [DEBUG] RSS ok: br/macos/Business/top-free entries=100
[2026-09-15T07:57:36.214Z] [DEBUG] Hits: br/macos/Business/top-free 2 app(s) found
[2026-09-15T07:57:37.104Z] [DEBUG] RSS ok: br/macos/Productivity/top-free entries=99
[2026-09-15T07:57:47.110Z] [DEBUG] Hits: br/macos/Productivity/top-free 3 app(s) found
[2026-09-15T07:57:47.782Z] [DEBUG] RSS ok: br/macos/Utilities/top-free entries=99
[2026-09-15T07:57:57.788Z] [INFO] RSS progress: 60/60 (60 ok, 0 error, 157 points)
[2026-09-15T07:57:57.788Z] [INFO] RSS fetch done: 60 ok, 0 error, 157 points
[2026-09-15T07:57:57.789Z] [INFO] Platform max returned: macos = 100
[2026-09-15T07:57:57.789Z] [INFO] RSS results: 60 ok, 0 error, 157 rank points
[2026-09-15T07:57:57.830Z] [INFO] Stored: 60 crawls, 157 points
[2026-09-15T07:57:57.856Z] [INFO] current.json written rows=23
[2026-09-15T07:57:57.857Z] [INFO] Current summary: on_chart=157, not_on_chart=303, depth_limited=0, crawl_error=0, total=460
[2026-09-15T07:57:57.857Z] [INFO] === Crawl complete === 644.8s
[2026-09-15T08:47:13.666Z] [INFO] === Crawl start === ts=2026-09-15T08:00:00Z
[2026-09-15T08:47:13.670Z] [INFO] Config loaded apps=4, platforms=macos, categories=Business,Productivity,Utilities
[2026-09-15T08:47:13.670Z] [INFO] App IDs to track: 23 our=4, competitors=19
[2026-09-15T08:47:13.671Z] [INFO] Lookup cached fetched_at=2026-09-15T00:47:11.192Z, 23 apps
[2026-09-15T08:47:13.672Z] [INFO] RSS requests: 60 countries=20, platforms=macos, categories=Business,Productivity,Utilities
[2026-09-15T08:47:13.672Z] [INFO] RSS fetch start: 60 requests, concurrency=1
[2026-09-15T08:47:14.450Z] [DEBUG] RSS ok: us/macos/Business/top-free entries=100
[2026-09-15T08:47:24.453Z] [DEBUG] Hits: us/macos/Business/top-free 4 app(s) found
[2026-09-15T08:47:25.121Z] [DEBUG] RSS ok: us/macos/Productivity/top-free entries=99
[2026-09-15T08:47:35.127Z] [DEBUG] Hits: us/macos/Productivity/top-free 6 app(s) found
[2026-09-15T08:47:35.979Z] [DEBUG] RSS ok: us/macos/Utilities/top-free entries=100
[2026-09-15T08:47:45.985Z] [DEBUG] Hits: us/macos/Utilities/top-free 1 app(s) found
[2026-09-15T08:47:46.525Z] [DEBUG] RSS ok: gb/macos/Business/top-free entries=100
[2026-09-15T08:47:56.531Z] [DEBUG] Hits: gb/macos/Business/top-free 4 app(s) found
[2026-09-15T08:47:57.145Z] [DEBUG] RSS ok: gb/macos/Productivity/top-free entries=99
[2026-09-15T08:48:07.152Z] [DEBUG] Hits: gb/macos/Productivity/top-free 5 app(s) found
[2026-09-15T08:48:07.797Z] [DEBUG] RSS ok: gb/macos/Utilities/top-free entries=100
[2026-09-15T08:48:17.803Z] [DEBUG] Hits: gb/macos/Utilities/top-free 3 app(s) found
[2026-09-15T08:48:18.585Z] [DEBUG] RSS ok: ca/macos/Business/top-free entries=100
[2026-09-15T08:48:28.591Z] [DEBUG] Hits: ca/macos/Business/top-free 4 app(s) found
[2026-09-15T08:48:29.280Z] [DEBUG] RSS ok: ca/macos/Productivity/top-free entries=99
[2026-09-15T08:48:39.286Z] [DEBUG] Hits: ca/macos/Productivity/top-free 5 app(s) found
[2026-09-15T08:48:39.905Z] [DEBUG] RSS ok: ca/macos/Utilities/top-free entries=100
[2026-09-15T08:48:49.911Z] [DEBUG] Hits: ca/macos/Utilities/top-free 1 app(s) found
[2026-09-15T08:48:50.726Z] [DEBUG] RSS ok: fr/macos/Business/top-free entries=99
[2026-09-15T08:49:00.732Z] [DEBUG] Hits: fr/macos/Business/top-free 3 app(s) found
[2026-09-15T08:49:00.733Z] [INFO] RSS progress: 10/60 (10 ok, 0 error, 36 points)
[2026-09-15T08:49:01.460Z] [DEBUG] RSS ok: fr/macos/Productivity/top-free entries=99
[2026-09-15T08:49:11.468Z] [DEBUG] Hits: fr/macos/Productivity/top-free 4 app(s) found
[2026-09-15T08:49:12.173Z] [DEBUG] RSS ok: fr/macos/Utilities/top-free entries=100
[2026-09-15T08:49:22.179Z] [DEBUG] Hits: fr/macos/Utilities/top-free 1 app(s) found
[2026-09-15T08:49:22.941Z] [DEBUG] RSS ok: de/macos/Business/top-free entries=99
[2026-09-15T08:49:32.947Z] [DEBUG] Hits: de/macos/Business/top-free 2 app(s) found
[2026-09-15T08:49:33.802Z] [DEBUG] RSS ok: de/macos/Productivity/top-free entries=99
[2026-09-15T08:49:43.808Z] [DEBUG] Hits: de/macos/Productivity/top-free 4 app(s) found
[2026-09-15T08:49:44.571Z] [DEBUG] RSS ok: de/macos/Utilities/top-free entries=100
[2026-09-15T08:49:54.574Z] [DEBUG] Hits: de/macos/Utilities/top-free 2 app(s) found
[2026-09-15T08:49:55.312Z] [DEBUG] RSS ok: jp/macos/Business/top-free entries=100
[2026-09-15T08:50:05.318Z] [DEBUG] Hits: jp/macos/Business/top-free 3 app(s) found
[2026-09-15T08:50:06.061Z] [DEBUG] RSS ok: jp/macos/Productivity/top-free entries=99
[2026-09-15T08:50:16.068Z] [DEBUG] Hits: jp/macos/Productivity/top-free 4 app(s) found
[2026-09-15T08:50:16.792Z] [DEBUG] RSS ok: jp/macos/Utilities/top-free entries=100
[2026-09-15T08:50:26.798Z] [DEBUG] Hits: jp/macos/Utilities/top-free 4 app(s) found
[2026-09-15T08:50:27.498Z] [DEBUG] RSS ok: au/macos/Business/top-free entries=100
[2026-09-15T08:50:37.505Z] [DEBUG] Hits: au/macos/Business/top-free 3 app(s) found
[2026-09-15T08:50:38.147Z] [DEBUG] RSS ok: au/macos/Productivity/top-free entries=99
[2026-09-15T08:50:48.148Z] [DEBUG] Hits: au/macos/Productivity/top-free 4 app(s) found
[2026-09-15T08:50:48.148Z] [INFO] RSS progress: 20/60 (20 ok, 0 error, 67 points)
[2026-09-15T08:50:48.732Z] [DEBUG] RSS ok: au/macos/Utilities/top-free entries=100
[2026-09-15T08:50:58.737Z] [DEBUG] Hits: au/macos/Utilities/top-free 1 app(s) found
[2026-09-15T08:50:59.554Z] [DEBUG] RSS ok: es/macos/Business/top-free entries=100
[2026-09-15T08:51:09.560Z] [DEBUG] Hits: es/macos/Business/top-free 3 app(s) found
[2026-09-15T08:51:10.254Z] [DEBUG] RSS ok: es/macos/Productivity/top-free entries=99
[2026-09-15T08:51:20.260Z] [DEBUG] Hits: es/macos/Productivity/top-free 5 app(s) found
[2026-09-15T08:51:20.995Z] [DEBUG] RSS ok: es/macos/Utilities/top-free entries=100
[2026-09-15T08:51:31.001Z] [DEBUG] Hits: es/macos/Utilities/top-free 1 app(s) found
[2026-09-15T08:51:31.707Z] [DEBUG] RSS ok: it/macos/Business/top-free entries=99
[2026-09-15T08:51:41.710Z] [DEBUG] Hits: it/macos/Business/top-free 3 app(s) found
[2026-09-15T08:51:42.463Z] [DEBUG] RSS ok: it/macos/Productivity/top-free entries=99
[2026-09-15T08:51:52.469Z] [DEBUG] Hits: it/macos/Productivity/top-free 5 app(s) found
[2026-09-15T08:51:53.104Z] [DEBUG] RSS ok: it/macos/Utilities/top-free entries=100
[2026-09-15T08:52:03.110Z] [DEBUG] Hits: it/macos/Utilities/top-free 1 app(s) found
[2026-09-15T08:52:03.981Z] [DEBUG] RSS ok: pt/macos/Business/top-free entries=100
[2026-09-15T08:52:13.987Z] [DEBUG] Hits: pt/macos/Business/top-free 3 app(s) found
[2026-09-15T08:52:14.627Z] [DEBUG] RSS ok: pt/macos/Productivity/top-free entries=99
[2026-09-15T08:52:24.633Z] [DEBUG] Hits: pt/macos/Productivity/top-free 4 app(s) found
[2026-09-15T08:52:26.518Z] [DEBUG] RSS ok: pt/macos/Utilities/top-free entries=100
[2026-09-15T08:52:36.525Z] [INFO] RSS progress: 30/60 (30 ok, 0 error, 93 points)
[2026-09-15T08:52:37.343Z] [DEBUG] RSS ok: ch/macos/Business/top-free entries=98
[2026-09-15T08:52:47.350Z] [DEBUG] Hits: ch/macos/Business/top-free 3 app(s) found
[2026-09-15T08:52:48.131Z] [DEBUG] RSS ok: ch/macos/Productivity/top-free entries=99
[2026-09-15T08:52:58.137Z] [DEBUG] Hits: ch/macos/Productivity/top-free 3 app(s) found
[2026-09-15T08:52:58.820Z] [DEBUG] RSS ok: ch/macos/Utilities/top-free entries=100
[2026-09-15T08:53:08.822Z] [DEBUG] Hits: ch/macos/Utilities/top-free 2 app(s) found
[2026-09-15T08:53:10.090Z] [DEBUG] RSS ok: be/macos/Business/top-free entries=100
[2026-09-15T08:53:20.096Z] [DEBUG] Hits: be/macos/Business/top-free 2 app(s) found
[2026-09-15T08:53:20.824Z] [DEBUG] RSS ok: be/macos/Productivity/top-free entries=99
[2026-09-15T08:53:30.830Z] [DEBUG] Hits: be/macos/Productivity/top-free 5 app(s) found
[2026-09-15T08:53:31.449Z] [DEBUG] RSS ok: be/macos/Utilities/top-free entries=100
[2026-09-15T08:53:42.094Z] [DEBUG] RSS ok: nl/macos/Business/top-free entries=100
[2026-09-15T08:53:52.101Z] [DEBUG] Hits: nl/macos/Business/top-free 1 app(s) found
[2026-09-15T08:53:52.911Z] [DEBUG] RSS ok: nl/macos/Productivity/top-free entries=99
[2026-09-15T08:54:02.917Z] [DEBUG] Hits: nl/macos/Productivity/top-free 4 app(s) found
[2026-09-15T08:54:03.730Z] [DEBUG] RSS ok: nl/macos/Utilities/top-free entries=99
[2026-09-15T08:54:14.431Z] [DEBUG] RSS ok: tw/macos/Business/top-free entries=100
[2026-09-15T08:54:24.437Z] [DEBUG] Hits: tw/macos/Business/top-free 2 app(s) found
[2026-09-15T08:54:24.437Z] [INFO] RSS progress: 40/60 (40 ok, 0 error, 115 points)
[2026-09-15T08:54:25.139Z] [DEBUG] RSS ok: tw/macos/Productivity/top-free entries=99
[2026-09-15T08:54:35.145Z] [DEBUG] Hits: tw/macos/Productivity/top-free 4 app(s) found
[2026-09-15T08:54:35.742Z] [DEBUG] RSS ok: tw/macos/Utilities/top-free entries=100
[2026-09-15T08:54:45.749Z] [DEBUG] Hits: tw/macos/Utilities/top-free 1 app(s) found
[2026-09-15T08:54:46.370Z] [DEBUG] RSS ok: hk/macos/Business/top-free entries=100
[2026-09-15T08:54:56.376Z] [DEBUG] Hits: hk/macos/Business/top-free 1 app(s) found
[2026-09-15T08:54:57.157Z] [DEBUG] RSS ok: hk/macos/Productivity/top-free entries=99
[2026-09-15T08:55:07.162Z] [DEBUG] Hits: hk/macos/Productivity/top-free 5 app(s) found
[2026-09-15T08:55:07.843Z] [DEBUG] RSS ok: hk/macos/Utilities/top-free entries=99
[2026-09-15T08:55:18.522Z] [DEBUG] RSS ok: nz/macos/Business/top-free entries=100
[2026-09-15T08:55:28.529Z] [DEBUG] Hits: nz/macos/Business/top-free 4 app(s) found
[2026-09-15T08:55:29.292Z] [DEBUG] RSS ok: nz/macos/Productivity/top-free entries=99
[2026-09-15T08:55:39.298Z] [DEBUG] Hits: nz/macos/Productivity/top-free 4 app(s) found
[2026-09-15T08:55:40.001Z] [DEBUG] RSS ok: nz/macos/Utilities/top-free entries=100
[2026-09-15T08:55:50.622Z] [DEBUG] RSS ok: sg/macos/Business/top-free entries=100
[2026-09-15T08:56:00.628Z] [DEBUG] Hits: sg/macos/Business/top-free 2 app(s) found
[2026-09-15T08:56:01.540Z] [DEBUG] RSS ok: sg/macos/Productivity/top-free entries=99
[2026-09-15T08:56:11.544Z] [DEBUG] Hits: sg/macos/Productivity/top-free 3 app(s) found
[2026-09-15T08:56:11.545Z] [INFO] RSS progress: 50/60 (50 ok, 0 error, 139 points)
[2026-09-15T08:56:12.263Z] [DEBUG] RSS ok: sg/macos/Utilities/top-free entries=100
[2026-09-15T08:56:23.049Z] [DEBUG] RSS ok: in/macos/Business/top-free entries=99
[2026-09-15T08:56:33.055Z] [DEBUG] Hits: in/macos/Business/top-free 2 app(s) found
[2026-09-15T08:56:33.845Z] [DEBUG] RSS ok: in/macos/Productivity/top-free entries=99
[2026-09-15T08:56:43.851Z] [DEBUG] Hits: in/macos/Productivity/top-free 2 app(s) found
[2026-09-15T08:56:44.594Z] [DEBUG] RSS ok: in/macos/Utilities/top-free entries=100
[2026-09-15T08:56:55.639Z] [DEBUG] RSS ok: za/macos/Business/top-free entries=100
[2026-09-15T08:57:05.644Z] [DEBUG] Hits: za/macos/Business/top-free 3 app(s) found
[2026-09-15T08:57:06.325Z] [DEBUG] RSS ok: za/macos/Productivity/top-free entries=99
[2026-09-15T08:57:16.331Z] [DEBUG] Hits: za/macos/Productivity/top-free 3 app(s) found
[2026-09-15T08:57:17.111Z] [DEBUG] RSS ok: za/macos/Utilities/top-free entries=100
[2026-09-15T08:57:27.117Z] [DEBUG] Hits: za/macos/Utilities/top-free 3 app(s) found
[2026-09-15T08:57:27.918Z] [DEBUG] RSS ok: br/macos/Business/top-free entries=100
[2026-09-15T08:57:37.924Z] [DEBUG] Hits: br/macos/Business/top-free 2 app(s) found
[2026-09-15T08:57:38.694Z] [DEBUG] RSS ok: br/macos/Productivity/top-free entries=99
[2026-09-15T08:57:48.701Z] [DEBUG] Hits: br/macos/Productivity/top-free 3 app(s) found
[2026-09-15T08:57:49.488Z] [DEBUG] RSS ok: br/macos/Utilities/top-free entries=99
[2026-09-15T08:57:59.493Z] [INFO] RSS progress: 60/60 (60 ok, 0 error, 157 points)
[2026-09-15T08:57:59.494Z] [INFO] RSS fetch done: 60 ok, 0 error, 157 points
[2026-09-15T08:57:59.494Z] [INFO] Platform max returned: macos = 100
[2026-09-15T08:57:59.494Z] [INFO] RSS results: 60 ok, 0 error, 157 rank points
[2026-09-15T08:57:59.518Z] [INFO] Stored: 60 crawls, 157 points
[2026-09-15T08:57:59.532Z] [INFO] current.json written rows=23
[2026-09-15T08:57:59.532Z] [INFO] Current summary: on_chart=157, not_on_chart=303, depth_limited=0, crawl_error=0, total=460
[2026-09-15T08:57:59.532Z] [INFO] === Crawl complete === 645.9s
[2026-09-15T09:47:12.151Z] [INFO] === Crawl start === ts=2026-09-15T09:00:00Z
[2026-09-15T09:47:12.156Z] [INFO] Config loaded apps=4, platforms=macos, categories=Business,Productivity,Utilities
[2026-09-15T09:47:12.156Z] [INFO] App IDs to track: 23 our=4, competitors=19
[2026-09-15T09:47:12.157Z] [INFO] Lookup cached fetched_at=2026-09-15T00:47:11.192Z, 23 apps
[2026-09-15T09:47:12.158Z] [INFO] RSS requests: 60 countries=20, platforms=macos, categories=Business,Productivity,Utilities
[2026-09-15T09:47:12.158Z] [INFO] RSS fetch start: 60 requests, concurrency=1
[2026-09-15T09:47:13.008Z] [DEBUG] RSS ok: us/macos/Business/top-free entries=100
[2026-09-15T09:47:23.012Z] [DEBUG] Hits: us/macos/Business/top-free 4 app(s) found
[2026-09-15T09:47:23.769Z] [DEBUG] RSS ok: us/macos/Productivity/top-free entries=99
[2026-09-15T09:47:33.776Z] [DEBUG] Hits: us/macos/Productivity/top-free 6 app(s) found
[2026-09-15T09:47:34.458Z] [DEBUG] RSS ok: us/macos/Utilities/top-free entries=100
[2026-09-15T09:47:44.464Z] [DEBUG] Hits: us/macos/Utilities/top-free 1 app(s) found
[2026-09-15T09:47:45.148Z] [DEBUG] RSS ok: gb/macos/Business/top-free entries=100
[2026-09-15T09:47:55.153Z] [DEBUG] Hits: gb/macos/Business/top-free 4 app(s) found
[2026-09-15T09:47:55.863Z] [DEBUG] RSS ok: gb/macos/Productivity/top-free entries=99
[2026-09-15T09:48:05.871Z] [DEBUG] Hits: gb/macos/Productivity/top-free 5 app(s) found
[2026-09-15T09:48:06.597Z] [DEBUG] RSS ok: gb/macos/Utilities/top-free entries=100
[2026-09-15T09:48:16.604Z] [DEBUG] Hits: gb/macos/Utilities/top-free 3 app(s) found
[2026-09-15T09:48:17.420Z] [DEBUG] RSS ok: ca/macos/Business/top-free entries=100
[2026-09-15T09:48:27.426Z] [DEBUG] Hits: ca/macos/Business/top-free 4 app(s) found
[2026-09-15T09:48:28.149Z] [DEBUG] RSS ok: ca/macos/Productivity/top-free entries=99
[2026-09-15T09:48:38.156Z] [DEBUG] Hits: ca/macos/Productivity/top-free 5 app(s) found
[2026-09-15T09:48:38.973Z] [DEBUG] RSS ok: ca/macos/Utilities/top-free entries=100
[2026-09-15T09:48:48.979Z] [DEBUG] Hits: ca/macos/Utilities/top-free 1 app(s) found
[2026-09-15T09:48:49.893Z] [DEBUG] RSS ok: fr/macos/Business/top-free entries=99
[2026-09-15T09:48:59.900Z] [DEBUG] Hits: fr/macos/Business/top-free 3 app(s) found
[2026-09-15T09:48:59.900Z] [INFO] RSS progress: 10/60 (10 ok, 0 error, 36 points)
[2026-09-15T09:49:00.651Z] [DEBUG] RSS ok: fr/macos/Productivity/top-free entries=99
[2026-09-15T09:49:10.662Z] [DEBUG] Hits: fr/macos/Productivity/top-free 4 app(s) found
[2026-09-15T09:49:11.368Z] [DEBUG] RSS ok: fr/macos/Utilities/top-free entries=100
[2026-09-15T09:49:21.374Z] [DEBUG] Hits: fr/macos/Utilities/top-free 1 app(s) found
[2026-09-15T09:49:22.088Z] [DEBUG] RSS ok: de/macos/Business/top-free entries=99
[2026-09-15T09:49:32.095Z] [DEBUG] Hits: de/macos/Business/top-free 2 app(s) found
[2026-09-15T09:49:32.895Z] [DEBUG] RSS ok: de/macos/Productivity/top-free entries=99
[2026-09-15T09:49:42.902Z] [DEBUG] Hits: de/macos/Productivity/top-free 4 app(s) found
[2026-09-15T09:49:43.736Z] [DEBUG] RSS ok: de/macos/Utilities/top-free entries=100
[2026-09-15T09:49:53.742Z] [DEBUG] Hits: de/macos/Utilities/top-free 2 app(s) found
[2026-09-15T09:49:54.628Z] [DEBUG] RSS ok: jp/macos/Business/top-free entries=100
[2026-09-15T09:50:04.635Z] [DEBUG] Hits: jp/macos/Business/top-free 3 app(s) found
[2026-09-15T09:50:05.390Z] [DEBUG] RSS ok: jp/macos/Productivity/top-free entries=99
[2026-09-15T09:50:15.397Z] [DEBUG] Hits: jp/macos/Productivity/top-free 4 app(s) found
[2026-09-15T09:50:16.061Z] [DEBUG] RSS ok: jp/macos/Utilities/top-free entries=100
[2026-09-15T09:50:26.067Z] [DEBUG] Hits: jp/macos/Utilities/top-free 4 app(s) found
[2026-09-15T09:50:26.691Z] [DEBUG] RSS ok: au/macos/Business/top-free entries=100
[2026-09-15T09:50:36.697Z] [DEBUG] Hits: au/macos/Business/top-free 3 app(s) found
[2026-09-15T09:50:37.396Z] [DEBUG] RSS ok: au/macos/Productivity/top-free entries=99
[2026-09-15T09:50:47.402Z] [DEBUG] Hits: au/macos/Productivity/top-free 4 app(s) found
[2026-09-15T09:50:47.402Z] [INFO] RSS progress: 20/60 (20 ok, 0 error, 67 points)
[2026-09-15T09:50:48.125Z] [DEBUG] RSS ok: au/macos/Utilities/top-free entries=100
[2026-09-15T09:50:58.132Z] [DEBUG] Hits: au/macos/Utilities/top-free 1 app(s) found
[2026-09-15T09:50:58.879Z] [DEBUG] RSS ok: es/macos/Business/top-free entries=100
[2026-09-15T09:51:08.885Z] [DEBUG] Hits: es/macos/Business/top-free 3 app(s) found
[2026-09-15T09:51:09.628Z] [DEBUG] RSS ok: es/macos/Productivity/top-free entries=99
[2026-09-15T09:51:19.634Z] [DEBUG] Hits: es/macos/Productivity/top-free 5 app(s) found
[2026-09-15T09:51:20.315Z] [DEBUG] RSS ok: es/macos/Utilities/top-free entries=100
[2026-09-15T09:51:30.322Z] [DEBUG] Hits: es/macos/Utilities/top-free 1 app(s) found
[2026-09-15T09:51:31.216Z] [DEBUG] RSS ok: it/macos/Business/top-free entries=99
[2026-09-15T09:51:41.223Z] [DEBUG] Hits: it/macos/Business/top-free 3 app(s) found
[2026-09-15T09:51:41.973Z] [DEBUG] RSS ok: it/macos/Productivity/top-free entries=99
[2026-09-15T09:51:51.978Z] [DEBUG] Hits: it/macos/Productivity/top-free 5 app(s) found
[2026-09-15T09:51:52.643Z] [DEBUG] RSS ok: it/macos/Utilities/top-free entries=100
[2026-09-15T09:52:02.650Z] [DEBUG] Hits: it/macos/Utilities/top-free 1 app(s) found
[2026-09-15T09:52:03.388Z] [DEBUG] RSS ok: pt/macos/Business/top-free entries=100
[2026-09-15T09:52:13.395Z] [DEBUG] Hits: pt/macos/Business/top-free 3 app(s) found
[2026-09-15T09:52:14.313Z] [DEBUG] RSS ok: pt/macos/Productivity/top-free entries=99
[2026-09-15T09:52:24.319Z] [DEBUG] Hits: pt/macos/Productivity/top-free 4 app(s) found
[2026-09-15T09:52:25.099Z] [DEBUG] RSS ok: pt/macos/Utilities/top-free entries=100
[2026-09-15T09:52:35.105Z] [INFO] RSS progress: 30/60 (30 ok, 0 error, 93 points)
[2026-09-15T09:52:36.011Z] [DEBUG] RSS ok: ch/macos/Business/top-free entries=98
[2026-09-15T09:52:46.017Z] [DEBUG] Hits: ch/macos/Business/top-free 3 app(s) found
[2026-09-15T09:52:46.647Z] [DEBUG] RSS ok: ch/macos/Productivity/top-free entries=99
[2026-09-15T09:52:56.651Z] [DEBUG] Hits: ch/macos/Productivity/top-free 3 app(s) found
[2026-09-15T09:52:57.414Z] [DEBUG] RSS ok: ch/macos/Utilities/top-free entries=100
[2026-09-15T09:53:07.419Z] [DEBUG] Hits: ch/macos/Utilities/top-free 2 app(s) found
[2026-09-15T09:53:08.182Z] [DEBUG] RSS ok: be/macos/Business/top-free entries=100
[2026-09-15T09:53:18.188Z] [DEBUG] Hits: be/macos/Business/top-free 2 app(s) found
[2026-09-15T09:53:18.867Z] [DEBUG] RSS ok: be/macos/Productivity/top-free entries=99
[2026-09-15T09:53:28.873Z] [DEBUG] Hits: be/macos/Productivity/top-free 5 app(s) found
[2026-09-15T09:53:29.741Z] [DEBUG] RSS ok: be/macos/Utilities/top-free entries=100
[2026-09-15T09:53:40.465Z] [DEBUG] RSS ok: nl/macos/Business/top-free entries=100
[2026-09-15T09:53:50.471Z] [DEBUG] Hits: nl/macos/Business/top-free 1 app(s) found
[2026-09-15T09:53:51.108Z] [DEBUG] RSS ok: nl/macos/Productivity/top-free entries=99
[2026-09-15T09:54:01.115Z] [DEBUG] Hits: nl/macos/Productivity/top-free 4 app(s) found
[2026-09-15T09:54:01.910Z] [DEBUG] RSS ok: nl/macos/Utilities/top-free entries=99
[2026-09-15T09:54:12.622Z] [DEBUG] RSS ok: tw/macos/Business/top-free entries=100
[2026-09-15T09:54:22.628Z] [DEBUG] Hits: tw/macos/Business/top-free 2 app(s) found
[2026-09-15T09:54:22.628Z] [INFO] RSS progress: 40/60 (40 ok, 0 error, 115 points)
[2026-09-15T09:54:23.443Z] [DEBUG] RSS ok: tw/macos/Productivity/top-free entries=99
[2026-09-15T09:54:33.445Z] [DEBUG] Hits: tw/macos/Productivity/top-free 4 app(s) found
[2026-09-15T09:54:34.087Z] [DEBUG] RSS ok: tw/macos/Utilities/top-free entries=100
[2026-09-15T09:54:44.093Z] [DEBUG] Hits: tw/macos/Utilities/top-free 1 app(s) found
[2026-09-15T09:54:44.986Z] [DEBUG] RSS ok: hk/macos/Business/top-free entries=100
[2026-09-15T09:54:54.991Z] [DEBUG] Hits: hk/macos/Business/top-free 1 app(s) found
[2026-09-15T09:54:55.659Z] [DEBUG] RSS ok: hk/macos/Productivity/top-free entries=99
[2026-09-15T09:55:05.666Z] [DEBUG] Hits: hk/macos/Productivity/top-free 5 app(s) found
[2026-09-15T09:55:06.436Z] [DEBUG] RSS ok: hk/macos/Utilities/top-free entries=99
[2026-09-15T09:55:17.198Z] [DEBUG] RSS ok: nz/macos/Business/top-free entries=100
[2026-09-15T09:55:27.202Z] [DEBUG] Hits: nz/macos/Business/top-free 4 app(s) found
[2026-09-15T09:55:27.850Z] [DEBUG] RSS ok: nz/macos/Productivity/top-free entries=99
[2026-09-15T09:55:37.856Z] [DEBUG] Hits: nz/macos/Productivity/top-free 4 app(s) found
[2026-09-15T09:55:38.644Z] [DEBUG] RSS ok: nz/macos/Utilities/top-free entries=100
[2026-09-15T09:55:49.341Z] [DEBUG] RSS ok: sg/macos/Business/top-free entries=100
[2026-09-15T09:55:59.346Z] [DEBUG] Hits: sg/macos/Business/top-free 2 app(s) found
[2026-09-15T09:56:00.050Z] [DEBUG] RSS ok: sg/macos/Productivity/top-free entries=99
[2026-09-15T09:56:10.056Z] [DEBUG] Hits: sg/macos/Productivity/top-free 3 app(s) found
[2026-09-15T09:56:10.056Z] [INFO] RSS progress: 50/60 (50 ok, 0 error, 139 points)
[2026-09-15T09:56:10.834Z] [DEBUG] RSS ok: sg/macos/Utilities/top-free entries=100
[2026-09-15T09:56:21.419Z] [DEBUG] RSS ok: in/macos/Business/top-free entries=99
[2026-09-15T09:56:31.425Z] [DEBUG] Hits: in/macos/Business/top-free 2 app(s) found
[2026-09-15T09:56:32.141Z] [DEBUG] RSS ok: in/macos/Productivity/top-free entries=99
[2026-09-15T09:56:42.148Z] [DEBUG] Hits: in/macos/Productivity/top-free 2 app(s) found
[2026-09-15T09:56:42.919Z] [DEBUG] RSS ok: in/macos/Utilities/top-free entries=100
[2026-09-15T09:56:53.704Z] [DEBUG] RSS ok: za/macos/Business/top-free entries=100
[2026-09-15T09:57:03.710Z] [DEBUG] Hits: za/macos/Business/top-free 3 app(s) found
[2026-09-15T09:57:04.371Z] [DEBUG] RSS ok: za/macos/Productivity/top-free entries=99
[2026-09-15T09:57:14.377Z] [DEBUG] Hits: za/macos/Productivity/top-free 3 app(s) found
[2026-09-15T09:57:15.298Z] [DEBUG] RSS ok: za/macos/Utilities/top-free entries=100
[2026-09-15T09:57:25.304Z] [DEBUG] Hits: za/macos/Utilities/top-free 3 app(s) found
[2026-09-15T09:57:26.079Z] [DEBUG] RSS ok: br/macos/Business/top-free entries=100
[2026-09-15T09:57:36.086Z] [DEBUG] Hits: br/macos/Business/top-free 2 app(s) found
[2026-09-15T09:57:37.014Z] [DEBUG] RSS ok: br/macos/Productivity/top-free entries=99
[2026-09-15T09:57:47.021Z] [DEBUG] Hits: br/macos/Productivity/top-free 3 app(s) found
[2026-09-15T09:57:47.799Z] [DEBUG] RSS ok: br/macos/Utilities/top-free entries=99
[2026-09-15T09:57:57.806Z] [INFO] RSS progress: 60/60 (60 ok, 0 error, 157 points)
[2026-09-15T09:57:57.806Z] [INFO] RSS fetch done: 60 ok, 0 error, 157 points
[2026-09-15T09:57:57.806Z] [INFO] Platform max returned: macos = 100
[2026-09-15T09:57:57.807Z] [INFO] RSS results: 60 ok, 0 error, 157 rank points
[2026-09-15T09:57:57.835Z] [INFO] Stored: 60 crawls, 157 points
[2026-09-15T09:57:57.853Z] [INFO] current.json written rows=23
[2026-09-15T09:57:57.854Z] [INFO] Current summary: on_chart=157, not_on_chart=303, depth_limited=0, crawl_error=0, total=460
[2026-09-15T09:57:57.854Z] [INFO] === Crawl complete === 645.7s
[2026-09-15T10:47:13.424Z] [INFO] === Crawl start === ts=2026-09-15T10:00:00Z
[2026-09-15T10:47:13.428Z] [INFO] Config loaded apps=4, platforms=macos, categories=Business,Productivity,Utilities
[2026-09-15T10:47:13.429Z] [INFO] App IDs to track: 23 our=4, competitors=19
[2026-09-15T10:47:13.430Z] [INFO] Lookup cached fetched_at=2026-09-15T00:47:11.192Z, 23 apps
[2026-09-15T10:47:13.431Z] [INFO] RSS requests: 60 countries=20, platforms=macos, categories=Business,Productivity,Utilities
[2026-09-15T10:47:13.431Z] [INFO] RSS fetch start: 60 requests, concurrency=1
[2026-09-15T10:47:14.347Z] [DEBUG] RSS ok: us/macos/Business/top-free entries=100
[2026-09-15T10:47:24.351Z] [DEBUG] Hits: us/macos/Business/top-free 4 app(s) found
[2026-09-15T10:47:25.064Z] [DEBUG] RSS ok: us/macos/Productivity/top-free entries=99
[2026-09-15T10:47:35.070Z] [DEBUG] Hits: us/macos/Productivity/top-free 6 app(s) found
[2026-09-15T10:47:35.798Z] [DEBUG] RSS ok: us/macos/Utilities/top-free entries=100
[2026-09-15T10:47:45.799Z] [DEBUG] Hits: us/macos/Utilities/top-free 1 app(s) found
[2026-09-15T10:47:46.383Z] [DEBUG] RSS ok: gb/macos/Business/top-free entries=100
[2026-09-15T10:47:56.386Z] [DEBUG] Hits: gb/macos/Business/top-free 4 app(s) found
[2026-09-15T10:47:57.199Z] [DEBUG] RSS ok: gb/macos/Productivity/top-free entries=99
[2026-09-15T10:48:07.205Z] [DEBUG] Hits: gb/macos/Productivity/top-free 5 app(s) found
[2026-09-15T10:48:07.913Z] [DEBUG] RSS ok: gb/macos/Utilities/top-free entries=100
[2026-09-15T10:48:17.918Z] [DEBUG] Hits: gb/macos/Utilities/top-free 3 app(s) found
[2026-09-15T10:48:18.650Z] [DEBUG] RSS ok: ca/macos/Business/top-free entries=100
[2026-09-15T10:48:28.657Z] [DEBUG] Hits: ca/macos/Business/top-free 4 app(s) found
[2026-09-15T10:48:29.370Z] [DEBUG] RSS ok: ca/macos/Productivity/top-free entries=99
[2026-09-15T10:48:39.377Z] [DEBUG] Hits: ca/macos/Productivity/top-free 5 app(s) found
[2026-09-15T10:48:40.244Z] [DEBUG] RSS ok: ca/macos/Utilities/top-free entries=100
[2026-09-15T10:48:50.250Z] [DEBUG] Hits: ca/macos/Utilities/top-free 1 app(s) found
[2026-09-15T10:48:51.116Z] [DEBUG] RSS ok: fr/macos/Business/top-free entries=99
[2026-09-15T10:49:01.122Z] [DEBUG] Hits: fr/macos/Business/top-free 3 app(s) found
[2026-09-15T10:49:01.122Z] [INFO] RSS progress: 10/60 (10 ok, 0 error, 36 points)
[2026-09-15T10:49:01.895Z] [DEBUG] RSS ok: fr/macos/Productivity/top-free entries=99
[2026-09-15T10:49:11.902Z] [DEBUG] Hits: fr/macos/Productivity/top-free 5 app(s) found
[2026-09-15T10:49:12.613Z] [DEBUG] RSS ok: fr/macos/Utilities/top-free entries=100
[2026-09-15T10:49:22.620Z] [DEBUG] Hits: fr/macos/Utilities/top-free 3 app(s) found
[2026-09-15T10:49:23.389Z] [DEBUG] RSS ok: de/macos/Business/top-free entries=100
[2026-09-15T10:49:33.395Z] [DEBUG] Hits: de/macos/Business/top-free 1 app(s) found
[2026-09-15T10:49:34.177Z] [DEBUG] RSS ok: de/macos/Productivity/top-free entries=99
[2026-09-15T10:49:44.184Z] [DEBUG] Hits: de/macos/Productivity/top-free 4 app(s) found
[2026-09-15T10:49:44.940Z] [DEBUG] RSS ok: de/macos/Utilities/top-free entries=100
[2026-09-15T10:49:54.947Z] [DEBUG] Hits: de/macos/Utilities/top-free 1 app(s) found
[2026-09-15T10:49:55.769Z] [DEBUG] RSS ok: jp/macos/Business/top-free entries=100
[2026-09-15T10:50:05.769Z] [DEBUG] Hits: jp/macos/Business/top-free 3 app(s) found
[2026-09-15T10:50:06.622Z] [DEBUG] RSS ok: jp/macos/Productivity/top-free entries=99
[2026-09-15T10:50:16.629Z] [DEBUG] Hits: jp/macos/Productivity/top-free 4 app(s) found
[2026-09-15T10:50:17.824Z] [DEBUG] RSS ok: jp/macos/Utilities/top-free entries=100
[2026-09-15T10:50:27.827Z] [DEBUG] Hits: jp/macos/Utilities/top-free 4 app(s) found
[2026-09-15T10:50:28.665Z] [DEBUG] RSS ok: au/macos/Business/top-free entries=100
[2026-09-15T10:50:38.669Z] [DEBUG] Hits: au/macos/Business/top-free 3 app(s) found
[2026-09-15T10:50:39.466Z] [DEBUG] RSS ok: au/macos/Productivity/top-free entries=99
[2026-09-15T10:50:49.473Z] [DEBUG] Hits: au/macos/Productivity/top-free 4 app(s) found
[2026-09-15T10:50:49.473Z] [INFO] RSS progress: 20/60 (20 ok, 0 error, 68 points)
[2026-09-15T10:50:50.324Z] [DEBUG] RSS ok: au/macos/Utilities/top-free entries=100
[2026-09-15T10:51:00.331Z] [DEBUG] Hits: au/macos/Utilities/top-free 1 app(s) found
[2026-09-15T10:51:01.117Z] [DEBUG] RSS ok: es/macos/Business/top-free entries=100
[2026-09-15T10:51:11.123Z] [DEBUG] Hits: es/macos/Business/top-free 2 app(s) found
[2026-09-15T10:51:12.042Z] [DEBUG] RSS ok: es/macos/Productivity/top-free entries=99
[2026-09-15T10:51:22.048Z] [DEBUG] Hits: es/macos/Productivity/top-free 5 app(s) found
[2026-09-15T10:51:22.780Z] [DEBUG] RSS ok: es/macos/Utilities/top-free entries=100
[2026-09-15T10:51:33.517Z] [DEBUG] RSS ok: it/macos/Business/top-free entries=100
[2026-09-15T10:51:43.523Z] [DEBUG] Hits: it/macos/Business/top-free 2 app(s) found
[2026-09-15T10:51:44.189Z] [DEBUG] RSS ok: it/macos/Productivity/top-free entries=99
[2026-09-15T10:51:54.195Z] [DEBUG] Hits: it/macos/Productivity/top-free 5 app(s) found
[2026-09-15T10:51:55.062Z] [DEBUG] RSS ok: it/macos/Utilities/top-free entries=100
[2026-09-15T10:52:05.068Z] [DEBUG] Hits: it/macos/Utilities/top-free 1 app(s) found
[2026-09-15T10:52:05.902Z] [DEBUG] RSS ok: pt/macos/Business/top-free entries=100
[2026-09-15T10:52:15.908Z] [DEBUG] Hits: pt/macos/Business/top-free 3 app(s) found
[2026-09-15T10:52:16.907Z] [DEBUG] RSS ok: pt/macos/Productivity/top-free entries=99
[2026-09-15T10:52:26.913Z] [DEBUG] Hits: pt/macos/Productivity/top-free 4 app(s) found
[2026-09-15T10:52:27.719Z] [DEBUG] RSS ok: pt/macos/Utilities/top-free entries=100
[2026-09-15T10:52:37.725Z] [INFO] RSS progress: 30/60 (30 ok, 0 error, 91 points)
[2026-09-15T10:52:38.569Z] [DEBUG] RSS ok: ch/macos/Business/top-free entries=99
[2026-09-15T10:52:48.571Z] [DEBUG] Hits: ch/macos/Business/top-free 3 app(s) found
[2026-09-15T10:52:49.332Z] [DEBUG] RSS ok: ch/macos/Productivity/top-free entries=99
[2026-09-15T10:52:59.338Z] [DEBUG] Hits: ch/macos/Productivity/top-free 4 app(s) found
[2026-09-15T10:53:00.246Z] [DEBUG] RSS ok: ch/macos/Utilities/top-free entries=100
[2026-09-15T10:53:10.253Z] [DEBUG] Hits: ch/macos/Utilities/top-free 3 app(s) found
[2026-09-15T10:53:11.183Z] [DEBUG] RSS ok: be/macos/Business/top-free entries=100
[2026-09-15T10:53:21.190Z] [DEBUG] Hits: be/macos/Business/top-free 3 app(s) found
[2026-09-15T10:53:22.020Z] [DEBUG] RSS ok: be/macos/Productivity/top-free entries=99
[2026-09-15T10:53:32.025Z] [DEBUG] Hits: be/macos/Productivity/top-free 5 app(s) found
[2026-09-15T10:53:32.766Z] [DEBUG] RSS ok: be/macos/Utilities/top-free entries=100
[2026-09-15T10:53:43.482Z] [DEBUG] RSS ok: nl/macos/Business/top-free entries=100
[2026-09-15T10:53:53.488Z] [DEBUG] Hits: nl/macos/Business/top-free 1 app(s) found
[2026-09-15T10:53:54.410Z] [DEBUG] RSS ok: nl/macos/Productivity/top-free entries=99
[2026-09-15T10:54:04.417Z] [DEBUG] Hits: nl/macos/Productivity/top-free 4 app(s) found
[2026-09-15T10:54:05.158Z] [DEBUG] RSS ok: nl/macos/Utilities/top-free entries=100
[2026-09-15T10:54:15.164Z] [DEBUG] Hits: nl/macos/Utilities/top-free 1 app(s) found
[2026-09-15T10:54:15.863Z] [DEBUG] RSS ok: tw/macos/Business/top-free entries=100
[2026-09-15T10:54:25.869Z] [DEBUG] Hits: tw/macos/Business/top-free 2 app(s) found
[2026-09-15T10:54:25.869Z] [INFO] RSS progress: 40/60 (40 ok, 0 error, 117 points)
[2026-09-15T10:54:26.694Z] [DEBUG] RSS ok: tw/macos/Productivity/top-free entries=99
[2026-09-15T10:54:36.700Z] [DEBUG] Hits: tw/macos/Productivity/top-free 1 app(s) found
[2026-09-15T10:54:37.363Z] [DEBUG] RSS ok: tw/macos/Utilities/top-free entries=100
[2026-09-15T10:54:47.370Z] [DEBUG] Hits: tw/macos/Utilities/top-free 1 app(s) found
[2026-09-15T10:54:48.122Z] [DEBUG] RSS ok: hk/macos/Business/top-free entries=100
[2026-09-15T10:54:58.128Z] [DEBUG] Hits: hk/macos/Business/top-free 1 app(s) found
[2026-09-15T10:54:58.914Z] [DEBUG] RSS ok: hk/macos/Productivity/top-free entries=99
[2026-09-15T10:55:08.921Z] [DEBUG] Hits: hk/macos/Productivity/top-free 3 app(s) found
[2026-09-15T10:55:09.681Z] [DEBUG] RSS ok: hk/macos/Utilities/top-free entries=99
[2026-09-15T10:55:20.422Z] [DEBUG] RSS ok: nz/macos/Business/top-free entries=100
[2026-09-15T10:55:30.425Z] [DEBUG] Hits: nz/macos/Business/top-free 4 app(s) found
[2026-09-15T10:55:31.128Z] [DEBUG] RSS ok: nz/macos/Productivity/top-free entries=99
[2026-09-15T10:55:41.134Z] [DEBUG] Hits: nz/macos/Productivity/top-free 5 app(s) found
[2026-09-15T10:55:41.827Z] [DEBUG] RSS ok: nz/macos/Utilities/top-free entries=100
[2026-09-15T10:55:52.540Z] [DEBUG] RSS ok: sg/macos/Business/top-free entries=100
[2026-09-15T10:56:02.547Z] [DEBUG] Hits: sg/macos/Business/top-free 3 app(s) found
[2026-09-15T10:56:03.357Z] [DEBUG] RSS ok: sg/macos/Productivity/top-free entries=99
[2026-09-15T10:56:13.364Z] [DEBUG] Hits: sg/macos/Productivity/top-free 3 app(s) found
[2026-09-15T10:56:13.364Z] [INFO] RSS progress: 50/60 (50 ok, 0 error, 138 points)
[2026-09-15T10:56:14.084Z] [DEBUG] RSS ok: sg/macos/Utilities/top-free entries=100
[2026-09-15T10:56:24.091Z] [DEBUG] Hits: sg/macos/Utilities/top-free 2 app(s) found
[2026-09-15T10:56:24.814Z] [DEBUG] RSS ok: in/macos/Business/top-free entries=100
[2026-09-15T10:56:34.821Z] [DEBUG] Hits: in/macos/Business/top-free 3 app(s) found
[2026-09-15T10:56:35.511Z] [DEBUG] RSS ok: in/macos/Productivity/top-free entries=99
[2026-09-15T10:56:45.513Z] [DEBUG] Hits: in/macos/Productivity/top-free 3 app(s) found
[2026-09-15T10:56:46.304Z] [DEBUG] RSS ok: in/macos/Utilities/top-free entries=100
[2026-09-15T10:56:57.418Z] [DEBUG] RSS ok: za/macos/Business/top-free entries=100
[2026-09-15T10:57:07.423Z] [DEBUG] Hits: za/macos/Business/top-free 3 app(s) found
[2026-09-15T10:57:08.199Z] [DEBUG] RSS ok: za/macos/Productivity/top-free entries=99
[2026-09-15T10:57:18.206Z] [DEBUG] Hits: za/macos/Productivity/top-free 3 app(s) found
[2026-09-15T10:57:18.857Z] [DEBUG] RSS ok: za/macos/Utilities/top-free entries=100
[2026-09-15T10:57:28.864Z] [DEBUG] Hits: za/macos/Utilities/top-free 2 app(s) found
[2026-09-15T10:57:29.747Z] [DEBUG] RSS ok: br/macos/Business/top-free entries=100
[2026-09-15T10:57:39.753Z] [DEBUG] Hits: br/macos/Business/top-free 2 app(s) found
[2026-09-15T10:57:40.501Z] [DEBUG] RSS ok: br/macos/Productivity/top-free entries=99
[2026-09-15T10:57:50.507Z] [DEBUG] Hits: br/macos/Productivity/top-free 2 app(s) found
[2026-09-15T10:57:51.255Z] [DEBUG] RSS ok: br/macos/Utilities/top-free entries=100
[2026-09-15T10:58:01.262Z] [INFO] RSS progress: 60/60 (60 ok, 0 error, 158 points)
[2026-09-15T10:58:01.262Z] [INFO] RSS fetch done: 60 ok, 0 error, 158 points
[2026-09-15T10:58:01.262Z] [INFO] Platform max returned: macos = 100
[2026-09-15T10:58:01.262Z] [INFO] RSS results: 60 ok, 0 error, 158 rank points
[2026-09-15T10:58:01.305Z] [INFO] Stored: 60 crawls, 158 points
[2026-09-15T10:58:01.335Z] [INFO] current.json written rows=23
[2026-09-15T10:58:01.336Z] [INFO] Current summary: on_chart=158, not_on_chart=302, depth_limited=0, crawl_error=0, total=460
[2026-09-15T10:58:01.336Z] [INFO] === Crawl complete === 647.9s
[2026-09-15T11:47:16.539Z] [INFO] === Crawl start === ts=2026-09-15T11:00:00Z
[2026-09-15T11:47:16.543Z] [INFO] Config loaded apps=4, platforms=macos, categories=Business,Productivity,Utilities
[2026-09-15T11:47:16.543Z] [INFO] App IDs to track: 23 our=4, competitors=19
[2026-09-15T11:47:16.544Z] [INFO] Lookup cached fetched_at=2026-09-15T00:47:11.192Z, 23 apps
[2026-09-15T11:47:16.544Z] [INFO] RSS requests: 60 countries=20, platforms=macos, categories=Business,Productivity,Utilities
[2026-09-15T11:47:16.544Z] [INFO] RSS fetch start: 60 requests, concurrency=1
[2026-09-15T11:47:17.763Z] [DEBUG] RSS ok: us/macos/Business/top-free entries=100
[2026-09-15T11:47:27.767Z] [DEBUG] Hits: us/macos/Business/top-free 4 app(s) found
[2026-09-15T11:47:28.617Z] [DEBUG] RSS ok: us/macos/Productivity/top-free entries=99
[2026-09-15T11:47:38.624Z] [DEBUG] Hits: us/macos/Productivity/top-free 6 app(s) found
[2026-09-15T11:47:39.383Z] [DEBUG] RSS ok: us/macos/Utilities/top-free entries=100
[2026-09-15T11:47:49.389Z] [DEBUG] Hits: us/macos/Utilities/top-free 1 app(s) found
[2026-09-15T11:47:50.286Z] [DEBUG] RSS ok: gb/macos/Business/top-free entries=100
[2026-09-15T11:48:00.292Z] [DEBUG] Hits: gb/macos/Business/top-free 4 app(s) found
[2026-09-15T11:48:01.272Z] [DEBUG] RSS ok: gb/macos/Productivity/top-free entries=99
[2026-09-15T11:48:11.275Z] [DEBUG] Hits: gb/macos/Productivity/top-free 5 app(s) found
[2026-09-15T11:48:12.193Z] [DEBUG] RSS ok: gb/macos/Utilities/top-free entries=100
[2026-09-15T11:48:22.200Z] [DEBUG] Hits: gb/macos/Utilities/top-free 3 app(s) found
[2026-09-15T11:48:23.091Z] [DEBUG] RSS ok: ca/macos/Business/top-free entries=100
[2026-09-15T11:48:33.097Z] [DEBUG] Hits: ca/macos/Business/top-free 4 app(s) found
[2026-09-15T11:48:34.166Z] [DEBUG] RSS ok: ca/macos/Productivity/top-free entries=99
[2026-09-15T11:48:44.171Z] [DEBUG] Hits: ca/macos/Productivity/top-free 5 app(s) found
[2026-09-15T11:48:45.003Z] [DEBUG] RSS ok: ca/macos/Utilities/top-free entries=100
[2026-09-15T11:48:55.006Z] [DEBUG] Hits: ca/macos/Utilities/top-free 1 app(s) found
[2026-09-15T11:48:55.860Z] [DEBUG] RSS ok: fr/macos/Business/top-free entries=99
[2026-09-15T11:49:05.866Z] [DEBUG] Hits: fr/macos/Business/top-free 3 app(s) found
[2026-09-15T11:49:05.867Z] [INFO] RSS progress: 10/60 (10 ok, 0 error, 36 points)
[2026-09-15T11:49:06.848Z] [DEBUG] RSS ok: fr/macos/Productivity/top-free entries=99
[2026-09-15T11:49:16.854Z] [DEBUG] Hits: fr/macos/Productivity/top-free 5 app(s) found
[2026-09-15T11:49:17.777Z] [DEBUG] RSS ok: fr/macos/Utilities/top-free entries=100
[2026-09-15T11:49:27.784Z] [DEBUG] Hits: fr/macos/Utilities/top-free 3 app(s) found
[2026-09-15T11:49:28.706Z] [DEBUG] RSS ok: de/macos/Business/top-free entries=100
[2026-09-15T11:49:38.712Z] [DEBUG] Hits: de/macos/Business/top-free 1 app(s) found
[2026-09-15T11:49:39.553Z] [DEBUG] RSS ok: de/macos/Productivity/top-free entries=99
[2026-09-15T11:49:49.559Z] [DEBUG] Hits: de/macos/Productivity/top-free 4 app(s) found
[2026-09-15T11:49:50.371Z] [DEBUG] RSS ok: de/macos/Utilities/top-free entries=100
[2026-09-15T11:50:00.377Z] [DEBUG] Hits: de/macos/Utilities/top-free 1 app(s) found
[2026-09-15T11:50:01.334Z] [DEBUG] RSS ok: jp/macos/Business/top-free entries=100
[2026-09-15T11:50:11.339Z] [DEBUG] Hits: jp/macos/Business/top-free 3 app(s) found
[2026-09-15T11:50:12.184Z] [DEBUG] RSS ok: jp/macos/Productivity/top-free entries=99
[2026-09-15T11:50:22.187Z] [DEBUG] Hits: jp/macos/Productivity/top-free 4 app(s) found
[2026-09-15T11:50:23.031Z] [DEBUG] RSS ok: jp/macos/Utilities/top-free entries=100
[2026-09-15T11:50:33.035Z] [DEBUG] Hits: jp/macos/Utilities/top-free 4 app(s) found
[2026-09-15T11:50:34.012Z] [DEBUG] RSS ok: au/macos/Business/top-free entries=100
[2026-09-15T11:50:44.019Z] [DEBUG] Hits: au/macos/Business/top-free 3 app(s) found
[2026-09-15T11:50:44.790Z] [DEBUG] RSS ok: au/macos/Productivity/top-free entries=99
[2026-09-15T11:50:54.796Z] [INFO] RSS progress: 20/60 (20 ok, 0 error, 68 points)
[2026-09-15T11:50:54.796Z] [DEBUG] Hits: au/macos/Productivity/top-free 4 app(s) found
[2026-09-15T11:50:55.628Z] [DEBUG] RSS ok: au/macos/Utilities/top-free entries=100
[2026-09-15T11:51:05.634Z] [DEBUG] Hits: au/macos/Utilities/top-free 1 app(s) found
[2026-09-15T11:51:06.595Z] [DEBUG] RSS ok: es/macos/Business/top-free entries=100
[2026-09-15T11:51:16.597Z] [DEBUG] Hits: es/macos/Business/top-free 2 app(s) found
[2026-09-15T11:51:17.515Z] [DEBUG] RSS ok: es/macos/Productivity/top-free entries=99
[2026-09-15T11:51:27.518Z] [DEBUG] Hits: es/macos/Productivity/top-free 5 app(s) found
[2026-09-15T11:51:28.283Z] [DEBUG] RSS ok: es/macos/Utilities/top-free entries=100
[2026-09-15T11:51:39.270Z] [DEBUG] RSS ok: it/macos/Business/top-free entries=100
[2026-09-15T11:51:49.276Z] [DEBUG] Hits: it/macos/Business/top-free 2 app(s) found
[2026-09-15T11:51:50.372Z] [DEBUG] RSS ok: it/macos/Productivity/top-free entries=99
[2026-09-15T11:52:00.378Z] [DEBUG] Hits: it/macos/Productivity/top-free 5 app(s) found
[2026-09-15T11:52:01.326Z] [DEBUG] RSS ok: it/macos/Utilities/top-free entries=100
[2026-09-15T11:52:11.332Z] [DEBUG] Hits: it/macos/Utilities/top-free 1 app(s) found
[2026-09-15T11:52:12.204Z] [DEBUG] RSS ok: pt/macos/Business/top-free entries=100
[2026-09-15T11:52:22.210Z] [DEBUG] Hits: pt/macos/Business/top-free 3 app(s) found
[2026-09-15T11:52:23.005Z] [DEBUG] RSS ok: pt/macos/Productivity/top-free entries=99
[2026-09-15T11:52:33.011Z] [DEBUG] Hits: pt/macos/Productivity/top-free 4 app(s) found
[2026-09-15T11:52:33.824Z] [DEBUG] RSS ok: pt/macos/Utilities/top-free entries=100
[2026-09-15T11:52:43.830Z] [INFO] RSS progress: 30/60 (30 ok, 0 error, 91 points)
[2026-09-15T11:52:44.707Z] [DEBUG] RSS ok: ch/macos/Business/top-free entries=99
[2026-09-15T11:52:54.714Z] [DEBUG] Hits: ch/macos/Business/top-free 3 app(s) found
[2026-09-15T11:52:55.679Z] [DEBUG] RSS ok: ch/macos/Productivity/top-free entries=99
[2026-09-15T11:53:05.685Z] [DEBUG] Hits: ch/macos/Productivity/top-free 4 app(s) found
[2026-09-15T11:53:06.629Z] [DEBUG] RSS ok: ch/macos/Utilities/top-free entries=100
[2026-09-15T11:53:16.636Z] [DEBUG] Hits: ch/macos/Utilities/top-free 3 app(s) found
[2026-09-15T11:53:17.370Z] [DEBUG] RSS ok: be/macos/Business/top-free entries=100
[2026-09-15T11:53:27.376Z] [DEBUG] Hits: be/macos/Business/top-free 3 app(s) found
[2026-09-15T11:53:28.199Z] [DEBUG] RSS ok: be/macos/Productivity/top-free entries=99
[2026-09-15T11:53:38.205Z] [DEBUG] Hits: be/macos/Productivity/top-free 5 app(s) found
[2026-09-15T11:53:38.980Z] [DEBUG] RSS ok: be/macos/Utilities/top-free entries=100
[2026-09-15T11:53:49.604Z] [DEBUG] RSS ok: nl/macos/Business/top-free entries=100
[2026-09-15T11:53:59.610Z] [DEBUG] Hits: nl/macos/Business/top-free 1 app(s) found
[2026-09-15T11:54:00.418Z] [DEBUG] RSS ok: nl/macos/Productivity/top-free entries=99
[2026-09-15T11:54:10.424Z] [DEBUG] Hits: nl/macos/Productivity/top-free 4 app(s) found
[2026-09-15T11:54:11.653Z] [DEBUG] RSS ok: nl/macos/Utilities/top-free entries=100
[2026-09-15T11:54:21.659Z] [DEBUG] Hits: nl/macos/Utilities/top-free 1 app(s) found
[2026-09-15T11:54:22.555Z] [DEBUG] RSS ok: tw/macos/Business/top-free entries=100
[2026-09-15T11:54:32.561Z] [INFO] RSS progress: 40/60 (40 ok, 0 error, 117 points)
[2026-09-15T11:54:32.561Z] [DEBUG] Hits: tw/macos/Business/top-free 2 app(s) found
[2026-09-15T11:54:33.844Z] [DEBUG] RSS ok: tw/macos/Productivity/top-free entries=99
[2026-09-15T11:54:43.850Z] [DEBUG] Hits: tw/macos/Productivity/top-free 1 app(s) found
[2026-09-15T11:54:44.694Z] [DEBUG] RSS ok: tw/macos/Utilities/top-free entries=100
[2026-09-15T11:54:54.700Z] [DEBUG] Hits: tw/macos/Utilities/top-free 1 app(s) found
[2026-09-15T11:54:55.347Z] [DEBUG] RSS ok: hk/macos/Business/top-free entries=100
[2026-09-15T11:55:05.354Z] [DEBUG] Hits: hk/macos/Business/top-free 1 app(s) found
[2026-09-15T11:55:06.418Z] [DEBUG] RSS ok: hk/macos/Productivity/top-free entries=99
[2026-09-15T11:55:16.425Z] [DEBUG] Hits: hk/macos/Productivity/top-free 3 app(s) found
[2026-09-15T11:55:17.126Z] [DEBUG] RSS ok: hk/macos/Utilities/top-free entries=99
[2026-09-15T11:55:28.085Z] [DEBUG] RSS ok: nz/macos/Business/top-free entries=100
[2026-09-15T11:55:38.091Z] [DEBUG] Hits: nz/macos/Business/top-free 4 app(s) found
[2026-09-15T11:55:38.796Z] [DEBUG] RSS ok: nz/macos/Productivity/top-free entries=99
[2026-09-15T11:55:48.802Z] [DEBUG] Hits: nz/macos/Productivity/top-free 5 app(s) found
[2026-09-15T11:55:49.789Z] [DEBUG] RSS ok: nz/macos/Utilities/top-free entries=100
[2026-09-15T11:56:00.681Z] [DEBUG] RSS ok: sg/macos/Business/top-free entries=100
[2026-09-15T11:56:10.687Z] [DEBUG] Hits: sg/macos/Business/top-free 3 app(s) found
[2026-09-15T11:56:11.465Z] [DEBUG] RSS ok: sg/macos/Productivity/top-free entries=99
[2026-09-15T11:56:21.471Z] [DEBUG] Hits: sg/macos/Productivity/top-free 3 app(s) found
[2026-09-15T11:56:21.471Z] [INFO] RSS progress: 50/60 (50 ok, 0 error, 138 points)
[2026-09-15T11:56:22.152Z] [DEBUG] RSS ok: sg/macos/Utilities/top-free entries=100
[2026-09-15T11:56:32.158Z] [DEBUG] Hits: sg/macos/Utilities/top-free 2 app(s) found
[2026-09-15T11:56:32.868Z] [DEBUG] RSS ok: in/macos/Business/top-free entries=100
[2026-09-15T11:56:42.874Z] [DEBUG] Hits: in/macos/Business/top-free 3 app(s) found
[2026-09-15T11:56:43.631Z] [DEBUG] RSS ok: in/macos/Productivity/top-free entries=99
[2026-09-15T11:56:53.635Z] [DEBUG] Hits: in/macos/Productivity/top-free 3 app(s) found
[2026-09-15T11:56:54.422Z] [DEBUG] RSS ok: in/macos/Utilities/top-free entries=100
[2026-09-15T11:57:05.384Z] [DEBUG] RSS ok: za/macos/Business/top-free entries=100
[2026-09-15T11:57:15.390Z] [DEBUG] Hits: za/macos/Business/top-free 3 app(s) found
[2026-09-15T11:57:16.329Z] [DEBUG] RSS ok: za/macos/Productivity/top-free entries=99
[2026-09-15T11:57:26.336Z] [DEBUG] Hits: za/macos/Productivity/top-free 3 app(s) found
[2026-09-15T11:57:27.030Z] [DEBUG] RSS ok: za/macos/Utilities/top-free entries=100
[2026-09-15T11:57:37.036Z] [DEBUG] Hits: za/macos/Utilities/top-free 2 app(s) found
[2026-09-15T11:57:37.901Z] [DEBUG] RSS ok: br/macos/Business/top-free entries=100
[2026-09-15T11:57:47.907Z] [DEBUG] Hits: br/macos/Business/top-free 2 app(s) found
[2026-09-15T11:57:48.839Z] [DEBUG] RSS ok: br/macos/Productivity/top-free entries=99
[2026-09-15T11:57:58.845Z] [DEBUG] Hits: br/macos/Productivity/top-free 2 app(s) found
[2026-09-15T11:57:59.728Z] [DEBUG] RSS ok: br/macos/Utilities/top-free entries=100
[2026-09-15T11:58:09.734Z] [INFO] RSS progress: 60/60 (60 ok, 0 error, 158 points)
[2026-09-15T11:58:09.734Z] [INFO] RSS fetch done: 60 ok, 0 error, 158 points
[2026-09-15T11:58:09.734Z] [INFO] Platform max returned: macos = 100
[2026-09-15T11:58:09.734Z] [INFO] RSS results: 60 ok, 0 error, 158 rank points
[2026-09-15T11:58:09.751Z] [INFO] Stored: 60 crawls, 158 points
[2026-09-15T11:58:09.765Z] [INFO] current.json written rows=23
[2026-09-15T11:58:09.766Z] [INFO] Current summary: on_chart=158, not_on_chart=302, depth_limited=0, crawl_error=0, total=460
[2026-09-15T11:58:09.766Z] [INFO] === Crawl complete === 653.2s
[2026-09-15T12:47:13.076Z] [INFO] === Crawl start === ts=2026-09-15T12:00:00Z
[2026-09-15T12:47:13.081Z] [INFO] Config loaded apps=4, platforms=macos, categories=Business,Productivity,Utilities
[2026-09-15T12:47:13.081Z] [INFO] App IDs to track: 23 our=4, competitors=19
[2026-09-15T12:47:13.082Z] [INFO] Lookup cached fetched_at=2026-09-15T00:47:11.192Z, 23 apps
[2026-09-15T12:47:13.083Z] [INFO] RSS requests: 60 countries=20, platforms=macos, categories=Business,Productivity,Utilities
[2026-09-15T12:47:13.083Z] [INFO] RSS fetch start: 60 requests, concurrency=1
[2026-09-15T12:47:13.904Z] [DEBUG] RSS ok: us/macos/Business/top-free entries=100
[2026-09-15T12:47:23.907Z] [DEBUG] Hits: us/macos/Business/top-free 4 app(s) found
[2026-09-15T12:47:24.637Z] [DEBUG] RSS ok: us/macos/Productivity/top-free entries=99
[2026-09-15T12:47:34.644Z] [DEBUG] Hits: us/macos/Productivity/top-free 6 app(s) found
[2026-09-15T12:47:35.449Z] [DEBUG] RSS ok: us/macos/Utilities/top-free entries=100
[2026-09-15T12:47:45.453Z] [DEBUG] Hits: us/macos/Utilities/top-free 1 app(s) found
[2026-09-15T12:47:46.216Z] [DEBUG] RSS ok: gb/macos/Business/top-free entries=100
[2026-09-15T12:47:56.224Z] [DEBUG] Hits: gb/macos/Business/top-free 4 app(s) found
[2026-09-15T12:47:56.951Z] [DEBUG] RSS ok: gb/macos/Productivity/top-free entries=99
[2026-09-15T12:48:06.958Z] [DEBUG] Hits: gb/macos/Productivity/top-free 5 app(s) found
[2026-09-15T12:48:07.779Z] [DEBUG] RSS ok: gb/macos/Utilities/top-free entries=100
[2026-09-15T12:48:17.785Z] [DEBUG] Hits: gb/macos/Utilities/top-free 3 app(s) found
[2026-09-15T12:48:18.464Z] [DEBUG] RSS ok: ca/macos/Business/top-free entries=100
[2026-09-15T12:48:28.470Z] [DEBUG] Hits: ca/macos/Business/top-free 4 app(s) found
[2026-09-15T12:48:29.275Z] [DEBUG] RSS ok: ca/macos/Productivity/top-free entries=99
[2026-09-15T12:48:39.281Z] [DEBUG] Hits: ca/macos/Productivity/top-free 5 app(s) found
[2026-09-15T12:48:40.111Z] [DEBUG] RSS ok: ca/macos/Utilities/top-free entries=100
[2026-09-15T12:48:50.120Z] [DEBUG] Hits: ca/macos/Utilities/top-free 1 app(s) found
[2026-09-15T12:48:50.842Z] [DEBUG] RSS ok: fr/macos/Business/top-free entries=99
[2026-09-15T12:49:00.849Z] [DEBUG] Hits: fr/macos/Business/top-free 3 app(s) found
[2026-09-15T12:49:00.849Z] [INFO] RSS progress: 10/60 (10 ok, 0 error, 36 points)
[2026-09-15T12:49:01.687Z] [DEBUG] RSS ok: fr/macos/Productivity/top-free entries=99
[2026-09-15T12:49:11.693Z] [DEBUG] Hits: fr/macos/Productivity/top-free 5 app(s) found
[2026-09-15T12:49:12.440Z] [DEBUG] RSS ok: fr/macos/Utilities/top-free entries=100
[2026-09-15T12:49:22.439Z] [DEBUG] Hits: fr/macos/Utilities/top-free 3 app(s) found
[2026-09-15T12:49:23.160Z] [DEBUG] RSS ok: de/macos/Business/top-free entries=100
[2026-09-15T12:49:33.166Z] [DEBUG] Hits: de/macos/Business/top-free 1 app(s) found
[2026-09-15T12:49:33.990Z] [DEBUG] RSS ok: de/macos/Productivity/top-free entries=99
[2026-09-15T12:49:43.997Z] [DEBUG] Hits: de/macos/Productivity/top-free 4 app(s) found
[2026-09-15T12:49:45.017Z] [DEBUG] RSS ok: de/macos/Utilities/top-free entries=100
[2026-09-15T12:49:55.023Z] [DEBUG] Hits: de/macos/Utilities/top-free 1 app(s) found
[2026-09-15T12:49:56.000Z] [DEBUG] RSS ok: jp/macos/Business/top-free entries=100
[2026-09-15T12:50:06.006Z] [DEBUG] Hits: jp/macos/Business/top-free 3 app(s) found
[2026-09-15T12:50:06.827Z] [DEBUG] RSS ok: jp/macos/Productivity/top-free entries=99
[2026-09-15T12:50:16.833Z] [DEBUG] Hits: jp/macos/Productivity/top-free 4 app(s) found
[2026-09-15T12:50:17.582Z] [DEBUG] RSS ok: jp/macos/Utilities/top-free entries=100
[2026-09-15T12:50:27.588Z] [DEBUG] Hits: jp/macos/Utilities/top-free 4 app(s) found
[2026-09-15T12:50:28.319Z] [DEBUG] RSS ok: au/macos/Business/top-free entries=100
[2026-09-15T12:50:38.326Z] [DEBUG] Hits: au/macos/Business/top-free 3 app(s) found
[2026-09-15T12:50:39.069Z] [DEBUG] RSS ok: au/macos/Productivity/top-free entries=99
[2026-09-15T12:50:49.075Z] [DEBUG] Hits: au/macos/Productivity/top-free 4 app(s) found
[2026-09-15T12:50:49.075Z] [INFO] RSS progress: 20/60 (20 ok, 0 error, 68 points)
[2026-09-15T12:50:49.864Z] [DEBUG] RSS ok: au/macos/Utilities/top-free entries=100
[2026-09-15T12:50:59.865Z] [DEBUG] Hits: au/macos/Utilities/top-free 1 app(s) found
[2026-09-15T12:51:00.740Z] [DEBUG] RSS ok: es/macos/Business/top-free entries=100
[2026-09-15T12:51:10.745Z] [DEBUG] Hits: es/macos/Business/top-free 2 app(s) found
[2026-09-15T12:51:11.462Z] [DEBUG] RSS ok: es/macos/Productivity/top-free entries=99
[2026-09-15T12:51:21.468Z] [DEBUG] Hits: es/macos/Productivity/top-free 5 app(s) found
[2026-09-15T12:51:22.319Z] [DEBUG] RSS ok: es/macos/Utilities/top-free entries=100
[2026-09-15T12:51:33.227Z] [DEBUG] RSS ok: it/macos/Business/top-free entries=100
[2026-09-15T12:51:43.233Z] [DEBUG] Hits: it/macos/Business/top-free 2 app(s) found
[2026-09-15T12:51:44.130Z] [DEBUG] RSS ok: it/macos/Productivity/top-free entries=99
[2026-09-15T12:51:54.136Z] [DEBUG] Hits: it/macos/Productivity/top-free 5 app(s) found
[2026-09-15T12:51:54.881Z] [DEBUG] RSS ok: it/macos/Utilities/top-free entries=100
[2026-09-15T12:52:04.888Z] [DEBUG] Hits: it/macos/Utilities/top-free 1 app(s) found
[2026-09-15T12:52:05.627Z] [DEBUG] RSS ok: pt/macos/Business/top-free entries=100
[2026-09-15T12:52:15.633Z] [DEBUG] Hits: pt/macos/Business/top-free 3 app(s) found
[2026-09-15T12:52:16.342Z] [DEBUG] RSS ok: pt/macos/Productivity/top-free entries=99
[2026-09-15T12:52:26.349Z] [DEBUG] Hits: pt/macos/Productivity/top-free 4 app(s) found
[2026-09-15T12:52:27.033Z] [DEBUG] RSS ok: pt/macos/Utilities/top-free entries=100
[2026-09-15T12:52:37.040Z] [INFO] RSS progress: 30/60 (30 ok, 0 error, 91 points)
[2026-09-15T12:52:37.667Z] [DEBUG] RSS ok: ch/macos/Business/top-free entries=99
[2026-09-15T12:52:47.674Z] [DEBUG] Hits: ch/macos/Business/top-free 3 app(s) found
[2026-09-15T12:52:48.353Z] [DEBUG] RSS ok: ch/macos/Productivity/top-free entries=99
[2026-09-15T12:52:58.358Z] [DEBUG] Hits: ch/macos/Productivity/top-free 4 app(s) found
[2026-09-15T12:52:59.011Z] [DEBUG] RSS ok: ch/macos/Utilities/top-free entries=100
[2026-09-15T12:53:09.017Z] [DEBUG] Hits: ch/macos/Utilities/top-free 3 app(s) found
[2026-09-15T12:53:09.723Z] [DEBUG] RSS ok: be/macos/Business/top-free entries=100
[2026-09-15T12:53:19.730Z] [DEBUG] Hits: be/macos/Business/top-free 3 app(s) found
[2026-09-15T12:53:20.795Z] [DEBUG] RSS ok: be/macos/Productivity/top-free entries=99
[2026-09-15T12:53:30.801Z] [DEBUG] Hits: be/macos/Productivity/top-free 5 app(s) found
[2026-09-15T12:53:31.651Z] [DEBUG] RSS ok: be/macos/Utilities/top-free entries=100
[2026-09-15T12:53:42.626Z] [DEBUG] RSS ok: nl/macos/Business/top-free entries=100
[2026-09-15T12:53:52.633Z] [DEBUG] Hits: nl/macos/Business/top-free 1 app(s) found
[2026-09-15T12:53:53.215Z] [DEBUG] RSS ok: nl/macos/Productivity/top-free entries=99
[2026-09-15T12:54:03.222Z] [DEBUG] Hits: nl/macos/Productivity/top-free 4 app(s) found
[2026-09-15T12:54:04.034Z] [DEBUG] RSS ok: nl/macos/Utilities/top-free entries=100
[2026-09-15T12:54:14.039Z] [DEBUG] Hits: nl/macos/Utilities/top-free 1 app(s) found
[2026-09-15T12:54:14.945Z] [DEBUG] RSS ok: tw/macos/Business/top-free entries=100
[2026-09-15T12:54:24.952Z] [DEBUG] Hits: tw/macos/Business/top-free 2 app(s) found
[2026-09-15T12:54:24.952Z] [INFO] RSS progress: 40/60 (40 ok, 0 error, 117 points)
[2026-09-15T12:54:25.682Z] [DEBUG] RSS ok: tw/macos/Productivity/top-free entries=99
[2026-09-15T12:54:35.689Z] [DEBUG] Hits: tw/macos/Productivity/top-free 1 app(s) found
[2026-09-15T12:54:36.413Z] [DEBUG] RSS ok: tw/macos/Utilities/top-free entries=100
[2026-09-15T12:54:46.419Z] [DEBUG] Hits: tw/macos/Utilities/top-free 1 app(s) found
[2026-09-15T12:54:47.152Z] [DEBUG] RSS ok: hk/macos/Business/top-free entries=100
[2026-09-15T12:54:57.153Z] [DEBUG] Hits: hk/macos/Business/top-free 1 app(s) found
[2026-09-15T12:54:58.077Z] [DEBUG] RSS ok: hk/macos/Productivity/top-free entries=99
[2026-09-15T12:55:08.084Z] [DEBUG] Hits: hk/macos/Productivity/top-free 3 app(s) found
[2026-09-15T12:55:08.795Z] [DEBUG] RSS ok: hk/macos/Utilities/top-free entries=99
[2026-09-15T12:55:19.627Z] [DEBUG] RSS ok: nz/macos/Business/top-free entries=100
[2026-09-15T12:55:29.628Z] [DEBUG] Hits: nz/macos/Business/top-free 4 app(s) found
[2026-09-15T12:55:30.260Z] [DEBUG] RSS ok: nz/macos/Productivity/top-free entries=99
[2026-09-15T12:55:40.266Z] [DEBUG] Hits: nz/macos/Productivity/top-free 5 app(s) found
[2026-09-15T12:55:41.059Z] [DEBUG] RSS ok: nz/macos/Utilities/top-free entries=100
[2026-09-15T12:55:51.745Z] [DEBUG] RSS ok: sg/macos/Business/top-free entries=100
[2026-09-15T12:56:01.750Z] [DEBUG] Hits: sg/macos/Business/top-free 3 app(s) found
[2026-09-15T12:56:02.557Z] [DEBUG] RSS ok: sg/macos/Productivity/top-free entries=99
[2026-09-15T12:56:12.563Z] [DEBUG] Hits: sg/macos/Productivity/top-free 3 app(s) found
[2026-09-15T12:56:12.563Z] [INFO] RSS progress: 50/60 (50 ok, 0 error, 138 points)
[2026-09-15T12:56:13.326Z] [DEBUG] RSS ok: sg/macos/Utilities/top-free entries=100
[2026-09-15T12:56:23.329Z] [DEBUG] Hits: sg/macos/Utilities/top-free 2 app(s) found
[2026-09-15T12:56:23.990Z] [DEBUG] RSS ok: in/macos/Business/top-free entries=100
[2026-09-15T12:56:33.995Z] [DEBUG] Hits: in/macos/Business/top-free 3 app(s) found
[2026-09-15T12:56:34.986Z] [DEBUG] RSS ok: in/macos/Productivity/top-free entries=99
[2026-09-15T12:56:44.993Z] [DEBUG] Hits: in/macos/Productivity/top-free 3 app(s) found
[2026-09-15T12:56:45.851Z] [DEBUG] RSS ok: in/macos/Utilities/top-free entries=100
[2026-09-15T12:56:56.622Z] [DEBUG] RSS ok: za/macos/Business/top-free entries=100
[2026-09-15T12:57:06.629Z] [DEBUG] Hits: za/macos/Business/top-free 3 app(s) found
[2026-09-15T12:57:07.388Z] [DEBUG] RSS ok: za/macos/Productivity/top-free entries=99
[2026-09-15T12:57:17.395Z] [DEBUG] Hits: za/macos/Productivity/top-free 3 app(s) found
[2026-09-15T12:57:18.110Z] [DEBUG] RSS ok: za/macos/Utilities/top-free entries=100
[2026-09-15T12:57:28.116Z] [DEBUG] Hits: za/macos/Utilities/top-free 2 app(s) found
[2026-09-15T12:57:28.948Z] [DEBUG] RSS ok: br/macos/Business/top-free entries=100
[2026-09-15T12:57:38.955Z] [DEBUG] Hits: br/macos/Business/top-free 2 app(s) found
[2026-09-15T12:57:39.920Z] [DEBUG] RSS ok: br/macos/Productivity/top-free entries=99
[2026-09-15T12:57:49.925Z] [DEBUG] Hits: br/macos/Productivity/top-free 2 app(s) found
[2026-09-15T12:57:50.777Z] [DEBUG] RSS ok: br/macos/Utilities/top-free entries=100
[2026-09-15T12:58:00.783Z] [INFO] RSS progress: 60/60 (60 ok, 0 error, 158 points)
[2026-09-15T12:58:00.783Z] [INFO] RSS fetch done: 60 ok, 0 error, 158 points
[2026-09-15T12:58:00.783Z] [INFO] Platform max returned: macos = 100
[2026-09-15T12:58:00.784Z] [INFO] RSS results: 60 ok, 0 error, 158 rank points
[2026-09-15T12:58:00.815Z] [INFO] Stored: 60 crawls, 158 points
[2026-09-15T12:58:00.846Z] [INFO] current.json written rows=23
[2026-09-15T12:58:00.847Z] [INFO] Current summary: on_chart=158, not_on_chart=302, depth_limited=0, crawl_error=0, total=460
[2026-09-15T12:58:00.848Z] [INFO] === Crawl complete === 647.8s
[2026-09-15T13:47:11.916Z] [INFO] === Crawl start === ts=2026-09-15T13:00:00Z
[2026-09-15T13:47:11.920Z] [INFO] Config loaded apps=4, platforms=macos, categories=Business,Productivity,Utilities
[2026-09-15T13:47:11.920Z] [INFO] App IDs to track: 23 our=4, competitors=19
[2026-09-15T13:47:11.922Z] [INFO] Lookup cached fetched_at=2026-09-15T00:47:11.192Z, 23 apps
[2026-09-15T13:47:11.922Z] [INFO] RSS requests: 60 countries=20, platforms=macos, categories=Business,Productivity,Utilities
[2026-09-15T13:47:11.923Z] [INFO] RSS fetch start: 60 requests, concurrency=1
[2026-09-15T13:47:13.034Z] [DEBUG] RSS ok: us/macos/Business/top-free entries=100
[2026-09-15T13:47:23.037Z] [DEBUG] Hits: us/macos/Business/top-free 3 app(s) found
[2026-09-15T13:47:26.141Z] [DEBUG] RSS ok: us/macos/Productivity/top-free entries=99
[2026-09-15T13:47:36.147Z] [DEBUG] Hits: us/macos/Productivity/top-free 6 app(s) found
[2026-09-15T13:47:37.824Z] [DEBUG] RSS ok: us/macos/Utilities/top-free entries=100
[2026-09-15T13:47:47.832Z] [DEBUG] Hits: us/macos/Utilities/top-free 1 app(s) found
[2026-09-15T13:47:48.999Z] [DEBUG] RSS ok: gb/macos/Business/top-free entries=100
[2026-09-15T13:47:59.004Z] [DEBUG] Hits: gb/macos/Business/top-free 3 app(s) found
[2026-09-15T13:47:59.892Z] [DEBUG] RSS ok: gb/macos/Productivity/top-free entries=99
[2026-09-15T13:48:09.898Z] [DEBUG] Hits: gb/macos/Productivity/top-free 5 app(s) found
[2026-09-15T13:48:10.586Z] [DEBUG] RSS ok: gb/macos/Utilities/top-free entries=100
[2026-09-15T13:48:20.590Z] [DEBUG] Hits: gb/macos/Utilities/top-free 3 app(s) found
[2026-09-15T13:48:21.218Z] [DEBUG] RSS ok: ca/macos/Business/top-free entries=100
[2026-09-15T13:48:31.224Z] [DEBUG] Hits: ca/macos/Business/top-free 4 app(s) found
[2026-09-15T13:48:32.006Z] [DEBUG] RSS ok: ca/macos/Productivity/top-free entries=99
[2026-09-15T13:48:42.010Z] [DEBUG] Hits: ca/macos/Productivity/top-free 5 app(s) found
[2026-09-15T13:48:42.879Z] [DEBUG] RSS ok: ca/macos/Utilities/top-free entries=100
[2026-09-15T13:48:52.886Z] [DEBUG] Hits: ca/macos/Utilities/top-free 1 app(s) found
[2026-09-15T13:48:53.742Z] [DEBUG] RSS ok: fr/macos/Business/top-free entries=100
[2026-09-15T13:49:03.748Z] [DEBUG] Hits: fr/macos/Business/top-free 4 app(s) found
[2026-09-15T13:49:03.748Z] [INFO] RSS progress: 10/60 (10 ok, 0 error, 35 points)
[2026-09-15T13:49:04.767Z] [DEBUG] RSS ok: fr/macos/Productivity/top-free entries=99
[2026-09-15T13:49:14.773Z] [DEBUG] Hits: fr/macos/Productivity/top-free 5 app(s) found
[2026-09-15T13:49:15.672Z] [DEBUG] RSS ok: fr/macos/Utilities/top-free entries=100
[2026-09-15T13:49:25.678Z] [DEBUG] Hits: fr/macos/Utilities/top-free 3 app(s) found
[2026-09-15T13:49:26.414Z] [DEBUG] RSS ok: de/macos/Business/top-free entries=99
[2026-09-15T13:49:36.420Z] [DEBUG] Hits: de/macos/Business/top-free 1 app(s) found
[2026-09-15T13:49:37.266Z] [DEBUG] RSS ok: de/macos/Productivity/top-free entries=99
[2026-09-15T13:49:47.273Z] [DEBUG] Hits: de/macos/Productivity/top-free 4 app(s) found
[2026-09-15T13:49:48.034Z] [DEBUG] RSS ok: de/macos/Utilities/top-free entries=100
[2026-09-15T13:49:58.040Z] [DEBUG] Hits: de/macos/Utilities/top-free 3 app(s) found
[2026-09-15T13:49:58.861Z] [DEBUG] RSS ok: jp/macos/Business/top-free entries=100
[2026-09-15T13:50:08.867Z] [DEBUG] Hits: jp/macos/Business/top-free 3 app(s) found
[2026-09-15T13:50:09.789Z] [DEBUG] RSS ok: jp/macos/Productivity/top-free entries=99
[2026-09-15T13:50:19.796Z] [DEBUG] Hits: jp/macos/Productivity/top-free 2 app(s) found
[2026-09-15T13:50:20.553Z] [DEBUG] RSS ok: jp/macos/Utilities/top-free entries=100
[2026-09-15T13:50:30.559Z] [DEBUG] Hits: jp/macos/Utilities/top-free 4 app(s) found
[2026-09-15T13:50:31.556Z] [DEBUG] RSS ok: au/macos/Business/top-free entries=100
[2026-09-15T13:50:41.563Z] [DEBUG] Hits: au/macos/Business/top-free 3 app(s) found
[2026-09-15T13:50:42.195Z] [DEBUG] RSS ok: au/macos/Productivity/top-free entries=99
[2026-09-15T13:50:52.201Z] [DEBUG] Hits: au/macos/Productivity/top-free 4 app(s) found
[2026-09-15T13:50:52.201Z] [INFO] RSS progress: 20/60 (20 ok, 0 error, 67 points)
[2026-09-15T13:50:52.851Z] [DEBUG] RSS ok: au/macos/Utilities/top-free entries=100
[2026-09-15T13:51:02.858Z] [DEBUG] Hits: au/macos/Utilities/top-free 1 app(s) found
[2026-09-15T13:51:03.777Z] [DEBUG] RSS ok: es/macos/Business/top-free entries=99
[2026-09-15T13:51:13.784Z] [DEBUG] Hits: es/macos/Business/top-free 2 app(s) found
[2026-09-15T13:51:14.566Z] [DEBUG] RSS ok: es/macos/Productivity/top-free entries=99
[2026-09-15T13:51:24.571Z] [DEBUG] Hits: es/macos/Productivity/top-free 5 app(s) found
[2026-09-15T13:51:25.353Z] [DEBUG] RSS ok: es/macos/Utilities/top-free entries=100
[2026-09-15T13:51:35.359Z] [DEBUG] Hits: es/macos/Utilities/top-free 1 app(s) found
[2026-09-15T13:51:36.314Z] [DEBUG] RSS ok: it/macos/Business/top-free entries=100
[2026-09-15T13:51:46.318Z] [DEBUG] Hits: it/macos/Business/top-free 3 app(s) found
[2026-09-15T13:51:47.264Z] [DEBUG] RSS ok: it/macos/Productivity/top-free entries=99
[2026-09-15T13:51:57.271Z] [DEBUG] Hits: it/macos/Productivity/top-free 5 app(s) found
[2026-09-15T13:51:58.170Z] [DEBUG] RSS ok: it/macos/Utilities/top-free entries=100
[2026-09-15T13:52:08.175Z] [DEBUG] Hits: it/macos/Utilities/top-free 1 app(s) found
[2026-09-15T13:52:08.993Z] [DEBUG] RSS ok: pt/macos/Business/top-free entries=100
[2026-09-15T13:52:18.999Z] [DEBUG] Hits: pt/macos/Business/top-free 4 app(s) found
[2026-09-15T13:52:19.801Z] [DEBUG] RSS ok: pt/macos/Productivity/top-free entries=99
[2026-09-15T13:52:29.806Z] [DEBUG] Hits: pt/macos/Productivity/top-free 3 app(s) found
[2026-09-15T13:52:30.693Z] [DEBUG] RSS ok: pt/macos/Utilities/top-free entries=100
[2026-09-15T13:52:40.699Z] [INFO] RSS progress: 30/60 (30 ok, 0 error, 92 points)
[2026-09-15T13:52:41.551Z] [DEBUG] RSS ok: ch/macos/Business/top-free entries=99
[2026-09-15T13:52:51.558Z] [DEBUG] Hits: ch/macos/Business/top-free 3 app(s) found
[2026-09-15T13:52:52.774Z] [DEBUG] RSS ok: ch/macos/Productivity/top-free entries=99
[2026-09-15T13:53:02.780Z] [DEBUG] Hits: ch/macos/Productivity/top-free 4 app(s) found
[2026-09-15T13:53:03.850Z] [DEBUG] RSS ok: ch/macos/Utilities/top-free entries=100
[2026-09-15T13:53:13.857Z] [DEBUG] Hits: ch/macos/Utilities/top-free 2 app(s) found
[2026-09-15T13:53:14.617Z] [DEBUG] RSS ok: be/macos/Business/top-free entries=100
[2026-09-15T13:53:24.622Z] [DEBUG] Hits: be/macos/Business/top-free 3 app(s) found
[2026-09-15T13:53:25.293Z] [DEBUG] RSS ok: be/macos/Productivity/top-free entries=99
[2026-09-15T13:53:35.300Z] [DEBUG] Hits: be/macos/Productivity/top-free 5 app(s) found
[2026-09-15T13:53:36.236Z] [DEBUG] RSS ok: be/macos/Utilities/top-free entries=100
[2026-09-15T13:53:46.242Z] [DEBUG] Hits: be/macos/Utilities/top-free 1 app(s) found
[2026-09-15T13:53:46.893Z] [DEBUG] RSS ok: nl/macos/Business/top-free entries=100
[2026-09-15T13:53:56.899Z] [DEBUG] Hits: nl/macos/Business/top-free 2 app(s) found
[2026-09-15T13:53:57.600Z] [DEBUG] RSS ok: nl/macos/Productivity/top-free entries=99
[2026-09-15T13:54:07.605Z] [DEBUG] Hits: nl/macos/Productivity/top-free 4 app(s) found
[2026-09-15T13:54:08.333Z] [DEBUG] RSS ok: nl/macos/Utilities/top-free entries=100
[2026-09-15T13:54:19.046Z] [DEBUG] RSS ok: tw/macos/Business/top-free entries=100
[2026-09-15T13:54:29.052Z] [DEBUG] Hits: tw/macos/Business/top-free 2 app(s) found
[2026-09-15T13:54:29.052Z] [INFO] RSS progress: 40/60 (40 ok, 0 error, 118 points)
[2026-09-15T13:54:29.821Z] [DEBUG] RSS ok: tw/macos/Productivity/top-free entries=99
[2026-09-15T13:54:39.827Z] [DEBUG] Hits: tw/macos/Productivity/top-free 1 app(s) found
[2026-09-15T13:54:40.680Z] [DEBUG] RSS ok: tw/macos/Utilities/top-free entries=100
[2026-09-15T13:54:50.686Z] [DEBUG] Hits: tw/macos/Utilities/top-free 1 app(s) found
[2026-09-15T13:54:51.519Z] [DEBUG] RSS ok: hk/macos/Business/top-free entries=100
[2026-09-15T13:55:01.525Z] [DEBUG] Hits: hk/macos/Business/top-free 1 app(s) found
[2026-09-15T13:55:02.267Z] [DEBUG] RSS ok: hk/macos/Productivity/top-free entries=99
[2026-09-15T13:55:12.274Z] [DEBUG] Hits: hk/macos/Productivity/top-free 4 app(s) found
[2026-09-15T13:55:13.005Z] [DEBUG] RSS ok: hk/macos/Utilities/top-free entries=100
[2026-09-15T13:55:23.011Z] [DEBUG] Hits: hk/macos/Utilities/top-free 1 app(s) found
[2026-09-15T13:55:23.930Z] [DEBUG] RSS ok: nz/macos/Business/top-free entries=100
[2026-09-15T13:55:33.934Z] [DEBUG] Hits: nz/macos/Business/top-free 4 app(s) found
[2026-09-15T13:55:34.682Z] [DEBUG] RSS ok: nz/macos/Productivity/top-free entries=99
[2026-09-15T13:55:44.686Z] [DEBUG] Hits: nz/macos/Productivity/top-free 5 app(s) found
[2026-09-15T13:55:45.555Z] [DEBUG] RSS ok: nz/macos/Utilities/top-free entries=100
[2026-09-15T13:55:56.378Z] [DEBUG] RSS ok: sg/macos/Business/top-free entries=100
[2026-09-15T13:56:06.384Z] [DEBUG] Hits: sg/macos/Business/top-free 3 app(s) found
[2026-09-15T13:56:07.140Z] [DEBUG] RSS ok: sg/macos/Productivity/top-free entries=99
[2026-09-15T13:56:17.147Z] [DEBUG] Hits: sg/macos/Productivity/top-free 3 app(s) found
[2026-09-15T13:56:17.147Z] [INFO] RSS progress: 50/60 (50 ok, 0 error, 141 points)
[2026-09-15T13:56:17.725Z] [DEBUG] RSS ok: sg/macos/Utilities/top-free entries=100
[2026-09-15T13:56:27.731Z] [DEBUG] Hits: sg/macos/Utilities/top-free 1 app(s) found
[2026-09-15T13:56:28.393Z] [DEBUG] RSS ok: in/macos/Business/top-free entries=100
[2026-09-15T13:56:38.399Z] [DEBUG] Hits: in/macos/Business/top-free 3 app(s) found
[2026-09-15T13:56:39.135Z] [DEBUG] RSS ok: in/macos/Productivity/top-free entries=99
[2026-09-15T13:56:49.141Z] [DEBUG] Hits: in/macos/Productivity/top-free 3 app(s) found
[2026-09-15T13:56:49.906Z] [DEBUG] RSS ok: in/macos/Utilities/top-free entries=100
[2026-09-15T13:57:00.736Z] [DEBUG] RSS ok: za/macos/Business/top-free entries=100
[2026-09-15T13:57:10.743Z] [DEBUG] Hits: za/macos/Business/top-free 3 app(s) found
[2026-09-15T13:57:11.658Z] [DEBUG] RSS ok: za/macos/Productivity/top-free entries=99
[2026-09-15T13:57:21.665Z] [DEBUG] Hits: za/macos/Productivity/top-free 3 app(s) found
[2026-09-15T13:57:22.505Z] [DEBUG] RSS ok: za/macos/Utilities/top-free entries=100
[2026-09-15T13:57:32.512Z] [DEBUG] Hits: za/macos/Utilities/top-free 2 app(s) found
[2026-09-15T13:57:33.275Z] [DEBUG] RSS ok: br/macos/Business/top-free entries=100
[2026-09-15T13:57:43.282Z] [DEBUG] Hits: br/macos/Business/top-free 2 app(s) found
[2026-09-15T13:57:44.134Z] [DEBUG] RSS ok: br/macos/Productivity/top-free entries=99
[2026-09-15T13:57:54.140Z] [DEBUG] Hits: br/macos/Productivity/top-free 2 app(s) found
[2026-09-15T13:57:54.766Z] [DEBUG] RSS ok: br/macos/Utilities/top-free entries=100
[2026-09-15T13:58:04.772Z] [INFO] RSS progress: 60/60 (60 ok, 0 error, 160 points)
[2026-09-15T13:58:04.772Z] [INFO] RSS fetch done: 60 ok, 0 error, 160 points
[2026-09-15T13:58:04.772Z] [INFO] Platform max returned: macos = 100
[2026-09-15T13:58:04.772Z] [INFO] RSS results: 60 ok, 0 error, 160 rank points
[2026-09-15T13:58:04.818Z] [INFO] Stored: 60 crawls, 160 points
[2026-09-15T13:58:04.849Z] [INFO] current.json written rows=23
[2026-09-15T13:58:04.851Z] [INFO] Current summary: on_chart=160, not_on_chart=300, depth_limited=0, crawl_error=0, total=460
[2026-09-15T13:58:04.852Z] [INFO] === Crawl complete === 652.9s
[2026-09-15T14:47:14.499Z] [INFO] === Crawl start === ts=2026-09-15T14:00:00Z
[2026-09-15T14:47:14.501Z] [INFO] Config loaded apps=4, platforms=macos, categories=Business,Productivity,Utilities
[2026-09-15T14:47:14.502Z] [INFO] App IDs to track: 23 our=4, competitors=19
[2026-09-15T14:47:14.503Z] [INFO] Lookup cached fetched_at=2026-09-15T00:47:11.192Z, 23 apps
[2026-09-15T14:47:14.503Z] [INFO] RSS requests: 60 countries=20, platforms=macos, categories=Business,Productivity,Utilities
[2026-09-15T14:47:14.503Z] [INFO] RSS fetch start: 60 requests, concurrency=1
[2026-09-15T14:47:15.523Z] [DEBUG] RSS ok: us/macos/Business/top-free entries=100
[2026-09-15T14:47:25.526Z] [DEBUG] Hits: us/macos/Business/top-free 3 app(s) found
[2026-09-15T14:47:26.377Z] [DEBUG] RSS ok: us/macos/Productivity/top-free entries=99
[2026-09-15T14:47:36.383Z] [DEBUG] Hits: us/macos/Productivity/top-free 6 app(s) found
[2026-09-15T14:47:37.255Z] [DEBUG] RSS ok: us/macos/Utilities/top-free entries=100
[2026-09-15T14:47:47.260Z] [DEBUG] Hits: us/macos/Utilities/top-free 1 app(s) found
[2026-09-15T14:47:48.009Z] [DEBUG] RSS ok: gb/macos/Business/top-free entries=100
[2026-09-15T14:47:58.015Z] [DEBUG] Hits: gb/macos/Business/top-free 3 app(s) found
[2026-09-15T14:47:59.046Z] [DEBUG] RSS ok: gb/macos/Productivity/top-free entries=99
[2026-09-15T14:48:09.052Z] [DEBUG] Hits: gb/macos/Productivity/top-free 5 app(s) found
[2026-09-15T14:48:10.024Z] [DEBUG] RSS ok: gb/macos/Utilities/top-free entries=100
[2026-09-15T14:48:20.030Z] [DEBUG] Hits: gb/macos/Utilities/top-free 3 app(s) found
[2026-09-15T14:48:20.942Z] [DEBUG] RSS ok: ca/macos/Business/top-free entries=100
[2026-09-15T14:48:30.947Z] [DEBUG] Hits: ca/macos/Business/top-free 4 app(s) found
[2026-09-15T14:48:31.751Z] [DEBUG] RSS ok: ca/macos/Productivity/top-free entries=99
[2026-09-15T14:48:41.758Z] [DEBUG] Hits: ca/macos/Productivity/top-free 5 app(s) found
[2026-09-15T14:48:42.614Z] [DEBUG] RSS ok: ca/macos/Utilities/top-free entries=100
[2026-09-15T14:48:52.617Z] [DEBUG] Hits: ca/macos/Utilities/top-free 1 app(s) found
[2026-09-15T14:48:53.521Z] [DEBUG] RSS ok: fr/macos/Business/top-free entries=100
[2026-09-15T14:49:03.526Z] [DEBUG] Hits: fr/macos/Business/top-free 4 app(s) found
[2026-09-15T14:49:03.527Z] [INFO] RSS progress: 10/60 (10 ok, 0 error, 35 points)
[2026-09-15T14:49:04.528Z] [DEBUG] RSS ok: fr/macos/Productivity/top-free entries=99
[2026-09-15T14:49:14.535Z] [DEBUG] Hits: fr/macos/Productivity/top-free 5 app(s) found
[2026-09-15T14:49:15.398Z] [DEBUG] RSS ok: fr/macos/Utilities/top-free entries=100
[2026-09-15T14:49:25.405Z] [DEBUG] Hits: fr/macos/Utilities/top-free 3 app(s) found
[2026-09-15T14:49:26.243Z] [DEBUG] RSS ok: de/macos/Business/top-free entries=99
[2026-09-15T14:49:36.250Z] [DEBUG] Hits: de/macos/Business/top-free 1 app(s) found
[2026-09-15T14:49:37.170Z] [DEBUG] RSS ok: de/macos/Productivity/top-free entries=99
[2026-09-15T14:49:47.176Z] [DEBUG] Hits: de/macos/Productivity/top-free 4 app(s) found
[2026-09-15T14:49:48.021Z] [DEBUG] RSS ok: de/macos/Utilities/top-free entries=100
[2026-09-15T14:49:58.025Z] [DEBUG] Hits: de/macos/Utilities/top-free 3 app(s) found
[2026-09-15T14:49:58.934Z] [DEBUG] RSS ok: jp/macos/Business/top-free entries=100
[2026-09-15T14:50:08.941Z] [DEBUG] Hits: jp/macos/Business/top-free 3 app(s) found
[2026-09-15T14:50:09.972Z] [DEBUG] RSS ok: jp/macos/Productivity/top-free entries=99
[2026-09-15T14:50:19.977Z] [DEBUG] Hits: jp/macos/Productivity/top-free 2 app(s) found
[2026-09-15T14:50:20.869Z] [DEBUG] RSS ok: jp/macos/Utilities/top-free entries=100
[2026-09-15T14:50:30.876Z] [DEBUG] Hits: jp/macos/Utilities/top-free 4 app(s) found
[2026-09-15T14:50:31.714Z] [DEBUG] RSS ok: au/macos/Business/top-free entries=100
[2026-09-15T14:50:41.721Z] [DEBUG] Hits: au/macos/Business/top-free 3 app(s) found
[2026-09-15T14:50:42.597Z] [DEBUG] RSS ok: au/macos/Productivity/top-free entries=99
[2026-09-15T14:50:52.603Z] [DEBUG] Hits: au/macos/Productivity/top-free 4 app(s) found
[2026-09-15T14:50:52.603Z] [INFO] RSS progress: 20/60 (20 ok, 0 error, 67 points)
[2026-09-15T14:50:53.512Z] [DEBUG] RSS ok: au/macos/Utilities/top-free entries=100
[2026-09-15T14:51:03.519Z] [DEBUG] Hits: au/macos/Utilities/top-free 1 app(s) found
[2026-09-15T14:51:04.339Z] [DEBUG] RSS ok: es/macos/Business/top-free entries=99
[2026-09-15T14:51:14.346Z] [DEBUG] Hits: es/macos/Business/top-free 2 app(s) found
[2026-09-15T14:51:15.261Z] [DEBUG] RSS ok: es/macos/Productivity/top-free entries=99
[2026-09-15T14:51:25.268Z] [DEBUG] Hits: es/macos/Productivity/top-free 5 app(s) found
[2026-09-15T14:51:26.170Z] [DEBUG] RSS ok: es/macos/Utilities/top-free entries=100
[2026-09-15T14:51:36.176Z] [DEBUG] Hits: es/macos/Utilities/top-free 1 app(s) found
[2026-09-15T14:51:37.285Z] [DEBUG] RSS ok: it/macos/Business/top-free entries=100
[2026-09-15T14:51:47.291Z] [DEBUG] Hits: it/macos/Business/top-free 3 app(s) found
[2026-09-15T14:51:48.154Z] [DEBUG] RSS ok: it/macos/Productivity/top-free entries=99
[2026-09-15T14:51:58.161Z] [DEBUG] Hits: it/macos/Productivity/top-free 5 app(s) found
[2026-09-15T14:51:59.429Z] [DEBUG] RSS ok: it/macos/Utilities/top-free entries=100
[2026-09-15T14:52:09.436Z] [DEBUG] Hits: it/macos/Utilities/top-free 1 app(s) found
[2026-09-15T14:52:10.401Z] [DEBUG] RSS ok: pt/macos/Business/top-free entries=100
[2026-09-15T14:52:20.408Z] [DEBUG] Hits: pt/macos/Business/top-free 4 app(s) found
[2026-09-15T14:52:21.295Z] [DEBUG] RSS ok: pt/macos/Productivity/top-free entries=99
[2026-09-15T14:52:31.302Z] [DEBUG] Hits: pt/macos/Productivity/top-free 3 app(s) found
[2026-09-15T14:52:32.438Z] [DEBUG] RSS ok: pt/macos/Utilities/top-free entries=100
[2026-09-15T14:52:42.445Z] [INFO] RSS progress: 30/60 (30 ok, 0 error, 92 points)
[2026-09-15T14:52:43.389Z] [DEBUG] RSS ok: ch/macos/Business/top-free entries=99
[2026-09-15T14:52:53.395Z] [DEBUG] Hits: ch/macos/Business/top-free 3 app(s) found
[2026-09-15T14:52:54.314Z] [DEBUG] RSS ok: ch/macos/Productivity/top-free entries=99
[2026-09-15T14:53:04.320Z] [DEBUG] Hits: ch/macos/Productivity/top-free 4 app(s) found
[2026-09-15T14:53:05.308Z] [DEBUG] RSS ok: ch/macos/Utilities/top-free entries=100
[2026-09-15T14:53:15.315Z] [DEBUG] Hits: ch/macos/Utilities/top-free 2 app(s) found
[2026-09-15T14:53:16.090Z] [DEBUG] RSS ok: be/macos/Business/top-free entries=100
[2026-09-15T14:53:26.096Z] [DEBUG] Hits: be/macos/Business/top-free 3 app(s) found
[2026-09-15T14:53:27.004Z] [DEBUG] RSS ok: be/macos/Productivity/top-free entries=99
[2026-09-15T14:53:37.011Z] [DEBUG] Hits: be/macos/Productivity/top-free 5 app(s) found
[2026-09-15T14:53:37.947Z] [DEBUG] RSS ok: be/macos/Utilities/top-free entries=100
[2026-09-15T14:53:47.953Z] [DEBUG] Hits: be/macos/Utilities/top-free 1 app(s) found
[2026-09-15T14:53:49.153Z] [DEBUG] RSS ok: nl/macos/Business/top-free entries=100
[2026-09-15T14:53:59.158Z] [DEBUG] Hits: nl/macos/Business/top-free 2 app(s) found
[2026-09-15T14:54:00.043Z] [DEBUG] RSS ok: nl/macos/Productivity/top-free entries=99
[2026-09-15T14:54:10.043Z] [DEBUG] Hits: nl/macos/Productivity/top-free 4 app(s) found
[2026-09-15T14:54:10.893Z] [DEBUG] RSS ok: nl/macos/Utilities/top-free entries=100
[2026-09-15T14:54:21.651Z] [DEBUG] RSS ok: tw/macos/Business/top-free entries=100
[2026-09-15T14:54:31.658Z] [DEBUG] Hits: tw/macos/Business/top-free 2 app(s) found
[2026-09-15T14:54:31.658Z] [INFO] RSS progress: 40/60 (40 ok, 0 error, 118 points)
[2026-09-15T14:54:32.597Z] [DEBUG] RSS ok: tw/macos/Productivity/top-free entries=99
[2026-09-15T14:54:42.600Z] [DEBUG] Hits: tw/macos/Productivity/top-free 1 app(s) found
[2026-09-15T14:54:43.360Z] [DEBUG] RSS ok: tw/macos/Utilities/top-free entries=100
[2026-09-15T14:54:53.364Z] [DEBUG] Hits: tw/macos/Utilities/top-free 1 app(s) found
[2026-09-15T14:54:54.273Z] [DEBUG] RSS ok: hk/macos/Business/top-free entries=100
[2026-09-15T14:55:04.279Z] [DEBUG] Hits: hk/macos/Business/top-free 1 app(s) found
[2026-09-15T14:55:05.271Z] [DEBUG] RSS ok: hk/macos/Productivity/top-free entries=99
[2026-09-15T14:55:15.278Z] [DEBUG] Hits: hk/macos/Productivity/top-free 4 app(s) found
[2026-09-15T14:55:16.140Z] [DEBUG] RSS ok: hk/macos/Utilities/top-free entries=100
[2026-09-15T14:55:26.145Z] [DEBUG] Hits: hk/macos/Utilities/top-free 1 app(s) found
[2026-09-15T14:55:27.070Z] [DEBUG] RSS ok: nz/macos/Business/top-free entries=100
[2026-09-15T14:55:37.077Z] [DEBUG] Hits: nz/macos/Business/top-free 4 app(s) found
[2026-09-15T14:55:37.887Z] [DEBUG] RSS ok: nz/macos/Productivity/top-free entries=99
[2026-09-15T14:55:47.892Z] [DEBUG] Hits: nz/macos/Productivity/top-free 5 app(s) found
[2026-09-15T14:55:48.880Z] [DEBUG] RSS ok: nz/macos/Utilities/top-free entries=100
[2026-09-15T14:55:59.812Z] [DEBUG] RSS ok: sg/macos/Business/top-free entries=100
[2026-09-15T14:56:09.819Z] [DEBUG] Hits: sg/macos/Business/top-free 3 app(s) found
[2026-09-15T14:56:10.732Z] [DEBUG] RSS ok: sg/macos/Productivity/top-free entries=99
[2026-09-15T14:56:20.737Z] [DEBUG] Hits: sg/macos/Productivity/top-free 3 app(s) found
[2026-09-15T14:56:20.737Z] [INFO] RSS progress: 50/60 (50 ok, 0 error, 141 points)
[2026-09-15T14:56:21.594Z] [DEBUG] RSS ok: sg/macos/Utilities/top-free entries=100
[2026-09-15T14:56:31.600Z] [DEBUG] Hits: sg/macos/Utilities/top-free 1 app(s) found
[2026-09-15T14:56:32.440Z] [DEBUG] RSS ok: in/macos/Business/top-free entries=100
[2026-09-15T14:56:42.441Z] [DEBUG] Hits: in/macos/Business/top-free 3 app(s) found
[2026-09-15T14:56:43.510Z] [DEBUG] RSS ok: in/macos/Productivity/top-free entries=99
[2026-09-15T14:56:53.516Z] [DEBUG] Hits: in/macos/Productivity/top-free 3 app(s) found
[2026-09-15T14:56:54.299Z] [DEBUG] RSS ok: in/macos/Utilities/top-free entries=100
[2026-09-15T14:57:05.248Z] [DEBUG] RSS ok: za/macos/Business/top-free entries=100
[2026-09-15T14:57:15.254Z] [DEBUG] Hits: za/macos/Business/top-free 3 app(s) found
[2026-09-15T14:57:16.152Z] [DEBUG] RSS ok: za/macos/Productivity/top-free entries=99
[2026-09-15T14:57:26.153Z] [DEBUG] Hits: za/macos/Productivity/top-free 3 app(s) found
[2026-09-15T14:57:26.941Z] [DEBUG] RSS ok: za/macos/Utilities/top-free entries=100
[2026-09-15T14:57:36.947Z] [DEBUG] Hits: za/macos/Utilities/top-free 2 app(s) found
[2026-09-15T14:57:37.899Z] [DEBUG] RSS ok: br/macos/Business/top-free entries=100
[2026-09-15T14:57:47.906Z] [DEBUG] Hits: br/macos/Business/top-free 2 app(s) found
[2026-09-15T14:57:49.037Z] [DEBUG] RSS ok: br/macos/Productivity/top-free entries=99
[2026-09-15T14:57:59.043Z] [DEBUG] Hits: br/macos/Productivity/top-free 2 app(s) found
[2026-09-15T14:57:59.942Z] [DEBUG] RSS ok: br/macos/Utilities/top-free entries=100
[2026-09-15T14:58:09.946Z] [INFO] RSS progress: 60/60 (60 ok, 0 error, 160 points)
[2026-09-15T14:58:09.946Z] [INFO] RSS fetch done: 60 ok, 0 error, 160 points
[2026-09-15T14:58:09.946Z] [INFO] Platform max returned: macos = 100
[2026-09-15T14:58:09.946Z] [INFO] RSS results: 60 ok, 0 error, 160 rank points
[2026-09-15T14:58:09.966Z] [INFO] Stored: 60 crawls, 160 points
[2026-09-15T14:58:09.978Z] [INFO] current.json written rows=23
[2026-09-15T14:58:09.979Z] [INFO] Current summary: on_chart=160, not_on_chart=300, depth_limited=0, crawl_error=0, total=460
[2026-09-15T14:58:09.979Z] [INFO] === Crawl complete === 655.5s
[2026-09-15T15:47:11.789Z] [INFO] === Crawl start === ts=2026-09-15T15:00:00Z
[2026-09-15T15:47:11.793Z] [INFO] Config loaded apps=4, platforms=macos, categories=Business,Productivity,Utilities
[2026-09-15T15:47:11.793Z] [INFO] App IDs to track: 23 our=4, competitors=19
[2026-09-15T15:47:11.794Z] [INFO] Lookup cached fetched_at=2026-09-15T00:47:11.192Z, 23 apps
[2026-09-15T15:47:11.794Z] [INFO] RSS fetch start: 60 requests, concurrency=1
[2026-09-15T15:47:11.794Z] [INFO] RSS requests: 60 countries=20, platforms=macos, categories=Business,Productivity,Utilities
[2026-09-15T15:47:12.980Z] [DEBUG] RSS ok: us/macos/Business/top-free entries=100
[2026-09-15T15:47:22.983Z] [DEBUG] Hits: us/macos/Business/top-free 3 app(s) found
[2026-09-15T15:47:23.793Z] [DEBUG] RSS ok: us/macos/Productivity/top-free entries=99
[2026-09-15T15:47:33.799Z] [DEBUG] Hits: us/macos/Productivity/top-free 6 app(s) found
[2026-09-15T15:47:34.599Z] [DEBUG] RSS ok: us/macos/Utilities/top-free entries=100
[2026-09-15T15:47:44.606Z] [DEBUG] Hits: us/macos/Utilities/top-free 1 app(s) found
[2026-09-15T15:47:45.420Z] [DEBUG] RSS ok: gb/macos/Business/top-free entries=100
[2026-09-15T15:47:55.425Z] [DEBUG] Hits: gb/macos/Business/top-free 3 app(s) found
[2026-09-15T15:47:56.829Z] [DEBUG] RSS ok: gb/macos/Productivity/top-free entries=99
[2026-09-15T15:48:06.835Z] [DEBUG] Hits: gb/macos/Productivity/top-free 5 app(s) found
[2026-09-15T15:48:08.088Z] [DEBUG] RSS ok: gb/macos/Utilities/top-free entries=100
[2026-09-15T15:48:18.095Z] [DEBUG] Hits: gb/macos/Utilities/top-free 3 app(s) found
[2026-09-15T15:48:18.728Z] [DEBUG] RSS ok: ca/macos/Business/top-free entries=100
[2026-09-15T15:48:28.735Z] [DEBUG] Hits: ca/macos/Business/top-free 4 app(s) found
[2026-09-15T15:48:29.383Z] [DEBUG] RSS ok: ca/macos/Productivity/top-free entries=99
[2026-09-15T15:48:39.390Z] [DEBUG] Hits: ca/macos/Productivity/top-free 5 app(s) found
[2026-09-15T15:48:40.133Z] [DEBUG] RSS ok: ca/macos/Utilities/top-free entries=100
[2026-09-15T15:48:50.139Z] [DEBUG] Hits: ca/macos/Utilities/top-free 1 app(s) found
[2026-09-15T15:48:50.962Z] [DEBUG] RSS ok: fr/macos/Business/top-free entries=100
[2026-09-15T15:49:00.969Z] [DEBUG] Hits: fr/macos/Business/top-free 4 app(s) found
[2026-09-15T15:49:00.970Z] [INFO] RSS progress: 10/60 (10 ok, 0 error, 35 points)
[2026-09-15T15:49:01.949Z] [DEBUG] RSS ok: fr/macos/Productivity/top-free entries=99
[2026-09-15T15:49:11.955Z] [DEBUG] Hits: fr/macos/Productivity/top-free 5 app(s) found
[2026-09-15T15:49:12.925Z] [DEBUG] RSS ok: fr/macos/Utilities/top-free entries=100
[2026-09-15T15:49:22.932Z] [DEBUG] Hits: fr/macos/Utilities/top-free 3 app(s) found
[2026-09-15T15:49:24.027Z] [DEBUG] RSS ok: de/macos/Business/top-free entries=99
[2026-09-15T15:49:34.032Z] [DEBUG] Hits: de/macos/Business/top-free 1 app(s) found
[2026-09-15T15:49:34.834Z] [DEBUG] RSS ok: de/macos/Productivity/top-free entries=99
[2026-09-15T15:49:44.841Z] [DEBUG] Hits: de/macos/Productivity/top-free 4 app(s) found
[2026-09-15T15:49:45.675Z] [DEBUG] RSS ok: de/macos/Utilities/top-free entries=100
[2026-09-15T15:49:55.681Z] [DEBUG] Hits: de/macos/Utilities/top-free 3 app(s) found
[2026-09-15T15:49:56.486Z] [DEBUG] RSS ok: jp/macos/Business/top-free entries=100
[2026-09-15T15:50:06.492Z] [DEBUG] Hits: jp/macos/Business/top-free 3 app(s) found
[2026-09-15T15:50:07.649Z] [DEBUG] RSS ok: jp/macos/Productivity/top-free entries=99
[2026-09-15T15:50:17.654Z] [DEBUG] Hits: jp/macos/Productivity/top-free 2 app(s) found
[2026-09-15T15:50:18.484Z] [DEBUG] RSS ok: jp/macos/Utilities/top-free entries=100
[2026-09-15T15:50:28.490Z] [DEBUG] Hits: jp/macos/Utilities/top-free 4 app(s) found
[2026-09-15T15:50:29.362Z] [DEBUG] RSS ok: au/macos/Business/top-free entries=100
[2026-09-15T15:50:39.368Z] [DEBUG] Hits: au/macos/Business/top-free 3 app(s) found
[2026-09-15T15:50:40.209Z] [DEBUG] RSS ok: au/macos/Productivity/top-free entries=99
[2026-09-15T15:50:50.215Z] [DEBUG] Hits: au/macos/Productivity/top-free 4 app(s) found
[2026-09-15T15:50:50.215Z] [INFO] RSS progress: 20/60 (20 ok, 0 error, 67 points)
[2026-09-15T15:50:51.017Z] [DEBUG] RSS ok: au/macos/Utilities/top-free entries=100
[2026-09-15T15:51:01.022Z] [DEBUG] Hits: au/macos/Utilities/top-free 1 app(s) found
[2026-09-15T15:51:02.011Z] [DEBUG] RSS ok: es/macos/Business/top-free entries=99
[2026-09-15T15:51:12.017Z] [DEBUG] Hits: es/macos/Business/top-free 2 app(s) found
[2026-09-15T15:51:12.861Z] [DEBUG] RSS ok: es/macos/Productivity/top-free entries=99
[2026-09-15T15:51:22.867Z] [DEBUG] Hits: es/macos/Productivity/top-free 5 app(s) found
[2026-09-15T15:51:23.795Z] [DEBUG] RSS ok: es/macos/Utilities/top-free entries=100
[2026-09-15T15:51:33.801Z] [DEBUG] Hits: es/macos/Utilities/top-free 1 app(s) found
[2026-09-15T15:51:34.671Z] [DEBUG] RSS ok: it/macos/Business/top-free entries=100
[2026-09-15T15:51:44.679Z] [DEBUG] Hits: it/macos/Business/top-free 3 app(s) found
[2026-09-15T15:51:45.485Z] [DEBUG] RSS ok: it/macos/Productivity/top-free entries=99
[2026-09-15T15:51:55.491Z] [DEBUG] Hits: it/macos/Productivity/top-free 5 app(s) found
[2026-09-15T15:51:56.541Z] [DEBUG] RSS ok: it/macos/Utilities/top-free entries=100
[2026-09-15T15:52:06.547Z] [DEBUG] Hits: it/macos/Utilities/top-free 1 app(s) found
[2026-09-15T15:52:07.434Z] [DEBUG] RSS ok: pt/macos/Business/top-free entries=100
[2026-09-15T15:52:17.441Z] [DEBUG] Hits: pt/macos/Business/top-free 4 app(s) found
[2026-09-15T15:52:18.237Z] [DEBUG] RSS ok: pt/macos/Productivity/top-free entries=99
[2026-09-15T15:52:28.243Z] [DEBUG] Hits: pt/macos/Productivity/top-free 3 app(s) found
[2026-09-15T15:52:29.047Z] [DEBUG] RSS ok: pt/macos/Utilities/top-free entries=100
[2026-09-15T15:52:39.053Z] [INFO] RSS progress: 30/60 (30 ok, 0 error, 92 points)
[2026-09-15T15:52:39.932Z] [DEBUG] RSS ok: ch/macos/Business/top-free entries=99
[2026-09-15T15:52:49.938Z] [DEBUG] Hits: ch/macos/Business/top-free 3 app(s) found
[2026-09-15T15:52:50.813Z] [DEBUG] RSS ok: ch/macos/Productivity/top-free entries=99
[2026-09-15T15:53:00.818Z] [DEBUG] Hits: ch/macos/Productivity/top-free 4 app(s) found
[2026-09-15T15:53:01.771Z] [DEBUG] RSS ok: ch/macos/Utilities/top-free entries=100
[2026-09-15T15:53:11.778Z] [DEBUG] Hits: ch/macos/Utilities/top-free 2 app(s) found
[2026-09-15T15:53:12.553Z] [DEBUG] RSS ok: be/macos/Business/top-free entries=100
[2026-09-15T15:53:22.559Z] [DEBUG] Hits: be/macos/Business/top-free 3 app(s) found
[2026-09-15T15:53:23.553Z] [DEBUG] RSS ok: be/macos/Productivity/top-free entries=99
[2026-09-15T15:53:33.554Z] [DEBUG] Hits: be/macos/Productivity/top-free 5 app(s) found
[2026-09-15T15:53:34.472Z] [DEBUG] RSS ok: be/macos/Utilities/top-free entries=100
[2026-09-15T15:53:44.479Z] [DEBUG] Hits: be/macos/Utilities/top-free 1 app(s) found
[2026-09-15T15:53:45.298Z] [DEBUG] RSS ok: nl/macos/Business/top-free entries=100
[2026-09-15T15:53:55.304Z] [DEBUG] Hits: nl/macos/Business/top-free 2 app(s) found
[2026-09-15T15:53:56.110Z] [DEBUG] RSS ok: nl/macos/Productivity/top-free entries=99
[2026-09-15T15:54:06.116Z] [DEBUG] Hits: nl/macos/Productivity/top-free 4 app(s) found
[2026-09-15T15:54:07.524Z] [DEBUG] RSS ok: nl/macos/Utilities/top-free entries=100
[2026-09-15T15:54:18.340Z] [DEBUG] RSS ok: tw/macos/Business/top-free entries=100
[2026-09-15T15:54:28.346Z] [DEBUG] Hits: tw/macos/Business/top-free 2 app(s) found
[2026-09-15T15:54:28.346Z] [INFO] RSS progress: 40/60 (40 ok, 0 error, 118 points)
[2026-09-15T15:54:29.513Z] [DEBUG] RSS ok: tw/macos/Productivity/top-free entries=99
[2026-09-15T15:54:39.515Z] [DEBUG] Hits: tw/macos/Productivity/top-free 1 app(s) found
[2026-09-15T15:54:40.644Z] [DEBUG] RSS ok: tw/macos/Utilities/top-free entries=100
[2026-09-15T15:54:50.650Z] [DEBUG] Hits: tw/macos/Utilities/top-free 1 app(s) found
[2026-09-15T15:54:51.414Z] [DEBUG] RSS ok: hk/macos/Business/top-free entries=100
[2026-09-15T15:55:01.420Z] [DEBUG] Hits: hk/macos/Business/top-free 1 app(s) found
[2026-09-15T15:55:02.247Z] [DEBUG] RSS ok: hk/macos/Productivity/top-free entries=99
[2026-09-15T15:55:12.253Z] [DEBUG] Hits: hk/macos/Productivity/top-free 4 app(s) found
[2026-09-15T15:55:13.096Z] [DEBUG] RSS ok: hk/macos/Utilities/top-free entries=100
[2026-09-15T15:55:23.101Z] [DEBUG] Hits: hk/macos/Utilities/top-free 1 app(s) found
[2026-09-15T15:55:24.159Z] [DEBUG] RSS ok: nz/macos/Business/top-free entries=100
[2026-09-15T15:55:34.163Z] [DEBUG] Hits: nz/macos/Business/top-free 4 app(s) found
[2026-09-15T15:55:34.932Z] [DEBUG] RSS ok: nz/macos/Productivity/top-free entries=99
[2026-09-15T15:55:44.939Z] [DEBUG] Hits: nz/macos/Productivity/top-free 5 app(s) found
[2026-09-15T15:55:45.806Z] [DEBUG] RSS ok: nz/macos/Utilities/top-free entries=100
[2026-09-15T15:55:57.431Z] [DEBUG] RSS ok: sg/macos/Business/top-free entries=100
[2026-09-15T15:56:07.435Z] [DEBUG] Hits: sg/macos/Business/top-free 3 app(s) found
[2026-09-15T15:56:08.196Z] [DEBUG] RSS ok: sg/macos/Productivity/top-free entries=99
[2026-09-15T15:56:18.202Z] [DEBUG] Hits: sg/macos/Productivity/top-free 3 app(s) found
[2026-09-15T15:56:18.202Z] [INFO] RSS progress: 50/60 (50 ok, 0 error, 141 points)
[2026-09-15T15:56:18.970Z] [DEBUG] RSS ok: sg/macos/Utilities/top-free entries=100
[2026-09-15T15:56:28.976Z] [DEBUG] Hits: sg/macos/Utilities/top-free 1 app(s) found
[2026-09-15T15:56:29.949Z] [DEBUG] RSS ok: in/macos/Business/top-free entries=100
[2026-09-15T15:56:39.954Z] [DEBUG] Hits: in/macos/Business/top-free 3 app(s) found
[2026-09-15T15:56:40.724Z] [DEBUG] RSS ok: in/macos/Productivity/top-free entries=99
[2026-09-15T15:56:50.728Z] [DEBUG] Hits: in/macos/Productivity/top-free 3 app(s) found
[2026-09-15T15:56:51.560Z] [DEBUG] RSS ok: in/macos/Utilities/top-free entries=100
[2026-09-15T15:57:02.637Z] [DEBUG] RSS ok: za/macos/Business/top-free entries=100
[2026-09-15T15:57:12.643Z] [DEBUG] Hits: za/macos/Business/top-free 3 app(s) found
[2026-09-15T15:57:13.519Z] [DEBUG] RSS ok: za/macos/Productivity/top-free entries=99
[2026-09-15T15:57:23.525Z] [DEBUG] Hits: za/macos/Productivity/top-free 3 app(s) found
[2026-09-15T15:57:24.501Z] [DEBUG] RSS ok: za/macos/Utilities/top-free entries=100
[2026-09-15T15:57:34.508Z] [DEBUG] Hits: za/macos/Utilities/top-free 2 app(s) found
[2026-09-15T15:57:35.407Z] [DEBUG] RSS ok: br/macos/Business/top-free entries=100
[2026-09-15T15:57:45.413Z] [DEBUG] Hits: br/macos/Business/top-free 2 app(s) found
[2026-09-15T15:57:46.241Z] [DEBUG] RSS ok: br/macos/Productivity/top-free entries=99
[2026-09-15T15:57:56.248Z] [DEBUG] Hits: br/macos/Productivity/top-free 2 app(s) found
[2026-09-15T15:57:57.113Z] [DEBUG] RSS ok: br/macos/Utilities/top-free entries=100
[2026-09-15T15:58:07.115Z] [INFO] RSS fetch done: 60 ok, 0 error, 160 points
[2026-09-15T15:58:07.115Z] [INFO] Platform max returned: macos = 100
[2026-09-15T15:58:07.115Z] [INFO] RSS progress: 60/60 (60 ok, 0 error, 160 points)
[2026-09-15T15:58:07.115Z] [INFO] RSS results: 60 ok, 0 error, 160 rank points
[2026-09-15T15:58:07.140Z] [INFO] Stored: 60 crawls, 160 points
[2026-09-15T15:58:07.167Z] [INFO] current.json written rows=23
[2026-09-15T15:58:07.168Z] [INFO] Current summary: on_chart=160, not_on_chart=300, depth_limited=0, crawl_error=0, total=460
[2026-09-15T15:58:07.168Z] [INFO] === Crawl complete === 655.4s
[2026-09-15T16:47:11.852Z] [INFO] === Crawl start === ts=2026-09-15T16:00:00Z
[2026-09-15T16:47:11.856Z] [INFO] Config loaded apps=4, platforms=macos, categories=Business,Productivity,Utilities
[2026-09-15T16:47:11.857Z] [INFO] App IDs to track: 23 our=4, competitors=19
[2026-09-15T16:47:11.858Z] [INFO] Lookup cached fetched_at=2026-09-15T00:47:11.192Z, 23 apps
[2026-09-15T16:47:11.859Z] [INFO] RSS requests: 60 countries=20, platforms=macos, categories=Business,Productivity,Utilities
[2026-09-15T16:47:11.859Z] [INFO] RSS fetch start: 60 requests, concurrency=1
[2026-09-15T16:47:12.828Z] [DEBUG] RSS ok: us/macos/Business/top-free entries=100
[2026-09-15T16:47:22.831Z] [DEBUG] Hits: us/macos/Business/top-free 3 app(s) found
[2026-09-15T16:47:23.612Z] [DEBUG] RSS ok: us/macos/Productivity/top-free entries=99
[2026-09-15T16:47:33.617Z] [DEBUG] Hits: us/macos/Productivity/top-free 6 app(s) found
[2026-09-15T16:47:34.774Z] [DEBUG] RSS ok: us/macos/Utilities/top-free entries=100
[2026-09-15T16:47:44.780Z] [DEBUG] Hits: us/macos/Utilities/top-free 1 app(s) found
[2026-09-15T16:47:46.050Z] [DEBUG] RSS ok: gb/macos/Business/top-free entries=100
[2026-09-15T16:47:56.056Z] [DEBUG] Hits: gb/macos/Business/top-free 3 app(s) found
[2026-09-15T16:47:56.865Z] [DEBUG] RSS ok: gb/macos/Productivity/top-free entries=99
[2026-09-15T16:48:06.871Z] [DEBUG] Hits: gb/macos/Productivity/top-free 5 app(s) found
[2026-09-15T16:48:08.867Z] [DEBUG] RSS ok: gb/macos/Utilities/top-free entries=100
[2026-09-15T16:48:18.873Z] [DEBUG] Hits: gb/macos/Utilities/top-free 3 app(s) found
[2026-09-15T16:48:19.636Z] [DEBUG] RSS ok: ca/macos/Business/top-free entries=100
[2026-09-15T16:48:29.640Z] [DEBUG] Hits: ca/macos/Business/top-free 4 app(s) found
[2026-09-15T16:48:30.315Z] [DEBUG] RSS ok: ca/macos/Productivity/top-free entries=99
[2026-09-15T16:48:40.321Z] [DEBUG] Hits: ca/macos/Productivity/top-free 5 app(s) found
[2026-09-15T16:48:41.034Z] [DEBUG] RSS ok: ca/macos/Utilities/top-free entries=100
[2026-09-15T16:48:51.040Z] [DEBUG] Hits: ca/macos/Utilities/top-free 1 app(s) found
[2026-09-15T16:48:51.734Z] [DEBUG] RSS ok: fr/macos/Business/top-free entries=99
[2026-09-15T16:49:01.740Z] [DEBUG] Hits: fr/macos/Business/top-free 3 app(s) found
[2026-09-15T16:49:01.740Z] [INFO] RSS progress: 10/60 (10 ok, 0 error, 34 points)
[2026-09-15T16:49:02.657Z] [DEBUG] RSS ok: fr/macos/Productivity/top-free entries=99
[2026-09-15T16:49:12.662Z] [DEBUG] Hits: fr/macos/Productivity/top-free 5 app(s) found
[2026-09-15T16:49:13.437Z] [DEBUG] RSS ok: fr/macos/Utilities/top-free entries=100
[2026-09-15T16:49:23.438Z] [DEBUG] Hits: fr/macos/Utilities/top-free 3 app(s) found
[2026-09-15T16:49:24.259Z] [DEBUG] RSS ok: de/macos/Business/top-free entries=100
[2026-09-15T16:49:35.253Z] [DEBUG] RSS ok: de/macos/Productivity/top-free entries=99
[2026-09-15T16:49:45.260Z] [DEBUG] Hits: de/macos/Productivity/top-free 5 app(s) found
[2026-09-15T16:49:45.984Z] [DEBUG] RSS ok: de/macos/Utilities/top-free entries=100
[2026-09-15T16:49:55.991Z] [DEBUG] Hits: de/macos/Utilities/top-free 3 app(s) found
[2026-09-15T16:49:56.771Z] [DEBUG] RSS ok: jp/macos/Business/top-free entries=100
[2026-09-15T16:50:06.774Z] [DEBUG] Hits: jp/macos/Business/top-free 3 app(s) found
[2026-09-15T16:50:07.614Z] [DEBUG] RSS ok: jp/macos/Productivity/top-free entries=99
[2026-09-15T16:50:17.620Z] [DEBUG] Hits: jp/macos/Productivity/top-free 2 app(s) found
[2026-09-15T16:50:18.391Z] [DEBUG] RSS ok: jp/macos/Utilities/top-free entries=100
[2026-09-15T16:50:28.397Z] [DEBUG] Hits: jp/macos/Utilities/top-free 4 app(s) found
[2026-09-15T16:50:29.619Z] [DEBUG] RSS ok: au/macos/Business/top-free entries=100
[2026-09-15T16:50:39.626Z] [DEBUG] Hits: au/macos/Business/top-free 3 app(s) found
[2026-09-15T16:50:40.565Z] [DEBUG] RSS ok: au/macos/Productivity/top-free entries=99
[2026-09-15T16:50:50.571Z] [DEBUG] Hits: au/macos/Productivity/top-free 4 app(s) found
[2026-09-15T16:50:50.571Z] [INFO] RSS progress: 20/60 (20 ok, 0 error, 66 points)
[2026-09-15T16:50:51.490Z] [DEBUG] RSS ok: au/macos/Utilities/top-free entries=100
[2026-09-15T16:51:01.497Z] [DEBUG] Hits: au/macos/Utilities/top-free 1 app(s) found
[2026-09-15T16:51:02.213Z] [DEBUG] RSS ok: es/macos/Business/top-free entries=99
[2026-09-15T16:51:12.219Z] [DEBUG] Hits: es/macos/Business/top-free 3 app(s) found
[2026-09-15T16:51:13.037Z] [DEBUG] RSS ok: es/macos/Productivity/top-free entries=99
[2026-09-15T16:51:23.044Z] [DEBUG] Hits: es/macos/Productivity/top-free 5 app(s) found
[2026-09-15T16:51:23.708Z] [DEBUG] RSS ok: es/macos/Utilities/top-free entries=100
[2026-09-15T16:51:33.715Z] [DEBUG] Hits: es/macos/Utilities/top-free 1 app(s) found
[2026-09-15T16:51:34.616Z] [DEBUG] RSS ok: it/macos/Business/top-free entries=100
[2026-09-15T16:51:44.622Z] [DEBUG] Hits: it/macos/Business/top-free 3 app(s) found
[2026-09-15T16:51:46.444Z] [DEBUG] RSS ok: it/macos/Productivity/top-free entries=99
[2026-09-15T16:51:56.451Z] [DEBUG] Hits: it/macos/Productivity/top-free 5 app(s) found
[2026-09-15T16:51:57.197Z] [DEBUG] RSS ok: it/macos/Utilities/top-free entries=100
[2026-09-15T16:52:07.204Z] [DEBUG] Hits: it/macos/Utilities/top-free 1 app(s) found
[2026-09-15T16:52:08.008Z] [DEBUG] RSS ok: pt/macos/Business/top-free entries=100
[2026-09-15T16:52:18.015Z] [DEBUG] Hits: pt/macos/Business/top-free 4 app(s) found
[2026-09-15T16:52:18.865Z] [DEBUG] RSS ok: pt/macos/Productivity/top-free entries=99
[2026-09-15T16:52:28.871Z] [DEBUG] Hits: pt/macos/Productivity/top-free 4 app(s) found
[2026-09-15T16:52:29.662Z] [DEBUG] RSS ok: pt/macos/Utilities/top-free entries=100
[2026-09-15T16:52:39.669Z] [INFO] RSS progress: 30/60 (30 ok, 0 error, 93 points)
[2026-09-15T16:52:40.907Z] [DEBUG] RSS ok: ch/macos/Business/top-free entries=99
[2026-09-15T16:52:50.913Z] [DEBUG] Hits: ch/macos/Business/top-free 3 app(s) found
[2026-09-15T16:52:51.800Z] [DEBUG] RSS ok: ch/macos/Productivity/top-free entries=99
[2026-09-15T16:53:01.806Z] [DEBUG] Hits: ch/macos/Productivity/top-free 3 app(s) found
[2026-09-15T16:53:02.653Z] [DEBUG] RSS ok: ch/macos/Utilities/top-free entries=100
[2026-09-15T16:53:12.658Z] [DEBUG] Hits: ch/macos/Utilities/top-free 2 app(s) found
[2026-09-15T16:53:14.200Z] [DEBUG] RSS ok: be/macos/Business/top-free entries=100
[2026-09-15T16:53:24.206Z] [DEBUG] Hits: be/macos/Business/top-free 4 app(s) found
[2026-09-15T16:53:25.227Z] [DEBUG] RSS ok: be/macos/Productivity/top-free entries=99
[2026-09-15T16:53:35.234Z] [DEBUG] Hits: be/macos/Productivity/top-free 5 app(s) found
[2026-09-15T16:53:36.187Z] [DEBUG] RSS ok: be/macos/Utilities/top-free entries=100
[2026-09-15T16:53:46.194Z] [DEBUG] Hits: be/macos/Utilities/top-free 1 app(s) found
[2026-09-15T16:53:46.984Z] [DEBUG] RSS ok: nl/macos/Business/top-free entries=100
[2026-09-15T16:53:56.990Z] [DEBUG] Hits: nl/macos/Business/top-free 1 app(s) found
[2026-09-15T16:53:57.740Z] [DEBUG] RSS ok: nl/macos/Productivity/top-free entries=99
[2026-09-15T16:54:07.746Z] [DEBUG] Hits: nl/macos/Productivity/top-free 4 app(s) found
[2026-09-15T16:54:08.773Z] [DEBUG] RSS ok: nl/macos/Utilities/top-free entries=100
[2026-09-15T16:54:18.775Z] [DEBUG] Hits: nl/macos/Utilities/top-free 1 app(s) found
[2026-09-15T16:54:19.494Z] [DEBUG] RSS ok: tw/macos/Business/top-free entries=100
[2026-09-15T16:54:29.500Z] [DEBUG] Hits: tw/macos/Business/top-free 2 app(s) found
[2026-09-15T16:54:29.501Z] [INFO] RSS progress: 40/60 (40 ok, 0 error, 119 points)
[2026-09-15T16:54:30.213Z] [DEBUG] RSS ok: tw/macos/Productivity/top-free entries=99
[2026-09-15T16:54:40.215Z] [DEBUG] Hits: tw/macos/Productivity/top-free 2 app(s) found
[2026-09-15T16:54:40.919Z] [DEBUG] RSS ok: tw/macos/Utilities/top-free entries=100
[2026-09-15T16:54:50.924Z] [DEBUG] Hits: tw/macos/Utilities/top-free 1 app(s) found
[2026-09-15T16:54:51.929Z] [DEBUG] RSS ok: hk/macos/Business/top-free entries=99
[2026-09-15T16:55:01.935Z] [DEBUG] Hits: hk/macos/Business/top-free 1 app(s) found
[2026-09-15T16:55:04.765Z] [DEBUG] RSS ok: hk/macos/Productivity/top-free entries=99
[2026-09-15T16:55:14.771Z] [DEBUG] Hits: hk/macos/Productivity/top-free 3 app(s) found
[2026-09-15T16:55:15.619Z] [DEBUG] RSS ok: hk/macos/Utilities/top-free entries=100
[2026-09-15T16:55:26.494Z] [DEBUG] RSS ok: nz/macos/Business/top-free entries=100
[2026-09-15T16:55:36.501Z] [DEBUG] Hits: nz/macos/Business/top-free 4 app(s) found
[2026-09-15T16:55:38.094Z] [DEBUG] RSS ok: nz/macos/Productivity/top-free entries=99
[2026-09-15T16:55:48.101Z] [DEBUG] Hits: nz/macos/Productivity/top-free 5 app(s) found
[2026-09-15T16:55:48.939Z] [DEBUG] RSS ok: nz/macos/Utilities/top-free entries=100
[2026-09-15T16:55:59.654Z] [DEBUG] RSS ok: sg/macos/Business/top-free entries=100
[2026-09-15T16:56:09.658Z] [DEBUG] Hits: sg/macos/Business/top-free 2 app(s) found
[2026-09-15T16:56:10.523Z] [DEBUG] RSS ok: sg/macos/Productivity/top-free entries=99
[2026-09-15T16:56:20.530Z] [DEBUG] Hits: sg/macos/Productivity/top-free 4 app(s) found
[2026-09-15T16:56:20.530Z] [INFO] RSS progress: 50/60 (50 ok, 0 error, 141 points)
[2026-09-15T16:56:22.188Z] [DEBUG] RSS ok: sg/macos/Utilities/top-free entries=100
[2026-09-15T16:56:32.194Z] [DEBUG] Hits: sg/macos/Utilities/top-free 1 app(s) found
[2026-09-15T16:56:33.143Z] [DEBUG] RSS ok: in/macos/Business/top-free entries=100
[2026-09-15T16:56:43.149Z] [DEBUG] Hits: in/macos/Business/top-free 3 app(s) found
[2026-09-15T16:56:44.013Z] [DEBUG] RSS ok: in/macos/Productivity/top-free entries=99
[2026-09-15T16:56:54.019Z] [DEBUG] Hits: in/macos/Productivity/top-free 2 app(s) found
[2026-09-15T16:56:54.855Z] [DEBUG] RSS ok: in/macos/Utilities/top-free entries=100
[2026-09-15T16:57:05.806Z] [DEBUG] RSS ok: za/macos/Business/top-free entries=100
[2026-09-15T16:57:15.812Z] [DEBUG] Hits: za/macos/Business/top-free 2 app(s) found
[2026-09-15T16:57:16.568Z] [DEBUG] RSS ok: za/macos/Productivity/top-free entries=99
[2026-09-15T16:57:26.574Z] [DEBUG] Hits: za/macos/Productivity/top-free 4 app(s) found
[2026-09-15T16:57:28.006Z] [DEBUG] RSS ok: za/macos/Utilities/top-free entries=100
[2026-09-15T16:57:38.013Z] [DEBUG] Hits: za/macos/Utilities/top-free 2 app(s) found
[2026-09-15T16:57:38.740Z] [DEBUG] RSS ok: br/macos/Business/top-free entries=100
[2026-09-15T16:57:48.747Z] [DEBUG] Hits: br/macos/Business/top-free 2 app(s) found
[2026-09-15T16:57:49.414Z] [DEBUG] RSS ok: br/macos/Productivity/top-free entries=99
[2026-09-15T16:57:59.420Z] [DEBUG] Hits: br/macos/Productivity/top-free 2 app(s) found
[2026-09-15T16:58:00.277Z] [DEBUG] RSS ok: br/macos/Utilities/top-free entries=100
[2026-09-15T16:58:10.283Z] [INFO] RSS progress: 60/60 (60 ok, 0 error, 160 points)
[2026-09-15T16:58:10.283Z] [INFO] RSS fetch done: 60 ok, 0 error, 160 points
[2026-09-15T16:58:10.283Z] [INFO] Platform max returned: macos = 100
[2026-09-15T16:58:10.283Z] [DEBUG] Hits: br/macos/Utilities/top-free 1 app(s) found
[2026-09-15T16:58:10.283Z] [INFO] RSS results: 60 ok, 0 error, 160 rank points
[2026-09-15T16:58:10.314Z] [INFO] Stored: 60 crawls, 160 points
[2026-09-15T16:58:10.348Z] [INFO] current.json written rows=23
[2026-09-15T16:58:10.349Z] [INFO] Current summary: on_chart=160, not_on_chart=300, depth_limited=0, crawl_error=0, total=460
[2026-09-15T16:58:10.349Z] [INFO] === Crawl complete === 658.5s
[2026-09-15T17:47:11.532Z] [INFO] === Crawl start === ts=2026-09-15T17:00:00Z
[2026-09-15T17:47:11.536Z] [INFO] Config loaded apps=4, platforms=macos, categories=Business,Productivity,Utilities
[2026-09-15T17:47:11.536Z] [INFO] App IDs to track: 23 our=4, competitors=19
[2026-09-15T17:47:11.538Z] [INFO] Lookup cached fetched_at=2026-09-15T00:47:11.192Z, 23 apps
[2026-09-15T17:47:11.539Z] [INFO] RSS requests: 60 countries=20, platforms=macos, categories=Business,Productivity,Utilities
[2026-09-15T17:47:11.539Z] [INFO] RSS fetch start: 60 requests, concurrency=1
[2026-09-15T17:47:12.486Z] [DEBUG] RSS ok: us/macos/Business/top-free entries=100
[2026-09-15T17:47:22.489Z] [DEBUG] Hits: us/macos/Business/top-free 3 app(s) found
[2026-09-15T17:47:23.105Z] [DEBUG] RSS ok: us/macos/Productivity/top-free entries=99
[2026-09-15T17:47:33.109Z] [DEBUG] Hits: us/macos/Productivity/top-free 6 app(s) found
[2026-09-15T17:47:33.710Z] [DEBUG] RSS ok: us/macos/Utilities/top-free entries=100
[2026-09-15T17:47:43.716Z] [DEBUG] Hits: us/macos/Utilities/top-free 1 app(s) found
[2026-09-15T17:47:44.357Z] [DEBUG] RSS ok: gb/macos/Business/top-free entries=100
[2026-09-15T17:47:54.363Z] [DEBUG] Hits: gb/macos/Business/top-free 3 app(s) found
[2026-09-15T17:47:55.119Z] [DEBUG] RSS ok: gb/macos/Productivity/top-free entries=99
[2026-09-15T17:48:05.125Z] [DEBUG] Hits: gb/macos/Productivity/top-free 5 app(s) found
[2026-09-15T17:48:05.947Z] [DEBUG] RSS ok: gb/macos/Utilities/top-free entries=100
[2026-09-15T17:48:15.953Z] [DEBUG] Hits: gb/macos/Utilities/top-free 3 app(s) found
[2026-09-15T17:48:16.549Z] [DEBUG] RSS ok: ca/macos/Business/top-free entries=100
[2026-09-15T17:48:26.555Z] [DEBUG] Hits: ca/macos/Business/top-free 4 app(s) found
[2026-09-15T17:48:27.293Z] [DEBUG] RSS ok: ca/macos/Productivity/top-free entries=99
[2026-09-15T17:48:37.298Z] [DEBUG] Hits: ca/macos/Productivity/top-free 5 app(s) found
[2026-09-15T17:48:38.049Z] [DEBUG] RSS ok: ca/macos/Utilities/top-free entries=100
[2026-09-15T17:48:48.053Z] [DEBUG] Hits: ca/macos/Utilities/top-free 1 app(s) found
[2026-09-15T17:48:48.780Z] [DEBUG] RSS ok: fr/macos/Business/top-free entries=99
[2026-09-15T17:48:58.787Z] [DEBUG] Hits: fr/macos/Business/top-free 3 app(s) found
[2026-09-15T17:48:58.787Z] [INFO] RSS progress: 10/60 (10 ok, 0 error, 34 points)
[2026-09-15T17:49:01.742Z] [DEBUG] RSS ok: fr/macos/Productivity/top-free entries=99
[2026-09-15T17:49:11.748Z] [DEBUG] Hits: fr/macos/Productivity/top-free 5 app(s) found
[2026-09-15T17:49:12.409Z] [DEBUG] RSS ok: fr/macos/Utilities/top-free entries=100
[2026-09-15T17:49:22.415Z] [DEBUG] Hits: fr/macos/Utilities/top-free 3 app(s) found
[2026-09-15T17:49:23.229Z] [DEBUG] RSS ok: de/macos/Business/top-free entries=100
[2026-09-15T17:49:35.714Z] [DEBUG] RSS ok: de/macos/Productivity/top-free entries=99
[2026-09-15T17:49:45.721Z] [DEBUG] Hits: de/macos/Productivity/top-free 5 app(s) found
[2026-09-15T17:49:46.375Z] [DEBUG] RSS ok: de/macos/Utilities/top-free entries=100
[2026-09-15T17:49:56.382Z] [DEBUG] Hits: de/macos/Utilities/top-free 3 app(s) found
[2026-09-15T17:49:57.107Z] [DEBUG] RSS ok: jp/macos/Business/top-free entries=100
[2026-09-15T17:50:07.109Z] [DEBUG] Hits: jp/macos/Business/top-free 3 app(s) found
[2026-09-15T17:50:07.927Z] [DEBUG] RSS ok: jp/macos/Productivity/top-free entries=99
[2026-09-15T17:50:17.934Z] [DEBUG] Hits: jp/macos/Productivity/top-free 2 app(s) found
[2026-09-15T17:50:18.712Z] [DEBUG] RSS ok: jp/macos/Utilities/top-free entries=100
[2026-09-15T17:50:28.718Z] [DEBUG] Hits: jp/macos/Utilities/top-free 4 app(s) found
[2026-09-15T17:50:29.492Z] [DEBUG] RSS ok: au/macos/Business/top-free entries=100
[2026-09-15T17:50:39.498Z] [DEBUG] Hits: au/macos/Business/top-free 3 app(s) found
[2026-09-15T17:50:40.369Z] [DEBUG] RSS ok: au/macos/Productivity/top-free entries=99
[2026-09-15T17:50:50.373Z] [DEBUG] Hits: au/macos/Productivity/top-free 4 app(s) found
[2026-09-15T17:50:50.373Z] [INFO] RSS progress: 20/60 (20 ok, 0 error, 66 points)
[2026-09-15T17:50:51.232Z] [DEBUG] RSS ok: au/macos/Utilities/top-free entries=100
[2026-09-15T17:51:01.239Z] [DEBUG] Hits: au/macos/Utilities/top-free 1 app(s) found
[2026-09-15T17:51:01.886Z] [DEBUG] RSS ok: es/macos/Business/top-free entries=99
[2026-09-15T17:51:11.887Z] [DEBUG] Hits: es/macos/Business/top-free 3 app(s) found
[2026-09-15T17:51:12.751Z] [DEBUG] RSS ok: es/macos/Productivity/top-free entries=99
[2026-09-15T17:51:22.758Z] [DEBUG] Hits: es/macos/Productivity/top-free 5 app(s) found
[2026-09-15T17:51:23.624Z] [DEBUG] RSS ok: es/macos/Utilities/top-free entries=100
[2026-09-15T17:51:33.631Z] [DEBUG] Hits: es/macos/Utilities/top-free 1 app(s) found
[2026-09-15T17:51:34.334Z] [DEBUG] RSS ok: it/macos/Business/top-free entries=100
[2026-09-15T17:51:44.341Z] [DEBUG] Hits: it/macos/Business/top-free 3 app(s) found
[2026-09-15T17:51:45.144Z] [DEBUG] RSS ok: it/macos/Productivity/top-free entries=99
[2026-09-15T17:51:55.151Z] [DEBUG] Hits: it/macos/Productivity/top-free 5 app(s) found
[2026-09-15T17:51:55.921Z] [DEBUG] RSS ok: it/macos/Utilities/top-free entries=100
[2026-09-15T17:52:05.927Z] [DEBUG] Hits: it/macos/Utilities/top-free 1 app(s) found
[2026-09-15T17:52:06.717Z] [DEBUG] RSS ok: pt/macos/Business/top-free entries=100
[2026-09-15T17:52:16.723Z] [DEBUG] Hits: pt/macos/Business/top-free 4 app(s) found
[2026-09-15T17:52:17.434Z] [DEBUG] RSS ok: pt/macos/Productivity/top-free entries=99
[2026-09-15T17:52:27.439Z] [DEBUG] Hits: pt/macos/Productivity/top-free 4 app(s) found
[2026-09-15T17:52:28.336Z] [DEBUG] RSS ok: pt/macos/Utilities/top-free entries=100
[2026-09-15T17:52:38.341Z] [INFO] RSS progress: 30/60 (30 ok, 0 error, 93 points)
[2026-09-15T17:52:39.032Z] [DEBUG] RSS ok: ch/macos/Business/top-free entries=99
[2026-09-15T17:52:49.039Z] [DEBUG] Hits: ch/macos/Business/top-free 3 app(s) found
[2026-09-15T17:52:49.842Z] [DEBUG] RSS ok: ch/macos/Productivity/top-free entries=99
[2026-09-15T17:52:59.848Z] [DEBUG] Hits: ch/macos/Productivity/top-free 3 app(s) found
[2026-09-15T17:53:00.515Z] [DEBUG] RSS ok: ch/macos/Utilities/top-free entries=100
[2026-09-15T17:53:10.522Z] [DEBUG] Hits: ch/macos/Utilities/top-free 2 app(s) found
[2026-09-15T17:53:11.266Z] [DEBUG] RSS ok: be/macos/Business/top-free entries=100
[2026-09-15T17:53:21.269Z] [DEBUG] Hits: be/macos/Business/top-free 4 app(s) found
[2026-09-15T17:53:22.186Z] [DEBUG] RSS ok: be/macos/Productivity/top-free entries=99
[2026-09-15T17:53:32.193Z] [DEBUG] Hits: be/macos/Productivity/top-free 5 app(s) found
[2026-09-15T17:53:32.993Z] [DEBUG] RSS ok: be/macos/Utilities/top-free entries=100
[2026-09-15T17:53:43.000Z] [DEBUG] Hits: be/macos/Utilities/top-free 1 app(s) found
[2026-09-15T17:53:43.644Z] [DEBUG] RSS ok: nl/macos/Business/top-free entries=100
[2026-09-15T17:53:53.650Z] [DEBUG] Hits: nl/macos/Business/top-free 1 app(s) found
[2026-09-15T17:53:54.516Z] [DEBUG] RSS ok: nl/macos/Productivity/top-free entries=99
[2026-09-15T17:54:04.523Z] [DEBUG] Hits: nl/macos/Productivity/top-free 4 app(s) found
[2026-09-15T17:54:05.288Z] [DEBUG] RSS ok: nl/macos/Utilities/top-free entries=100
[2026-09-15T17:54:15.295Z] [DEBUG] Hits: nl/macos/Utilities/top-free 1 app(s) found
[2026-09-15T17:54:16.123Z] [DEBUG] RSS ok: tw/macos/Business/top-free entries=100
[2026-09-15T17:54:26.128Z] [DEBUG] Hits: tw/macos/Business/top-free 2 app(s) found
[2026-09-15T17:54:26.128Z] [INFO] RSS progress: 40/60 (40 ok, 0 error, 119 points)
[2026-09-15T17:54:26.897Z] [DEBUG] RSS ok: tw/macos/Productivity/top-free entries=99
[2026-09-15T17:54:36.903Z] [DEBUG] Hits: tw/macos/Productivity/top-free 2 app(s) found
[2026-09-15T17:54:37.744Z] [DEBUG] RSS ok: tw/macos/Utilities/top-free entries=100
[2026-09-15T17:54:47.750Z] [DEBUG] Hits: tw/macos/Utilities/top-free 1 app(s) found
[2026-09-15T17:54:48.604Z] [DEBUG] RSS ok: hk/macos/Business/top-free entries=99
[2026-09-15T17:54:58.610Z] [DEBUG] Hits: hk/macos/Business/top-free 1 app(s) found
[2026-09-15T17:54:59.316Z] [DEBUG] RSS ok: hk/macos/Productivity/top-free entries=99
[2026-09-15T17:55:09.322Z] [DEBUG] Hits: hk/macos/Productivity/top-free 3 app(s) found
[2026-09-15T17:55:10.115Z] [DEBUG] RSS ok: hk/macos/Utilities/top-free entries=100
[2026-09-15T17:55:20.954Z] [DEBUG] RSS ok: nz/macos/Business/top-free entries=100
[2026-09-15T17:55:30.961Z] [DEBUG] Hits: nz/macos/Business/top-free 4 app(s) found
[2026-09-15T17:55:31.580Z] [DEBUG] RSS ok: nz/macos/Productivity/top-free entries=99
[2026-09-15T17:55:41.587Z] [DEBUG] Hits: nz/macos/Productivity/top-free 5 app(s) found
[2026-09-15T17:55:42.261Z] [DEBUG] RSS ok: nz/macos/Utilities/top-free entries=100
[2026-09-15T17:55:53.120Z] [DEBUG] RSS ok: sg/macos/Business/top-free entries=100
[2026-09-15T17:56:03.125Z] [DEBUG] Hits: sg/macos/Business/top-free 2 app(s) found
[2026-09-15T17:56:03.783Z] [DEBUG] RSS ok: sg/macos/Productivity/top-free entries=99
[2026-09-15T17:56:13.790Z] [DEBUG] Hits: sg/macos/Productivity/top-free 4 app(s) found
[2026-09-15T17:56:13.790Z] [INFO] RSS progress: 50/60 (50 ok, 0 error, 141 points)
[2026-09-15T17:56:14.646Z] [DEBUG] RSS ok: sg/macos/Utilities/top-free entries=100
[2026-09-15T17:56:24.652Z] [DEBUG] Hits: sg/macos/Utilities/top-free 1 app(s) found
[2026-09-15T17:56:25.295Z] [DEBUG] RSS ok: in/macos/Business/top-free entries=100
[2026-09-15T17:56:35.302Z] [DEBUG] Hits: in/macos/Business/top-free 3 app(s) found
[2026-09-15T17:56:36.097Z] [DEBUG] RSS ok: in/macos/Productivity/top-free entries=99
[2026-09-15T17:56:46.102Z] [DEBUG] Hits: in/macos/Productivity/top-free 2 app(s) found
[2026-09-15T17:56:46.782Z] [DEBUG] RSS ok: in/macos/Utilities/top-free entries=100
[2026-09-15T17:56:57.566Z] [DEBUG] RSS ok: za/macos/Business/top-free entries=100
[2026-09-15T17:57:07.573Z] [DEBUG] Hits: za/macos/Business/top-free 2 app(s) found
[2026-09-15T17:57:08.214Z] [DEBUG] RSS ok: za/macos/Productivity/top-free entries=99
[2026-09-15T17:57:18.220Z] [DEBUG] Hits: za/macos/Productivity/top-free 4 app(s) found
[2026-09-15T17:57:19.133Z] [DEBUG] RSS ok: za/macos/Utilities/top-free entries=100
[2026-09-15T17:57:29.140Z] [DEBUG] Hits: za/macos/Utilities/top-free 2 app(s) found
[2026-09-15T17:57:29.887Z] [DEBUG] RSS ok: br/macos/Business/top-free entries=100
[2026-09-15T17:57:39.893Z] [DEBUG] Hits: br/macos/Business/top-free 2 app(s) found
[2026-09-15T17:57:40.593Z] [DEBUG] RSS ok: br/macos/Productivity/top-free entries=99
[2026-09-15T17:57:50.599Z] [DEBUG] Hits: br/macos/Productivity/top-free 2 app(s) found
[2026-09-15T17:57:51.360Z] [DEBUG] RSS ok: br/macos/Utilities/top-free entries=100
[2026-09-15T17:58:01.366Z] [DEBUG] Hits: br/macos/Utilities/top-free 1 app(s) found
[2026-09-15T17:58:01.366Z] [INFO] RSS progress: 60/60 (60 ok, 0 error, 160 points)
[2026-09-15T17:58:01.366Z] [INFO] RSS fetch done: 60 ok, 0 error, 160 points
[2026-09-15T17:58:01.366Z] [INFO] Platform max returned: macos = 100
[2026-09-15T17:58:01.366Z] [INFO] RSS results: 60 ok, 0 error, 160 rank points
[2026-09-15T17:58:01.407Z] [INFO] Stored: 60 crawls, 160 points
[2026-09-15T17:58:01.428Z] [INFO] current.json written rows=23
[2026-09-15T17:58:01.429Z] [INFO] Current summary: on_chart=160, not_on_chart=300, depth_limited=0, crawl_error=0, total=460
[2026-09-15T17:58:01.429Z] [INFO] === Crawl complete === 649.9s
[2026-09-15T18:47:12.901Z] [INFO] === Crawl start === ts=2026-09-15T18:00:00Z
[2026-09-15T18:47:12.903Z] [INFO] Config loaded apps=4, platforms=macos, categories=Business,Productivity,Utilities
[2026-09-15T18:47:12.903Z] [INFO] App IDs to track: 23 our=4, competitors=19
[2026-09-15T18:47:12.905Z] [INFO] Lookup cached fetched_at=2026-09-15T00:47:11.192Z, 23 apps
[2026-09-15T18:47:12.905Z] [INFO] RSS requests: 60 countries=20, platforms=macos, categories=Business,Productivity,Utilities
[2026-09-15T18:47:12.906Z] [INFO] RSS fetch start: 60 requests, concurrency=1
[2026-09-15T18:47:14.125Z] [DEBUG] RSS ok: us/macos/Business/top-free entries=100
[2026-09-15T18:47:24.129Z] [DEBUG] Hits: us/macos/Business/top-free 3 app(s) found
[2026-09-15T18:47:25.037Z] [DEBUG] RSS ok: us/macos/Productivity/top-free entries=99
[2026-09-15T18:47:35.043Z] [DEBUG] Hits: us/macos/Productivity/top-free 6 app(s) found
[2026-09-15T18:47:35.932Z] [DEBUG] RSS ok: us/macos/Utilities/top-free entries=100
[2026-09-15T18:47:45.938Z] [DEBUG] Hits: us/macos/Utilities/top-free 1 app(s) found
[2026-09-15T18:47:47.183Z] [DEBUG] RSS ok: gb/macos/Business/top-free entries=100
[2026-09-15T18:47:57.186Z] [DEBUG] Hits: gb/macos/Business/top-free 3 app(s) found
[2026-09-15T18:47:58.016Z] [DEBUG] RSS ok: gb/macos/Productivity/top-free entries=99
[2026-09-15T18:48:08.021Z] [DEBUG] Hits: gb/macos/Productivity/top-free 5 app(s) found
[2026-09-15T18:48:08.798Z] [DEBUG] RSS ok: gb/macos/Utilities/top-free entries=100
[2026-09-15T18:48:18.805Z] [DEBUG] Hits: gb/macos/Utilities/top-free 3 app(s) found
[2026-09-15T18:48:19.673Z] [DEBUG] RSS ok: ca/macos/Business/top-free entries=100
[2026-09-15T18:48:29.678Z] [DEBUG] Hits: ca/macos/Business/top-free 4 app(s) found
[2026-09-15T18:48:30.759Z] [DEBUG] RSS ok: ca/macos/Productivity/top-free entries=99
[2026-09-15T18:48:40.766Z] [DEBUG] Hits: ca/macos/Productivity/top-free 5 app(s) found
[2026-09-15T18:48:41.675Z] [DEBUG] RSS ok: ca/macos/Utilities/top-free entries=100
[2026-09-15T18:48:51.681Z] [DEBUG] Hits: ca/macos/Utilities/top-free 1 app(s) found
[2026-09-15T18:48:52.693Z] [DEBUG] RSS ok: fr/macos/Business/top-free entries=99
[2026-09-15T18:49:02.699Z] [DEBUG] Hits: fr/macos/Business/top-free 3 app(s) found
[2026-09-15T18:49:02.700Z] [INFO] RSS progress: 10/60 (10 ok, 0 error, 34 points)
[2026-09-15T18:49:03.623Z] [DEBUG] RSS ok: fr/macos/Productivity/top-free entries=99
[2026-09-15T18:49:13.626Z] [DEBUG] Hits: fr/macos/Productivity/top-free 5 app(s) found
[2026-09-15T18:49:14.544Z] [DEBUG] RSS ok: fr/macos/Utilities/top-free entries=100
[2026-09-15T18:49:24.549Z] [DEBUG] Hits: fr/macos/Utilities/top-free 3 app(s) found
[2026-09-15T18:49:25.531Z] [DEBUG] RSS ok: de/macos/Business/top-free entries=100
[2026-09-15T18:49:36.300Z] [DEBUG] RSS ok: de/macos/Productivity/top-free entries=99
[2026-09-15T18:49:46.306Z] [DEBUG] Hits: de/macos/Productivity/top-free 5 app(s) found
[2026-09-15T18:49:47.191Z] [DEBUG] RSS ok: de/macos/Utilities/top-free entries=100
[2026-09-15T18:49:57.197Z] [DEBUG] Hits: de/macos/Utilities/top-free 3 app(s) found
[2026-09-15T18:49:58.083Z] [DEBUG] RSS ok: jp/macos/Business/top-free entries=100
[2026-09-15T18:50:08.089Z] [DEBUG] Hits: jp/macos/Business/top-free 3 app(s) found
[2026-09-15T18:50:09.157Z] [DEBUG] RSS ok: jp/macos/Productivity/top-free entries=99
[2026-09-15T18:50:19.162Z] [DEBUG] Hits: jp/macos/Productivity/top-free 2 app(s) found
[2026-09-15T18:50:20.153Z] [DEBUG] RSS ok: jp/macos/Utilities/top-free entries=100
[2026-09-15T18:50:30.158Z] [DEBUG] Hits: jp/macos/Utilities/top-free 4 app(s) found
[2026-09-15T18:50:31.287Z] [DEBUG] RSS ok: au/macos/Business/top-free entries=100
[2026-09-15T18:50:41.291Z] [DEBUG] Hits: au/macos/Business/top-free 3 app(s) found
[2026-09-15T18:50:42.137Z] [DEBUG] RSS ok: au/macos/Productivity/top-free entries=99
[2026-09-15T18:50:52.144Z] [DEBUG] Hits: au/macos/Productivity/top-free 4 app(s) found
[2026-09-15T18:50:52.144Z] [INFO] RSS progress: 20/60 (20 ok, 0 error, 66 points)
[2026-09-15T18:50:53.206Z] [DEBUG] RSS ok: au/macos/Utilities/top-free entries=100
[2026-09-15T18:51:03.212Z] [DEBUG] Hits: au/macos/Utilities/top-free 1 app(s) found
[2026-09-15T18:51:04.089Z] [DEBUG] RSS ok: es/macos/Business/top-free entries=99
[2026-09-15T18:51:14.096Z] [DEBUG] Hits: es/macos/Business/top-free 3 app(s) found
[2026-09-15T18:51:15.034Z] [DEBUG] RSS ok: es/macos/Productivity/top-free entries=99
[2026-09-15T18:51:25.041Z] [DEBUG] Hits: es/macos/Productivity/top-free 5 app(s) found
[2026-09-15T18:51:25.870Z] [DEBUG] RSS ok: es/macos/Utilities/top-free entries=100
[2026-09-15T18:51:35.877Z] [DEBUG] Hits: es/macos/Utilities/top-free 1 app(s) found
[2026-09-15T18:51:36.783Z] [DEBUG] RSS ok: it/macos/Business/top-free entries=100
[2026-09-15T18:51:46.789Z] [DEBUG] Hits: it/macos/Business/top-free 3 app(s) found
[2026-09-15T18:51:48.258Z] [DEBUG] RSS ok: it/macos/Productivity/top-free entries=99
[2026-09-15T18:51:58.262Z] [DEBUG] Hits: it/macos/Productivity/top-free 5 app(s) found
[2026-09-15T18:51:59.338Z] [DEBUG] RSS ok: it/macos/Utilities/top-free entries=100
[2026-09-15T18:52:09.345Z] [DEBUG] Hits: it/macos/Utilities/top-free 1 app(s) found
[2026-09-15T18:52:10.560Z] [DEBUG] RSS ok: pt/macos/Business/top-free entries=100
[2026-09-15T18:52:20.566Z] [DEBUG] Hits: pt/macos/Business/top-free 4 app(s) found
[2026-09-15T18:52:21.346Z] [DEBUG] RSS ok: pt/macos/Productivity/top-free entries=99
[2026-09-15T18:52:31.353Z] [DEBUG] Hits: pt/macos/Productivity/top-free 4 app(s) found
[2026-09-15T18:52:32.285Z] [DEBUG] RSS ok: pt/macos/Utilities/top-free entries=100
[2026-09-15T18:52:42.290Z] [INFO] RSS progress: 30/60 (30 ok, 0 error, 93 points)
[2026-09-15T18:52:43.256Z] [DEBUG] RSS ok: ch/macos/Business/top-free entries=99
[2026-09-15T18:52:53.258Z] [DEBUG] Hits: ch/macos/Business/top-free 3 app(s) found
[2026-09-15T18:52:54.169Z] [DEBUG] RSS ok: ch/macos/Productivity/top-free entries=99
[2026-09-15T18:53:04.176Z] [DEBUG] Hits: ch/macos/Productivity/top-free 3 app(s) found
[2026-09-15T18:53:05.223Z] [DEBUG] RSS ok: ch/macos/Utilities/top-free entries=100
[2026-09-15T18:53:15.230Z] [DEBUG] Hits: ch/macos/Utilities/top-free 2 app(s) found
[2026-09-15T18:53:16.076Z] [DEBUG] RSS ok: be/macos/Business/top-free entries=100
[2026-09-15T18:53:26.083Z] [DEBUG] Hits: be/macos/Business/top-free 4 app(s) found
[2026-09-15T18:53:27.223Z] [DEBUG] RSS ok: be/macos/Productivity/top-free entries=99
[2026-09-15T18:53:37.229Z] [DEBUG] Hits: be/macos/Productivity/top-free 5 app(s) found
[2026-09-15T18:53:38.043Z] [DEBUG] RSS ok: be/macos/Utilities/top-free entries=100
[2026-09-15T18:53:48.050Z] [DEBUG] Hits: be/macos/Utilities/top-free 1 app(s) found
[2026-09-15T18:53:48.847Z] [DEBUG] RSS ok: nl/macos/Business/top-free entries=100
[2026-09-15T18:53:58.853Z] [DEBUG] Hits: nl/macos/Business/top-free 1 app(s) found
[2026-09-15T18:53:59.653Z] [DEBUG] RSS ok: nl/macos/Productivity/top-free entries=99
[2026-09-15T18:54:09.660Z] [DEBUG] Hits: nl/macos/Productivity/top-free 4 app(s) found
[2026-09-15T18:54:10.616Z] [DEBUG] RSS ok: nl/macos/Utilities/top-free entries=100
[2026-09-15T18:54:20.622Z] [DEBUG] Hits: nl/macos/Utilities/top-free 1 app(s) found
[2026-09-15T18:54:21.343Z] [DEBUG] RSS ok: tw/macos/Business/top-free entries=100
[2026-09-15T18:54:31.349Z] [DEBUG] Hits: tw/macos/Business/top-free 2 app(s) found
[2026-09-15T18:54:31.349Z] [INFO] RSS progress: 40/60 (40 ok, 0 error, 119 points)
[2026-09-15T18:54:32.464Z] [DEBUG] RSS ok: tw/macos/Productivity/top-free entries=99
[2026-09-15T18:54:42.467Z] [DEBUG] Hits: tw/macos/Productivity/top-free 2 app(s) found
[2026-09-15T18:54:43.302Z] [DEBUG] RSS ok: tw/macos/Utilities/top-free entries=100
[2026-09-15T18:54:53.308Z] [DEBUG] Hits: tw/macos/Utilities/top-free 1 app(s) found
[2026-09-15T18:54:54.145Z] [DEBUG] RSS ok: hk/macos/Business/top-free entries=99
[2026-09-15T18:55:04.146Z] [DEBUG] Hits: hk/macos/Business/top-free 1 app(s) found
[2026-09-15T18:55:05.020Z] [DEBUG] RSS ok: hk/macos/Productivity/top-free entries=99
[2026-09-15T18:55:15.027Z] [DEBUG] Hits: hk/macos/Productivity/top-free 3 app(s) found
[2026-09-15T18:55:15.858Z] [DEBUG] RSS ok: hk/macos/Utilities/top-free entries=100
[2026-09-15T18:55:26.909Z] [DEBUG] RSS ok: nz/macos/Business/top-free entries=100
[2026-09-15T18:55:36.915Z] [DEBUG] Hits: nz/macos/Business/top-free 4 app(s) found
[2026-09-15T18:55:38.043Z] [DEBUG] RSS ok: nz/macos/Productivity/top-free entries=99
[2026-09-15T18:55:48.049Z] [DEBUG] Hits: nz/macos/Productivity/top-free 5 app(s) found
[2026-09-15T18:55:49.286Z] [DEBUG] RSS ok: nz/macos/Utilities/top-free entries=100
[2026-09-15T18:56:00.256Z] [DEBUG] RSS ok: sg/macos/Business/top-free entries=100
[2026-09-15T18:56:10.262Z] [DEBUG] Hits: sg/macos/Business/top-free 2 app(s) found
[2026-09-15T18:56:11.055Z] [DEBUG] RSS ok: sg/macos/Productivity/top-free entries=99
[2026-09-15T18:56:21.062Z] [DEBUG] Hits: sg/macos/Productivity/top-free 4 app(s) found
[2026-09-15T18:56:21.062Z] [INFO] RSS progress: 50/60 (50 ok, 0 error, 141 points)
[2026-09-15T18:56:21.893Z] [DEBUG] RSS ok: sg/macos/Utilities/top-free entries=100
[2026-09-15T18:56:31.899Z] [DEBUG] Hits: sg/macos/Utilities/top-free 1 app(s) found
[2026-09-15T18:56:32.893Z] [DEBUG] RSS ok: in/macos/Business/top-free entries=100
[2026-09-15T18:56:42.899Z] [DEBUG] Hits: in/macos/Business/top-free 3 app(s) found
[2026-09-15T18:56:43.798Z] [DEBUG] RSS ok: in/macos/Productivity/top-free entries=99
[2026-09-15T18:56:53.804Z] [DEBUG] Hits: in/macos/Productivity/top-free 2 app(s) found
[2026-09-15T18:56:54.636Z] [DEBUG] RSS ok: in/macos/Utilities/top-free entries=100
[2026-09-15T18:57:05.837Z] [DEBUG] RSS ok: za/macos/Business/top-free entries=100
[2026-09-15T18:57:15.844Z] [DEBUG] Hits: za/macos/Business/top-free 2 app(s) found
[2026-09-15T18:57:16.778Z] [DEBUG] RSS ok: za/macos/Productivity/top-free entries=99
[2026-09-15T18:57:26.784Z] [DEBUG] Hits: za/macos/Productivity/top-free 4 app(s) found
[2026-09-15T18:57:27.823Z] [DEBUG] RSS ok: za/macos/Utilities/top-free entries=100
[2026-09-15T18:57:37.829Z] [DEBUG] Hits: za/macos/Utilities/top-free 2 app(s) found
[2026-09-15T18:57:38.754Z] [DEBUG] RSS ok: br/macos/Business/top-free entries=100
[2026-09-15T18:57:48.761Z] [DEBUG] Hits: br/macos/Business/top-free 2 app(s) found
[2026-09-15T18:57:49.708Z] [DEBUG] RSS ok: br/macos/Productivity/top-free entries=99
[2026-09-15T18:57:59.714Z] [DEBUG] Hits: br/macos/Productivity/top-free 2 app(s) found
[2026-09-15T18:58:00.499Z] [DEBUG] RSS ok: br/macos/Utilities/top-free entries=100
[2026-09-15T18:58:10.504Z] [INFO] RSS progress: 60/60 (60 ok, 0 error, 160 points)
[2026-09-15T18:58:10.504Z] [DEBUG] Hits: br/macos/Utilities/top-free 1 app(s) found
[2026-09-15T18:58:10.505Z] [INFO] RSS fetch done: 60 ok, 0 error, 160 points
[2026-09-15T18:58:10.505Z] [INFO] Platform max returned: macos = 100
[2026-09-15T18:58:10.505Z] [INFO] RSS results: 60 ok, 0 error, 160 rank points
[2026-09-15T18:58:10.523Z] [INFO] Stored: 60 crawls, 160 points
[2026-09-15T18:58:10.543Z] [INFO] current.json written rows=23
[2026-09-15T18:58:10.544Z] [INFO] Current summary: on_chart=160, not_on_chart=300, depth_limited=0, crawl_error=0, total=460
[2026-09-15T18:58:10.544Z] [INFO] === Crawl complete === 657.6s
[2026-09-15T19:47:18.586Z] [INFO] === Crawl start === ts=2026-09-15T19:00:00Z
[2026-09-15T19:47:18.589Z] [INFO] Config loaded apps=4, platforms=macos, categories=Business,Productivity,Utilities
[2026-09-15T19:47:18.589Z] [INFO] App IDs to track: 23 our=4, competitors=19
[2026-09-15T19:47:18.590Z] [INFO] Lookup cached fetched_at=2026-09-15T00:47:11.192Z, 23 apps
[2026-09-15T19:47:18.591Z] [INFO] RSS requests: 60 countries=20, platforms=macos, categories=Business,Productivity,Utilities
[2026-09-15T19:47:18.591Z] [INFO] RSS fetch start: 60 requests, concurrency=1
[2026-09-15T19:47:20.301Z] [DEBUG] RSS ok: us/macos/Business/top-free entries=100
[2026-09-15T19:47:30.305Z] [DEBUG] Hits: us/macos/Business/top-free 3 app(s) found
[2026-09-15T19:47:31.116Z] [DEBUG] RSS ok: us/macos/Productivity/top-free entries=99
[2026-09-15T19:47:41.122Z] [DEBUG] Hits: us/macos/Productivity/top-free 6 app(s) found
[2026-09-15T19:47:41.924Z] [DEBUG] RSS ok: us/macos/Utilities/top-free entries=100
[2026-09-15T19:47:51.931Z] [DEBUG] Hits: us/macos/Utilities/top-free 1 app(s) found
[2026-09-15T19:47:52.882Z] [DEBUG] RSS ok: gb/macos/Business/top-free entries=100
[2026-09-15T19:48:02.888Z] [DEBUG] Hits: gb/macos/Business/top-free 3 app(s) found
[2026-09-15T19:48:03.729Z] [DEBUG] RSS ok: gb/macos/Productivity/top-free entries=99
[2026-09-15T19:48:13.736Z] [DEBUG] Hits: gb/macos/Productivity/top-free 5 app(s) found
[2026-09-15T19:48:14.610Z] [DEBUG] RSS ok: gb/macos/Utilities/top-free entries=100
[2026-09-15T19:48:24.616Z] [DEBUG] Hits: gb/macos/Utilities/top-free 3 app(s) found
[2026-09-15T19:48:25.430Z] [DEBUG] RSS ok: ca/macos/Business/top-free entries=100
[2026-09-15T19:48:35.437Z] [DEBUG] Hits: ca/macos/Business/top-free 4 app(s) found
[2026-09-15T19:48:36.288Z] [DEBUG] RSS ok: ca/macos/Productivity/top-free entries=99
[2026-09-15T19:48:46.288Z] [DEBUG] Hits: ca/macos/Productivity/top-free 5 app(s) found
[2026-09-15T19:48:47.179Z] [DEBUG] RSS ok: ca/macos/Utilities/top-free entries=100
[2026-09-15T19:48:57.184Z] [DEBUG] Hits: ca/macos/Utilities/top-free 1 app(s) found
[2026-09-15T19:48:57.986Z] [DEBUG] RSS ok: fr/macos/Business/top-free entries=99
[2026-09-15T19:49:07.992Z] [DEBUG] Hits: fr/macos/Business/top-free 3 app(s) found
[2026-09-15T19:49:07.993Z] [INFO] RSS progress: 10/60 (10 ok, 0 error, 34 points)
[2026-09-15T19:49:08.831Z] [DEBUG] RSS ok: fr/macos/Productivity/top-free entries=99
[2026-09-15T19:49:18.838Z] [DEBUG] Hits: fr/macos/Productivity/top-free 5 app(s) found
[2026-09-15T19:49:19.881Z] [DEBUG] RSS ok: fr/macos/Utilities/top-free entries=100
[2026-09-15T19:49:29.888Z] [DEBUG] Hits: fr/macos/Utilities/top-free 2 app(s) found
[2026-09-15T19:49:30.775Z] [DEBUG] RSS ok: de/macos/Business/top-free entries=99
[2026-09-15T19:49:41.574Z] [DEBUG] RSS ok: de/macos/Productivity/top-free entries=99
[2026-09-15T19:49:51.581Z] [DEBUG] Hits: de/macos/Productivity/top-free 5 app(s) found
[2026-09-15T19:49:52.588Z] [DEBUG] RSS ok: de/macos/Utilities/top-free entries=100
[2026-09-15T19:50:02.594Z] [DEBUG] Hits: de/macos/Utilities/top-free 2 app(s) found
[2026-09-15T19:50:03.520Z] [DEBUG] RSS ok: jp/macos/Business/top-free entries=100
[2026-09-15T19:50:13.527Z] [DEBUG] Hits: jp/macos/Business/top-free 3 app(s) found
[2026-09-15T19:50:14.469Z] [DEBUG] RSS ok: jp/macos/Productivity/top-free entries=99
[2026-09-15T19:50:24.475Z] [DEBUG] Hits: jp/macos/Productivity/top-free 2 app(s) found
[2026-09-15T19:50:25.398Z] [DEBUG] RSS ok: jp/macos/Utilities/top-free entries=100
[2026-09-15T19:50:35.404Z] [DEBUG] Hits: jp/macos/Utilities/top-free 4 app(s) found
[2026-09-15T19:50:36.165Z] [DEBUG] RSS ok: au/macos/Business/top-free entries=100
[2026-09-15T19:50:46.172Z] [DEBUG] Hits: au/macos/Business/top-free 3 app(s) found
[2026-09-15T19:50:47.033Z] [DEBUG] RSS ok: au/macos/Productivity/top-free entries=99
[2026-09-15T19:50:57.039Z] [DEBUG] Hits: au/macos/Productivity/top-free 4 app(s) found
[2026-09-15T19:50:57.039Z] [INFO] RSS progress: 20/60 (20 ok, 0 error, 64 points)
[2026-09-15T19:50:57.882Z] [DEBUG] RSS ok: au/macos/Utilities/top-free entries=100
[2026-09-15T19:51:07.888Z] [DEBUG] Hits: au/macos/Utilities/top-free 1 app(s) found
[2026-09-15T19:51:08.715Z] [DEBUG] RSS ok: es/macos/Business/top-free entries=99
[2026-09-15T19:51:18.720Z] [DEBUG] Hits: es/macos/Business/top-free 3 app(s) found
[2026-09-15T19:51:19.539Z] [DEBUG] RSS ok: es/macos/Productivity/top-free entries=99
[2026-09-15T19:51:29.546Z] [DEBUG] Hits: es/macos/Productivity/top-free 5 app(s) found
[2026-09-15T19:51:30.620Z] [DEBUG] RSS ok: es/macos/Utilities/top-free entries=100
[2026-09-15T19:51:40.626Z] [DEBUG] Hits: es/macos/Utilities/top-free 1 app(s) found
[2026-09-15T19:51:41.538Z] [DEBUG] RSS ok: it/macos/Business/top-free entries=99
[2026-09-15T19:51:51.544Z] [DEBUG] Hits: it/macos/Business/top-free 3 app(s) found
[2026-09-15T19:51:52.479Z] [DEBUG] RSS ok: it/macos/Productivity/top-free entries=99
[2026-09-15T19:52:02.485Z] [DEBUG] Hits: it/macos/Productivity/top-free 4 app(s) found
[2026-09-15T19:52:03.483Z] [DEBUG] RSS ok: it/macos/Utilities/top-free entries=100
[2026-09-15T19:52:13.490Z] [DEBUG] Hits: it/macos/Utilities/top-free 1 app(s) found
[2026-09-15T19:52:14.464Z] [DEBUG] RSS ok: pt/macos/Business/top-free entries=100
[2026-09-15T19:52:24.471Z] [DEBUG] Hits: pt/macos/Business/top-free 4 app(s) found
[2026-09-15T19:52:25.350Z] [DEBUG] RSS ok: pt/macos/Productivity/top-free entries=99
[2026-09-15T19:52:35.356Z] [DEBUG] Hits: pt/macos/Productivity/top-free 4 app(s) found
[2026-09-15T19:52:36.266Z] [DEBUG] RSS ok: pt/macos/Utilities/top-free entries=100
[2026-09-15T19:52:46.272Z] [INFO] RSS progress: 30/60 (30 ok, 0 error, 90 points)
[2026-09-15T19:52:47.142Z] [DEBUG] RSS ok: ch/macos/Business/top-free entries=100
[2026-09-15T19:52:57.148Z] [DEBUG] Hits: ch/macos/Business/top-free 3 app(s) found
[2026-09-15T19:52:58.049Z] [DEBUG] RSS ok: ch/macos/Productivity/top-free entries=99
[2026-09-15T19:53:08.055Z] [DEBUG] Hits: ch/macos/Productivity/top-free 3 app(s) found
[2026-09-15T19:53:08.818Z] [DEBUG] RSS ok: ch/macos/Utilities/top-free entries=100
[2026-09-15T19:53:18.824Z] [DEBUG] Hits: ch/macos/Utilities/top-free 2 app(s) found
[2026-09-15T19:53:19.788Z] [DEBUG] RSS ok: be/macos/Business/top-free entries=100
[2026-09-15T19:53:29.789Z] [DEBUG] Hits: be/macos/Business/top-free 4 app(s) found
[2026-09-15T19:53:30.580Z] [DEBUG] RSS ok: be/macos/Productivity/top-free entries=99
[2026-09-15T19:53:40.587Z] [DEBUG] Hits: be/macos/Productivity/top-free 5 app(s) found
[2026-09-15T19:53:41.501Z] [DEBUG] RSS ok: be/macos/Utilities/top-free entries=100
[2026-09-15T19:53:51.502Z] [DEBUG] Hits: be/macos/Utilities/top-free 2 app(s) found
[2026-09-15T19:53:52.175Z] [DEBUG] RSS ok: nl/macos/Business/top-free entries=100
[2026-09-15T19:54:02.182Z] [DEBUG] Hits: nl/macos/Business/top-free 1 app(s) found
[2026-09-15T19:54:02.927Z] [DEBUG] RSS ok: nl/macos/Productivity/top-free entries=99
[2026-09-15T19:54:12.934Z] [DEBUG] Hits: nl/macos/Productivity/top-free 4 app(s) found
[2026-09-15T19:54:13.817Z] [DEBUG] RSS ok: nl/macos/Utilities/top-free entries=100
[2026-09-15T19:54:23.818Z] [DEBUG] Hits: nl/macos/Utilities/top-free 1 app(s) found
[2026-09-15T19:54:24.714Z] [DEBUG] RSS ok: tw/macos/Business/top-free entries=100
[2026-09-15T19:54:34.720Z] [DEBUG] Hits: tw/macos/Business/top-free 2 app(s) found
[2026-09-15T19:54:34.720Z] [INFO] RSS progress: 40/60 (40 ok, 0 error, 117 points)
[2026-09-15T19:54:35.650Z] [DEBUG] RSS ok: tw/macos/Productivity/top-free entries=99
[2026-09-15T19:54:45.656Z] [DEBUG] Hits: tw/macos/Productivity/top-free 1 app(s) found
[2026-09-15T19:54:46.542Z] [DEBUG] RSS ok: tw/macos/Utilities/top-free entries=100
[2026-09-15T19:54:56.549Z] [DEBUG] Hits: tw/macos/Utilities/top-free 1 app(s) found
[2026-09-15T19:54:57.482Z] [DEBUG] RSS ok: hk/macos/Business/top-free entries=99
[2026-09-15T19:55:07.487Z] [DEBUG] Hits: hk/macos/Business/top-free 1 app(s) found
[2026-09-15T19:55:08.373Z] [DEBUG] RSS ok: hk/macos/Productivity/top-free entries=99
[2026-09-15T19:55:18.380Z] [DEBUG] Hits: hk/macos/Productivity/top-free 3 app(s) found
[2026-09-15T19:55:19.090Z] [DEBUG] RSS ok: hk/macos/Utilities/top-free entries=100
[2026-09-15T19:55:30.124Z] [DEBUG] RSS ok: nz/macos/Business/top-free entries=100
[2026-09-15T19:55:40.130Z] [DEBUG] Hits: nz/macos/Business/top-free 4 app(s) found
[2026-09-15T19:55:40.960Z] [DEBUG] RSS ok: nz/macos/Productivity/top-free entries=99
[2026-09-15T19:55:50.966Z] [DEBUG] Hits: nz/macos/Productivity/top-free 5 app(s) found
[2026-09-15T19:55:51.865Z] [DEBUG] RSS ok: nz/macos/Utilities/top-free entries=100
[2026-09-15T19:56:02.748Z] [DEBUG] RSS ok: sg/macos/Business/top-free entries=100
[2026-09-15T19:56:12.752Z] [DEBUG] Hits: sg/macos/Business/top-free 2 app(s) found
[2026-09-15T19:56:13.530Z] [DEBUG] RSS ok: sg/macos/Productivity/top-free entries=99
[2026-09-15T19:56:23.537Z] [DEBUG] Hits: sg/macos/Productivity/top-free 4 app(s) found
[2026-09-15T19:56:23.537Z] [INFO] RSS progress: 50/60 (50 ok, 0 error, 138 points)
[2026-09-15T19:56:24.385Z] [DEBUG] RSS ok: sg/macos/Utilities/top-free entries=100
[2026-09-15T19:56:34.392Z] [DEBUG] Hits: sg/macos/Utilities/top-free 1 app(s) found
[2026-09-15T19:56:35.225Z] [DEBUG] RSS ok: in/macos/Business/top-free entries=100
[2026-09-15T19:56:45.230Z] [DEBUG] Hits: in/macos/Business/top-free 3 app(s) found
[2026-09-15T19:56:46.297Z] [DEBUG] RSS ok: in/macos/Productivity/top-free entries=99
[2026-09-15T19:56:56.303Z] [DEBUG] Hits: in/macos/Productivity/top-free 2 app(s) found
[2026-09-15T19:56:57.165Z] [DEBUG] RSS ok: in/macos/Utilities/top-free entries=100
[2026-09-15T19:57:08.045Z] [DEBUG] RSS ok: za/macos/Business/top-free entries=100
[2026-09-15T19:57:18.051Z] [DEBUG] Hits: za/macos/Business/top-free 2 app(s) found
[2026-09-15T19:57:18.897Z] [DEBUG] RSS ok: za/macos/Productivity/top-free entries=99
[2026-09-15T19:57:28.903Z] [DEBUG] Hits: za/macos/Productivity/top-free 4 app(s) found
[2026-09-15T19:57:29.700Z] [DEBUG] RSS ok: za/macos/Utilities/top-free entries=100
[2026-09-15T19:57:39.707Z] [DEBUG] Hits: za/macos/Utilities/top-free 2 app(s) found
[2026-09-15T19:57:40.798Z] [DEBUG] RSS ok: br/macos/Business/top-free entries=100
[2026-09-15T19:57:50.800Z] [DEBUG] Hits: br/macos/Business/top-free 2 app(s) found
[2026-09-15T19:57:51.826Z] [DEBUG] RSS ok: br/macos/Productivity/top-free entries=99
[2026-09-15T19:58:01.833Z] [DEBUG] Hits: br/macos/Productivity/top-free 3 app(s) found
[2026-09-15T19:58:02.939Z] [DEBUG] RSS ok: br/macos/Utilities/top-free entries=100
[2026-09-15T19:58:12.945Z] [DEBUG] Hits: br/macos/Utilities/top-free 1 app(s) found
[2026-09-15T19:58:12.945Z] [INFO] RSS fetch done: 60 ok, 0 error, 158 points
[2026-09-15T19:58:12.945Z] [INFO] Platform max returned: macos = 100
[2026-09-15T19:58:12.945Z] [INFO] RSS progress: 60/60 (60 ok, 0 error, 158 points)
[2026-09-15T19:58:12.946Z] [INFO] RSS results: 60 ok, 0 error, 158 rank points
[2026-09-15T19:58:12.963Z] [INFO] Stored: 60 crawls, 158 points
[2026-09-15T19:58:12.987Z] [INFO] current.json written rows=23
[2026-09-15T19:58:12.988Z] [INFO] Current summary: on_chart=158, not_on_chart=302, depth_limited=0, crawl_error=0, total=460
[2026-09-15T19:58:12.988Z] [INFO] === Crawl complete === 654.4s
[2026-09-15T20:47:12.256Z] [INFO] === Crawl start === ts=2026-09-15T20:00:00Z
[2026-09-15T20:47:12.259Z] [INFO] Config loaded apps=4, platforms=macos, categories=Business,Productivity,Utilities
[2026-09-15T20:47:12.260Z] [INFO] App IDs to track: 23 our=4, competitors=19
[2026-09-15T20:47:12.261Z] [INFO] Lookup cached fetched_at=2026-09-15T00:47:11.192Z, 23 apps
[2026-09-15T20:47:12.261Z] [INFO] RSS requests: 60 countries=20, platforms=macos, categories=Business,Productivity,Utilities
[2026-09-15T20:47:12.262Z] [INFO] RSS fetch start: 60 requests, concurrency=1
[2026-09-15T20:47:13.096Z] [DEBUG] RSS ok: us/macos/Business/top-free entries=100
[2026-09-15T20:47:23.098Z] [DEBUG] Hits: us/macos/Business/top-free 3 app(s) found
[2026-09-15T20:47:24.012Z] [DEBUG] RSS ok: us/macos/Productivity/top-free entries=99
[2026-09-15T20:47:34.018Z] [DEBUG] Hits: us/macos/Productivity/top-free 6 app(s) found
[2026-09-15T20:47:34.803Z] [DEBUG] RSS ok: us/macos/Utilities/top-free entries=100
[2026-09-15T20:47:44.811Z] [DEBUG] Hits: us/macos/Utilities/top-free 1 app(s) found
[2026-09-15T20:47:45.629Z] [DEBUG] RSS ok: gb/macos/Business/top-free entries=100
[2026-09-15T20:47:55.635Z] [DEBUG] Hits: gb/macos/Business/top-free 3 app(s) found
[2026-09-15T20:47:56.550Z] [DEBUG] RSS ok: gb/macos/Productivity/top-free entries=99
[2026-09-15T20:48:06.556Z] [DEBUG] Hits: gb/macos/Productivity/top-free 5 app(s) found
[2026-09-15T20:48:07.462Z] [DEBUG] RSS ok: gb/macos/Utilities/top-free entries=100
[2026-09-15T20:48:17.469Z] [DEBUG] Hits: gb/macos/Utilities/top-free 3 app(s) found
[2026-09-15T20:48:18.227Z] [DEBUG] RSS ok: ca/macos/Business/top-free entries=100
[2026-09-15T20:48:28.233Z] [DEBUG] Hits: ca/macos/Business/top-free 4 app(s) found
[2026-09-15T20:48:29.091Z] [DEBUG] RSS ok: ca/macos/Productivity/top-free entries=99
[2026-09-15T20:48:39.097Z] [DEBUG] Hits: ca/macos/Productivity/top-free 5 app(s) found
[2026-09-15T20:48:39.871Z] [DEBUG] RSS ok: ca/macos/Utilities/top-free entries=100
[2026-09-15T20:48:49.877Z] [DEBUG] Hits: ca/macos/Utilities/top-free 1 app(s) found
[2026-09-15T20:48:50.752Z] [DEBUG] RSS ok: fr/macos/Business/top-free entries=99
[2026-09-15T20:49:00.758Z] [DEBUG] Hits: fr/macos/Business/top-free 3 app(s) found
[2026-09-15T20:49:00.758Z] [INFO] RSS progress: 10/60 (10 ok, 0 error, 34 points)
[2026-09-15T20:49:01.662Z] [DEBUG] RSS ok: fr/macos/Productivity/top-free entries=99
[2026-09-15T20:49:11.668Z] [DEBUG] Hits: fr/macos/Productivity/top-free 5 app(s) found
[2026-09-15T20:49:12.509Z] [DEBUG] RSS ok: fr/macos/Utilities/top-free entries=100
[2026-09-15T20:49:22.516Z] [DEBUG] Hits: fr/macos/Utilities/top-free 2 app(s) found
[2026-09-15T20:49:23.438Z] [DEBUG] RSS ok: de/macos/Business/top-free entries=99
[2026-09-15T20:49:34.387Z] [DEBUG] RSS ok: de/macos/Productivity/top-free entries=99
[2026-09-15T20:49:44.393Z] [DEBUG] Hits: de/macos/Productivity/top-free 5 app(s) found
[2026-09-15T20:49:45.127Z] [DEBUG] RSS ok: de/macos/Utilities/top-free entries=100
[2026-09-15T20:49:55.132Z] [DEBUG] Hits: de/macos/Utilities/top-free 2 app(s) found
[2026-09-15T20:49:56.155Z] [DEBUG] RSS ok: jp/macos/Business/top-free entries=100
[2026-09-15T20:50:06.162Z] [DEBUG] Hits: jp/macos/Business/top-free 3 app(s) found
[2026-09-15T20:50:07.131Z] [DEBUG] RSS ok: jp/macos/Productivity/top-free entries=99
[2026-09-15T20:50:17.137Z] [DEBUG] Hits: jp/macos/Productivity/top-free 2 app(s) found
[2026-09-15T20:50:18.110Z] [DEBUG] RSS ok: jp/macos/Utilities/top-free entries=100
[2026-09-15T20:50:28.117Z] [DEBUG] Hits: jp/macos/Utilities/top-free 4 app(s) found
[2026-09-15T20:50:28.964Z] [DEBUG] RSS ok: au/macos/Business/top-free entries=100
[2026-09-15T20:50:38.971Z] [DEBUG] Hits: au/macos/Business/top-free 3 app(s) found
[2026-09-15T20:50:40.013Z] [DEBUG] RSS ok: au/macos/Productivity/top-free entries=99
[2026-09-15T20:50:50.019Z] [DEBUG] Hits: au/macos/Productivity/top-free 4 app(s) found
[2026-09-15T20:50:50.019Z] [INFO] RSS progress: 20/60 (20 ok, 0 error, 64 points)
[2026-09-15T20:50:50.839Z] [DEBUG] RSS ok: au/macos/Utilities/top-free entries=100
[2026-09-15T20:51:00.844Z] [DEBUG] Hits: au/macos/Utilities/top-free 1 app(s) found
[2026-09-15T20:51:01.741Z] [DEBUG] RSS ok: es/macos/Business/top-free entries=99
[2026-09-15T20:51:11.747Z] [DEBUG] Hits: es/macos/Business/top-free 3 app(s) found
[2026-09-15T20:51:12.548Z] [DEBUG] RSS ok: es/macos/Productivity/top-free entries=99
[2026-09-15T20:51:22.554Z] [DEBUG] Hits: es/macos/Productivity/top-free 5 app(s) found
[2026-09-15T20:51:23.427Z] [DEBUG] RSS ok: es/macos/Utilities/top-free entries=100
[2026-09-15T20:51:33.433Z] [DEBUG] Hits: es/macos/Utilities/top-free 1 app(s) found
[2026-09-15T20:51:34.470Z] [DEBUG] RSS ok: it/macos/Business/top-free entries=99
[2026-09-15T20:51:44.476Z] [DEBUG] Hits: it/macos/Business/top-free 3 app(s) found
[2026-09-15T20:51:45.452Z] [DEBUG] RSS ok: it/macos/Productivity/top-free entries=99
[2026-09-15T20:51:55.458Z] [DEBUG] Hits: it/macos/Productivity/top-free 4 app(s) found
[2026-09-15T20:51:56.335Z] [DEBUG] RSS ok: it/macos/Utilities/top-free entries=100
[2026-09-15T20:52:06.341Z] [DEBUG] Hits: it/macos/Utilities/top-free 1 app(s) found
[2026-09-15T20:52:07.382Z] [DEBUG] RSS ok: pt/macos/Business/top-free entries=100
[2026-09-15T20:52:17.389Z] [DEBUG] Hits: pt/macos/Business/top-free 4 app(s) found
[2026-09-15T20:52:18.325Z] [DEBUG] RSS ok: pt/macos/Productivity/top-free entries=99
[2026-09-15T20:52:28.332Z] [DEBUG] Hits: pt/macos/Productivity/top-free 4 app(s) found
[2026-09-15T20:52:29.213Z] [DEBUG] RSS ok: pt/macos/Utilities/top-free entries=100
[2026-09-15T20:52:39.219Z] [INFO] RSS progress: 30/60 (30 ok, 0 error, 90 points)
[2026-09-15T20:52:40.151Z] [DEBUG] RSS ok: ch/macos/Business/top-free entries=100
[2026-09-15T20:52:50.158Z] [DEBUG] Hits: ch/macos/Business/top-free 3 app(s) found
[2026-09-15T20:52:51.034Z] [DEBUG] RSS ok: ch/macos/Productivity/top-free entries=99
[2026-09-15T20:53:01.040Z] [DEBUG] Hits: ch/macos/Productivity/top-free 3 app(s) found
[2026-09-15T20:53:01.878Z] [DEBUG] RSS ok: ch/macos/Utilities/top-free entries=100
[2026-09-15T20:53:11.884Z] [DEBUG] Hits: ch/macos/Utilities/top-free 2 app(s) found
[2026-09-15T20:53:12.830Z] [DEBUG] RSS ok: be/macos/Business/top-free entries=100
[2026-09-15T20:53:22.836Z] [DEBUG] Hits: be/macos/Business/top-free 4 app(s) found
[2026-09-15T20:53:23.628Z] [DEBUG] RSS ok: be/macos/Productivity/top-free entries=99
[2026-09-15T20:53:33.633Z] [DEBUG] Hits: be/macos/Productivity/top-free 5 app(s) found
[2026-09-15T20:53:34.560Z] [DEBUG] RSS ok: be/macos/Utilities/top-free entries=100
[2026-09-15T20:53:44.566Z] [DEBUG] Hits: be/macos/Utilities/top-free 2 app(s) found
[2026-09-15T20:53:45.290Z] [DEBUG] RSS ok: nl/macos/Business/top-free entries=100
[2026-09-15T20:53:55.295Z] [DEBUG] Hits: nl/macos/Business/top-free 1 app(s) found
[2026-09-15T20:53:56.223Z] [DEBUG] RSS ok: nl/macos/Productivity/top-free entries=99
[2026-09-15T20:54:06.229Z] [DEBUG] Hits: nl/macos/Productivity/top-free 4 app(s) found
[2026-09-15T20:54:07.113Z] [DEBUG] RSS ok: nl/macos/Utilities/top-free entries=100
[2026-09-15T20:54:17.119Z] [DEBUG] Hits: nl/macos/Utilities/top-free 1 app(s) found
[2026-09-15T20:54:17.931Z] [DEBUG] RSS ok: tw/macos/Business/top-free entries=100
[2026-09-15T20:54:27.938Z] [DEBUG] Hits: tw/macos/Business/top-free 2 app(s) found
[2026-09-15T20:54:27.938Z] [INFO] RSS progress: 40/60 (40 ok, 0 error, 117 points)
[2026-09-15T20:54:28.866Z] [DEBUG] RSS ok: tw/macos/Productivity/top-free entries=99
[2026-09-15T20:54:38.872Z] [DEBUG] Hits: tw/macos/Productivity/top-free 1 app(s) found
[2026-09-15T20:54:39.777Z] [DEBUG] RSS ok: tw/macos/Utilities/top-free entries=100
[2026-09-15T20:54:49.780Z] [DEBUG] Hits: tw/macos/Utilities/top-free 1 app(s) found
[2026-09-15T20:54:50.751Z] [DEBUG] RSS ok: hk/macos/Business/top-free entries=99
[2026-09-15T20:55:00.757Z] [DEBUG] Hits: hk/macos/Business/top-free 1 app(s) found
[2026-09-15T20:55:01.652Z] [DEBUG] RSS ok: hk/macos/Productivity/top-free entries=99
[2026-09-15T20:55:11.659Z] [DEBUG] Hits: hk/macos/Productivity/top-free 3 app(s) found
[2026-09-15T20:55:12.458Z] [DEBUG] RSS ok: hk/macos/Utilities/top-free entries=100
[2026-09-15T20:55:23.393Z] [DEBUG] RSS ok: nz/macos/Business/top-free entries=100
[2026-09-15T20:55:33.400Z] [DEBUG] Hits: nz/macos/Business/top-free 4 app(s) found
[2026-09-15T20:55:34.183Z] [DEBUG] RSS ok: nz/macos/Productivity/top-free entries=99
[2026-09-15T20:55:44.190Z] [DEBUG] Hits: nz/macos/Productivity/top-free 5 app(s) found
[2026-09-15T20:55:45.073Z] [DEBUG] RSS ok: nz/macos/Utilities/top-free entries=100
[2026-09-15T20:55:55.851Z] [DEBUG] RSS ok: sg/macos/Business/top-free entries=100
[2026-09-15T20:56:05.858Z] [DEBUG] Hits: sg/macos/Business/top-free 2 app(s) found
[2026-09-15T20:56:06.744Z] [DEBUG] RSS ok: sg/macos/Productivity/top-free entries=99
[2026-09-15T20:56:16.749Z] [DEBUG] Hits: sg/macos/Productivity/top-free 4 app(s) found
[2026-09-15T20:56:16.749Z] [INFO] RSS progress: 50/60 (50 ok, 0 error, 138 points)
[2026-09-15T20:56:17.568Z] [DEBUG] RSS ok: sg/macos/Utilities/top-free entries=100
[2026-09-15T20:56:27.573Z] [DEBUG] Hits: sg/macos/Utilities/top-free 1 app(s) found
[2026-09-15T20:56:28.312Z] [DEBUG] RSS ok: in/macos/Business/top-free entries=100
[2026-09-15T20:56:38.319Z] [DEBUG] Hits: in/macos/Business/top-free 3 app(s) found
[2026-09-15T20:56:39.102Z] [DEBUG] RSS ok: in/macos/Productivity/top-free entries=99
[2026-09-15T20:56:49.108Z] [DEBUG] Hits: in/macos/Productivity/top-free 2 app(s) found
[2026-09-15T20:56:50.012Z] [DEBUG] RSS ok: in/macos/Utilities/top-free entries=100
[2026-09-15T20:57:00.828Z] [DEBUG] RSS ok: za/macos/Business/top-free entries=100
[2026-09-15T20:57:10.828Z] [DEBUG] Hits: za/macos/Business/top-free 2 app(s) found
[2026-09-15T20:57:11.838Z] [DEBUG] RSS ok: za/macos/Productivity/top-free entries=99
[2026-09-15T20:57:21.844Z] [DEBUG] Hits: za/macos/Productivity/top-free 4 app(s) found
[2026-09-15T20:57:22.779Z] [DEBUG] RSS ok: za/macos/Utilities/top-free entries=100
[2026-09-15T20:57:32.785Z] [DEBUG] Hits: za/macos/Utilities/top-free 2 app(s) found
[2026-09-15T20:57:33.821Z] [DEBUG] RSS ok: br/macos/Business/top-free entries=100
[2026-09-15T20:57:43.828Z] [DEBUG] Hits: br/macos/Business/top-free 2 app(s) found
[2026-09-15T20:57:44.701Z] [DEBUG] RSS ok: br/macos/Productivity/top-free entries=99
[2026-09-15T20:57:54.707Z] [DEBUG] Hits: br/macos/Productivity/top-free 3 app(s) found
[2026-09-15T20:57:55.626Z] [DEBUG] RSS ok: br/macos/Utilities/top-free entries=100
[2026-09-15T20:58:05.632Z] [DEBUG] Hits: br/macos/Utilities/top-free 1 app(s) found
[2026-09-15T20:58:05.632Z] [INFO] RSS progress: 60/60 (60 ok, 0 error, 158 points)
[2026-09-15T20:58:05.632Z] [INFO] RSS fetch done: 60 ok, 0 error, 158 points
[2026-09-15T20:58:05.632Z] [INFO] Platform max returned: macos = 100
[2026-09-15T20:58:05.632Z] [INFO] RSS results: 60 ok, 0 error, 158 rank points
[2026-09-15T20:58:05.663Z] [INFO] Stored: 60 crawls, 158 points
[2026-09-15T20:58:05.699Z] [INFO] current.json written rows=23
[2026-09-15T20:58:05.699Z] [INFO] Current summary: on_chart=158, not_on_chart=302, depth_limited=0, crawl_error=0, total=460
[2026-09-15T20:58:05.699Z] [INFO] === Crawl complete === 653.4s
[2026-09-15T21:47:13.710Z] [INFO] === Crawl start === ts=2026-09-15T21:00:00Z
[2026-09-15T21:47:13.714Z] [INFO] Config loaded apps=4, platforms=macos, categories=Business,Productivity,Utilities
[2026-09-15T21:47:13.714Z] [INFO] App IDs to track: 23 our=4, competitors=19
[2026-09-15T21:47:13.716Z] [INFO] Lookup cached fetched_at=2026-09-15T00:47:11.192Z, 23 apps
[2026-09-15T21:47:13.716Z] [INFO] RSS requests: 60 countries=20, platforms=macos, categories=Business,Productivity,Utilities
[2026-09-15T21:47:13.716Z] [INFO] RSS fetch start: 60 requests, concurrency=1
[2026-09-15T21:47:14.615Z] [DEBUG] RSS ok: us/macos/Business/top-free entries=100
[2026-09-15T21:47:24.617Z] [DEBUG] Hits: us/macos/Business/top-free 3 app(s) found
[2026-09-15T21:47:25.297Z] [DEBUG] RSS ok: us/macos/Productivity/top-free entries=99
[2026-09-15T21:47:35.303Z] [DEBUG] Hits: us/macos/Productivity/top-free 6 app(s) found
[2026-09-15T21:47:36.678Z] [DEBUG] RSS ok: us/macos/Utilities/top-free entries=100
[2026-09-15T21:47:46.685Z] [DEBUG] Hits: us/macos/Utilities/top-free 1 app(s) found
[2026-09-15T21:47:47.529Z] [DEBUG] RSS ok: gb/macos/Business/top-free entries=100
[2026-09-15T21:47:57.535Z] [DEBUG] Hits: gb/macos/Business/top-free 3 app(s) found
[2026-09-15T21:47:58.442Z] [DEBUG] RSS ok: gb/macos/Productivity/top-free entries=99
[2026-09-15T21:48:08.449Z] [DEBUG] Hits: gb/macos/Productivity/top-free 5 app(s) found
[2026-09-15T21:48:09.337Z] [DEBUG] RSS ok: gb/macos/Utilities/top-free entries=100
[2026-09-15T21:48:19.343Z] [DEBUG] Hits: gb/macos/Utilities/top-free 3 app(s) found
[2026-09-15T21:48:19.913Z] [DEBUG] RSS ok: ca/macos/Business/top-free entries=100
[2026-09-15T21:48:29.919Z] [DEBUG] Hits: ca/macos/Business/top-free 4 app(s) found
[2026-09-15T21:48:30.521Z] [DEBUG] RSS ok: ca/macos/Productivity/top-free entries=99
[2026-09-15T21:48:40.527Z] [DEBUG] Hits: ca/macos/Productivity/top-free 5 app(s) found
[2026-09-15T21:48:41.215Z] [DEBUG] RSS ok: ca/macos/Utilities/top-free entries=100
[2026-09-15T21:48:51.222Z] [DEBUG] Hits: ca/macos/Utilities/top-free 1 app(s) found
[2026-09-15T21:48:52.259Z] [DEBUG] RSS ok: fr/macos/Business/top-free entries=99
[2026-09-15T21:49:02.266Z] [DEBUG] Hits: fr/macos/Business/top-free 3 app(s) found
[2026-09-15T21:49:02.266Z] [INFO] RSS progress: 10/60 (10 ok, 0 error, 34 points)
[2026-09-15T21:49:03.001Z] [DEBUG] RSS ok: fr/macos/Productivity/top-free entries=99
[2026-09-15T21:49:13.008Z] [DEBUG] Hits: fr/macos/Productivity/top-free 5 app(s) found
[2026-09-15T21:49:14.152Z] [DEBUG] RSS ok: fr/macos/Utilities/top-free entries=100
[2026-09-15T21:49:24.158Z] [DEBUG] Hits: fr/macos/Utilities/top-free 2 app(s) found
[2026-09-15T21:49:25.105Z] [DEBUG] RSS ok: de/macos/Business/top-free entries=99
[2026-09-15T21:49:35.863Z] [DEBUG] RSS ok: de/macos/Productivity/top-free entries=99
[2026-09-15T21:49:45.870Z] [DEBUG] Hits: de/macos/Productivity/top-free 5 app(s) found
[2026-09-15T21:49:46.816Z] [DEBUG] RSS ok: de/macos/Utilities/top-free entries=100
[2026-09-15T21:49:56.822Z] [DEBUG] Hits: de/macos/Utilities/top-free 2 app(s) found
[2026-09-15T21:49:57.691Z] [DEBUG] RSS ok: jp/macos/Business/top-free entries=100
[2026-09-15T21:50:07.698Z] [DEBUG] Hits: jp/macos/Business/top-free 3 app(s) found
[2026-09-15T21:50:08.611Z] [DEBUG] RSS ok: jp/macos/Productivity/top-free entries=99
[2026-09-15T21:50:18.618Z] [DEBUG] Hits: jp/macos/Productivity/top-free 2 app(s) found
[2026-09-15T21:50:19.606Z] [DEBUG] RSS ok: jp/macos/Utilities/top-free entries=100
[2026-09-15T21:50:29.607Z] [DEBUG] Hits: jp/macos/Utilities/top-free 4 app(s) found
[2026-09-15T21:50:30.408Z] [DEBUG] RSS ok: au/macos/Business/top-free entries=100
[2026-09-15T21:50:40.413Z] [DEBUG] Hits: au/macos/Business/top-free 3 app(s) found
[2026-09-15T21:50:41.145Z] [DEBUG] RSS ok: au/macos/Productivity/top-free entries=99
[2026-09-15T21:50:51.151Z] [DEBUG] Hits: au/macos/Productivity/top-free 4 app(s) found
[2026-09-15T21:50:51.151Z] [INFO] RSS progress: 20/60 (20 ok, 0 error, 64 points)
[2026-09-15T21:50:52.045Z] [DEBUG] RSS ok: au/macos/Utilities/top-free entries=100
[2026-09-15T21:51:02.052Z] [DEBUG] Hits: au/macos/Utilities/top-free 1 app(s) found
[2026-09-15T21:51:02.922Z] [DEBUG] RSS ok: es/macos/Business/top-free entries=99
[2026-09-15T21:51:12.928Z] [DEBUG] Hits: es/macos/Business/top-free 3 app(s) found
[2026-09-15T21:51:13.854Z] [DEBUG] RSS ok: es/macos/Productivity/top-free entries=99
[2026-09-15T21:51:23.860Z] [DEBUG] Hits: es/macos/Productivity/top-free 5 app(s) found
[2026-09-15T21:51:24.611Z] [DEBUG] RSS ok: es/macos/Utilities/top-free entries=100
[2026-09-15T21:51:34.618Z] [DEBUG] Hits: es/macos/Utilities/top-free 1 app(s) found
[2026-09-15T21:51:35.405Z] [DEBUG] RSS ok: it/macos/Business/top-free entries=99
[2026-09-15T21:51:45.412Z] [DEBUG] Hits: it/macos/Business/top-free 3 app(s) found
[2026-09-15T21:51:46.200Z] [DEBUG] RSS ok: it/macos/Productivity/top-free entries=99
[2026-09-15T21:51:56.207Z] [DEBUG] Hits: it/macos/Productivity/top-free 4 app(s) found
[2026-09-15T21:51:56.960Z] [DEBUG] RSS ok: it/macos/Utilities/top-free entries=100
[2026-09-15T21:52:06.967Z] [DEBUG] Hits: it/macos/Utilities/top-free 1 app(s) found
[2026-09-15T21:52:07.679Z] [DEBUG] RSS ok: pt/macos/Business/top-free entries=100
[2026-09-15T21:52:17.685Z] [DEBUG] Hits: pt/macos/Business/top-free 4 app(s) found
[2026-09-15T21:52:18.701Z] [DEBUG] RSS ok: pt/macos/Productivity/top-free entries=99
[2026-09-15T21:52:28.705Z] [DEBUG] Hits: pt/macos/Productivity/top-free 4 app(s) found
[2026-09-15T21:52:29.581Z] [DEBUG] RSS ok: pt/macos/Utilities/top-free entries=100
[2026-09-15T21:52:39.588Z] [INFO] RSS progress: 30/60 (30 ok, 0 error, 90 points)
[2026-09-15T21:52:40.555Z] [DEBUG] RSS ok: ch/macos/Business/top-free entries=100
[2026-09-15T21:52:50.562Z] [DEBUG] Hits: ch/macos/Business/top-free 3 app(s) found
[2026-09-15T21:52:51.369Z] [DEBUG] RSS ok: ch/macos/Productivity/top-free entries=99
[2026-09-15T21:53:01.375Z] [DEBUG] Hits: ch/macos/Productivity/top-free 3 app(s) found
[2026-09-15T21:53:02.285Z] [DEBUG] RSS ok: ch/macos/Utilities/top-free entries=100
[2026-09-15T21:53:12.292Z] [DEBUG] Hits: ch/macos/Utilities/top-free 2 app(s) found
[2026-09-15T21:53:13.233Z] [DEBUG] RSS ok: be/macos/Business/top-free entries=100
[2026-09-15T21:53:23.240Z] [DEBUG] Hits: be/macos/Business/top-free 4 app(s) found
[2026-09-15T21:53:24.032Z] [DEBUG] RSS ok: be/macos/Productivity/top-free entries=99
[2026-09-15T21:53:34.038Z] [DEBUG] Hits: be/macos/Productivity/top-free 5 app(s) found
[2026-09-15T21:53:34.865Z] [DEBUG] RSS ok: be/macos/Utilities/top-free entries=100
[2026-09-15T21:53:44.870Z] [DEBUG] Hits: be/macos/Utilities/top-free 2 app(s) found
[2026-09-15T21:53:45.727Z] [DEBUG] RSS ok: nl/macos/Business/top-free entries=100
[2026-09-15T21:53:55.734Z] [DEBUG] Hits: nl/macos/Business/top-free 1 app(s) found
[2026-09-15T21:53:56.712Z] [DEBUG] RSS ok: nl/macos/Productivity/top-free entries=99
[2026-09-15T21:54:06.718Z] [DEBUG] Hits: nl/macos/Productivity/top-free 4 app(s) found
[2026-09-15T21:54:07.801Z] [DEBUG] RSS ok: nl/macos/Utilities/top-free entries=100
[2026-09-15T21:54:17.806Z] [DEBUG] Hits: nl/macos/Utilities/top-free 1 app(s) found
[2026-09-15T21:54:19.245Z] [DEBUG] RSS ok: tw/macos/Business/top-free entries=100
[2026-09-15T21:54:29.252Z] [DEBUG] Hits: tw/macos/Business/top-free 2 app(s) found
[2026-09-15T21:54:29.252Z] [INFO] RSS progress: 40/60 (40 ok, 0 error, 117 points)
[2026-09-15T21:54:30.146Z] [DEBUG] RSS ok: tw/macos/Productivity/top-free entries=99
[2026-09-15T21:54:40.153Z] [DEBUG] Hits: tw/macos/Productivity/top-free 1 app(s) found
[2026-09-15T21:54:40.987Z] [DEBUG] RSS ok: tw/macos/Utilities/top-free entries=100
[2026-09-15T21:54:50.994Z] [DEBUG] Hits: tw/macos/Utilities/top-free 1 app(s) found
[2026-09-15T21:54:51.740Z] [DEBUG] RSS ok: hk/macos/Business/top-free entries=99
[2026-09-15T21:55:01.747Z] [DEBUG] Hits: hk/macos/Business/top-free 1 app(s) found
[2026-09-15T21:55:02.750Z] [DEBUG] RSS ok: hk/macos/Productivity/top-free entries=99
[2026-09-15T21:55:12.754Z] [DEBUG] Hits: hk/macos/Productivity/top-free 3 app(s) found
[2026-09-15T21:55:13.593Z] [DEBUG] RSS ok: hk/macos/Utilities/top-free entries=100
[2026-09-15T21:55:24.491Z] [DEBUG] RSS ok: nz/macos/Business/top-free entries=100
[2026-09-15T21:55:34.497Z] [DEBUG] Hits: nz/macos/Business/top-free 4 app(s) found
[2026-09-15T21:55:35.252Z] [DEBUG] RSS ok: nz/macos/Productivity/top-free entries=99
[2026-09-15T21:55:45.259Z] [DEBUG] Hits: nz/macos/Productivity/top-free 5 app(s) found
[2026-09-15T21:55:46.221Z] [DEBUG] RSS ok: nz/macos/Utilities/top-free entries=100
[2026-09-15T21:55:57.078Z] [DEBUG] RSS ok: sg/macos/Business/top-free entries=100
[2026-09-15T21:56:07.085Z] [DEBUG] Hits: sg/macos/Business/top-free 2 app(s) found
[2026-09-15T21:56:07.790Z] [DEBUG] RSS ok: sg/macos/Productivity/top-free entries=99
[2026-09-15T21:56:17.797Z] [INFO] RSS progress: 50/60 (50 ok, 0 error, 138 points)
[2026-09-15T21:56:17.796Z] [DEBUG] Hits: sg/macos/Productivity/top-free 4 app(s) found
[2026-09-15T21:56:18.464Z] [DEBUG] RSS ok: sg/macos/Utilities/top-free entries=100
[2026-09-15T21:56:28.465Z] [DEBUG] Hits: sg/macos/Utilities/top-free 1 app(s) found
[2026-09-15T21:56:29.307Z] [DEBUG] RSS ok: in/macos/Business/top-free entries=100
[2026-09-15T21:56:39.313Z] [DEBUG] Hits: in/macos/Business/top-free 3 app(s) found
[2026-09-15T21:56:40.099Z] [DEBUG] RSS ok: in/macos/Productivity/top-free entries=99
[2026-09-15T21:56:50.105Z] [DEBUG] Hits: in/macos/Productivity/top-free 2 app(s) found
[2026-09-15T21:56:50.827Z] [DEBUG] RSS ok: in/macos/Utilities/top-free entries=100
[2026-09-15T21:57:01.654Z] [DEBUG] RSS ok: za/macos/Business/top-free entries=100
[2026-09-15T21:57:11.661Z] [DEBUG] Hits: za/macos/Business/top-free 2 app(s) found
[2026-09-15T21:57:12.540Z] [DEBUG] RSS ok: za/macos/Productivity/top-free entries=99
[2026-09-15T21:57:22.546Z] [DEBUG] Hits: za/macos/Productivity/top-free 4 app(s) found
[2026-09-15T21:57:23.273Z] [DEBUG] RSS ok: za/macos/Utilities/top-free entries=100
[2026-09-15T21:57:33.280Z] [DEBUG] Hits: za/macos/Utilities/top-free 2 app(s) found
[2026-09-15T21:57:33.986Z] [DEBUG] RSS ok: br/macos/Business/top-free entries=100
[2026-09-15T21:57:43.993Z] [DEBUG] Hits: br/macos/Business/top-free 2 app(s) found
[2026-09-15T21:57:44.795Z] [DEBUG] RSS ok: br/macos/Productivity/top-free entries=99
[2026-09-15T21:57:54.801Z] [DEBUG] Hits: br/macos/Productivity/top-free 3 app(s) found
[2026-09-15T21:57:55.876Z] [DEBUG] RSS ok: br/macos/Utilities/top-free entries=100
[2026-09-15T21:58:05.883Z] [DEBUG] Hits: br/macos/Utilities/top-free 1 app(s) found
[2026-09-15T21:58:05.883Z] [INFO] RSS progress: 60/60 (60 ok, 0 error, 158 points)
[2026-09-15T21:58:05.883Z] [INFO] RSS fetch done: 60 ok, 0 error, 158 points
[2026-09-15T21:58:05.883Z] [INFO] Platform max returned: macos = 100
[2026-09-15T21:58:05.883Z] [INFO] RSS results: 60 ok, 0 error, 158 rank points
[2026-09-15T21:58:05.907Z] [INFO] Stored: 60 crawls, 158 points
[2026-09-15T21:58:05.935Z] [INFO] current.json written rows=23
[2026-09-15T21:58:05.936Z] [INFO] Current summary: on_chart=158, not_on_chart=302, depth_limited=0, crawl_error=0, total=460
[2026-09-15T21:58:05.936Z] [INFO] === Crawl complete === 652.2s
[2026-09-15T22:47:14.421Z] [INFO] === Crawl start === ts=2026-09-15T22:00:00Z
[2026-09-15T22:47:14.425Z] [INFO] Config loaded apps=4, platforms=macos, categories=Business,Productivity,Utilities
[2026-09-15T22:47:14.425Z] [INFO] App IDs to track: 23 our=4, competitors=19
[2026-09-15T22:47:14.427Z] [INFO] Lookup cached fetched_at=2026-09-15T00:47:11.192Z, 23 apps
[2026-09-15T22:47:14.427Z] [INFO] RSS fetch start: 60 requests, concurrency=1
[2026-09-15T22:47:14.427Z] [INFO] RSS requests: 60 countries=20, platforms=macos, categories=Business,Productivity,Utilities
[2026-09-15T22:47:15.249Z] [DEBUG] RSS ok: us/macos/Business/top-free entries=100
[2026-09-15T22:47:25.254Z] [DEBUG] Hits: us/macos/Business/top-free 4 app(s) found
[2026-09-15T22:47:26.057Z] [DEBUG] RSS ok: us/macos/Productivity/top-free entries=99
[2026-09-15T22:47:36.061Z] [DEBUG] Hits: us/macos/Productivity/top-free 6 app(s) found
[2026-09-15T22:47:36.858Z] [DEBUG] RSS ok: us/macos/Utilities/top-free entries=100
[2026-09-15T22:47:46.861Z] [DEBUG] Hits: us/macos/Utilities/top-free 1 app(s) found
[2026-09-15T22:47:47.569Z] [DEBUG] RSS ok: gb/macos/Business/top-free entries=99
[2026-09-15T22:47:57.575Z] [DEBUG] Hits: gb/macos/Business/top-free 3 app(s) found
[2026-09-15T22:47:58.604Z] [DEBUG] RSS ok: gb/macos/Productivity/top-free entries=99
[2026-09-15T22:48:08.605Z] [DEBUG] Hits: gb/macos/Productivity/top-free 5 app(s) found
[2026-09-15T22:48:09.348Z] [DEBUG] RSS ok: gb/macos/Utilities/top-free entries=100
[2026-09-15T22:48:19.355Z] [DEBUG] Hits: gb/macos/Utilities/top-free 3 app(s) found
[2026-09-15T22:48:20.285Z] [DEBUG] RSS ok: ca/macos/Business/top-free entries=100
[2026-09-15T22:48:30.292Z] [DEBUG] Hits: ca/macos/Business/top-free 5 app(s) found
[2026-09-15T22:48:31.124Z] [DEBUG] RSS ok: ca/macos/Productivity/top-free entries=99
[2026-09-15T22:48:41.130Z] [DEBUG] Hits: ca/macos/Productivity/top-free 5 app(s) found
[2026-09-15T22:48:41.792Z] [DEBUG] RSS ok: ca/macos/Utilities/top-free entries=100
[2026-09-15T22:48:51.798Z] [DEBUG] Hits: ca/macos/Utilities/top-free 1 app(s) found
[2026-09-15T22:48:52.626Z] [DEBUG] RSS ok: fr/macos/Business/top-free entries=99
[2026-09-15T22:49:02.632Z] [DEBUG] Hits: fr/macos/Business/top-free 3 app(s) found
[2026-09-15T22:49:02.632Z] [INFO] RSS progress: 10/60 (10 ok, 0 error, 36 points)
[2026-09-15T22:49:03.718Z] [DEBUG] RSS ok: fr/macos/Productivity/top-free entries=99
[2026-09-15T22:49:13.724Z] [DEBUG] Hits: fr/macos/Productivity/top-free 5 app(s) found
[2026-09-15T22:49:14.572Z] [DEBUG] RSS ok: fr/macos/Utilities/top-free entries=100
[2026-09-15T22:49:24.578Z] [DEBUG] Hits: fr/macos/Utilities/top-free 2 app(s) found
[2026-09-15T22:49:25.354Z] [DEBUG] RSS ok: de/macos/Business/top-free entries=99
[2026-09-15T22:49:36.165Z] [DEBUG] RSS ok: de/macos/Productivity/top-free entries=99
[2026-09-15T22:49:46.169Z] [DEBUG] Hits: de/macos/Productivity/top-free 5 app(s) found
[2026-09-15T22:49:46.987Z] [DEBUG] RSS ok: de/macos/Utilities/top-free entries=100
[2026-09-15T22:49:56.993Z] [DEBUG] Hits: de/macos/Utilities/top-free 2 app(s) found
[2026-09-15T22:49:57.759Z] [DEBUG] RSS ok: jp/macos/Business/top-free entries=100
[2026-09-15T22:50:07.765Z] [DEBUG] Hits: jp/macos/Business/top-free 3 app(s) found
[2026-09-15T22:50:08.568Z] [DEBUG] RSS ok: jp/macos/Productivity/top-free entries=99
[2026-09-15T22:50:18.575Z] [DEBUG] Hits: jp/macos/Productivity/top-free 2 app(s) found
[2026-09-15T22:50:19.340Z] [DEBUG] RSS ok: jp/macos/Utilities/top-free entries=100
[2026-09-15T22:50:29.347Z] [DEBUG] Hits: jp/macos/Utilities/top-free 4 app(s) found
[2026-09-15T22:50:30.136Z] [DEBUG] RSS ok: au/macos/Business/top-free entries=100
[2026-09-15T22:50:40.142Z] [DEBUG] Hits: au/macos/Business/top-free 3 app(s) found
[2026-09-15T22:50:41.480Z] [DEBUG] RSS ok: au/macos/Productivity/top-free entries=99
[2026-09-15T22:50:51.485Z] [DEBUG] Hits: au/macos/Productivity/top-free 4 app(s) found
[2026-09-15T22:50:51.485Z] [INFO] RSS progress: 20/60 (20 ok, 0 error, 66 points)
[2026-09-15T22:50:52.438Z] [DEBUG] RSS ok: au/macos/Utilities/top-free entries=100
[2026-09-15T22:51:02.445Z] [DEBUG] Hits: au/macos/Utilities/top-free 1 app(s) found
[2026-09-15T22:51:03.266Z] [DEBUG] RSS ok: es/macos/Business/top-free entries=99
[2026-09-15T22:51:13.272Z] [DEBUG] Hits: es/macos/Business/top-free 3 app(s) found
[2026-09-15T22:51:13.949Z] [DEBUG] RSS ok: es/macos/Productivity/top-free entries=99
[2026-09-15T22:51:23.954Z] [DEBUG] Hits: es/macos/Productivity/top-free 5 app(s) found
[2026-09-15T22:51:24.794Z] [DEBUG] RSS ok: es/macos/Utilities/top-free entries=100
[2026-09-15T22:51:34.800Z] [DEBUG] Hits: es/macos/Utilities/top-free 1 app(s) found
[2026-09-15T22:51:35.592Z] [DEBUG] RSS ok: it/macos/Business/top-free entries=99
[2026-09-15T22:51:45.594Z] [DEBUG] Hits: it/macos/Business/top-free 3 app(s) found
[2026-09-15T22:51:46.282Z] [DEBUG] RSS ok: it/macos/Productivity/top-free entries=99
[2026-09-15T22:51:56.285Z] [DEBUG] Hits: it/macos/Productivity/top-free 5 app(s) found
[2026-09-15T22:51:57.879Z] [DEBUG] RSS ok: it/macos/Utilities/top-free entries=100
[2026-09-15T22:52:07.885Z] [DEBUG] Hits: it/macos/Utilities/top-free 1 app(s) found
[2026-09-15T22:52:08.676Z] [DEBUG] RSS ok: pt/macos/Business/top-free entries=100
[2026-09-15T22:52:18.682Z] [DEBUG] Hits: pt/macos/Business/top-free 4 app(s) found
[2026-09-15T22:52:19.480Z] [DEBUG] RSS ok: pt/macos/Productivity/top-free entries=99
[2026-09-15T22:52:29.487Z] [DEBUG] Hits: pt/macos/Productivity/top-free 4 app(s) found
[2026-09-15T22:52:30.200Z] [DEBUG] RSS ok: pt/macos/Utilities/top-free entries=100
[2026-09-15T22:52:40.206Z] [INFO] RSS progress: 30/60 (30 ok, 0 error, 93 points)
[2026-09-15T22:52:41.142Z] [DEBUG] RSS ok: ch/macos/Business/top-free entries=100
[2026-09-15T22:52:51.148Z] [DEBUG] Hits: ch/macos/Business/top-free 3 app(s) found
[2026-09-15T22:52:52.168Z] [DEBUG] RSS ok: ch/macos/Productivity/top-free entries=99
[2026-09-15T22:53:02.173Z] [DEBUG] Hits: ch/macos/Productivity/top-free 4 app(s) found
[2026-09-15T22:53:03.421Z] [DEBUG] RSS ok: ch/macos/Utilities/top-free entries=100
[2026-09-15T22:53:13.428Z] [DEBUG] Hits: ch/macos/Utilities/top-free 2 app(s) found
[2026-09-15T22:53:14.197Z] [DEBUG] RSS ok: be/macos/Business/top-free entries=100
[2026-09-15T22:53:24.203Z] [DEBUG] Hits: be/macos/Business/top-free 4 app(s) found
[2026-09-15T22:53:25.148Z] [DEBUG] RSS ok: be/macos/Productivity/top-free entries=99
[2026-09-15T22:53:35.154Z] [DEBUG] Hits: be/macos/Productivity/top-free 5 app(s) found
[2026-09-15T22:53:36.528Z] [DEBUG] RSS ok: be/macos/Utilities/top-free entries=100
[2026-09-15T22:53:46.531Z] [DEBUG] Hits: be/macos/Utilities/top-free 2 app(s) found
[2026-09-15T22:53:47.624Z] [DEBUG] RSS ok: nl/macos/Business/top-free entries=100
[2026-09-15T22:53:57.627Z] [DEBUG] Hits: nl/macos/Business/top-free 1 app(s) found
[2026-09-15T22:53:58.443Z] [DEBUG] RSS ok: nl/macos/Productivity/top-free entries=99
[2026-09-15T22:54:08.449Z] [DEBUG] Hits: nl/macos/Productivity/top-free 4 app(s) found
[2026-09-15T22:54:09.328Z] [DEBUG] RSS ok: nl/macos/Utilities/top-free entries=100
[2026-09-15T22:54:19.334Z] [DEBUG] Hits: nl/macos/Utilities/top-free 2 app(s) found
[2026-09-15T22:54:20.150Z] [DEBUG] RSS ok: tw/macos/Business/top-free entries=100
[2026-09-15T22:54:30.156Z] [DEBUG] Hits: tw/macos/Business/top-free 2 app(s) found
[2026-09-15T22:54:30.156Z] [INFO] RSS progress: 40/60 (40 ok, 0 error, 122 points)
[2026-09-15T22:54:31.026Z] [DEBUG] RSS ok: tw/macos/Productivity/top-free entries=99
[2026-09-15T22:54:41.032Z] [DEBUG] Hits: tw/macos/Productivity/top-free 2 app(s) found
[2026-09-15T22:54:41.848Z] [DEBUG] RSS ok: tw/macos/Utilities/top-free entries=100
[2026-09-15T22:54:51.855Z] [DEBUG] Hits: tw/macos/Utilities/top-free 1 app(s) found
[2026-09-15T22:54:53.340Z] [DEBUG] RSS ok: hk/macos/Business/top-free entries=99
[2026-09-15T22:55:03.346Z] [DEBUG] Hits: hk/macos/Business/top-free 1 app(s) found
[2026-09-15T22:55:04.665Z] [DEBUG] RSS ok: hk/macos/Productivity/top-free entries=99
[2026-09-15T22:55:14.669Z] [DEBUG] Hits: hk/macos/Productivity/top-free 3 app(s) found
[2026-09-15T22:55:15.410Z] [DEBUG] RSS ok: hk/macos/Utilities/top-free entries=100
[2026-09-15T22:55:26.338Z] [DEBUG] RSS ok: nz/macos/Business/top-free entries=100
[2026-09-15T22:55:36.344Z] [DEBUG] Hits: nz/macos/Business/top-free 4 app(s) found
[2026-09-15T22:55:37.198Z] [DEBUG] RSS ok: nz/macos/Productivity/top-free entries=99
[2026-09-15T22:55:47.200Z] [DEBUG] Hits: nz/macos/Productivity/top-free 5 app(s) found
[2026-09-15T22:55:48.036Z] [DEBUG] RSS ok: nz/macos/Utilities/top-free entries=100
[2026-09-15T22:55:58.878Z] [DEBUG] RSS ok: sg/macos/Business/top-free entries=100
[2026-09-15T22:56:08.884Z] [DEBUG] Hits: sg/macos/Business/top-free 2 app(s) found
[2026-09-15T22:56:09.618Z] [DEBUG] RSS ok: sg/macos/Productivity/top-free entries=99
[2026-09-15T22:56:19.625Z] [DEBUG] Hits: sg/macos/Productivity/top-free 3 app(s) found
[2026-09-15T22:56:19.625Z] [INFO] RSS progress: 50/60 (50 ok, 0 error, 143 points)
[2026-09-15T22:56:20.481Z] [DEBUG] RSS ok: sg/macos/Utilities/top-free entries=100
[2026-09-15T22:56:30.487Z] [DEBUG] Hits: sg/macos/Utilities/top-free 1 app(s) found
[2026-09-15T22:56:31.286Z] [DEBUG] RSS ok: in/macos/Business/top-free entries=100
[2026-09-15T22:56:41.292Z] [DEBUG] Hits: in/macos/Business/top-free 3 app(s) found
[2026-09-15T22:56:42.130Z] [DEBUG] RSS ok: in/macos/Productivity/top-free entries=99
[2026-09-15T22:56:52.136Z] [DEBUG] Hits: in/macos/Productivity/top-free 2 app(s) found
[2026-09-15T22:56:52.937Z] [DEBUG] RSS ok: in/macos/Utilities/top-free entries=100
[2026-09-15T22:57:03.943Z] [DEBUG] RSS ok: za/macos/Business/top-free entries=100
[2026-09-15T22:57:13.949Z] [DEBUG] Hits: za/macos/Business/top-free 2 app(s) found
[2026-09-15T22:57:14.889Z] [DEBUG] RSS ok: za/macos/Productivity/top-free entries=99
[2026-09-15T22:57:24.895Z] [DEBUG] Hits: za/macos/Productivity/top-free 3 app(s) found
[2026-09-15T22:57:25.818Z] [DEBUG] RSS ok: za/macos/Utilities/top-free entries=100
[2026-09-15T22:57:35.823Z] [DEBUG] Hits: za/macos/Utilities/top-free 2 app(s) found
[2026-09-15T22:57:36.653Z] [DEBUG] RSS ok: br/macos/Business/top-free entries=99
[2026-09-15T22:57:46.659Z] [DEBUG] Hits: br/macos/Business/top-free 2 app(s) found
[2026-09-15T22:57:47.798Z] [DEBUG] RSS ok: br/macos/Productivity/top-free entries=99
[2026-09-15T22:57:57.804Z] [DEBUG] Hits: br/macos/Productivity/top-free 3 app(s) found
[2026-09-15T22:57:58.597Z] [DEBUG] RSS ok: br/macos/Utilities/top-free entries=100
[2026-09-15T22:58:08.598Z] [DEBUG] Hits: br/macos/Utilities/top-free 1 app(s) found
[2026-09-15T22:58:08.598Z] [INFO] RSS progress: 60/60 (60 ok, 0 error, 162 points)
[2026-09-15T22:58:08.598Z] [INFO] RSS fetch done: 60 ok, 0 error, 162 points
[2026-09-15T22:58:08.599Z] [INFO] Platform max returned: macos = 100
[2026-09-15T22:58:08.599Z] [INFO] RSS results: 60 ok, 0 error, 162 rank points
[2026-09-15T22:58:08.641Z] [INFO] Stored: 60 crawls, 162 points
[2026-09-15T22:58:08.674Z] [INFO] current.json written rows=23
[2026-09-15T22:58:08.675Z] [INFO] Current summary: on_chart=162, not_on_chart=298, depth_limited=0, crawl_error=0, total=460
[2026-09-15T22:58:08.675Z] [INFO] === Crawl complete === 654.3s
[2026-09-15T23:47:10.547Z] [INFO] === Crawl start === ts=2026-09-15T23:00:00Z
[2026-09-15T23:47:10.552Z] [INFO] Config loaded apps=4, platforms=macos, categories=Business,Productivity,Utilities
[2026-09-15T23:47:10.553Z] [INFO] App IDs to track: 23 our=4, competitors=19
[2026-09-15T23:47:10.554Z] [INFO] Lookup cached fetched_at=2026-09-15T00:47:11.192Z, 23 apps
[2026-09-15T23:47:10.555Z] [INFO] RSS requests: 60 countries=20, platforms=macos, categories=Business,Productivity,Utilities
[2026-09-15T23:47:10.555Z] [INFO] RSS fetch start: 60 requests, concurrency=1
[2026-09-15T23:47:11.433Z] [DEBUG] RSS ok: us/macos/Business/top-free entries=100
[2026-09-15T23:47:21.438Z] [DEBUG] Hits: us/macos/Business/top-free 4 app(s) found
[2026-09-15T23:47:22.316Z] [DEBUG] RSS ok: us/macos/Productivity/top-free entries=99
[2026-09-15T23:47:32.323Z] [DEBUG] Hits: us/macos/Productivity/top-free 6 app(s) found
[2026-09-15T23:47:33.058Z] [DEBUG] RSS ok: us/macos/Utilities/top-free entries=100
[2026-09-15T23:47:43.065Z] [DEBUG] Hits: us/macos/Utilities/top-free 1 app(s) found
[2026-09-15T23:47:43.605Z] [DEBUG] RSS ok: gb/macos/Business/top-free entries=99
[2026-09-15T23:47:53.611Z] [DEBUG] Hits: gb/macos/Business/top-free 3 app(s) found
[2026-09-15T23:47:54.224Z] [DEBUG] RSS ok: gb/macos/Productivity/top-free entries=99
[2026-09-15T23:48:04.231Z] [DEBUG] Hits: gb/macos/Productivity/top-free 5 app(s) found
[2026-09-15T23:48:05.172Z] [DEBUG] RSS ok: gb/macos/Utilities/top-free entries=100
[2026-09-15T23:48:15.178Z] [DEBUG] Hits: gb/macos/Utilities/top-free 3 app(s) found
[2026-09-15T23:48:16.118Z] [DEBUG] RSS ok: ca/macos/Business/top-free entries=100
[2026-09-15T23:48:26.125Z] [DEBUG] Hits: ca/macos/Business/top-free 5 app(s) found
[2026-09-15T23:48:26.741Z] [DEBUG] RSS ok: ca/macos/Productivity/top-free entries=99
[2026-09-15T23:48:36.747Z] [DEBUG] Hits: ca/macos/Productivity/top-free 5 app(s) found
[2026-09-15T23:48:37.426Z] [DEBUG] RSS ok: ca/macos/Utilities/top-free entries=100
[2026-09-15T23:48:47.433Z] [DEBUG] Hits: ca/macos/Utilities/top-free 1 app(s) found
[2026-09-15T23:48:48.241Z] [DEBUG] RSS ok: fr/macos/Business/top-free entries=99
[2026-09-15T23:48:58.247Z] [DEBUG] Hits: fr/macos/Business/top-free 3 app(s) found
[2026-09-15T23:48:58.247Z] [INFO] RSS progress: 10/60 (10 ok, 0 error, 36 points)
[2026-09-15T23:48:59.197Z] [DEBUG] RSS ok: fr/macos/Productivity/top-free entries=99
[2026-09-15T23:49:09.204Z] [DEBUG] Hits: fr/macos/Productivity/top-free 5 app(s) found
[2026-09-15T23:49:10.040Z] [DEBUG] RSS ok: fr/macos/Utilities/top-free entries=100
[2026-09-15T23:49:20.043Z] [DEBUG] Hits: fr/macos/Utilities/top-free 2 app(s) found
[2026-09-15T23:49:20.799Z] [DEBUG] RSS ok: de/macos/Business/top-free entries=99
[2026-09-15T23:49:31.620Z] [DEBUG] RSS ok: de/macos/Productivity/top-free entries=99
[2026-09-15T23:49:41.627Z] [DEBUG] Hits: de/macos/Productivity/top-free 5 app(s) found
[2026-09-15T23:49:42.498Z] [DEBUG] RSS ok: de/macos/Utilities/top-free entries=100
[2026-09-15T23:49:52.504Z] [DEBUG] Hits: de/macos/Utilities/top-free 2 app(s) found
[2026-09-15T23:49:53.370Z] [DEBUG] RSS ok: jp/macos/Business/top-free entries=100
[2026-09-15T23:50:03.376Z] [DEBUG] Hits: jp/macos/Business/top-free 3 app(s) found
[2026-09-15T23:50:04.094Z] [DEBUG] RSS ok: jp/macos/Productivity/top-free entries=99
[2026-09-15T23:50:14.101Z] [DEBUG] Hits: jp/macos/Productivity/top-free 2 app(s) found
[2026-09-15T23:50:14.818Z] [DEBUG] RSS ok: jp/macos/Utilities/top-free entries=100
[2026-09-15T23:50:24.825Z] [DEBUG] Hits: jp/macos/Utilities/top-free 4 app(s) found
[2026-09-15T23:50:25.611Z] [DEBUG] RSS ok: au/macos/Business/top-free entries=100
[2026-09-15T23:50:35.617Z] [DEBUG] Hits: au/macos/Business/top-free 3 app(s) found
[2026-09-15T23:50:36.343Z] [DEBUG] RSS ok: au/macos/Productivity/top-free entries=99
[2026-09-15T23:50:46.350Z] [INFO] RSS progress: 20/60 (20 ok, 0 error, 66 points)
[2026-09-15T23:50:46.350Z] [DEBUG] Hits: au/macos/Productivity/top-free 4 app(s) found
[2026-09-15T23:50:47.169Z] [DEBUG] RSS ok: au/macos/Utilities/top-free entries=100
[2026-09-15T23:50:57.176Z] [DEBUG] Hits: au/macos/Utilities/top-free 1 app(s) found
[2026-09-15T23:50:57.865Z] [DEBUG] RSS ok: es/macos/Business/top-free entries=99
[2026-09-15T23:51:07.871Z] [DEBUG] Hits: es/macos/Business/top-free 3 app(s) found
[2026-09-15T23:51:08.553Z] [DEBUG] RSS ok: es/macos/Productivity/top-free entries=99
[2026-09-15T23:51:18.560Z] [DEBUG] Hits: es/macos/Productivity/top-free 5 app(s) found
[2026-09-15T23:51:19.331Z] [DEBUG] RSS ok: es/macos/Utilities/top-free entries=100
[2026-09-15T23:51:29.336Z] [DEBUG] Hits: es/macos/Utilities/top-free 1 app(s) found
[2026-09-15T23:51:30.018Z] [DEBUG] RSS ok: it/macos/Business/top-free entries=99
[2026-09-15T23:51:40.022Z] [DEBUG] Hits: it/macos/Business/top-free 3 app(s) found
[2026-09-15T23:51:40.741Z] [DEBUG] RSS ok: it/macos/Productivity/top-free entries=99
[2026-09-15T23:51:50.746Z] [DEBUG] Hits: it/macos/Productivity/top-free 5 app(s) found
[2026-09-15T23:51:51.531Z] [DEBUG] RSS ok: it/macos/Utilities/top-free entries=100
[2026-09-15T23:52:01.537Z] [DEBUG] Hits: it/macos/Utilities/top-free 1 app(s) found
[2026-09-15T23:52:02.368Z] [DEBUG] RSS ok: pt/macos/Business/top-free entries=100
[2026-09-15T23:52:12.373Z] [DEBUG] Hits: pt/macos/Business/top-free 4 app(s) found
[2026-09-15T23:52:13.361Z] [DEBUG] RSS ok: pt/macos/Productivity/top-free entries=99
[2026-09-15T23:52:23.361Z] [DEBUG] Hits: pt/macos/Productivity/top-free 4 app(s) found
[2026-09-15T23:52:24.076Z] [DEBUG] RSS ok: pt/macos/Utilities/top-free entries=100
[2026-09-15T23:52:34.082Z] [INFO] RSS progress: 30/60 (30 ok, 0 error, 93 points)
[2026-09-15T23:52:35.055Z] [DEBUG] RSS ok: ch/macos/Business/top-free entries=100
[2026-09-15T23:52:45.059Z] [DEBUG] Hits: ch/macos/Business/top-free 3 app(s) found
[2026-09-15T23:52:45.733Z] [DEBUG] RSS ok: ch/macos/Productivity/top-free entries=99
[2026-09-15T23:52:55.738Z] [DEBUG] Hits: ch/macos/Productivity/top-free 4 app(s) found
[2026-09-15T23:52:56.677Z] [DEBUG] RSS ok: ch/macos/Utilities/top-free entries=100
[2026-09-15T23:53:06.683Z] [DEBUG] Hits: ch/macos/Utilities/top-free 2 app(s) found
[2026-09-15T23:53:07.449Z] [DEBUG] RSS ok: be/macos/Business/top-free entries=100
[2026-09-15T23:53:17.455Z] [DEBUG] Hits: be/macos/Business/top-free 4 app(s) found
[2026-09-15T23:53:18.260Z] [DEBUG] RSS ok: be/macos/Productivity/top-free entries=99
[2026-09-15T23:53:28.267Z] [DEBUG] Hits: be/macos/Productivity/top-free 5 app(s) found
[2026-09-15T23:53:29.577Z] [DEBUG] RSS ok: be/macos/Utilities/top-free entries=100
[2026-09-15T23:53:39.583Z] [DEBUG] Hits: be/macos/Utilities/top-free 2 app(s) found
[2026-09-15T23:53:40.241Z] [DEBUG] RSS ok: nl/macos/Business/top-free entries=100
[2026-09-15T23:53:50.247Z] [DEBUG] Hits: nl/macos/Business/top-free 1 app(s) found
[2026-09-15T23:53:51.052Z] [DEBUG] RSS ok: nl/macos/Productivity/top-free entries=99
[2026-09-15T23:54:01.058Z] [DEBUG] Hits: nl/macos/Productivity/top-free 4 app(s) found
[2026-09-15T23:54:01.825Z] [DEBUG] RSS ok: nl/macos/Utilities/top-free entries=100
[2026-09-15T23:54:11.831Z] [DEBUG] Hits: nl/macos/Utilities/top-free 2 app(s) found
[2026-09-15T23:54:12.717Z] [DEBUG] RSS ok: tw/macos/Business/top-free entries=100
[2026-09-15T23:54:22.723Z] [DEBUG] Hits: tw/macos/Business/top-free 2 app(s) found
[2026-09-15T23:54:22.724Z] [INFO] RSS progress: 40/60 (40 ok, 0 error, 122 points)
[2026-09-15T23:54:23.396Z] [DEBUG] RSS ok: tw/macos/Productivity/top-free entries=99
[2026-09-15T23:54:33.402Z] [DEBUG] Hits: tw/macos/Productivity/top-free 2 app(s) found
[2026-09-15T23:54:34.145Z] [DEBUG] RSS ok: tw/macos/Utilities/top-free entries=100
[2026-09-15T23:54:44.151Z] [DEBUG] Hits: tw/macos/Utilities/top-free 1 app(s) found
[2026-09-15T23:54:44.726Z] [DEBUG] RSS ok: hk/macos/Business/top-free entries=99
[2026-09-15T23:54:54.732Z] [DEBUG] Hits: hk/macos/Business/top-free 1 app(s) found
[2026-09-15T23:54:55.333Z] [DEBUG] RSS ok: hk/macos/Productivity/top-free entries=98
[2026-09-15T23:55:05.339Z] [DEBUG] Hits: hk/macos/Productivity/top-free 3 app(s) found
[2026-09-15T23:55:06.216Z] [DEBUG] RSS ok: hk/macos/Utilities/top-free entries=100
[2026-09-15T23:55:17.083Z] [DEBUG] RSS ok: nz/macos/Business/top-free entries=100
[2026-09-15T23:55:27.089Z] [DEBUG] Hits: nz/macos/Business/top-free 4 app(s) found
[2026-09-15T23:55:27.871Z] [DEBUG] RSS ok: nz/macos/Productivity/top-free entries=99
[2026-09-15T23:55:37.877Z] [DEBUG] Hits: nz/macos/Productivity/top-free 5 app(s) found
[2026-09-15T23:55:38.582Z] [DEBUG] RSS ok: nz/macos/Utilities/top-free entries=100
[2026-09-15T23:55:49.335Z] [DEBUG] RSS ok: sg/macos/Business/top-free entries=100
[2026-09-15T23:55:59.339Z] [DEBUG] Hits: sg/macos/Business/top-free 2 app(s) found
[2026-09-15T23:56:00.027Z] [DEBUG] RSS ok: sg/macos/Productivity/top-free entries=99
[2026-09-15T23:56:10.034Z] [DEBUG] Hits: sg/macos/Productivity/top-free 3 app(s) found
[2026-09-15T23:56:10.034Z] [INFO] RSS progress: 50/60 (50 ok, 0 error, 143 points)
[2026-09-15T23:56:10.694Z] [DEBUG] RSS ok: sg/macos/Utilities/top-free entries=100
[2026-09-15T23:56:20.700Z] [DEBUG] Hits: sg/macos/Utilities/top-free 1 app(s) found
[2026-09-15T23:56:21.380Z] [DEBUG] RSS ok: in/macos/Business/top-free entries=100
[2026-09-15T23:56:31.386Z] [DEBUG] Hits: in/macos/Business/top-free 3 app(s) found
[2026-09-15T23:56:32.187Z] [DEBUG] RSS ok: in/macos/Productivity/top-free entries=99
[2026-09-15T23:56:42.193Z] [DEBUG] Hits: in/macos/Productivity/top-free 2 app(s) found
[2026-09-15T23:56:42.976Z] [DEBUG] RSS ok: in/macos/Utilities/top-free entries=100
[2026-09-15T23:56:53.734Z] [DEBUG] RSS ok: za/macos/Business/top-free entries=100
[2026-09-15T23:57:03.740Z] [DEBUG] Hits: za/macos/Business/top-free 2 app(s) found
[2026-09-15T23:57:04.632Z] [DEBUG] RSS ok: za/macos/Productivity/top-free entries=99
[2026-09-15T23:57:14.638Z] [DEBUG] Hits: za/macos/Productivity/top-free 3 app(s) found
[2026-09-15T23:57:15.521Z] [DEBUG] RSS ok: za/macos/Utilities/top-free entries=100
[2026-09-15T23:57:25.527Z] [DEBUG] Hits: za/macos/Utilities/top-free 2 app(s) found
[2026-09-15T23:57:26.471Z] [DEBUG] RSS ok: br/macos/Business/top-free entries=99
[2026-09-15T23:57:36.477Z] [DEBUG] Hits: br/macos/Business/top-free 2 app(s) found
[2026-09-15T23:57:37.356Z] [DEBUG] RSS ok: br/macos/Productivity/top-free entries=99
[2026-09-15T23:57:47.361Z] [DEBUG] Hits: br/macos/Productivity/top-free 3 app(s) found
[2026-09-15T23:57:48.106Z] [DEBUG] RSS ok: br/macos/Utilities/top-free entries=100
[2026-09-15T23:57:58.113Z] [DEBUG] Hits: br/macos/Utilities/top-free 1 app(s) found
[2026-09-15T23:57:58.113Z] [INFO] RSS progress: 60/60 (60 ok, 0 error, 162 points)
[2026-09-15T23:57:58.113Z] [INFO] Platform max returned: macos = 100
[2026-09-15T23:57:58.114Z] [INFO] RSS results: 60 ok, 0 error, 162 rank points
[2026-09-15T23:57:58.113Z] [INFO] RSS fetch done: 60 ok, 0 error, 162 points
[2026-09-15T23:57:58.157Z] [INFO] Stored: 60 crawls, 162 points
[2026-09-15T23:57:58.190Z] [INFO] current.json written rows=23
[2026-09-15T23:57:58.191Z] [INFO] Current summary: on_chart=162, not_on_chart=298, depth_limited=0, crawl_error=0, total=460
[2026-09-15T23:57:58.191Z] [INFO] === Crawl complete === 647.6s
