[2026-09-13T00:57:45.417Z] [INFO] === Crawl start === ts=2026-09-13T00:00:00Z
[2026-09-13T00:57:45.420Z] [INFO] Config loaded apps=4, platforms=macos, categories=Business,Productivity,Utilities
[2026-09-13T00:57:45.420Z] [INFO] App IDs to track: 23 our=4, competitors=19
[2026-09-13T00:57:45.421Z] [INFO] Lookup needed (daily refresh), fetching 23 apps...
[2026-09-13T00:57:45.421Z] [INFO] Lookup: 23 unique IDs in 1 batch(es)
[2026-09-13T00:57:45.421Z] [DEBUG] Lookup batch 1/1: 23 IDs
[2026-09-13T00:57:45.605Z] [DEBUG] Lookup batch 1: 23 results
[2026-09-13T00:57:45.605Z] [INFO] Lookup result: 23/23 apps found
[2026-09-13T00:57:45.607Z] [INFO] Lookup done: 23/23 results
[2026-09-13T00:57:45.608Z] [INFO] RSS requests: 60 countries=20, platforms=macos, categories=Business,Productivity,Utilities
[2026-09-13T00:57:45.608Z] [INFO] RSS fetch start: 60 requests, concurrency=1
[2026-09-13T00:57:46.354Z] [DEBUG] RSS ok: us/macos/Business/top-free entries=100
[2026-09-13T00:57:56.356Z] [DEBUG] Hits: us/macos/Business/top-free 4 app(s) found
[2026-09-13T00:57:57.171Z] [DEBUG] RSS ok: us/macos/Productivity/top-free entries=99
[2026-09-13T00:58:07.177Z] [DEBUG] Hits: us/macos/Productivity/top-free 6 app(s) found
[2026-09-13T00:58:08.140Z] [DEBUG] RSS ok: us/macos/Utilities/top-free entries=100
[2026-09-13T00:58:18.148Z] [DEBUG] Hits: us/macos/Utilities/top-free 1 app(s) found
[2026-09-13T00:58:18.985Z] [DEBUG] RSS ok: gb/macos/Business/top-free entries=100
[2026-09-13T00:58:28.991Z] [DEBUG] Hits: gb/macos/Business/top-free 3 app(s) found
[2026-09-13T00:58:30.427Z] [DEBUG] RSS ok: gb/macos/Productivity/top-free entries=99
[2026-09-13T00:58:40.432Z] [DEBUG] Hits: gb/macos/Productivity/top-free 4 app(s) found
[2026-09-13T00:58:41.183Z] [DEBUG] RSS ok: gb/macos/Utilities/top-free entries=100
[2026-09-13T00:58:51.190Z] [DEBUG] Hits: gb/macos/Utilities/top-free 3 app(s) found
[2026-09-13T00:58:51.951Z] [DEBUG] RSS ok: ca/macos/Business/top-free entries=100
[2026-09-13T00:59:01.955Z] [DEBUG] Hits: ca/macos/Business/top-free 3 app(s) found
[2026-09-13T00:59:02.835Z] [DEBUG] RSS ok: ca/macos/Productivity/top-free entries=99
[2026-09-13T00:59:12.842Z] [DEBUG] Hits: ca/macos/Productivity/top-free 4 app(s) found
[2026-09-13T00:59:13.743Z] [DEBUG] RSS ok: ca/macos/Utilities/top-free entries=100
[2026-09-13T00:59:23.747Z] [DEBUG] Hits: ca/macos/Utilities/top-free 1 app(s) found
[2026-09-13T00:59:24.407Z] [DEBUG] RSS ok: fr/macos/Business/top-free entries=99
[2026-09-13T00:59:34.413Z] [DEBUG] Hits: fr/macos/Business/top-free 3 app(s) found
[2026-09-13T00:59:34.413Z] [INFO] RSS progress: 10/60 (10 ok, 0 error, 32 points)
[2026-09-13T00:59:35.153Z] [DEBUG] RSS ok: fr/macos/Productivity/top-free entries=99
[2026-09-13T00:59:45.155Z] [DEBUG] Hits: fr/macos/Productivity/top-free 5 app(s) found
[2026-09-13T00:59:45.987Z] [DEBUG] RSS ok: fr/macos/Utilities/top-free entries=100
[2026-09-13T00:59:55.993Z] [DEBUG] Hits: fr/macos/Utilities/top-free 1 app(s) found
[2026-09-13T00:59:56.950Z] [DEBUG] RSS ok: de/macos/Business/top-free entries=99
[2026-09-13T01:00:07.871Z] [DEBUG] RSS ok: de/macos/Productivity/top-free entries=99
[2026-09-13T01:00:17.878Z] [DEBUG] Hits: de/macos/Productivity/top-free 4 app(s) found
[2026-09-13T01:00:18.640Z] [DEBUG] RSS ok: de/macos/Utilities/top-free entries=100
[2026-09-13T01:00:28.646Z] [DEBUG] Hits: de/macos/Utilities/top-free 2 app(s) found
[2026-09-13T01:00:29.580Z] [DEBUG] RSS ok: jp/macos/Business/top-free entries=100
[2026-09-13T01:00:39.586Z] [DEBUG] Hits: jp/macos/Business/top-free 2 app(s) found
[2026-09-13T01:00:40.411Z] [DEBUG] RSS ok: jp/macos/Productivity/top-free entries=99
[2026-09-13T01:00:50.418Z] [DEBUG] Hits: jp/macos/Productivity/top-free 4 app(s) found
[2026-09-13T01:00:51.163Z] [DEBUG] RSS ok: jp/macos/Utilities/top-free entries=100
[2026-09-13T01:01:01.169Z] [DEBUG] Hits: jp/macos/Utilities/top-free 4 app(s) found
[2026-09-13T01:01:01.953Z] [DEBUG] RSS ok: au/macos/Business/top-free entries=100
[2026-09-13T01:01:11.960Z] [DEBUG] Hits: au/macos/Business/top-free 3 app(s) found
[2026-09-13T01:01:12.798Z] [DEBUG] RSS ok: au/macos/Productivity/top-free entries=99
[2026-09-13T01:01:22.803Z] [DEBUG] Hits: au/macos/Productivity/top-free 4 app(s) found
[2026-09-13T01:01:22.803Z] [INFO] RSS progress: 20/60 (20 ok, 0 error, 61 points)
[2026-09-13T01:01:23.646Z] [DEBUG] RSS ok: au/macos/Utilities/top-free entries=100
[2026-09-13T01:01:33.652Z] [DEBUG] Hits: au/macos/Utilities/top-free 2 app(s) found
[2026-09-13T01:01:34.606Z] [DEBUG] RSS ok: es/macos/Business/top-free entries=99
[2026-09-13T01:01:44.612Z] [DEBUG] Hits: es/macos/Business/top-free 3 app(s) found
[2026-09-13T01:01:45.405Z] [DEBUG] RSS ok: es/macos/Productivity/top-free entries=99
[2026-09-13T01:01:55.411Z] [DEBUG] Hits: es/macos/Productivity/top-free 5 app(s) found
[2026-09-13T01:01:56.242Z] [DEBUG] RSS ok: es/macos/Utilities/top-free entries=100
[2026-09-13T01:02:06.248Z] [DEBUG] Hits: es/macos/Utilities/top-free 1 app(s) found
[2026-09-13T01:02:07.157Z] [DEBUG] RSS ok: it/macos/Business/top-free entries=99
[2026-09-13T01:02:17.163Z] [DEBUG] Hits: it/macos/Business/top-free 2 app(s) found
[2026-09-13T01:02:17.969Z] [DEBUG] RSS ok: it/macos/Productivity/top-free entries=99
[2026-09-13T01:02:27.976Z] [DEBUG] Hits: it/macos/Productivity/top-free 4 app(s) found
[2026-09-13T01:02:28.742Z] [DEBUG] RSS ok: it/macos/Utilities/top-free entries=100
[2026-09-13T01:02:38.749Z] [DEBUG] Hits: it/macos/Utilities/top-free 2 app(s) found
[2026-09-13T01:02:39.595Z] [DEBUG] RSS ok: pt/macos/Business/top-free entries=100
[2026-09-13T01:02:49.601Z] [DEBUG] Hits: pt/macos/Business/top-free 4 app(s) found
[2026-09-13T01:02:50.449Z] [DEBUG] RSS ok: pt/macos/Productivity/top-free entries=99
[2026-09-13T01:03:00.455Z] [DEBUG] Hits: pt/macos/Productivity/top-free 4 app(s) found
[2026-09-13T01:03:01.290Z] [DEBUG] RSS ok: pt/macos/Utilities/top-free entries=100
[2026-09-13T01:03:11.297Z] [INFO] RSS progress: 30/60 (30 ok, 0 error, 88 points)
[2026-09-13T01:03:12.050Z] [DEBUG] RSS ok: ch/macos/Business/top-free entries=100
[2026-09-13T01:03:22.051Z] [DEBUG] Hits: ch/macos/Business/top-free 3 app(s) found
[2026-09-13T01:03:22.871Z] [DEBUG] RSS ok: ch/macos/Productivity/top-free entries=99
[2026-09-13T01:03:32.877Z] [DEBUG] Hits: ch/macos/Productivity/top-free 4 app(s) found
[2026-09-13T01:03:33.656Z] [DEBUG] RSS ok: ch/macos/Utilities/top-free entries=100
[2026-09-13T01:03:43.662Z] [DEBUG] Hits: ch/macos/Utilities/top-free 2 app(s) found
[2026-09-13T01:03:44.376Z] [DEBUG] RSS ok: be/macos/Business/top-free entries=100
[2026-09-13T01:03:54.384Z] [DEBUG] Hits: be/macos/Business/top-free 4 app(s) found
[2026-09-13T01:03:55.205Z] [DEBUG] RSS ok: be/macos/Productivity/top-free entries=99
[2026-09-13T01:04:05.210Z] [DEBUG] Hits: be/macos/Productivity/top-free 3 app(s) found
[2026-09-13T01:04:05.932Z] [DEBUG] RSS ok: be/macos/Utilities/top-free entries=100
[2026-09-13T01:04:15.936Z] [DEBUG] Hits: be/macos/Utilities/top-free 1 app(s) found
[2026-09-13T01:04:16.720Z] [DEBUG] RSS ok: nl/macos/Business/top-free entries=100
[2026-09-13T01:04:26.723Z] [DEBUG] Hits: nl/macos/Business/top-free 1 app(s) found
[2026-09-13T01:04:27.369Z] [DEBUG] RSS ok: nl/macos/Productivity/top-free entries=99
[2026-09-13T01:04:37.376Z] [DEBUG] Hits: nl/macos/Productivity/top-free 4 app(s) found
[2026-09-13T01:04:38.144Z] [DEBUG] RSS ok: nl/macos/Utilities/top-free entries=100
[2026-09-13T01:04:49.141Z] [DEBUG] RSS ok: tw/macos/Business/top-free entries=100
[2026-09-13T01:04:59.148Z] [INFO] RSS progress: 40/60 (40 ok, 0 error, 112 points)
[2026-09-13T01:04:59.148Z] [DEBUG] Hits: tw/macos/Business/top-free 2 app(s) found
[2026-09-13T01:05:00.801Z] [DEBUG] RSS ok: tw/macos/Productivity/top-free entries=99
[2026-09-13T01:05:10.807Z] [DEBUG] Hits: tw/macos/Productivity/top-free 2 app(s) found
[2026-09-13T01:05:12.960Z] [DEBUG] RSS ok: tw/macos/Utilities/top-free entries=100
[2026-09-13T01:05:22.966Z] [DEBUG] Hits: tw/macos/Utilities/top-free 2 app(s) found
[2026-09-13T01:05:23.872Z] [DEBUG] RSS ok: hk/macos/Business/top-free entries=100
[2026-09-13T01:05:33.878Z] [DEBUG] Hits: hk/macos/Business/top-free 1 app(s) found
[2026-09-13T01:05:34.692Z] [DEBUG] RSS ok: hk/macos/Productivity/top-free entries=99
[2026-09-13T01:05:44.698Z] [DEBUG] Hits: hk/macos/Productivity/top-free 4 app(s) found
[2026-09-13T01:05:45.493Z] [DEBUG] RSS ok: hk/macos/Utilities/top-free entries=100
[2026-09-13T01:05:56.273Z] [DEBUG] RSS ok: nz/macos/Business/top-free entries=100
[2026-09-13T01:06:06.279Z] [DEBUG] Hits: nz/macos/Business/top-free 4 app(s) found
[2026-09-13T01:06:07.115Z] [DEBUG] RSS ok: nz/macos/Productivity/top-free entries=99
[2026-09-13T01:06:17.122Z] [DEBUG] Hits: nz/macos/Productivity/top-free 2 app(s) found
[2026-09-13T01:06:18.021Z] [DEBUG] RSS ok: nz/macos/Utilities/top-free entries=100
[2026-09-13T01:06:28.027Z] [DEBUG] Hits: nz/macos/Utilities/top-free 1 app(s) found
[2026-09-13T01:06:28.769Z] [DEBUG] RSS ok: sg/macos/Business/top-free entries=100
[2026-09-13T01:06:38.776Z] [DEBUG] Hits: sg/macos/Business/top-free 4 app(s) found
[2026-09-13T01:06:39.557Z] [DEBUG] RSS ok: sg/macos/Productivity/top-free entries=99
[2026-09-13T01:06:49.563Z] [INFO] RSS progress: 50/60 (50 ok, 0 error, 136 points)
[2026-09-13T01:06:49.563Z] [DEBUG] Hits: sg/macos/Productivity/top-free 4 app(s) found
[2026-09-13T01:06:50.311Z] [DEBUG] RSS ok: sg/macos/Utilities/top-free entries=100
[2026-09-13T01:07:00.313Z] [DEBUG] Hits: sg/macos/Utilities/top-free 2 app(s) found
[2026-09-13T01:07:01.230Z] [DEBUG] RSS ok: in/macos/Business/top-free entries=100
[2026-09-13T01:07:11.236Z] [DEBUG] Hits: in/macos/Business/top-free 3 app(s) found
[2026-09-13T01:07:12.026Z] [DEBUG] RSS ok: in/macos/Productivity/top-free entries=99
[2026-09-13T01:07:22.032Z] [DEBUG] Hits: in/macos/Productivity/top-free 2 app(s) found
[2026-09-13T01:07:22.788Z] [DEBUG] RSS ok: in/macos/Utilities/top-free entries=100
[2026-09-13T01:07:33.813Z] [DEBUG] RSS ok: za/macos/Business/top-free entries=100
[2026-09-13T01:07:43.818Z] [DEBUG] Hits: za/macos/Business/top-free 3 app(s) found
[2026-09-13T01:07:44.594Z] [DEBUG] RSS ok: za/macos/Productivity/top-free entries=99
[2026-09-13T01:07:54.600Z] [DEBUG] Hits: za/macos/Productivity/top-free 4 app(s) found
[2026-09-13T01:07:55.415Z] [DEBUG] RSS ok: za/macos/Utilities/top-free entries=100
[2026-09-13T01:08:05.421Z] [DEBUG] Hits: za/macos/Utilities/top-free 3 app(s) found
[2026-09-13T01:08:06.343Z] [DEBUG] RSS ok: br/macos/Business/top-free entries=99
[2026-09-13T01:08:16.349Z] [DEBUG] Hits: br/macos/Business/top-free 4 app(s) found
[2026-09-13T01:08:17.109Z] [DEBUG] RSS ok: br/macos/Productivity/top-free entries=99
[2026-09-13T01:08:27.113Z] [DEBUG] Hits: br/macos/Productivity/top-free 3 app(s) found
[2026-09-13T01:08:27.974Z] [DEBUG] RSS ok: br/macos/Utilities/top-free entries=100
[2026-09-13T01:08:37.980Z] [INFO] RSS progress: 60/60 (60 ok, 0 error, 160 points)
[2026-09-13T01:08:37.980Z] [INFO] RSS fetch done: 60 ok, 0 error, 160 points
[2026-09-13T01:08:37.980Z] [INFO] Platform max returned: macos = 100
[2026-09-13T01:08:37.980Z] [INFO] RSS results: 60 ok, 0 error, 160 rank points
[2026-09-13T01:08:37.998Z] [INFO] Stored: 60 crawls, 160 points
[2026-09-13T01:08:38.000Z] [INFO] current.json written rows=23
[2026-09-13T01:08:38.000Z] [INFO] Current summary: on_chart=160, not_on_chart=300, depth_limited=0, crawl_error=0, total=460
[2026-09-13T01:08:38.000Z] [INFO] === Crawl complete === 652.6s
[2026-09-13T02:10:22.461Z] [INFO] === Crawl start === ts=2026-09-13T02:00:00Z
[2026-09-13T02:10:22.464Z] [INFO] App IDs to track: 23 our=4, competitors=19
[2026-09-13T02:10:22.464Z] [INFO] Config loaded apps=4, platforms=macos, categories=Business,Productivity,Utilities
[2026-09-13T02:10:22.465Z] [INFO] Lookup cached fetched_at=2026-09-13T00:57:45.605Z, 23 apps
[2026-09-13T02:10:22.466Z] [INFO] RSS requests: 60 countries=20, platforms=macos, categories=Business,Productivity,Utilities
[2026-09-13T02:10:22.466Z] [INFO] RSS fetch start: 60 requests, concurrency=1
[2026-09-13T02:10:23.386Z] [DEBUG] RSS ok: us/macos/Business/top-free entries=100
[2026-09-13T02:10:33.389Z] [DEBUG] Hits: us/macos/Business/top-free 4 app(s) found
[2026-09-13T02:10:34.122Z] [DEBUG] RSS ok: us/macos/Productivity/top-free entries=99
[2026-09-13T02:10:44.129Z] [DEBUG] Hits: us/macos/Productivity/top-free 6 app(s) found
[2026-09-13T02:10:45.915Z] [DEBUG] RSS ok: us/macos/Utilities/top-free entries=100
[2026-09-13T02:10:55.921Z] [DEBUG] Hits: us/macos/Utilities/top-free 1 app(s) found
[2026-09-13T02:10:56.636Z] [DEBUG] RSS ok: gb/macos/Business/top-free entries=100
[2026-09-13T02:11:06.643Z] [DEBUG] Hits: gb/macos/Business/top-free 4 app(s) found
[2026-09-13T02:11:07.338Z] [DEBUG] RSS ok: gb/macos/Productivity/top-free entries=99
[2026-09-13T02:11:17.344Z] [DEBUG] Hits: gb/macos/Productivity/top-free 4 app(s) found
[2026-09-13T02:11:18.157Z] [DEBUG] RSS ok: gb/macos/Utilities/top-free entries=100
[2026-09-13T02:11:28.163Z] [DEBUG] Hits: gb/macos/Utilities/top-free 3 app(s) found
[2026-09-13T02:11:28.920Z] [DEBUG] RSS ok: ca/macos/Business/top-free entries=100
[2026-09-13T02:11:38.927Z] [DEBUG] Hits: ca/macos/Business/top-free 3 app(s) found
[2026-09-13T02:11:39.684Z] [DEBUG] RSS ok: ca/macos/Productivity/top-free entries=99
[2026-09-13T02:11:49.690Z] [DEBUG] Hits: ca/macos/Productivity/top-free 4 app(s) found
[2026-09-13T02:11:50.539Z] [DEBUG] RSS ok: ca/macos/Utilities/top-free entries=100
[2026-09-13T02:12:00.545Z] [DEBUG] Hits: ca/macos/Utilities/top-free 1 app(s) found
[2026-09-13T02:12:01.590Z] [DEBUG] RSS ok: fr/macos/Business/top-free entries=99
[2026-09-13T02:12:11.597Z] [DEBUG] Hits: fr/macos/Business/top-free 3 app(s) found
[2026-09-13T02:12:11.597Z] [INFO] RSS progress: 10/60 (10 ok, 0 error, 33 points)
[2026-09-13T02:12:12.374Z] [DEBUG] RSS ok: fr/macos/Productivity/top-free entries=99
[2026-09-13T02:12:22.380Z] [DEBUG] Hits: fr/macos/Productivity/top-free 5 app(s) found
[2026-09-13T02:12:23.159Z] [DEBUG] RSS ok: fr/macos/Utilities/top-free entries=100
[2026-09-13T02:12:33.164Z] [DEBUG] Hits: fr/macos/Utilities/top-free 1 app(s) found
[2026-09-13T02:12:34.114Z] [DEBUG] RSS ok: de/macos/Business/top-free entries=99
[2026-09-13T02:12:44.886Z] [DEBUG] RSS ok: de/macos/Productivity/top-free entries=99
[2026-09-13T02:12:54.893Z] [DEBUG] Hits: de/macos/Productivity/top-free 4 app(s) found
[2026-09-13T02:12:55.896Z] [DEBUG] RSS ok: de/macos/Utilities/top-free entries=100
[2026-09-13T02:13:05.902Z] [DEBUG] Hits: de/macos/Utilities/top-free 2 app(s) found
[2026-09-13T02:13:06.711Z] [DEBUG] RSS ok: jp/macos/Business/top-free entries=100
[2026-09-13T02:13:16.717Z] [DEBUG] Hits: jp/macos/Business/top-free 2 app(s) found
[2026-09-13T02:13:17.580Z] [DEBUG] RSS ok: jp/macos/Productivity/top-free entries=99
[2026-09-13T02:13:27.586Z] [DEBUG] Hits: jp/macos/Productivity/top-free 4 app(s) found
[2026-09-13T02:13:28.529Z] [DEBUG] RSS ok: jp/macos/Utilities/top-free entries=100
[2026-09-13T02:13:38.532Z] [DEBUG] Hits: jp/macos/Utilities/top-free 4 app(s) found
[2026-09-13T02:13:39.223Z] [DEBUG] RSS ok: au/macos/Business/top-free entries=100
[2026-09-13T02:13:49.229Z] [DEBUG] Hits: au/macos/Business/top-free 3 app(s) found
[2026-09-13T02:13:49.943Z] [DEBUG] RSS ok: au/macos/Productivity/top-free entries=99
[2026-09-13T02:13:59.949Z] [DEBUG] Hits: au/macos/Productivity/top-free 4 app(s) found
[2026-09-13T02:13:59.950Z] [INFO] RSS progress: 20/60 (20 ok, 0 error, 62 points)
[2026-09-13T02:14:00.821Z] [DEBUG] RSS ok: au/macos/Utilities/top-free entries=100
[2026-09-13T02:14:10.827Z] [DEBUG] Hits: au/macos/Utilities/top-free 1 app(s) found
[2026-09-13T02:14:11.636Z] [DEBUG] RSS ok: es/macos/Business/top-free entries=99
[2026-09-13T02:14:21.642Z] [DEBUG] Hits: es/macos/Business/top-free 3 app(s) found
[2026-09-13T02:14:22.456Z] [DEBUG] RSS ok: es/macos/Productivity/top-free entries=99
[2026-09-13T02:14:32.462Z] [DEBUG] Hits: es/macos/Productivity/top-free 5 app(s) found
[2026-09-13T02:14:33.257Z] [DEBUG] RSS ok: es/macos/Utilities/top-free entries=100
[2026-09-13T02:14:43.263Z] [DEBUG] Hits: es/macos/Utilities/top-free 1 app(s) found
[2026-09-13T02:14:44.093Z] [DEBUG] RSS ok: it/macos/Business/top-free entries=99
[2026-09-13T02:14:54.099Z] [DEBUG] Hits: it/macos/Business/top-free 2 app(s) found
[2026-09-13T02:14:54.874Z] [DEBUG] RSS ok: it/macos/Productivity/top-free entries=99
[2026-09-13T02:15:04.880Z] [DEBUG] Hits: it/macos/Productivity/top-free 4 app(s) found
[2026-09-13T02:15:05.772Z] [DEBUG] RSS ok: it/macos/Utilities/top-free entries=100
[2026-09-13T02:15:15.778Z] [DEBUG] Hits: it/macos/Utilities/top-free 2 app(s) found
[2026-09-13T02:15:16.513Z] [DEBUG] RSS ok: pt/macos/Business/top-free entries=100
[2026-09-13T02:15:26.520Z] [DEBUG] Hits: pt/macos/Business/top-free 4 app(s) found
[2026-09-13T02:15:27.349Z] [DEBUG] RSS ok: pt/macos/Productivity/top-free entries=99
[2026-09-13T02:15:37.354Z] [DEBUG] Hits: pt/macos/Productivity/top-free 5 app(s) found
[2026-09-13T02:15:38.093Z] [DEBUG] RSS ok: pt/macos/Utilities/top-free entries=100
[2026-09-13T02:15:48.099Z] [DEBUG] Hits: pt/macos/Utilities/top-free 1 app(s) found
[2026-09-13T02:15:48.099Z] [INFO] RSS progress: 30/60 (30 ok, 0 error, 90 points)
[2026-09-13T02:15:48.943Z] [DEBUG] RSS ok: ch/macos/Business/top-free entries=99
[2026-09-13T02:15:58.949Z] [DEBUG] Hits: ch/macos/Business/top-free 3 app(s) found
[2026-09-13T02:15:59.771Z] [DEBUG] RSS ok: ch/macos/Productivity/top-free entries=99
[2026-09-13T02:16:09.777Z] [DEBUG] Hits: ch/macos/Productivity/top-free 4 app(s) found
[2026-09-13T02:16:10.529Z] [DEBUG] RSS ok: ch/macos/Utilities/top-free entries=100
[2026-09-13T02:16:20.535Z] [DEBUG] Hits: ch/macos/Utilities/top-free 2 app(s) found
[2026-09-13T02:16:21.494Z] [DEBUG] RSS ok: be/macos/Business/top-free entries=100
[2026-09-13T02:16:31.501Z] [DEBUG] Hits: be/macos/Business/top-free 4 app(s) found
[2026-09-13T02:16:32.230Z] [DEBUG] RSS ok: be/macos/Productivity/top-free entries=99
[2026-09-13T02:16:42.235Z] [DEBUG] Hits: be/macos/Productivity/top-free 3 app(s) found
[2026-09-13T02:16:42.925Z] [DEBUG] RSS ok: be/macos/Utilities/top-free entries=100
[2026-09-13T02:16:53.613Z] [DEBUG] RSS ok: nl/macos/Business/top-free entries=100
[2026-09-13T02:17:03.620Z] [DEBUG] Hits: nl/macos/Business/top-free 1 app(s) found
[2026-09-13T02:17:04.427Z] [DEBUG] RSS ok: nl/macos/Productivity/top-free entries=99
[2026-09-13T02:17:14.434Z] [DEBUG] Hits: nl/macos/Productivity/top-free 4 app(s) found
[2026-09-13T02:17:15.370Z] [DEBUG] RSS ok: nl/macos/Utilities/top-free entries=100
[2026-09-13T02:17:26.305Z] [DEBUG] RSS ok: tw/macos/Business/top-free entries=100
[2026-09-13T02:17:36.311Z] [DEBUG] Hits: tw/macos/Business/top-free 2 app(s) found
[2026-09-13T02:17:36.311Z] [INFO] RSS progress: 40/60 (40 ok, 0 error, 113 points)
[2026-09-13T02:17:37.210Z] [DEBUG] RSS ok: tw/macos/Productivity/top-free entries=99
[2026-09-13T02:17:47.212Z] [DEBUG] Hits: tw/macos/Productivity/top-free 2 app(s) found
[2026-09-13T02:17:48.336Z] [DEBUG] RSS ok: tw/macos/Utilities/top-free entries=100
[2026-09-13T02:17:58.342Z] [DEBUG] Hits: tw/macos/Utilities/top-free 2 app(s) found
[2026-09-13T02:17:59.096Z] [DEBUG] RSS ok: hk/macos/Business/top-free entries=100
[2026-09-13T02:18:09.102Z] [DEBUG] Hits: hk/macos/Business/top-free 1 app(s) found
[2026-09-13T02:18:09.910Z] [DEBUG] RSS ok: hk/macos/Productivity/top-free entries=99
[2026-09-13T02:18:19.916Z] [DEBUG] Hits: hk/macos/Productivity/top-free 4 app(s) found
[2026-09-13T02:18:20.714Z] [DEBUG] RSS ok: hk/macos/Utilities/top-free entries=100
[2026-09-13T02:18:31.882Z] [DEBUG] RSS ok: nz/macos/Business/top-free entries=100
[2026-09-13T02:18:41.888Z] [DEBUG] Hits: nz/macos/Business/top-free 3 app(s) found
[2026-09-13T02:18:42.751Z] [DEBUG] RSS ok: nz/macos/Productivity/top-free entries=99
[2026-09-13T02:18:52.756Z] [DEBUG] Hits: nz/macos/Productivity/top-free 2 app(s) found
[2026-09-13T02:18:54.372Z] [DEBUG] RSS ok: nz/macos/Utilities/top-free entries=100
[2026-09-13T02:19:04.378Z] [DEBUG] Hits: nz/macos/Utilities/top-free 1 app(s) found
[2026-09-13T02:19:05.232Z] [DEBUG] RSS ok: sg/macos/Business/top-free entries=100
[2026-09-13T02:19:15.238Z] [DEBUG] Hits: sg/macos/Business/top-free 4 app(s) found
[2026-09-13T02:19:16.104Z] [DEBUG] RSS ok: sg/macos/Productivity/top-free entries=99
[2026-09-13T02:19:26.111Z] [DEBUG] Hits: sg/macos/Productivity/top-free 4 app(s) found
[2026-09-13T02:19:26.111Z] [INFO] RSS progress: 50/60 (50 ok, 0 error, 136 points)
[2026-09-13T02:19:26.883Z] [DEBUG] RSS ok: sg/macos/Utilities/top-free entries=100
[2026-09-13T02:19:36.889Z] [DEBUG] Hits: sg/macos/Utilities/top-free 1 app(s) found
[2026-09-13T02:19:38.009Z] [DEBUG] RSS ok: in/macos/Business/top-free entries=100
[2026-09-13T02:19:48.015Z] [DEBUG] Hits: in/macos/Business/top-free 3 app(s) found
[2026-09-13T02:19:48.813Z] [DEBUG] RSS ok: in/macos/Productivity/top-free entries=99
[2026-09-13T02:19:58.819Z] [DEBUG] Hits: in/macos/Productivity/top-free 2 app(s) found
[2026-09-13T02:19:59.543Z] [DEBUG] RSS ok: in/macos/Utilities/top-free entries=100
[2026-09-13T02:20:10.301Z] [DEBUG] RSS ok: za/macos/Business/top-free entries=100
[2026-09-13T02:20:20.306Z] [DEBUG] Hits: za/macos/Business/top-free 3 app(s) found
[2026-09-13T02:20:21.017Z] [DEBUG] RSS ok: za/macos/Productivity/top-free entries=99
[2026-09-13T02:20:31.023Z] [DEBUG] Hits: za/macos/Productivity/top-free 3 app(s) found
[2026-09-13T02:20:32.026Z] [DEBUG] RSS ok: za/macos/Utilities/top-free entries=100
[2026-09-13T02:20:42.032Z] [DEBUG] Hits: za/macos/Utilities/top-free 3 app(s) found
[2026-09-13T02:20:43.378Z] [DEBUG] RSS ok: br/macos/Business/top-free entries=99
[2026-09-13T02:20:53.383Z] [DEBUG] Hits: br/macos/Business/top-free 4 app(s) found
[2026-09-13T02:20:54.695Z] [DEBUG] RSS ok: br/macos/Productivity/top-free entries=99
[2026-09-13T02:21:04.701Z] [DEBUG] Hits: br/macos/Productivity/top-free 3 app(s) found
[2026-09-13T02:21:05.542Z] [DEBUG] RSS ok: br/macos/Utilities/top-free entries=100
[2026-09-13T02:21:15.548Z] [INFO] RSS fetch done: 60 ok, 0 error, 158 points
[2026-09-13T02:21:15.548Z] [INFO] RSS progress: 60/60 (60 ok, 0 error, 158 points)
[2026-09-13T02:21:15.549Z] [INFO] Platform max returned: macos = 100
[2026-09-13T02:21:15.549Z] [INFO] RSS results: 60 ok, 0 error, 158 rank points
[2026-09-13T02:21:15.573Z] [INFO] Stored: 60 crawls, 158 points
[2026-09-13T02:21:15.576Z] [INFO] current.json written rows=23
[2026-09-13T02:21:15.577Z] [INFO] Current summary: on_chart=158, not_on_chart=302, depth_limited=0, crawl_error=0, total=460
[2026-09-13T02:21:15.577Z] [INFO] === Crawl complete === 653.1s
[2026-09-13T02:47:11.315Z] [INFO] === Crawl start === ts=2026-09-13T02:00:00Z
[2026-09-13T02:47:11.320Z] [INFO] Config loaded apps=4, platforms=macos, categories=Business,Productivity,Utilities
[2026-09-13T02:47:11.320Z] [INFO] App IDs to track: 23 our=4, competitors=19
[2026-09-13T02:47:11.321Z] [INFO] Lookup cached fetched_at=2026-09-13T00:57:45.605Z, 23 apps
[2026-09-13T02:47:11.322Z] [INFO] RSS requests: 60 countries=20, platforms=macos, categories=Business,Productivity,Utilities
[2026-09-13T02:47:11.322Z] [INFO] RSS fetch start: 60 requests, concurrency=1
[2026-09-13T02:47:12.069Z] [DEBUG] RSS ok: us/macos/Business/top-free entries=100
[2026-09-13T02:47:22.072Z] [DEBUG] Hits: us/macos/Business/top-free 4 app(s) found
[2026-09-13T02:47:22.731Z] [DEBUG] RSS ok: us/macos/Productivity/top-free entries=99
[2026-09-13T02:47:32.737Z] [DEBUG] Hits: us/macos/Productivity/top-free 6 app(s) found
[2026-09-13T02:47:33.725Z] [DEBUG] RSS ok: us/macos/Utilities/top-free entries=100
[2026-09-13T02:47:43.731Z] [DEBUG] Hits: us/macos/Utilities/top-free 1 app(s) found
[2026-09-13T02:47:44.678Z] [DEBUG] RSS ok: gb/macos/Business/top-free entries=100
[2026-09-13T02:47:54.684Z] [DEBUG] Hits: gb/macos/Business/top-free 4 app(s) found
[2026-09-13T02:47:55.573Z] [DEBUG] RSS ok: gb/macos/Productivity/top-free entries=99
[2026-09-13T02:48:05.580Z] [DEBUG] Hits: gb/macos/Productivity/top-free 4 app(s) found
[2026-09-13T02:48:06.489Z] [DEBUG] RSS ok: gb/macos/Utilities/top-free entries=100
[2026-09-13T02:48:16.496Z] [DEBUG] Hits: gb/macos/Utilities/top-free 3 app(s) found
[2026-09-13T02:48:17.259Z] [DEBUG] RSS ok: ca/macos/Business/top-free entries=100
[2026-09-13T02:48:27.265Z] [DEBUG] Hits: ca/macos/Business/top-free 3 app(s) found
[2026-09-13T02:48:28.104Z] [DEBUG] RSS ok: ca/macos/Productivity/top-free entries=99
[2026-09-13T02:48:38.111Z] [DEBUG] Hits: ca/macos/Productivity/top-free 4 app(s) found
[2026-09-13T02:48:39.079Z] [DEBUG] RSS ok: ca/macos/Utilities/top-free entries=100
[2026-09-13T02:48:49.085Z] [DEBUG] Hits: ca/macos/Utilities/top-free 1 app(s) found
[2026-09-13T02:48:49.818Z] [DEBUG] RSS ok: fr/macos/Business/top-free entries=99
[2026-09-13T02:48:59.824Z] [DEBUG] Hits: fr/macos/Business/top-free 3 app(s) found
[2026-09-13T02:48:59.824Z] [INFO] RSS progress: 10/60 (10 ok, 0 error, 33 points)
[2026-09-13T02:49:00.803Z] [DEBUG] RSS ok: fr/macos/Productivity/top-free entries=99
[2026-09-13T02:49:10.810Z] [DEBUG] Hits: fr/macos/Productivity/top-free 5 app(s) found
[2026-09-13T02:49:11.471Z] [DEBUG] RSS ok: fr/macos/Utilities/top-free entries=100
[2026-09-13T02:49:21.478Z] [DEBUG] Hits: fr/macos/Utilities/top-free 1 app(s) found
[2026-09-13T02:49:22.125Z] [DEBUG] RSS ok: de/macos/Business/top-free entries=99
[2026-09-13T02:49:32.801Z] [DEBUG] RSS ok: de/macos/Productivity/top-free entries=99
[2026-09-13T02:49:42.807Z] [DEBUG] Hits: de/macos/Productivity/top-free 4 app(s) found
[2026-09-13T02:49:43.552Z] [DEBUG] RSS ok: de/macos/Utilities/top-free entries=100
[2026-09-13T02:49:53.557Z] [DEBUG] Hits: de/macos/Utilities/top-free 2 app(s) found
[2026-09-13T02:49:54.163Z] [DEBUG] RSS ok: jp/macos/Business/top-free entries=100
[2026-09-13T02:50:04.164Z] [DEBUG] Hits: jp/macos/Business/top-free 2 app(s) found
[2026-09-13T02:50:04.867Z] [DEBUG] RSS ok: jp/macos/Productivity/top-free entries=99
[2026-09-13T02:50:14.874Z] [DEBUG] Hits: jp/macos/Productivity/top-free 4 app(s) found
[2026-09-13T02:50:15.668Z] [DEBUG] RSS ok: jp/macos/Utilities/top-free entries=100
[2026-09-13T02:50:25.674Z] [DEBUG] Hits: jp/macos/Utilities/top-free 4 app(s) found
[2026-09-13T02:50:26.489Z] [DEBUG] RSS ok: au/macos/Business/top-free entries=100
[2026-09-13T02:50:36.495Z] [DEBUG] Hits: au/macos/Business/top-free 3 app(s) found
[2026-09-13T02:50:37.254Z] [DEBUG] RSS ok: au/macos/Productivity/top-free entries=99
[2026-09-13T02:50:47.260Z] [DEBUG] Hits: au/macos/Productivity/top-free 4 app(s) found
[2026-09-13T02:50:47.260Z] [INFO] RSS progress: 20/60 (20 ok, 0 error, 62 points)
[2026-09-13T02:50:47.987Z] [DEBUG] RSS ok: au/macos/Utilities/top-free entries=100
[2026-09-13T02:50:57.993Z] [DEBUG] Hits: au/macos/Utilities/top-free 1 app(s) found
[2026-09-13T02:50:59.003Z] [DEBUG] RSS ok: es/macos/Business/top-free entries=99
[2026-09-13T02:51:09.009Z] [DEBUG] Hits: es/macos/Business/top-free 3 app(s) found
[2026-09-13T02:51:09.667Z] [DEBUG] RSS ok: es/macos/Productivity/top-free entries=99
[2026-09-13T02:51:19.670Z] [DEBUG] Hits: es/macos/Productivity/top-free 5 app(s) found
[2026-09-13T02:51:20.365Z] [DEBUG] RSS ok: es/macos/Utilities/top-free entries=100
[2026-09-13T02:51:30.370Z] [DEBUG] Hits: es/macos/Utilities/top-free 1 app(s) found
[2026-09-13T02:51:31.065Z] [DEBUG] RSS ok: it/macos/Business/top-free entries=99
[2026-09-13T02:51:41.072Z] [DEBUG] Hits: it/macos/Business/top-free 2 app(s) found
[2026-09-13T02:51:41.874Z] [DEBUG] RSS ok: it/macos/Productivity/top-free entries=99
[2026-09-13T02:51:51.880Z] [DEBUG] Hits: it/macos/Productivity/top-free 4 app(s) found
[2026-09-13T02:51:52.637Z] [DEBUG] RSS ok: it/macos/Utilities/top-free entries=100
[2026-09-13T02:52:02.642Z] [DEBUG] Hits: it/macos/Utilities/top-free 2 app(s) found
[2026-09-13T02:52:03.501Z] [DEBUG] RSS ok: pt/macos/Business/top-free entries=100
[2026-09-13T02:52:13.508Z] [DEBUG] Hits: pt/macos/Business/top-free 4 app(s) found
[2026-09-13T02:52:14.187Z] [DEBUG] RSS ok: pt/macos/Productivity/top-free entries=99
[2026-09-13T02:52:24.193Z] [DEBUG] Hits: pt/macos/Productivity/top-free 5 app(s) found
[2026-09-13T02:52:24.785Z] [DEBUG] RSS ok: pt/macos/Utilities/top-free entries=100
[2026-09-13T02:52:34.792Z] [DEBUG] Hits: pt/macos/Utilities/top-free 1 app(s) found
[2026-09-13T02:52:34.792Z] [INFO] RSS progress: 30/60 (30 ok, 0 error, 90 points)
[2026-09-13T02:52:35.423Z] [DEBUG] RSS ok: ch/macos/Business/top-free entries=99
[2026-09-13T02:52:45.429Z] [DEBUG] Hits: ch/macos/Business/top-free 3 app(s) found
[2026-09-13T02:52:46.153Z] [DEBUG] RSS ok: ch/macos/Productivity/top-free entries=99
[2026-09-13T02:52:56.159Z] [DEBUG] Hits: ch/macos/Productivity/top-free 4 app(s) found
[2026-09-13T02:52:57.072Z] [DEBUG] RSS ok: ch/macos/Utilities/top-free entries=100
[2026-09-13T02:53:07.078Z] [DEBUG] Hits: ch/macos/Utilities/top-free 2 app(s) found
[2026-09-13T02:53:07.845Z] [DEBUG] RSS ok: be/macos/Business/top-free entries=100
[2026-09-13T02:53:17.852Z] [DEBUG] Hits: be/macos/Business/top-free 4 app(s) found
[2026-09-13T02:53:18.606Z] [DEBUG] RSS ok: be/macos/Productivity/top-free entries=99
[2026-09-13T02:53:28.611Z] [DEBUG] Hits: be/macos/Productivity/top-free 3 app(s) found
[2026-09-13T02:53:29.208Z] [DEBUG] RSS ok: be/macos/Utilities/top-free entries=100
[2026-09-13T02:53:39.913Z] [DEBUG] RSS ok: nl/macos/Business/top-free entries=100
[2026-09-13T02:53:49.920Z] [DEBUG] Hits: nl/macos/Business/top-free 1 app(s) found
[2026-09-13T02:53:50.566Z] [DEBUG] RSS ok: nl/macos/Productivity/top-free entries=99
[2026-09-13T02:54:00.572Z] [DEBUG] Hits: nl/macos/Productivity/top-free 4 app(s) found
[2026-09-13T02:54:01.351Z] [DEBUG] RSS ok: nl/macos/Utilities/top-free entries=100
[2026-09-13T02:54:12.037Z] [DEBUG] RSS ok: tw/macos/Business/top-free entries=100
[2026-09-13T02:54:22.042Z] [DEBUG] Hits: tw/macos/Business/top-free 2 app(s) found
[2026-09-13T02:54:22.042Z] [INFO] RSS progress: 40/60 (40 ok, 0 error, 113 points)
[2026-09-13T02:54:22.737Z] [DEBUG] RSS ok: tw/macos/Productivity/top-free entries=99
[2026-09-13T02:54:32.743Z] [DEBUG] Hits: tw/macos/Productivity/top-free 2 app(s) found
[2026-09-13T02:54:33.471Z] [DEBUG] RSS ok: tw/macos/Utilities/top-free entries=100
[2026-09-13T02:54:43.474Z] [DEBUG] Hits: tw/macos/Utilities/top-free 2 app(s) found
[2026-09-13T02:54:44.358Z] [DEBUG] RSS ok: hk/macos/Business/top-free entries=100
[2026-09-13T02:54:54.365Z] [DEBUG] Hits: hk/macos/Business/top-free 1 app(s) found
[2026-09-13T02:54:55.277Z] [DEBUG] RSS ok: hk/macos/Productivity/top-free entries=99
[2026-09-13T02:55:05.283Z] [DEBUG] Hits: hk/macos/Productivity/top-free 4 app(s) found
[2026-09-13T02:55:05.998Z] [DEBUG] RSS ok: hk/macos/Utilities/top-free entries=100
[2026-09-13T02:55:16.688Z] [DEBUG] RSS ok: nz/macos/Business/top-free entries=100
[2026-09-13T02:55:26.695Z] [DEBUG] Hits: nz/macos/Business/top-free 3 app(s) found
[2026-09-13T02:55:27.410Z] [DEBUG] RSS ok: nz/macos/Productivity/top-free entries=99
[2026-09-13T02:55:37.416Z] [DEBUG] Hits: nz/macos/Productivity/top-free 2 app(s) found
[2026-09-13T02:55:38.224Z] [DEBUG] RSS ok: nz/macos/Utilities/top-free entries=100
[2026-09-13T02:55:48.231Z] [DEBUG] Hits: nz/macos/Utilities/top-free 1 app(s) found
[2026-09-13T02:55:48.938Z] [DEBUG] RSS ok: sg/macos/Business/top-free entries=100
[2026-09-13T02:55:58.944Z] [DEBUG] Hits: sg/macos/Business/top-free 4 app(s) found
[2026-09-13T02:55:59.718Z] [DEBUG] RSS ok: sg/macos/Productivity/top-free entries=99
[2026-09-13T02:56:09.724Z] [INFO] RSS progress: 50/60 (50 ok, 0 error, 136 points)
[2026-09-13T02:56:09.724Z] [DEBUG] Hits: sg/macos/Productivity/top-free 4 app(s) found
[2026-09-13T02:56:10.484Z] [DEBUG] RSS ok: sg/macos/Utilities/top-free entries=100
[2026-09-13T02:56:20.490Z] [DEBUG] Hits: sg/macos/Utilities/top-free 1 app(s) found
[2026-09-13T02:56:21.139Z] [DEBUG] RSS ok: in/macos/Business/top-free entries=100
[2026-09-13T02:56:31.145Z] [DEBUG] Hits: in/macos/Business/top-free 3 app(s) found
[2026-09-13T02:56:31.857Z] [DEBUG] RSS ok: in/macos/Productivity/top-free entries=99
[2026-09-13T02:56:41.863Z] [DEBUG] Hits: in/macos/Productivity/top-free 2 app(s) found
[2026-09-13T02:56:42.606Z] [DEBUG] RSS ok: in/macos/Utilities/top-free entries=100
[2026-09-13T02:56:53.339Z] [DEBUG] RSS ok: za/macos/Business/top-free entries=100
[2026-09-13T02:57:03.345Z] [DEBUG] Hits: za/macos/Business/top-free 3 app(s) found
[2026-09-13T02:57:04.162Z] [DEBUG] RSS ok: za/macos/Productivity/top-free entries=99
[2026-09-13T02:57:14.168Z] [DEBUG] Hits: za/macos/Productivity/top-free 3 app(s) found
[2026-09-13T02:57:15.012Z] [DEBUG] RSS ok: za/macos/Utilities/top-free entries=100
[2026-09-13T02:57:25.019Z] [DEBUG] Hits: za/macos/Utilities/top-free 3 app(s) found
[2026-09-13T02:57:25.695Z] [DEBUG] RSS ok: br/macos/Business/top-free entries=99
[2026-09-13T02:57:35.702Z] [DEBUG] Hits: br/macos/Business/top-free 4 app(s) found
[2026-09-13T02:57:36.564Z] [DEBUG] RSS ok: br/macos/Productivity/top-free entries=99
[2026-09-13T02:57:46.570Z] [DEBUG] Hits: br/macos/Productivity/top-free 3 app(s) found
[2026-09-13T02:57:47.323Z] [DEBUG] RSS ok: br/macos/Utilities/top-free entries=100
[2026-09-13T02:57:57.330Z] [INFO] RSS progress: 60/60 (60 ok, 0 error, 158 points)
[2026-09-13T02:57:57.330Z] [INFO] RSS fetch done: 60 ok, 0 error, 158 points
[2026-09-13T02:57:57.330Z] [INFO] Platform max returned: macos = 100
[2026-09-13T02:57:57.331Z] [INFO] RSS results: 60 ok, 0 error, 158 rank points
[2026-09-13T02:57:57.371Z] [INFO] Stored: 60 crawls, 158 points
[2026-09-13T02:57:57.376Z] [INFO] current.json written rows=23
[2026-09-13T02:57:57.377Z] [INFO] Current summary: on_chart=158, not_on_chart=302, depth_limited=0, crawl_error=0, total=460
[2026-09-13T02:57:57.377Z] [INFO] === Crawl complete === 646.1s
[2026-09-13T03:47:11.886Z] [INFO] === Crawl start === ts=2026-09-13T03:00:00Z
[2026-09-13T03:47:11.889Z] [INFO] Config loaded apps=4, platforms=macos, categories=Business,Productivity,Utilities
[2026-09-13T03:47:11.889Z] [INFO] App IDs to track: 23 our=4, competitors=19
[2026-09-13T03:47:11.890Z] [INFO] Lookup cached fetched_at=2026-09-13T00:57:45.605Z, 23 apps
[2026-09-13T03:47:11.890Z] [INFO] RSS requests: 60 countries=20, platforms=macos, categories=Business,Productivity,Utilities
[2026-09-13T03:47:11.891Z] [INFO] RSS fetch start: 60 requests, concurrency=1
[2026-09-13T03:47:12.755Z] [DEBUG] RSS ok: us/macos/Business/top-free entries=100
[2026-09-13T03:47:22.757Z] [DEBUG] Hits: us/macos/Business/top-free 4 app(s) found
[2026-09-13T03:47:23.422Z] [DEBUG] RSS ok: us/macos/Productivity/top-free entries=99
[2026-09-13T03:47:33.429Z] [DEBUG] Hits: us/macos/Productivity/top-free 6 app(s) found
[2026-09-13T03:47:34.325Z] [DEBUG] RSS ok: us/macos/Utilities/top-free entries=100
[2026-09-13T03:47:44.330Z] [DEBUG] Hits: us/macos/Utilities/top-free 1 app(s) found
[2026-09-13T03:47:45.790Z] [DEBUG] RSS ok: gb/macos/Business/top-free entries=100
[2026-09-13T03:47:55.796Z] [DEBUG] Hits: gb/macos/Business/top-free 4 app(s) found
[2026-09-13T03:47:56.621Z] [DEBUG] RSS ok: gb/macos/Productivity/top-free entries=99
[2026-09-13T03:48:06.628Z] [DEBUG] Hits: gb/macos/Productivity/top-free 4 app(s) found
[2026-09-13T03:48:07.387Z] [DEBUG] RSS ok: gb/macos/Utilities/top-free entries=100
[2026-09-13T03:48:17.394Z] [DEBUG] Hits: gb/macos/Utilities/top-free 3 app(s) found
[2026-09-13T03:48:18.268Z] [DEBUG] RSS ok: ca/macos/Business/top-free entries=100
[2026-09-13T03:48:28.274Z] [DEBUG] Hits: ca/macos/Business/top-free 3 app(s) found
[2026-09-13T03:48:29.038Z] [DEBUG] RSS ok: ca/macos/Productivity/top-free entries=99
[2026-09-13T03:48:39.044Z] [DEBUG] Hits: ca/macos/Productivity/top-free 4 app(s) found
[2026-09-13T03:48:40.171Z] [DEBUG] RSS ok: ca/macos/Utilities/top-free entries=100
[2026-09-13T03:48:50.177Z] [DEBUG] Hits: ca/macos/Utilities/top-free 1 app(s) found
[2026-09-13T03:48:50.961Z] [DEBUG] RSS ok: fr/macos/Business/top-free entries=99
[2026-09-13T03:49:00.963Z] [DEBUG] Hits: fr/macos/Business/top-free 3 app(s) found
[2026-09-13T03:49:00.963Z] [INFO] RSS progress: 10/60 (10 ok, 0 error, 33 points)
[2026-09-13T03:49:01.854Z] [DEBUG] RSS ok: fr/macos/Productivity/top-free entries=99
[2026-09-13T03:49:11.860Z] [DEBUG] Hits: fr/macos/Productivity/top-free 5 app(s) found
[2026-09-13T03:49:12.703Z] [DEBUG] RSS ok: fr/macos/Utilities/top-free entries=100
[2026-09-13T03:49:22.710Z] [DEBUG] Hits: fr/macos/Utilities/top-free 1 app(s) found
[2026-09-13T03:49:23.500Z] [DEBUG] RSS ok: de/macos/Business/top-free entries=99
[2026-09-13T03:49:34.441Z] [DEBUG] RSS ok: de/macos/Productivity/top-free entries=99
[2026-09-13T03:49:44.444Z] [DEBUG] Hits: de/macos/Productivity/top-free 4 app(s) found
[2026-09-13T03:49:45.223Z] [DEBUG] RSS ok: de/macos/Utilities/top-free entries=100
[2026-09-13T03:49:55.230Z] [DEBUG] Hits: de/macos/Utilities/top-free 2 app(s) found
[2026-09-13T03:49:56.223Z] [DEBUG] RSS ok: jp/macos/Business/top-free entries=100
[2026-09-13T03:50:06.229Z] [DEBUG] Hits: jp/macos/Business/top-free 2 app(s) found
[2026-09-13T03:50:07.087Z] [DEBUG] RSS ok: jp/macos/Productivity/top-free entries=99
[2026-09-13T03:50:17.090Z] [DEBUG] Hits: jp/macos/Productivity/top-free 4 app(s) found
[2026-09-13T03:50:17.990Z] [DEBUG] RSS ok: jp/macos/Utilities/top-free entries=100
[2026-09-13T03:50:27.996Z] [DEBUG] Hits: jp/macos/Utilities/top-free 4 app(s) found
[2026-09-13T03:50:28.816Z] [DEBUG] RSS ok: au/macos/Business/top-free entries=100
[2026-09-13T03:50:38.823Z] [DEBUG] Hits: au/macos/Business/top-free 3 app(s) found
[2026-09-13T03:50:39.830Z] [DEBUG] RSS ok: au/macos/Productivity/top-free entries=99
[2026-09-13T03:50:49.832Z] [INFO] RSS progress: 20/60 (20 ok, 0 error, 62 points)
[2026-09-13T03:50:49.832Z] [DEBUG] Hits: au/macos/Productivity/top-free 4 app(s) found
[2026-09-13T03:50:50.591Z] [DEBUG] RSS ok: au/macos/Utilities/top-free entries=100
[2026-09-13T03:51:00.597Z] [DEBUG] Hits: au/macos/Utilities/top-free 1 app(s) found
[2026-09-13T03:51:01.399Z] [DEBUG] RSS ok: es/macos/Business/top-free entries=99
[2026-09-13T03:51:11.405Z] [DEBUG] Hits: es/macos/Business/top-free 3 app(s) found
[2026-09-13T03:51:12.223Z] [DEBUG] RSS ok: es/macos/Productivity/top-free entries=99
[2026-09-13T03:51:22.230Z] [DEBUG] Hits: es/macos/Productivity/top-free 5 app(s) found
[2026-09-13T03:51:22.928Z] [DEBUG] RSS ok: es/macos/Utilities/top-free entries=100
[2026-09-13T03:51:32.935Z] [DEBUG] Hits: es/macos/Utilities/top-free 1 app(s) found
[2026-09-13T03:51:34.063Z] [DEBUG] RSS ok: it/macos/Business/top-free entries=99
[2026-09-13T03:51:44.069Z] [DEBUG] Hits: it/macos/Business/top-free 2 app(s) found
[2026-09-13T03:51:44.943Z] [DEBUG] RSS ok: it/macos/Productivity/top-free entries=99
[2026-09-13T03:51:54.950Z] [DEBUG] Hits: it/macos/Productivity/top-free 4 app(s) found
[2026-09-13T03:51:55.764Z] [DEBUG] RSS ok: it/macos/Utilities/top-free entries=100
[2026-09-13T03:52:05.771Z] [DEBUG] Hits: it/macos/Utilities/top-free 2 app(s) found
[2026-09-13T03:52:06.662Z] [DEBUG] RSS ok: pt/macos/Business/top-free entries=100
[2026-09-13T03:52:16.668Z] [DEBUG] Hits: pt/macos/Business/top-free 4 app(s) found
[2026-09-13T03:52:17.456Z] [DEBUG] RSS ok: pt/macos/Productivity/top-free entries=99
[2026-09-13T03:52:27.462Z] [DEBUG] Hits: pt/macos/Productivity/top-free 5 app(s) found
[2026-09-13T03:52:28.209Z] [DEBUG] RSS ok: pt/macos/Utilities/top-free entries=100
[2026-09-13T03:52:38.215Z] [DEBUG] Hits: pt/macos/Utilities/top-free 1 app(s) found
[2026-09-13T03:52:38.215Z] [INFO] RSS progress: 30/60 (30 ok, 0 error, 90 points)
[2026-09-13T03:52:39.262Z] [DEBUG] RSS ok: ch/macos/Business/top-free entries=99
[2026-09-13T03:52:49.269Z] [DEBUG] Hits: ch/macos/Business/top-free 3 app(s) found
[2026-09-13T03:52:50.401Z] [DEBUG] RSS ok: ch/macos/Productivity/top-free entries=99
[2026-09-13T03:53:00.404Z] [DEBUG] Hits: ch/macos/Productivity/top-free 4 app(s) found
[2026-09-13T03:53:01.262Z] [DEBUG] RSS ok: ch/macos/Utilities/top-free entries=100
[2026-09-13T03:53:11.268Z] [DEBUG] Hits: ch/macos/Utilities/top-free 2 app(s) found
[2026-09-13T03:53:14.177Z] [DEBUG] RSS ok: be/macos/Business/top-free entries=100
[2026-09-13T03:53:24.183Z] [DEBUG] Hits: be/macos/Business/top-free 4 app(s) found
[2026-09-13T03:53:24.828Z] [DEBUG] RSS ok: be/macos/Productivity/top-free entries=99
[2026-09-13T03:53:34.835Z] [DEBUG] Hits: be/macos/Productivity/top-free 3 app(s) found
[2026-09-13T03:53:35.775Z] [DEBUG] RSS ok: be/macos/Utilities/top-free entries=100
[2026-09-13T03:53:46.474Z] [DEBUG] RSS ok: nl/macos/Business/top-free entries=100
[2026-09-13T03:53:56.481Z] [DEBUG] Hits: nl/macos/Business/top-free 1 app(s) found
[2026-09-13T03:53:57.327Z] [DEBUG] RSS ok: nl/macos/Productivity/top-free entries=99
[2026-09-13T03:54:07.333Z] [DEBUG] Hits: nl/macos/Productivity/top-free 4 app(s) found
[2026-09-13T03:54:08.155Z] [DEBUG] RSS ok: nl/macos/Utilities/top-free entries=100
[2026-09-13T03:54:19.674Z] [DEBUG] RSS ok: tw/macos/Business/top-free entries=100
[2026-09-13T03:54:29.680Z] [DEBUG] Hits: tw/macos/Business/top-free 2 app(s) found
[2026-09-13T03:54:29.680Z] [INFO] RSS progress: 40/60 (40 ok, 0 error, 113 points)
[2026-09-13T03:54:30.433Z] [DEBUG] RSS ok: tw/macos/Productivity/top-free entries=99
[2026-09-13T03:54:40.439Z] [DEBUG] Hits: tw/macos/Productivity/top-free 2 app(s) found
[2026-09-13T03:54:41.475Z] [DEBUG] RSS ok: tw/macos/Utilities/top-free entries=100
[2026-09-13T03:54:51.480Z] [DEBUG] Hits: tw/macos/Utilities/top-free 2 app(s) found
[2026-09-13T03:54:52.316Z] [DEBUG] RSS ok: hk/macos/Business/top-free entries=100
[2026-09-13T03:55:02.323Z] [DEBUG] Hits: hk/macos/Business/top-free 1 app(s) found
[2026-09-13T03:55:03.321Z] [DEBUG] RSS ok: hk/macos/Productivity/top-free entries=99
[2026-09-13T03:55:13.328Z] [DEBUG] Hits: hk/macos/Productivity/top-free 4 app(s) found
[2026-09-13T03:55:14.058Z] [DEBUG] RSS ok: hk/macos/Utilities/top-free entries=100
[2026-09-13T03:55:24.861Z] [DEBUG] RSS ok: nz/macos/Business/top-free entries=100
[2026-09-13T03:55:34.867Z] [DEBUG] Hits: nz/macos/Business/top-free 3 app(s) found
[2026-09-13T03:55:35.702Z] [DEBUG] RSS ok: nz/macos/Productivity/top-free entries=99
[2026-09-13T03:55:45.708Z] [DEBUG] Hits: nz/macos/Productivity/top-free 2 app(s) found
[2026-09-13T03:55:46.554Z] [DEBUG] RSS ok: nz/macos/Utilities/top-free entries=100
[2026-09-13T03:55:56.560Z] [DEBUG] Hits: nz/macos/Utilities/top-free 1 app(s) found
[2026-09-13T03:55:57.283Z] [DEBUG] RSS ok: sg/macos/Business/top-free entries=100
[2026-09-13T03:56:07.289Z] [DEBUG] Hits: sg/macos/Business/top-free 4 app(s) found
[2026-09-13T03:56:08.083Z] [DEBUG] RSS ok: sg/macos/Productivity/top-free entries=99
[2026-09-13T03:56:18.086Z] [DEBUG] Hits: sg/macos/Productivity/top-free 4 app(s) found
[2026-09-13T03:56:18.086Z] [INFO] RSS progress: 50/60 (50 ok, 0 error, 136 points)
[2026-09-13T03:56:18.836Z] [DEBUG] RSS ok: sg/macos/Utilities/top-free entries=100
[2026-09-13T03:56:28.843Z] [DEBUG] Hits: sg/macos/Utilities/top-free 1 app(s) found
[2026-09-13T03:56:29.578Z] [DEBUG] RSS ok: in/macos/Business/top-free entries=100
[2026-09-13T03:56:39.584Z] [DEBUG] Hits: in/macos/Business/top-free 3 app(s) found
[2026-09-13T03:56:40.568Z] [DEBUG] RSS ok: in/macos/Productivity/top-free entries=99
[2026-09-13T03:56:50.574Z] [DEBUG] Hits: in/macos/Productivity/top-free 2 app(s) found
[2026-09-13T03:56:51.362Z] [DEBUG] RSS ok: in/macos/Utilities/top-free entries=100
[2026-09-13T03:57:02.280Z] [DEBUG] RSS ok: za/macos/Business/top-free entries=100
[2026-09-13T03:57:12.286Z] [DEBUG] Hits: za/macos/Business/top-free 3 app(s) found
[2026-09-13T03:57:14.044Z] [DEBUG] RSS ok: za/macos/Productivity/top-free entries=99
[2026-09-13T03:57:24.051Z] [DEBUG] Hits: za/macos/Productivity/top-free 3 app(s) found
[2026-09-13T03:57:24.977Z] [DEBUG] RSS ok: za/macos/Utilities/top-free entries=100
[2026-09-13T03:57:34.982Z] [DEBUG] Hits: za/macos/Utilities/top-free 3 app(s) found
[2026-09-13T03:57:35.777Z] [DEBUG] RSS ok: br/macos/Business/top-free entries=99
[2026-09-13T03:57:45.783Z] [DEBUG] Hits: br/macos/Business/top-free 4 app(s) found
[2026-09-13T03:57:46.620Z] [DEBUG] RSS ok: br/macos/Productivity/top-free entries=99
[2026-09-13T03:57:56.626Z] [DEBUG] Hits: br/macos/Productivity/top-free 3 app(s) found
[2026-09-13T03:57:57.348Z] [DEBUG] RSS ok: br/macos/Utilities/top-free entries=100
[2026-09-13T03:58:07.354Z] [INFO] RSS progress: 60/60 (60 ok, 0 error, 158 points)
[2026-09-13T03:58:07.354Z] [INFO] RSS fetch done: 60 ok, 0 error, 158 points
[2026-09-13T03:58:07.354Z] [INFO] RSS results: 60 ok, 0 error, 158 rank points
[2026-09-13T03:58:07.354Z] [INFO] Platform max returned: macos = 100
[2026-09-13T03:58:07.379Z] [INFO] Stored: 60 crawls, 158 points
[2026-09-13T03:58:07.385Z] [INFO] current.json written rows=23
[2026-09-13T03:58:07.386Z] [INFO] Current summary: on_chart=158, not_on_chart=302, depth_limited=0, crawl_error=0, total=460
[2026-09-13T03:58:07.386Z] [INFO] === Crawl complete === 655.5s
[2026-09-13T04:47:12.171Z] [INFO] === Crawl start === ts=2026-09-13T04:00:00Z
[2026-09-13T04:47:12.176Z] [INFO] Config loaded apps=4, platforms=macos, categories=Business,Productivity,Utilities
[2026-09-13T04:47:12.176Z] [INFO] App IDs to track: 23 our=4, competitors=19
[2026-09-13T04:47:12.177Z] [INFO] Lookup cached fetched_at=2026-09-13T00:57:45.605Z, 23 apps
[2026-09-13T04:47:12.178Z] [INFO] RSS requests: 60 countries=20, platforms=macos, categories=Business,Productivity,Utilities
[2026-09-13T04:47:12.178Z] [INFO] RSS fetch start: 60 requests, concurrency=1
[2026-09-13T04:47:13.094Z] [DEBUG] RSS ok: us/macos/Business/top-free entries=100
[2026-09-13T04:47:23.096Z] [DEBUG] Hits: us/macos/Business/top-free 4 app(s) found
[2026-09-13T04:47:23.859Z] [DEBUG] RSS ok: us/macos/Productivity/top-free entries=99
[2026-09-13T04:47:33.865Z] [DEBUG] Hits: us/macos/Productivity/top-free 6 app(s) found
[2026-09-13T04:47:34.656Z] [DEBUG] RSS ok: us/macos/Utilities/top-free entries=100
[2026-09-13T04:47:44.663Z] [DEBUG] Hits: us/macos/Utilities/top-free 1 app(s) found
[2026-09-13T04:47:45.401Z] [DEBUG] RSS ok: gb/macos/Business/top-free entries=100
[2026-09-13T04:47:55.408Z] [DEBUG] Hits: gb/macos/Business/top-free 4 app(s) found
[2026-09-13T04:47:56.155Z] [DEBUG] RSS ok: gb/macos/Productivity/top-free entries=99
[2026-09-13T04:48:06.162Z] [DEBUG] Hits: gb/macos/Productivity/top-free 4 app(s) found
[2026-09-13T04:48:07.068Z] [DEBUG] RSS ok: gb/macos/Utilities/top-free entries=100
[2026-09-13T04:48:17.074Z] [DEBUG] Hits: gb/macos/Utilities/top-free 3 app(s) found
[2026-09-13T04:48:17.827Z] [DEBUG] RSS ok: ca/macos/Business/top-free entries=100
[2026-09-13T04:48:27.833Z] [DEBUG] Hits: ca/macos/Business/top-free 3 app(s) found
[2026-09-13T04:48:28.687Z] [DEBUG] RSS ok: ca/macos/Productivity/top-free entries=99
[2026-09-13T04:48:38.693Z] [DEBUG] Hits: ca/macos/Productivity/top-free 4 app(s) found
[2026-09-13T04:48:39.404Z] [DEBUG] RSS ok: ca/macos/Utilities/top-free entries=100
[2026-09-13T04:48:49.410Z] [DEBUG] Hits: ca/macos/Utilities/top-free 1 app(s) found
[2026-09-13T04:48:50.173Z] [DEBUG] RSS ok: fr/macos/Business/top-free entries=99
[2026-09-13T04:49:00.179Z] [DEBUG] Hits: fr/macos/Business/top-free 3 app(s) found
[2026-09-13T04:49:00.179Z] [INFO] RSS progress: 10/60 (10 ok, 0 error, 33 points)
[2026-09-13T04:49:01.050Z] [DEBUG] RSS ok: fr/macos/Productivity/top-free entries=99
[2026-09-13T04:49:11.057Z] [DEBUG] Hits: fr/macos/Productivity/top-free 5 app(s) found
[2026-09-13T04:49:11.930Z] [DEBUG] RSS ok: fr/macos/Utilities/top-free entries=100
[2026-09-13T04:49:21.935Z] [DEBUG] Hits: fr/macos/Utilities/top-free 1 app(s) found
[2026-09-13T04:49:22.930Z] [DEBUG] RSS ok: de/macos/Business/top-free entries=99
[2026-09-13T04:49:32.937Z] [DEBUG] Hits: de/macos/Business/top-free 1 app(s) found
[2026-09-13T04:49:33.806Z] [DEBUG] RSS ok: de/macos/Productivity/top-free entries=99
[2026-09-13T04:49:43.812Z] [DEBUG] Hits: de/macos/Productivity/top-free 4 app(s) found
[2026-09-13T04:49:44.569Z] [DEBUG] RSS ok: de/macos/Utilities/top-free entries=100
[2026-09-13T04:49:54.570Z] [DEBUG] Hits: de/macos/Utilities/top-free 2 app(s) found
[2026-09-13T04:49:55.586Z] [DEBUG] RSS ok: jp/macos/Business/top-free entries=100
[2026-09-13T04:50:05.592Z] [DEBUG] Hits: jp/macos/Business/top-free 2 app(s) found
[2026-09-13T04:50:06.438Z] [DEBUG] RSS ok: jp/macos/Productivity/top-free entries=99
[2026-09-13T04:50:16.443Z] [DEBUG] Hits: jp/macos/Productivity/top-free 4 app(s) found
[2026-09-13T04:50:17.342Z] [DEBUG] RSS ok: jp/macos/Utilities/top-free entries=100
[2026-09-13T04:50:27.348Z] [DEBUG] Hits: jp/macos/Utilities/top-free 4 app(s) found
[2026-09-13T04:50:28.127Z] [DEBUG] RSS ok: au/macos/Business/top-free entries=100
[2026-09-13T04:50:38.132Z] [DEBUG] Hits: au/macos/Business/top-free 3 app(s) found
[2026-09-13T04:50:39.097Z] [DEBUG] RSS ok: au/macos/Productivity/top-free entries=99
[2026-09-13T04:50:49.100Z] [DEBUG] Hits: au/macos/Productivity/top-free 3 app(s) found
[2026-09-13T04:50:49.100Z] [INFO] RSS progress: 20/60 (20 ok, 0 error, 62 points)
[2026-09-13T04:50:49.839Z] [DEBUG] RSS ok: au/macos/Utilities/top-free entries=100
[2026-09-13T04:50:59.845Z] [DEBUG] Hits: au/macos/Utilities/top-free 3 app(s) found
[2026-09-13T04:51:00.777Z] [DEBUG] RSS ok: es/macos/Business/top-free entries=99
[2026-09-13T04:51:10.783Z] [DEBUG] Hits: es/macos/Business/top-free 3 app(s) found
[2026-09-13T04:51:11.658Z] [DEBUG] RSS ok: es/macos/Productivity/top-free entries=99
[2026-09-13T04:51:21.664Z] [DEBUG] Hits: es/macos/Productivity/top-free 5 app(s) found
[2026-09-13T04:51:22.415Z] [DEBUG] RSS ok: es/macos/Utilities/top-free entries=100
[2026-09-13T04:51:32.422Z] [DEBUG] Hits: es/macos/Utilities/top-free 1 app(s) found
[2026-09-13T04:51:33.257Z] [DEBUG] RSS ok: it/macos/Business/top-free entries=99
[2026-09-13T04:51:43.258Z] [DEBUG] Hits: it/macos/Business/top-free 2 app(s) found
[2026-09-13T04:51:43.989Z] [DEBUG] RSS ok: it/macos/Productivity/top-free entries=99
[2026-09-13T04:51:53.995Z] [DEBUG] Hits: it/macos/Productivity/top-free 4 app(s) found
[2026-09-13T04:51:54.787Z] [DEBUG] RSS ok: it/macos/Utilities/top-free entries=100
[2026-09-13T04:52:04.793Z] [DEBUG] Hits: it/macos/Utilities/top-free 1 app(s) found
[2026-09-13T04:52:05.656Z] [DEBUG] RSS ok: pt/macos/Business/top-free entries=100
[2026-09-13T04:52:15.663Z] [DEBUG] Hits: pt/macos/Business/top-free 4 app(s) found
[2026-09-13T04:52:16.669Z] [DEBUG] RSS ok: pt/macos/Productivity/top-free entries=99
[2026-09-13T04:52:26.675Z] [DEBUG] Hits: pt/macos/Productivity/top-free 5 app(s) found
[2026-09-13T04:52:27.432Z] [DEBUG] RSS ok: pt/macos/Utilities/top-free entries=100
[2026-09-13T04:52:37.438Z] [DEBUG] Hits: pt/macos/Utilities/top-free 1 app(s) found
[2026-09-13T04:52:37.438Z] [INFO] RSS progress: 30/60 (30 ok, 0 error, 91 points)
[2026-09-13T04:52:38.248Z] [DEBUG] RSS ok: ch/macos/Business/top-free entries=99
[2026-09-13T04:52:48.254Z] [DEBUG] Hits: ch/macos/Business/top-free 3 app(s) found
[2026-09-13T04:52:49.183Z] [DEBUG] RSS ok: ch/macos/Productivity/top-free entries=99
[2026-09-13T04:52:59.185Z] [DEBUG] Hits: ch/macos/Productivity/top-free 4 app(s) found
[2026-09-13T04:52:59.949Z] [DEBUG] RSS ok: ch/macos/Utilities/top-free entries=100
[2026-09-13T04:53:09.955Z] [DEBUG] Hits: ch/macos/Utilities/top-free 2 app(s) found
[2026-09-13T04:53:10.677Z] [DEBUG] RSS ok: be/macos/Business/top-free entries=100
[2026-09-13T04:53:20.682Z] [DEBUG] Hits: be/macos/Business/top-free 4 app(s) found
[2026-09-13T04:53:21.796Z] [DEBUG] RSS ok: be/macos/Productivity/top-free entries=99
[2026-09-13T04:53:31.803Z] [DEBUG] Hits: be/macos/Productivity/top-free 3 app(s) found
[2026-09-13T04:53:32.489Z] [DEBUG] RSS ok: be/macos/Utilities/top-free entries=100
[2026-09-13T04:53:43.354Z] [DEBUG] RSS ok: nl/macos/Business/top-free entries=100
[2026-09-13T04:53:53.359Z] [DEBUG] Hits: nl/macos/Business/top-free 1 app(s) found
[2026-09-13T04:53:54.061Z] [DEBUG] RSS ok: nl/macos/Productivity/top-free entries=99
[2026-09-13T04:54:04.067Z] [DEBUG] Hits: nl/macos/Productivity/top-free 4 app(s) found
[2026-09-13T04:54:04.834Z] [DEBUG] RSS ok: nl/macos/Utilities/top-free entries=100
[2026-09-13T04:54:15.514Z] [DEBUG] RSS ok: tw/macos/Business/top-free entries=100
[2026-09-13T04:54:25.520Z] [DEBUG] Hits: tw/macos/Business/top-free 2 app(s) found
[2026-09-13T04:54:25.520Z] [INFO] RSS progress: 40/60 (40 ok, 0 error, 114 points)
[2026-09-13T04:54:26.231Z] [DEBUG] RSS ok: tw/macos/Productivity/top-free entries=99
[2026-09-13T04:54:36.237Z] [DEBUG] Hits: tw/macos/Productivity/top-free 1 app(s) found
[2026-09-13T04:54:36.866Z] [DEBUG] RSS ok: tw/macos/Utilities/top-free entries=100
[2026-09-13T04:54:47.681Z] [DEBUG] RSS ok: hk/macos/Business/top-free entries=100
[2026-09-13T04:54:57.687Z] [DEBUG] Hits: hk/macos/Business/top-free 1 app(s) found
[2026-09-13T04:54:58.430Z] [DEBUG] RSS ok: hk/macos/Productivity/top-free entries=99
[2026-09-13T04:55:08.437Z] [DEBUG] Hits: hk/macos/Productivity/top-free 5 app(s) found
[2026-09-13T04:55:09.238Z] [DEBUG] RSS ok: hk/macos/Utilities/top-free entries=100
[2026-09-13T04:55:20.028Z] [DEBUG] RSS ok: nz/macos/Business/top-free entries=100
[2026-09-13T04:55:30.034Z] [DEBUG] Hits: nz/macos/Business/top-free 3 app(s) found
[2026-09-13T04:55:31.285Z] [DEBUG] RSS ok: nz/macos/Productivity/top-free entries=99
[2026-09-13T04:55:41.291Z] [DEBUG] Hits: nz/macos/Productivity/top-free 2 app(s) found
[2026-09-13T04:55:42.082Z] [DEBUG] RSS ok: nz/macos/Utilities/top-free entries=100
[2026-09-13T04:55:52.089Z] [DEBUG] Hits: nz/macos/Utilities/top-free 1 app(s) found
[2026-09-13T04:55:52.822Z] [DEBUG] RSS ok: sg/macos/Business/top-free entries=100
[2026-09-13T04:56:02.829Z] [DEBUG] Hits: sg/macos/Business/top-free 4 app(s) found
[2026-09-13T04:56:03.527Z] [DEBUG] RSS ok: sg/macos/Productivity/top-free entries=99
[2026-09-13T04:56:13.533Z] [DEBUG] Hits: sg/macos/Productivity/top-free 4 app(s) found
[2026-09-13T04:56:13.533Z] [INFO] RSS progress: 50/60 (50 ok, 0 error, 135 points)
[2026-09-13T04:56:14.397Z] [DEBUG] RSS ok: sg/macos/Utilities/top-free entries=100
[2026-09-13T04:56:24.404Z] [DEBUG] Hits: sg/macos/Utilities/top-free 2 app(s) found
[2026-09-13T04:56:25.053Z] [DEBUG] RSS ok: in/macos/Business/top-free entries=100
[2026-09-13T04:56:35.059Z] [DEBUG] Hits: in/macos/Business/top-free 3 app(s) found
[2026-09-13T04:56:35.899Z] [DEBUG] RSS ok: in/macos/Productivity/top-free entries=99
[2026-09-13T04:56:45.906Z] [DEBUG] Hits: in/macos/Productivity/top-free 2 app(s) found
[2026-09-13T04:56:46.701Z] [DEBUG] RSS ok: in/macos/Utilities/top-free entries=100
[2026-09-13T04:56:57.643Z] [DEBUG] RSS ok: za/macos/Business/top-free entries=100
[2026-09-13T04:57:07.649Z] [DEBUG] Hits: za/macos/Business/top-free 3 app(s) found
[2026-09-13T04:57:08.374Z] [DEBUG] RSS ok: za/macos/Productivity/top-free entries=99
[2026-09-13T04:57:18.381Z] [DEBUG] Hits: za/macos/Productivity/top-free 3 app(s) found
[2026-09-13T04:57:19.237Z] [DEBUG] RSS ok: za/macos/Utilities/top-free entries=100
[2026-09-13T04:57:29.243Z] [DEBUG] Hits: za/macos/Utilities/top-free 3 app(s) found
[2026-09-13T04:57:30.161Z] [DEBUG] RSS ok: br/macos/Business/top-free entries=99
[2026-09-13T04:57:40.167Z] [DEBUG] Hits: br/macos/Business/top-free 4 app(s) found
[2026-09-13T04:57:41.103Z] [DEBUG] RSS ok: br/macos/Productivity/top-free entries=99
[2026-09-13T04:57:51.109Z] [DEBUG] Hits: br/macos/Productivity/top-free 3 app(s) found
[2026-09-13T04:57:52.006Z] [DEBUG] RSS ok: br/macos/Utilities/top-free entries=100
[2026-09-13T04:58:02.012Z] [INFO] RSS progress: 60/60 (60 ok, 0 error, 158 points)
[2026-09-13T04:58:02.012Z] [INFO] RSS fetch done: 60 ok, 0 error, 158 points
[2026-09-13T04:58:02.012Z] [INFO] Platform max returned: macos = 100
[2026-09-13T04:58:02.012Z] [INFO] RSS results: 60 ok, 0 error, 158 rank points
[2026-09-13T04:58:02.056Z] [INFO] Stored: 60 crawls, 158 points
[2026-09-13T04:58:02.064Z] [INFO] current.json written rows=23
[2026-09-13T04:58:02.065Z] [INFO] Current summary: on_chart=158, not_on_chart=302, depth_limited=0, crawl_error=0, total=460
[2026-09-13T04:58:02.066Z] [INFO] === Crawl complete === 649.9s
[2026-09-13T05:47:09.544Z] [INFO] === Crawl start === ts=2026-09-13T05:00:00Z
[2026-09-13T05:47:09.548Z] [INFO] Config loaded apps=4, platforms=macos, categories=Business,Productivity,Utilities
[2026-09-13T05:47:09.548Z] [INFO] App IDs to track: 23 our=4, competitors=19
[2026-09-13T05:47:09.550Z] [INFO] Lookup cached fetched_at=2026-09-13T00:57:45.605Z, 23 apps
[2026-09-13T05:47:09.551Z] [INFO] RSS requests: 60 countries=20, platforms=macos, categories=Business,Productivity,Utilities
[2026-09-13T05:47:09.551Z] [INFO] RSS fetch start: 60 requests, concurrency=1
[2026-09-13T05:47:10.282Z] [DEBUG] RSS ok: us/macos/Business/top-free entries=100
[2026-09-13T05:47:20.285Z] [DEBUG] Hits: us/macos/Business/top-free 4 app(s) found
[2026-09-13T05:47:21.038Z] [DEBUG] RSS ok: us/macos/Productivity/top-free entries=99
[2026-09-13T05:47:31.044Z] [DEBUG] Hits: us/macos/Productivity/top-free 6 app(s) found
[2026-09-13T05:47:31.741Z] [DEBUG] RSS ok: us/macos/Utilities/top-free entries=100
[2026-09-13T05:47:41.746Z] [DEBUG] Hits: us/macos/Utilities/top-free 1 app(s) found
[2026-09-13T05:47:42.464Z] [DEBUG] RSS ok: gb/macos/Business/top-free entries=100
[2026-09-13T05:47:52.464Z] [DEBUG] Hits: gb/macos/Business/top-free 4 app(s) found
[2026-09-13T05:47:53.099Z] [DEBUG] RSS ok: gb/macos/Productivity/top-free entries=99
[2026-09-13T05:48:03.106Z] [DEBUG] Hits: gb/macos/Productivity/top-free 4 app(s) found
[2026-09-13T05:48:03.763Z] [DEBUG] RSS ok: gb/macos/Utilities/top-free entries=100
[2026-09-13T05:48:13.769Z] [DEBUG] Hits: gb/macos/Utilities/top-free 3 app(s) found
[2026-09-13T05:48:14.546Z] [DEBUG] RSS ok: ca/macos/Business/top-free entries=100
[2026-09-13T05:48:24.553Z] [DEBUG] Hits: ca/macos/Business/top-free 3 app(s) found
[2026-09-13T05:48:25.267Z] [DEBUG] RSS ok: ca/macos/Productivity/top-free entries=99
[2026-09-13T05:48:35.274Z] [DEBUG] Hits: ca/macos/Productivity/top-free 4 app(s) found
[2026-09-13T05:48:35.984Z] [DEBUG] RSS ok: ca/macos/Utilities/top-free entries=100
[2026-09-13T05:48:45.991Z] [DEBUG] Hits: ca/macos/Utilities/top-free 1 app(s) found
[2026-09-13T05:48:46.707Z] [DEBUG] RSS ok: fr/macos/Business/top-free entries=99
[2026-09-13T05:48:56.713Z] [DEBUG] Hits: fr/macos/Business/top-free 3 app(s) found
[2026-09-13T05:48:56.713Z] [INFO] RSS progress: 10/60 (10 ok, 0 error, 33 points)
[2026-09-13T05:48:57.479Z] [DEBUG] RSS ok: fr/macos/Productivity/top-free entries=99
[2026-09-13T05:49:07.486Z] [DEBUG] Hits: fr/macos/Productivity/top-free 5 app(s) found
[2026-09-13T05:49:08.221Z] [DEBUG] RSS ok: fr/macos/Utilities/top-free entries=100
[2026-09-13T05:49:18.226Z] [DEBUG] Hits: fr/macos/Utilities/top-free 1 app(s) found
[2026-09-13T05:49:19.084Z] [DEBUG] RSS ok: de/macos/Business/top-free entries=99
[2026-09-13T05:49:29.091Z] [DEBUG] Hits: de/macos/Business/top-free 1 app(s) found
[2026-09-13T05:49:29.788Z] [DEBUG] RSS ok: de/macos/Productivity/top-free entries=99
[2026-09-13T05:49:39.794Z] [DEBUG] Hits: de/macos/Productivity/top-free 4 app(s) found
[2026-09-13T05:49:40.499Z] [DEBUG] RSS ok: de/macos/Utilities/top-free entries=100
[2026-09-13T05:49:50.505Z] [DEBUG] Hits: de/macos/Utilities/top-free 2 app(s) found
[2026-09-13T05:49:51.250Z] [DEBUG] RSS ok: jp/macos/Business/top-free entries=100
[2026-09-13T05:50:01.256Z] [DEBUG] Hits: jp/macos/Business/top-free 2 app(s) found
[2026-09-13T05:50:02.038Z] [DEBUG] RSS ok: jp/macos/Productivity/top-free entries=99
[2026-09-13T05:50:12.044Z] [DEBUG] Hits: jp/macos/Productivity/top-free 4 app(s) found
[2026-09-13T05:50:12.896Z] [DEBUG] RSS ok: jp/macos/Utilities/top-free entries=100
[2026-09-13T05:50:22.902Z] [DEBUG] Hits: jp/macos/Utilities/top-free 4 app(s) found
[2026-09-13T05:50:23.685Z] [DEBUG] RSS ok: au/macos/Business/top-free entries=100
[2026-09-13T05:50:33.692Z] [DEBUG] Hits: au/macos/Business/top-free 3 app(s) found
[2026-09-13T05:50:34.474Z] [DEBUG] RSS ok: au/macos/Productivity/top-free entries=99
[2026-09-13T05:50:44.480Z] [DEBUG] Hits: au/macos/Productivity/top-free 3 app(s) found
[2026-09-13T05:50:44.480Z] [INFO] RSS progress: 20/60 (20 ok, 0 error, 62 points)
[2026-09-13T05:50:45.386Z] [DEBUG] RSS ok: au/macos/Utilities/top-free entries=100
[2026-09-13T05:50:55.392Z] [DEBUG] Hits: au/macos/Utilities/top-free 3 app(s) found
[2026-09-13T05:50:56.169Z] [DEBUG] RSS ok: es/macos/Business/top-free entries=99
[2026-09-13T05:51:06.175Z] [DEBUG] Hits: es/macos/Business/top-free 3 app(s) found
[2026-09-13T05:51:06.924Z] [DEBUG] RSS ok: es/macos/Productivity/top-free entries=99
[2026-09-13T05:51:16.930Z] [DEBUG] Hits: es/macos/Productivity/top-free 5 app(s) found
[2026-09-13T05:51:17.716Z] [DEBUG] RSS ok: es/macos/Utilities/top-free entries=100
[2026-09-13T05:51:27.722Z] [DEBUG] Hits: es/macos/Utilities/top-free 1 app(s) found
[2026-09-13T05:51:28.434Z] [DEBUG] RSS ok: it/macos/Business/top-free entries=99
[2026-09-13T05:51:38.441Z] [DEBUG] Hits: it/macos/Business/top-free 2 app(s) found
[2026-09-13T05:51:39.233Z] [DEBUG] RSS ok: it/macos/Productivity/top-free entries=99
[2026-09-13T05:51:49.239Z] [DEBUG] Hits: it/macos/Productivity/top-free 4 app(s) found
[2026-09-13T05:51:49.817Z] [DEBUG] RSS ok: it/macos/Utilities/top-free entries=100
[2026-09-13T05:51:59.823Z] [DEBUG] Hits: it/macos/Utilities/top-free 1 app(s) found
[2026-09-13T05:52:00.579Z] [DEBUG] RSS ok: pt/macos/Business/top-free entries=100
[2026-09-13T05:52:10.584Z] [DEBUG] Hits: pt/macos/Business/top-free 4 app(s) found
[2026-09-13T05:52:11.512Z] [DEBUG] RSS ok: pt/macos/Productivity/top-free entries=99
[2026-09-13T05:52:21.518Z] [DEBUG] Hits: pt/macos/Productivity/top-free 5 app(s) found
[2026-09-13T05:52:22.064Z] [DEBUG] RSS ok: pt/macos/Utilities/top-free entries=100
[2026-09-13T05:52:32.069Z] [DEBUG] Hits: pt/macos/Utilities/top-free 1 app(s) found
[2026-09-13T05:52:32.069Z] [INFO] RSS progress: 30/60 (30 ok, 0 error, 91 points)
[2026-09-13T05:52:32.860Z] [DEBUG] RSS ok: ch/macos/Business/top-free entries=99
[2026-09-13T05:52:42.867Z] [DEBUG] Hits: ch/macos/Business/top-free 3 app(s) found
[2026-09-13T05:52:43.674Z] [DEBUG] RSS ok: ch/macos/Productivity/top-free entries=99
[2026-09-13T05:52:53.681Z] [DEBUG] Hits: ch/macos/Productivity/top-free 4 app(s) found
[2026-09-13T05:52:54.288Z] [DEBUG] RSS ok: ch/macos/Utilities/top-free entries=100
[2026-09-13T05:53:04.295Z] [DEBUG] Hits: ch/macos/Utilities/top-free 2 app(s) found
[2026-09-13T05:53:04.996Z] [DEBUG] RSS ok: be/macos/Business/top-free entries=100
[2026-09-13T05:53:15.003Z] [DEBUG] Hits: be/macos/Business/top-free 4 app(s) found
[2026-09-13T05:53:15.725Z] [DEBUG] RSS ok: be/macos/Productivity/top-free entries=99
[2026-09-13T05:53:25.732Z] [DEBUG] Hits: be/macos/Productivity/top-free 3 app(s) found
[2026-09-13T05:53:26.596Z] [DEBUG] RSS ok: be/macos/Utilities/top-free entries=100
[2026-09-13T05:53:37.384Z] [DEBUG] RSS ok: nl/macos/Business/top-free entries=100
[2026-09-13T05:53:47.391Z] [DEBUG] Hits: nl/macos/Business/top-free 1 app(s) found
[2026-09-13T05:53:48.059Z] [DEBUG] RSS ok: nl/macos/Productivity/top-free entries=99
[2026-09-13T05:53:58.065Z] [DEBUG] Hits: nl/macos/Productivity/top-free 4 app(s) found
[2026-09-13T05:53:58.763Z] [DEBUG] RSS ok: nl/macos/Utilities/top-free entries=100
[2026-09-13T05:54:09.420Z] [DEBUG] RSS ok: tw/macos/Business/top-free entries=100
[2026-09-13T05:54:19.427Z] [DEBUG] Hits: tw/macos/Business/top-free 2 app(s) found
[2026-09-13T05:54:19.427Z] [INFO] RSS progress: 40/60 (40 ok, 0 error, 114 points)
[2026-09-13T05:54:20.168Z] [DEBUG] RSS ok: tw/macos/Productivity/top-free entries=99
[2026-09-13T05:54:30.175Z] [DEBUG] Hits: tw/macos/Productivity/top-free 1 app(s) found
[2026-09-13T05:54:31.055Z] [DEBUG] RSS ok: tw/macos/Utilities/top-free entries=100
[2026-09-13T05:54:41.898Z] [DEBUG] RSS ok: hk/macos/Business/top-free entries=100
[2026-09-13T05:54:51.905Z] [DEBUG] Hits: hk/macos/Business/top-free 1 app(s) found
[2026-09-13T05:54:52.617Z] [DEBUG] RSS ok: hk/macos/Productivity/top-free entries=99
[2026-09-13T05:55:02.618Z] [DEBUG] Hits: hk/macos/Productivity/top-free 5 app(s) found
[2026-09-13T05:55:03.495Z] [DEBUG] RSS ok: hk/macos/Utilities/top-free entries=100
[2026-09-13T05:55:14.129Z] [DEBUG] RSS ok: nz/macos/Business/top-free entries=100
[2026-09-13T05:55:24.130Z] [DEBUG] Hits: nz/macos/Business/top-free 3 app(s) found
[2026-09-13T05:55:24.821Z] [DEBUG] RSS ok: nz/macos/Productivity/top-free entries=99
[2026-09-13T05:55:34.828Z] [DEBUG] Hits: nz/macos/Productivity/top-free 2 app(s) found
[2026-09-13T05:55:35.499Z] [DEBUG] RSS ok: nz/macos/Utilities/top-free entries=100
[2026-09-13T05:55:45.502Z] [DEBUG] Hits: nz/macos/Utilities/top-free 1 app(s) found
[2026-09-13T05:55:46.199Z] [DEBUG] RSS ok: sg/macos/Business/top-free entries=100
[2026-09-13T05:55:56.204Z] [DEBUG] Hits: sg/macos/Business/top-free 4 app(s) found
[2026-09-13T05:55:56.807Z] [DEBUG] RSS ok: sg/macos/Productivity/top-free entries=99
[2026-09-13T05:56:06.814Z] [DEBUG] Hits: sg/macos/Productivity/top-free 4 app(s) found
[2026-09-13T05:56:06.814Z] [INFO] RSS progress: 50/60 (50 ok, 0 error, 135 points)
[2026-09-13T05:56:07.544Z] [DEBUG] RSS ok: sg/macos/Utilities/top-free entries=100
[2026-09-13T05:56:17.550Z] [DEBUG] Hits: sg/macos/Utilities/top-free 2 app(s) found
[2026-09-13T05:56:18.423Z] [DEBUG] RSS ok: in/macos/Business/top-free entries=100
[2026-09-13T05:56:28.428Z] [DEBUG] Hits: in/macos/Business/top-free 3 app(s) found
[2026-09-13T05:56:29.084Z] [DEBUG] RSS ok: in/macos/Productivity/top-free entries=99
[2026-09-13T05:56:39.090Z] [DEBUG] Hits: in/macos/Productivity/top-free 2 app(s) found
[2026-09-13T05:56:39.824Z] [DEBUG] RSS ok: in/macos/Utilities/top-free entries=100
[2026-09-13T05:56:50.606Z] [DEBUG] RSS ok: za/macos/Business/top-free entries=100
[2026-09-13T05:57:00.613Z] [DEBUG] Hits: za/macos/Business/top-free 3 app(s) found
[2026-09-13T05:57:01.404Z] [DEBUG] RSS ok: za/macos/Productivity/top-free entries=99
[2026-09-13T05:57:11.411Z] [DEBUG] Hits: za/macos/Productivity/top-free 3 app(s) found
[2026-09-13T05:57:12.278Z] [DEBUG] RSS ok: za/macos/Utilities/top-free entries=100
[2026-09-13T05:57:22.282Z] [DEBUG] Hits: za/macos/Utilities/top-free 3 app(s) found
[2026-09-13T05:57:22.995Z] [DEBUG] RSS ok: br/macos/Business/top-free entries=99
[2026-09-13T05:57:33.002Z] [DEBUG] Hits: br/macos/Business/top-free 4 app(s) found
[2026-09-13T05:57:33.608Z] [DEBUG] RSS ok: br/macos/Productivity/top-free entries=99
[2026-09-13T05:57:43.614Z] [DEBUG] Hits: br/macos/Productivity/top-free 3 app(s) found
[2026-09-13T05:57:44.455Z] [DEBUG] RSS ok: br/macos/Utilities/top-free entries=100
[2026-09-13T05:57:54.461Z] [INFO] RSS progress: 60/60 (60 ok, 0 error, 158 points)
[2026-09-13T05:57:54.461Z] [INFO] RSS fetch done: 60 ok, 0 error, 158 points
[2026-09-13T05:57:54.461Z] [INFO] Platform max returned: macos = 100
[2026-09-13T05:57:54.461Z] [INFO] RSS results: 60 ok, 0 error, 158 rank points
[2026-09-13T05:57:54.503Z] [INFO] Stored: 60 crawls, 158 points
[2026-09-13T05:57:54.512Z] [INFO] current.json written rows=23
[2026-09-13T05:57:54.512Z] [INFO] Current summary: on_chart=158, not_on_chart=302, depth_limited=0, crawl_error=0, total=460
[2026-09-13T05:57:54.513Z] [INFO] === Crawl complete === 645.0s
[2026-09-13T06:47:10.868Z] [INFO] === Crawl start === ts=2026-09-13T06:00:00Z
[2026-09-13T06:47:10.872Z] [INFO] Config loaded apps=4, platforms=macos, categories=Business,Productivity,Utilities
[2026-09-13T06:47:10.872Z] [INFO] App IDs to track: 23 our=4, competitors=19
[2026-09-13T06:47:10.874Z] [INFO] Lookup cached fetched_at=2026-09-13T00:57:45.605Z, 23 apps
[2026-09-13T06:47:10.874Z] [INFO] RSS requests: 60 countries=20, platforms=macos, categories=Business,Productivity,Utilities
[2026-09-13T06:47:10.875Z] [INFO] RSS fetch start: 60 requests, concurrency=1
[2026-09-13T06:47:11.790Z] [DEBUG] RSS ok: us/macos/Business/top-free entries=100
[2026-09-13T06:47:21.793Z] [DEBUG] Hits: us/macos/Business/top-free 4 app(s) found
[2026-09-13T06:47:22.424Z] [DEBUG] RSS ok: us/macos/Productivity/top-free entries=99
[2026-09-13T06:47:32.431Z] [DEBUG] Hits: us/macos/Productivity/top-free 6 app(s) found
[2026-09-13T06:47:33.113Z] [DEBUG] RSS ok: us/macos/Utilities/top-free entries=100
[2026-09-13T06:47:43.120Z] [DEBUG] Hits: us/macos/Utilities/top-free 1 app(s) found
[2026-09-13T06:47:43.814Z] [DEBUG] RSS ok: gb/macos/Business/top-free entries=100
[2026-09-13T06:47:53.820Z] [DEBUG] Hits: gb/macos/Business/top-free 4 app(s) found
[2026-09-13T06:47:54.752Z] [DEBUG] RSS ok: gb/macos/Productivity/top-free entries=99
[2026-09-13T06:48:04.758Z] [DEBUG] Hits: gb/macos/Productivity/top-free 4 app(s) found
[2026-09-13T06:48:05.715Z] [DEBUG] RSS ok: gb/macos/Utilities/top-free entries=100
[2026-09-13T06:48:15.721Z] [DEBUG] Hits: gb/macos/Utilities/top-free 3 app(s) found
[2026-09-13T06:48:16.434Z] [DEBUG] RSS ok: ca/macos/Business/top-free entries=100
[2026-09-13T06:48:26.437Z] [DEBUG] Hits: ca/macos/Business/top-free 3 app(s) found
[2026-09-13T06:48:27.089Z] [DEBUG] RSS ok: ca/macos/Productivity/top-free entries=99
[2026-09-13T06:48:37.095Z] [DEBUG] Hits: ca/macos/Productivity/top-free 4 app(s) found
[2026-09-13T06:48:37.792Z] [DEBUG] RSS ok: ca/macos/Utilities/top-free entries=100
[2026-09-13T06:48:47.794Z] [DEBUG] Hits: ca/macos/Utilities/top-free 1 app(s) found
[2026-09-13T06:48:48.444Z] [DEBUG] RSS ok: fr/macos/Business/top-free entries=99
[2026-09-13T06:48:58.450Z] [DEBUG] Hits: fr/macos/Business/top-free 3 app(s) found
[2026-09-13T06:48:58.450Z] [INFO] RSS progress: 10/60 (10 ok, 0 error, 33 points)
[2026-09-13T06:48:59.510Z] [DEBUG] RSS ok: fr/macos/Productivity/top-free entries=99
[2026-09-13T06:49:09.517Z] [DEBUG] Hits: fr/macos/Productivity/top-free 5 app(s) found
[2026-09-13T06:49:10.241Z] [DEBUG] RSS ok: fr/macos/Utilities/top-free entries=100
[2026-09-13T06:49:20.248Z] [DEBUG] Hits: fr/macos/Utilities/top-free 1 app(s) found
[2026-09-13T06:49:21.187Z] [DEBUG] RSS ok: de/macos/Business/top-free entries=99
[2026-09-13T06:49:31.194Z] [DEBUG] Hits: de/macos/Business/top-free 1 app(s) found
[2026-09-13T06:49:32.013Z] [DEBUG] RSS ok: de/macos/Productivity/top-free entries=99
[2026-09-13T06:49:42.019Z] [DEBUG] Hits: de/macos/Productivity/top-free 4 app(s) found
[2026-09-13T06:49:42.749Z] [DEBUG] RSS ok: de/macos/Utilities/top-free entries=100
[2026-09-13T06:49:52.755Z] [DEBUG] Hits: de/macos/Utilities/top-free 2 app(s) found
[2026-09-13T06:49:53.508Z] [DEBUG] RSS ok: jp/macos/Business/top-free entries=100
[2026-09-13T06:50:03.515Z] [DEBUG] Hits: jp/macos/Business/top-free 2 app(s) found
[2026-09-13T06:50:04.339Z] [DEBUG] RSS ok: jp/macos/Productivity/top-free entries=99
[2026-09-13T06:50:14.345Z] [DEBUG] Hits: jp/macos/Productivity/top-free 4 app(s) found
[2026-09-13T06:50:15.068Z] [DEBUG] RSS ok: jp/macos/Utilities/top-free entries=100
[2026-09-13T06:50:25.074Z] [DEBUG] Hits: jp/macos/Utilities/top-free 4 app(s) found
[2026-09-13T06:50:25.793Z] [DEBUG] RSS ok: au/macos/Business/top-free entries=100
[2026-09-13T06:50:35.799Z] [DEBUG] Hits: au/macos/Business/top-free 3 app(s) found
[2026-09-13T06:50:36.459Z] [DEBUG] RSS ok: au/macos/Productivity/top-free entries=99
[2026-09-13T06:50:46.459Z] [DEBUG] Hits: au/macos/Productivity/top-free 3 app(s) found
[2026-09-13T06:50:46.459Z] [INFO] RSS progress: 20/60 (20 ok, 0 error, 62 points)
[2026-09-13T06:50:47.213Z] [DEBUG] RSS ok: au/macos/Utilities/top-free entries=100
[2026-09-13T06:50:57.220Z] [DEBUG] Hits: au/macos/Utilities/top-free 3 app(s) found
[2026-09-13T06:50:57.953Z] [DEBUG] RSS ok: es/macos/Business/top-free entries=99
[2026-09-13T06:51:07.959Z] [DEBUG] Hits: es/macos/Business/top-free 3 app(s) found
[2026-09-13T06:51:08.899Z] [DEBUG] RSS ok: es/macos/Productivity/top-free entries=99
[2026-09-13T06:51:18.905Z] [DEBUG] Hits: es/macos/Productivity/top-free 5 app(s) found
[2026-09-13T06:51:19.848Z] [DEBUG] RSS ok: es/macos/Utilities/top-free entries=100
[2026-09-13T06:51:29.854Z] [DEBUG] Hits: es/macos/Utilities/top-free 1 app(s) found
[2026-09-13T06:51:30.991Z] [DEBUG] RSS ok: it/macos/Business/top-free entries=99
[2026-09-13T06:51:40.997Z] [DEBUG] Hits: it/macos/Business/top-free 2 app(s) found
[2026-09-13T06:51:41.728Z] [DEBUG] RSS ok: it/macos/Productivity/top-free entries=99
[2026-09-13T06:51:51.729Z] [DEBUG] Hits: it/macos/Productivity/top-free 4 app(s) found
[2026-09-13T06:51:52.371Z] [DEBUG] RSS ok: it/macos/Utilities/top-free entries=100
[2026-09-13T06:52:02.376Z] [DEBUG] Hits: it/macos/Utilities/top-free 1 app(s) found
[2026-09-13T06:52:03.181Z] [DEBUG] RSS ok: pt/macos/Business/top-free entries=100
[2026-09-13T06:52:13.188Z] [DEBUG] Hits: pt/macos/Business/top-free 4 app(s) found
[2026-09-13T06:52:14.096Z] [DEBUG] RSS ok: pt/macos/Productivity/top-free entries=99
[2026-09-13T06:52:24.103Z] [DEBUG] Hits: pt/macos/Productivity/top-free 5 app(s) found
[2026-09-13T06:52:24.871Z] [DEBUG] RSS ok: pt/macos/Utilities/top-free entries=100
[2026-09-13T06:52:34.876Z] [INFO] RSS progress: 30/60 (30 ok, 0 error, 91 points)
[2026-09-13T06:52:34.876Z] [DEBUG] Hits: pt/macos/Utilities/top-free 1 app(s) found
[2026-09-13T06:52:35.584Z] [DEBUG] RSS ok: ch/macos/Business/top-free entries=99
[2026-09-13T06:52:45.591Z] [DEBUG] Hits: ch/macos/Business/top-free 3 app(s) found
[2026-09-13T06:52:46.269Z] [DEBUG] RSS ok: ch/macos/Productivity/top-free entries=99
[2026-09-13T06:52:56.276Z] [DEBUG] Hits: ch/macos/Productivity/top-free 4 app(s) found
[2026-09-13T06:52:57.100Z] [DEBUG] RSS ok: ch/macos/Utilities/top-free entries=100
[2026-09-13T06:53:07.107Z] [DEBUG] Hits: ch/macos/Utilities/top-free 2 app(s) found
[2026-09-13T06:53:07.846Z] [DEBUG] RSS ok: be/macos/Business/top-free entries=100
[2026-09-13T06:53:17.852Z] [DEBUG] Hits: be/macos/Business/top-free 4 app(s) found
[2026-09-13T06:53:18.632Z] [DEBUG] RSS ok: be/macos/Productivity/top-free entries=99
[2026-09-13T06:53:28.637Z] [DEBUG] Hits: be/macos/Productivity/top-free 3 app(s) found
[2026-09-13T06:53:29.363Z] [DEBUG] RSS ok: be/macos/Utilities/top-free entries=100
[2026-09-13T06:53:40.114Z] [DEBUG] RSS ok: nl/macos/Business/top-free entries=100
[2026-09-13T06:53:50.121Z] [DEBUG] Hits: nl/macos/Business/top-free 1 app(s) found
[2026-09-13T06:53:50.787Z] [DEBUG] RSS ok: nl/macos/Productivity/top-free entries=99
[2026-09-13T06:54:00.793Z] [DEBUG] Hits: nl/macos/Productivity/top-free 4 app(s) found
[2026-09-13T06:54:01.554Z] [DEBUG] RSS ok: nl/macos/Utilities/top-free entries=100
[2026-09-13T06:54:12.438Z] [DEBUG] RSS ok: tw/macos/Business/top-free entries=100
[2026-09-13T06:54:22.445Z] [DEBUG] Hits: tw/macos/Business/top-free 2 app(s) found
[2026-09-13T06:54:22.445Z] [INFO] RSS progress: 40/60 (40 ok, 0 error, 114 points)
[2026-09-13T06:54:23.478Z] [DEBUG] RSS ok: tw/macos/Productivity/top-free entries=99
[2026-09-13T06:54:33.485Z] [DEBUG] Hits: tw/macos/Productivity/top-free 1 app(s) found
[2026-09-13T06:54:34.138Z] [DEBUG] RSS ok: tw/macos/Utilities/top-free entries=100
[2026-09-13T06:54:45.038Z] [DEBUG] RSS ok: hk/macos/Business/top-free entries=100
[2026-09-13T06:54:55.044Z] [DEBUG] Hits: hk/macos/Business/top-free 1 app(s) found
[2026-09-13T06:54:55.803Z] [DEBUG] RSS ok: hk/macos/Productivity/top-free entries=99
[2026-09-13T06:55:05.804Z] [DEBUG] Hits: hk/macos/Productivity/top-free 5 app(s) found
[2026-09-13T06:55:06.587Z] [DEBUG] RSS ok: hk/macos/Utilities/top-free entries=100
[2026-09-13T06:55:17.256Z] [DEBUG] RSS ok: nz/macos/Business/top-free entries=100
[2026-09-13T06:55:27.258Z] [DEBUG] Hits: nz/macos/Business/top-free 3 app(s) found
[2026-09-13T06:55:28.088Z] [DEBUG] RSS ok: nz/macos/Productivity/top-free entries=99
[2026-09-13T06:55:38.094Z] [DEBUG] Hits: nz/macos/Productivity/top-free 2 app(s) found
[2026-09-13T06:55:39.035Z] [DEBUG] RSS ok: nz/macos/Utilities/top-free entries=100
[2026-09-13T06:55:49.041Z] [DEBUG] Hits: nz/macos/Utilities/top-free 1 app(s) found
[2026-09-13T06:55:49.795Z] [DEBUG] RSS ok: sg/macos/Business/top-free entries=100
[2026-09-13T06:55:59.802Z] [DEBUG] Hits: sg/macos/Business/top-free 4 app(s) found
[2026-09-13T06:56:00.468Z] [DEBUG] RSS ok: sg/macos/Productivity/top-free entries=99
[2026-09-13T06:56:10.475Z] [DEBUG] Hits: sg/macos/Productivity/top-free 3 app(s) found
[2026-09-13T06:56:10.475Z] [INFO] RSS progress: 50/60 (50 ok, 0 error, 134 points)
[2026-09-13T06:56:11.069Z] [DEBUG] RSS ok: sg/macos/Utilities/top-free entries=100
[2026-09-13T06:56:21.076Z] [DEBUG] Hits: sg/macos/Utilities/top-free 2 app(s) found
[2026-09-13T06:56:21.829Z] [DEBUG] RSS ok: in/macos/Business/top-free entries=100
[2026-09-13T06:56:31.835Z] [DEBUG] Hits: in/macos/Business/top-free 3 app(s) found
[2026-09-13T06:56:32.501Z] [DEBUG] RSS ok: in/macos/Productivity/top-free entries=99
[2026-09-13T06:56:42.508Z] [DEBUG] Hits: in/macos/Productivity/top-free 3 app(s) found
[2026-09-13T06:56:43.325Z] [DEBUG] RSS ok: in/macos/Utilities/top-free entries=100
[2026-09-13T06:56:54.172Z] [DEBUG] RSS ok: za/macos/Business/top-free entries=100
[2026-09-13T06:57:04.178Z] [DEBUG] Hits: za/macos/Business/top-free 3 app(s) found
[2026-09-13T06:57:04.891Z] [DEBUG] RSS ok: za/macos/Productivity/top-free entries=99
[2026-09-13T06:57:14.898Z] [DEBUG] Hits: za/macos/Productivity/top-free 3 app(s) found
[2026-09-13T06:57:15.590Z] [DEBUG] RSS ok: za/macos/Utilities/top-free entries=100
[2026-09-13T06:57:25.595Z] [DEBUG] Hits: za/macos/Utilities/top-free 2 app(s) found
[2026-09-13T06:57:26.275Z] [DEBUG] RSS ok: br/macos/Business/top-free entries=99
[2026-09-13T06:57:36.281Z] [DEBUG] Hits: br/macos/Business/top-free 4 app(s) found
[2026-09-13T06:57:37.201Z] [DEBUG] RSS ok: br/macos/Productivity/top-free entries=99
[2026-09-13T06:57:47.207Z] [DEBUG] Hits: br/macos/Productivity/top-free 3 app(s) found
[2026-09-13T06:57:47.909Z] [DEBUG] RSS ok: br/macos/Utilities/top-free entries=100
[2026-09-13T06:57:57.915Z] [INFO] RSS progress: 60/60 (60 ok, 0 error, 157 points)
[2026-09-13T06:57:57.915Z] [INFO] RSS fetch done: 60 ok, 0 error, 157 points
[2026-09-13T06:57:57.915Z] [INFO] Platform max returned: macos = 100
[2026-09-13T06:57:57.915Z] [INFO] RSS results: 60 ok, 0 error, 157 rank points
[2026-09-13T06:57:57.946Z] [INFO] Stored: 60 crawls, 157 points
[2026-09-13T06:57:57.955Z] [INFO] current.json written rows=23
[2026-09-13T06:57:57.957Z] [INFO] Current summary: on_chart=157, not_on_chart=303, depth_limited=0, crawl_error=0, total=460
[2026-09-13T06:57:57.957Z] [INFO] === Crawl complete === 647.1s
[2026-09-13T07:47:12.381Z] [INFO] === Crawl start === ts=2026-09-13T07:00:00Z
[2026-09-13T07:47:12.385Z] [INFO] Config loaded apps=4, platforms=macos, categories=Business,Productivity,Utilities
[2026-09-13T07:47:12.385Z] [INFO] App IDs to track: 23 our=4, competitors=19
[2026-09-13T07:47:12.387Z] [INFO] Lookup cached fetched_at=2026-09-13T00:57:45.605Z, 23 apps
[2026-09-13T07:47:12.387Z] [INFO] RSS requests: 60 countries=20, platforms=macos, categories=Business,Productivity,Utilities
[2026-09-13T07:47:12.387Z] [INFO] RSS fetch start: 60 requests, concurrency=1
[2026-09-13T07:47:13.353Z] [DEBUG] RSS ok: us/macos/Business/top-free entries=100
[2026-09-13T07:47:23.356Z] [DEBUG] Hits: us/macos/Business/top-free 4 app(s) found
[2026-09-13T07:47:24.182Z] [DEBUG] RSS ok: us/macos/Productivity/top-free entries=99
[2026-09-13T07:47:34.189Z] [DEBUG] Hits: us/macos/Productivity/top-free 6 app(s) found
[2026-09-13T07:47:34.970Z] [DEBUG] RSS ok: us/macos/Utilities/top-free entries=100
[2026-09-13T07:47:44.977Z] [DEBUG] Hits: us/macos/Utilities/top-free 1 app(s) found
[2026-09-13T07:47:45.693Z] [DEBUG] RSS ok: gb/macos/Business/top-free entries=100
[2026-09-13T07:47:55.699Z] [DEBUG] Hits: gb/macos/Business/top-free 4 app(s) found
[2026-09-13T07:47:56.519Z] [DEBUG] RSS ok: gb/macos/Productivity/top-free entries=99
[2026-09-13T07:48:06.523Z] [DEBUG] Hits: gb/macos/Productivity/top-free 4 app(s) found
[2026-09-13T07:48:07.449Z] [DEBUG] RSS ok: gb/macos/Utilities/top-free entries=100
[2026-09-13T07:48:17.455Z] [DEBUG] Hits: gb/macos/Utilities/top-free 3 app(s) found
[2026-09-13T07:48:18.210Z] [DEBUG] RSS ok: ca/macos/Business/top-free entries=99
[2026-09-13T07:48:28.216Z] [DEBUG] Hits: ca/macos/Business/top-free 3 app(s) found
[2026-09-13T07:48:28.892Z] [DEBUG] RSS ok: ca/macos/Productivity/top-free entries=99
[2026-09-13T07:48:38.898Z] [DEBUG] Hits: ca/macos/Productivity/top-free 5 app(s) found
[2026-09-13T07:48:39.862Z] [DEBUG] RSS ok: ca/macos/Utilities/top-free entries=100
[2026-09-13T07:48:49.869Z] [DEBUG] Hits: ca/macos/Utilities/top-free 1 app(s) found
[2026-09-13T07:48:50.677Z] [DEBUG] RSS ok: fr/macos/Business/top-free entries=99
[2026-09-13T07:49:00.683Z] [DEBUG] Hits: fr/macos/Business/top-free 3 app(s) found
[2026-09-13T07:49:00.684Z] [INFO] RSS progress: 10/60 (10 ok, 0 error, 34 points)
[2026-09-13T07:49:01.508Z] [DEBUG] RSS ok: fr/macos/Productivity/top-free entries=99
[2026-09-13T07:49:11.514Z] [DEBUG] Hits: fr/macos/Productivity/top-free 5 app(s) found
[2026-09-13T07:49:12.313Z] [DEBUG] RSS ok: fr/macos/Utilities/top-free entries=100
[2026-09-13T07:49:22.319Z] [DEBUG] Hits: fr/macos/Utilities/top-free 1 app(s) found
[2026-09-13T07:49:23.338Z] [DEBUG] RSS ok: de/macos/Business/top-free entries=99
[2026-09-13T07:49:33.344Z] [DEBUG] Hits: de/macos/Business/top-free 1 app(s) found
[2026-09-13T07:49:34.274Z] [DEBUG] RSS ok: de/macos/Productivity/top-free entries=99
[2026-09-13T07:49:44.280Z] [DEBUG] Hits: de/macos/Productivity/top-free 4 app(s) found
[2026-09-13T07:49:45.251Z] [DEBUG] RSS ok: de/macos/Utilities/top-free entries=100
[2026-09-13T07:49:55.257Z] [DEBUG] Hits: de/macos/Utilities/top-free 2 app(s) found
[2026-09-13T07:49:56.168Z] [DEBUG] RSS ok: jp/macos/Business/top-free entries=100
[2026-09-13T07:50:06.174Z] [DEBUG] Hits: jp/macos/Business/top-free 2 app(s) found
[2026-09-13T07:50:07.071Z] [DEBUG] RSS ok: jp/macos/Productivity/top-free entries=99
[2026-09-13T07:50:17.077Z] [DEBUG] Hits: jp/macos/Productivity/top-free 4 app(s) found
[2026-09-13T07:50:18.454Z] [DEBUG] RSS ok: jp/macos/Utilities/top-free entries=100
[2026-09-13T07:50:28.460Z] [DEBUG] Hits: jp/macos/Utilities/top-free 4 app(s) found
[2026-09-13T07:50:29.284Z] [DEBUG] RSS ok: au/macos/Business/top-free entries=100
[2026-09-13T07:50:39.289Z] [DEBUG] Hits: au/macos/Business/top-free 2 app(s) found
[2026-09-13T07:50:40.126Z] [DEBUG] RSS ok: au/macos/Productivity/top-free entries=99
[2026-09-13T07:50:50.126Z] [DEBUG] Hits: au/macos/Productivity/top-free 4 app(s) found
[2026-09-13T07:50:50.127Z] [INFO] RSS progress: 20/60 (20 ok, 0 error, 63 points)
[2026-09-13T07:50:51.030Z] [DEBUG] RSS ok: au/macos/Utilities/top-free entries=100
[2026-09-13T07:51:01.036Z] [DEBUG] Hits: au/macos/Utilities/top-free 1 app(s) found
[2026-09-13T07:51:01.893Z] [DEBUG] RSS ok: es/macos/Business/top-free entries=99
[2026-09-13T07:51:11.898Z] [DEBUG] Hits: es/macos/Business/top-free 3 app(s) found
[2026-09-13T07:51:12.861Z] [DEBUG] RSS ok: es/macos/Productivity/top-free entries=99
[2026-09-13T07:51:22.867Z] [DEBUG] Hits: es/macos/Productivity/top-free 5 app(s) found
[2026-09-13T07:51:23.727Z] [DEBUG] RSS ok: es/macos/Utilities/top-free entries=100
[2026-09-13T07:51:33.731Z] [DEBUG] Hits: es/macos/Utilities/top-free 1 app(s) found
[2026-09-13T07:51:34.483Z] [DEBUG] RSS ok: it/macos/Business/top-free entries=99
[2026-09-13T07:51:44.490Z] [DEBUG] Hits: it/macos/Business/top-free 2 app(s) found
[2026-09-13T07:51:45.373Z] [DEBUG] RSS ok: it/macos/Productivity/top-free entries=99
[2026-09-13T07:51:55.379Z] [DEBUG] Hits: it/macos/Productivity/top-free 4 app(s) found
[2026-09-13T07:51:56.183Z] [DEBUG] RSS ok: it/macos/Utilities/top-free entries=100
[2026-09-13T07:52:06.189Z] [DEBUG] Hits: it/macos/Utilities/top-free 1 app(s) found
[2026-09-13T07:52:07.147Z] [DEBUG] RSS ok: pt/macos/Business/top-free entries=100
[2026-09-13T07:52:17.154Z] [DEBUG] Hits: pt/macos/Business/top-free 3 app(s) found
[2026-09-13T07:52:17.969Z] [DEBUG] RSS ok: pt/macos/Productivity/top-free entries=99
[2026-09-13T07:52:27.976Z] [DEBUG] Hits: pt/macos/Productivity/top-free 5 app(s) found
[2026-09-13T07:52:28.762Z] [DEBUG] RSS ok: pt/macos/Utilities/top-free entries=100
[2026-09-13T07:52:38.768Z] [DEBUG] Hits: pt/macos/Utilities/top-free 1 app(s) found
[2026-09-13T07:52:38.768Z] [INFO] RSS progress: 30/60 (30 ok, 0 error, 89 points)
[2026-09-13T07:52:39.532Z] [DEBUG] RSS ok: ch/macos/Business/top-free entries=99
[2026-09-13T07:52:49.538Z] [DEBUG] Hits: ch/macos/Business/top-free 3 app(s) found
[2026-09-13T07:52:50.461Z] [DEBUG] RSS ok: ch/macos/Productivity/top-free entries=99
[2026-09-13T07:53:00.467Z] [DEBUG] Hits: ch/macos/Productivity/top-free 4 app(s) found
[2026-09-13T07:53:01.386Z] [DEBUG] RSS ok: ch/macos/Utilities/top-free entries=100
[2026-09-13T07:53:11.392Z] [DEBUG] Hits: ch/macos/Utilities/top-free 2 app(s) found
[2026-09-13T07:53:12.232Z] [DEBUG] RSS ok: be/macos/Business/top-free entries=100
[2026-09-13T07:53:22.235Z] [DEBUG] Hits: be/macos/Business/top-free 4 app(s) found
[2026-09-13T07:53:23.005Z] [DEBUG] RSS ok: be/macos/Productivity/top-free entries=99
[2026-09-13T07:53:33.009Z] [DEBUG] Hits: be/macos/Productivity/top-free 3 app(s) found
[2026-09-13T07:53:33.878Z] [DEBUG] RSS ok: be/macos/Utilities/top-free entries=100
[2026-09-13T07:53:44.676Z] [DEBUG] RSS ok: nl/macos/Business/top-free entries=100
[2026-09-13T07:53:54.683Z] [DEBUG] Hits: nl/macos/Business/top-free 1 app(s) found
[2026-09-13T07:53:55.417Z] [DEBUG] RSS ok: nl/macos/Productivity/top-free entries=99
[2026-09-13T07:54:05.423Z] [DEBUG] Hits: nl/macos/Productivity/top-free 4 app(s) found
[2026-09-13T07:54:06.164Z] [DEBUG] RSS ok: nl/macos/Utilities/top-free entries=100
[2026-09-13T07:54:17.132Z] [DEBUG] RSS ok: tw/macos/Business/top-free entries=100
[2026-09-13T07:54:27.138Z] [INFO] RSS progress: 40/60 (40 ok, 0 error, 112 points)
[2026-09-13T07:54:27.138Z] [DEBUG] Hits: tw/macos/Business/top-free 2 app(s) found
[2026-09-13T07:54:27.973Z] [DEBUG] RSS ok: tw/macos/Productivity/top-free entries=99
[2026-09-13T07:54:37.979Z] [DEBUG] Hits: tw/macos/Productivity/top-free 1 app(s) found
[2026-09-13T07:54:38.751Z] [DEBUG] RSS ok: tw/macos/Utilities/top-free entries=100
[2026-09-13T07:54:49.632Z] [DEBUG] RSS ok: hk/macos/Business/top-free entries=100
[2026-09-13T07:54:59.635Z] [DEBUG] Hits: hk/macos/Business/top-free 1 app(s) found
[2026-09-13T07:55:00.527Z] [DEBUG] RSS ok: hk/macos/Productivity/top-free entries=99
[2026-09-13T07:55:10.533Z] [DEBUG] Hits: hk/macos/Productivity/top-free 4 app(s) found
[2026-09-13T07:55:11.247Z] [DEBUG] RSS ok: hk/macos/Utilities/top-free entries=100
[2026-09-13T07:55:22.195Z] [DEBUG] RSS ok: nz/macos/Business/top-free entries=100
[2026-09-13T07:55:32.199Z] [DEBUG] Hits: nz/macos/Business/top-free 3 app(s) found
[2026-09-13T07:55:32.982Z] [DEBUG] RSS ok: nz/macos/Productivity/top-free entries=99
[2026-09-13T07:55:42.988Z] [DEBUG] Hits: nz/macos/Productivity/top-free 2 app(s) found
[2026-09-13T07:55:43.952Z] [DEBUG] RSS ok: nz/macos/Utilities/top-free entries=100
[2026-09-13T07:55:53.958Z] [DEBUG] Hits: nz/macos/Utilities/top-free 2 app(s) found
[2026-09-13T07:55:54.674Z] [DEBUG] RSS ok: sg/macos/Business/top-free entries=100
[2026-09-13T07:56:04.675Z] [DEBUG] Hits: sg/macos/Business/top-free 4 app(s) found
[2026-09-13T07:56:05.536Z] [DEBUG] RSS ok: sg/macos/Productivity/top-free entries=99
[2026-09-13T07:56:15.542Z] [DEBUG] Hits: sg/macos/Productivity/top-free 3 app(s) found
[2026-09-13T07:56:15.542Z] [INFO] RSS progress: 50/60 (50 ok, 0 error, 132 points)
[2026-09-13T07:56:16.357Z] [DEBUG] RSS ok: sg/macos/Utilities/top-free entries=100
[2026-09-13T07:56:26.363Z] [DEBUG] Hits: sg/macos/Utilities/top-free 2 app(s) found
[2026-09-13T07:56:27.119Z] [DEBUG] RSS ok: in/macos/Business/top-free entries=100
[2026-09-13T07:56:37.125Z] [DEBUG] Hits: in/macos/Business/top-free 4 app(s) found
[2026-09-13T07:56:37.858Z] [DEBUG] RSS ok: in/macos/Productivity/top-free entries=99
[2026-09-13T07:56:47.864Z] [DEBUG] Hits: in/macos/Productivity/top-free 3 app(s) found
[2026-09-13T07:56:48.711Z] [DEBUG] RSS ok: in/macos/Utilities/top-free entries=100
[2026-09-13T07:56:59.571Z] [DEBUG] RSS ok: za/macos/Business/top-free entries=100
[2026-09-13T07:57:09.578Z] [DEBUG] Hits: za/macos/Business/top-free 3 app(s) found
[2026-09-13T07:57:10.491Z] [DEBUG] RSS ok: za/macos/Productivity/top-free entries=99
[2026-09-13T07:57:20.497Z] [DEBUG] Hits: za/macos/Productivity/top-free 3 app(s) found
[2026-09-13T07:57:21.362Z] [DEBUG] RSS ok: za/macos/Utilities/top-free entries=100
[2026-09-13T07:57:31.368Z] [DEBUG] Hits: za/macos/Utilities/top-free 2 app(s) found
[2026-09-13T07:57:32.122Z] [DEBUG] RSS ok: br/macos/Business/top-free entries=99
[2026-09-13T07:57:42.128Z] [DEBUG] Hits: br/macos/Business/top-free 4 app(s) found
[2026-09-13T07:57:42.920Z] [DEBUG] RSS ok: br/macos/Productivity/top-free entries=99
[2026-09-13T07:57:52.926Z] [DEBUG] Hits: br/macos/Productivity/top-free 3 app(s) found
[2026-09-13T07:57:53.778Z] [DEBUG] RSS ok: br/macos/Utilities/top-free entries=100
[2026-09-13T07:58:03.784Z] [INFO] RSS progress: 60/60 (60 ok, 0 error, 156 points)
[2026-09-13T07:58:03.784Z] [INFO] RSS fetch done: 60 ok, 0 error, 156 points
[2026-09-13T07:58:03.784Z] [INFO] Platform max returned: macos = 100
[2026-09-13T07:58:03.785Z] [INFO] RSS results: 60 ok, 0 error, 156 rank points
[2026-09-13T07:58:03.825Z] [INFO] Stored: 60 crawls, 156 points
[2026-09-13T07:58:03.835Z] [INFO] current.json written rows=23
[2026-09-13T07:58:03.836Z] [INFO] Current summary: on_chart=156, not_on_chart=304, depth_limited=0, crawl_error=0, total=460
[2026-09-13T07:58:03.836Z] [INFO] === Crawl complete === 651.5s
[2026-09-13T09:47:14.163Z] [INFO] === Crawl start === ts=2026-09-13T09:00:00Z
[2026-09-13T09:47:14.168Z] [INFO] Config loaded apps=4, platforms=macos, categories=Business,Productivity,Utilities
[2026-09-13T09:47:14.168Z] [INFO] App IDs to track: 23 our=4, competitors=19
[2026-09-13T09:47:14.169Z] [INFO] Lookup cached fetched_at=2026-09-13T00:57:45.605Z, 23 apps
[2026-09-13T09:47:14.170Z] [INFO] RSS requests: 60 countries=20, platforms=macos, categories=Business,Productivity,Utilities
[2026-09-13T09:47:14.170Z] [INFO] RSS fetch start: 60 requests, concurrency=1
[2026-09-13T09:47:14.837Z] [DEBUG] RSS ok: us/macos/Business/top-free entries=100
[2026-09-13T09:47:24.840Z] [DEBUG] Hits: us/macos/Business/top-free 4 app(s) found
[2026-09-13T09:47:25.539Z] [DEBUG] RSS ok: us/macos/Productivity/top-free entries=99
[2026-09-13T09:47:35.545Z] [DEBUG] Hits: us/macos/Productivity/top-free 6 app(s) found
[2026-09-13T09:47:36.152Z] [DEBUG] RSS ok: us/macos/Utilities/top-free entries=100
[2026-09-13T09:47:46.152Z] [DEBUG] Hits: us/macos/Utilities/top-free 1 app(s) found
[2026-09-13T09:47:46.766Z] [DEBUG] RSS ok: gb/macos/Business/top-free entries=100
[2026-09-13T09:47:56.771Z] [DEBUG] Hits: gb/macos/Business/top-free 4 app(s) found
[2026-09-13T09:47:57.520Z] [DEBUG] RSS ok: gb/macos/Productivity/top-free entries=99
[2026-09-13T09:48:07.526Z] [DEBUG] Hits: gb/macos/Productivity/top-free 4 app(s) found
[2026-09-13T09:48:08.226Z] [DEBUG] RSS ok: gb/macos/Utilities/top-free entries=100
[2026-09-13T09:48:18.231Z] [DEBUG] Hits: gb/macos/Utilities/top-free 3 app(s) found
[2026-09-13T09:48:18.932Z] [DEBUG] RSS ok: ca/macos/Business/top-free entries=99
[2026-09-13T09:48:28.939Z] [DEBUG] Hits: ca/macos/Business/top-free 3 app(s) found
[2026-09-13T09:48:29.493Z] [DEBUG] RSS ok: ca/macos/Productivity/top-free entries=99
[2026-09-13T09:48:39.499Z] [DEBUG] Hits: ca/macos/Productivity/top-free 5 app(s) found
[2026-09-13T09:48:40.465Z] [DEBUG] RSS ok: ca/macos/Utilities/top-free entries=100
[2026-09-13T09:48:50.467Z] [DEBUG] Hits: ca/macos/Utilities/top-free 1 app(s) found
[2026-09-13T09:48:51.220Z] [DEBUG] RSS ok: fr/macos/Business/top-free entries=99
[2026-09-13T09:49:01.227Z] [DEBUG] Hits: fr/macos/Business/top-free 3 app(s) found
[2026-09-13T09:49:01.227Z] [INFO] RSS progress: 10/60 (10 ok, 0 error, 34 points)
[2026-09-13T09:49:02.016Z] [DEBUG] RSS ok: fr/macos/Productivity/top-free entries=99
[2026-09-13T09:49:12.022Z] [DEBUG] Hits: fr/macos/Productivity/top-free 5 app(s) found
[2026-09-13T09:49:12.778Z] [DEBUG] RSS ok: fr/macos/Utilities/top-free entries=100
[2026-09-13T09:49:22.784Z] [DEBUG] Hits: fr/macos/Utilities/top-free 1 app(s) found
[2026-09-13T09:49:23.580Z] [DEBUG] RSS ok: de/macos/Business/top-free entries=99
[2026-09-13T09:49:33.580Z] [DEBUG] Hits: de/macos/Business/top-free 1 app(s) found
[2026-09-13T09:49:34.291Z] [DEBUG] RSS ok: de/macos/Productivity/top-free entries=99
[2026-09-13T09:49:44.297Z] [DEBUG] Hits: de/macos/Productivity/top-free 4 app(s) found
[2026-09-13T09:49:45.188Z] [DEBUG] RSS ok: de/macos/Utilities/top-free entries=100
[2026-09-13T09:49:55.193Z] [DEBUG] Hits: de/macos/Utilities/top-free 2 app(s) found
[2026-09-13T09:49:55.943Z] [DEBUG] RSS ok: jp/macos/Business/top-free entries=100
[2026-09-13T09:50:05.950Z] [DEBUG] Hits: jp/macos/Business/top-free 2 app(s) found
[2026-09-13T09:50:06.628Z] [DEBUG] RSS ok: jp/macos/Productivity/top-free entries=99
[2026-09-13T09:50:16.631Z] [DEBUG] Hits: jp/macos/Productivity/top-free 4 app(s) found
[2026-09-13T09:50:17.259Z] [DEBUG] RSS ok: jp/macos/Utilities/top-free entries=100
[2026-09-13T09:50:27.266Z] [DEBUG] Hits: jp/macos/Utilities/top-free 4 app(s) found
[2026-09-13T09:50:28.007Z] [DEBUG] RSS ok: au/macos/Business/top-free entries=100
[2026-09-13T09:50:38.013Z] [DEBUG] Hits: au/macos/Business/top-free 2 app(s) found
[2026-09-13T09:50:38.736Z] [DEBUG] RSS ok: au/macos/Productivity/top-free entries=99
[2026-09-13T09:50:48.742Z] [DEBUG] Hits: au/macos/Productivity/top-free 4 app(s) found
[2026-09-13T09:50:48.742Z] [INFO] RSS progress: 20/60 (20 ok, 0 error, 63 points)
[2026-09-13T09:50:49.505Z] [DEBUG] RSS ok: au/macos/Utilities/top-free entries=100
[2026-09-13T09:50:59.512Z] [DEBUG] Hits: au/macos/Utilities/top-free 1 app(s) found
[2026-09-13T09:51:00.300Z] [DEBUG] RSS ok: es/macos/Business/top-free entries=99
[2026-09-13T09:51:10.307Z] [DEBUG] Hits: es/macos/Business/top-free 3 app(s) found
[2026-09-13T09:51:11.240Z] [DEBUG] RSS ok: es/macos/Productivity/top-free entries=99
[2026-09-13T09:51:21.245Z] [DEBUG] Hits: es/macos/Productivity/top-free 5 app(s) found
[2026-09-13T09:51:22.234Z] [DEBUG] RSS ok: es/macos/Utilities/top-free entries=100
[2026-09-13T09:51:32.240Z] [DEBUG] Hits: es/macos/Utilities/top-free 1 app(s) found
[2026-09-13T09:51:32.996Z] [DEBUG] RSS ok: it/macos/Business/top-free entries=99
[2026-09-13T09:51:43.002Z] [DEBUG] Hits: it/macos/Business/top-free 2 app(s) found
[2026-09-13T09:51:43.662Z] [DEBUG] RSS ok: it/macos/Productivity/top-free entries=99
[2026-09-13T09:51:53.667Z] [DEBUG] Hits: it/macos/Productivity/top-free 4 app(s) found
[2026-09-13T09:51:54.459Z] [DEBUG] RSS ok: it/macos/Utilities/top-free entries=100
[2026-09-13T09:52:04.465Z] [DEBUG] Hits: it/macos/Utilities/top-free 1 app(s) found
[2026-09-13T09:52:05.179Z] [DEBUG] RSS ok: pt/macos/Business/top-free entries=100
[2026-09-13T09:52:15.186Z] [DEBUG] Hits: pt/macos/Business/top-free 3 app(s) found
[2026-09-13T09:52:15.986Z] [DEBUG] RSS ok: pt/macos/Productivity/top-free entries=99
[2026-09-13T09:52:25.993Z] [DEBUG] Hits: pt/macos/Productivity/top-free 5 app(s) found
[2026-09-13T09:52:26.610Z] [DEBUG] RSS ok: pt/macos/Utilities/top-free entries=100
[2026-09-13T09:52:36.616Z] [DEBUG] Hits: pt/macos/Utilities/top-free 1 app(s) found
[2026-09-13T09:52:36.616Z] [INFO] RSS progress: 30/60 (30 ok, 0 error, 89 points)
[2026-09-13T09:52:37.365Z] [DEBUG] RSS ok: ch/macos/Business/top-free entries=99
[2026-09-13T09:52:47.372Z] [DEBUG] Hits: ch/macos/Business/top-free 3 app(s) found
[2026-09-13T09:52:48.121Z] [DEBUG] RSS ok: ch/macos/Productivity/top-free entries=99
[2026-09-13T09:52:58.128Z] [DEBUG] Hits: ch/macos/Productivity/top-free 4 app(s) found
[2026-09-13T09:52:58.834Z] [DEBUG] RSS ok: ch/macos/Utilities/top-free entries=100
[2026-09-13T09:53:08.835Z] [DEBUG] Hits: ch/macos/Utilities/top-free 2 app(s) found
[2026-09-13T09:53:09.573Z] [DEBUG] RSS ok: be/macos/Business/top-free entries=100
[2026-09-13T09:53:19.579Z] [DEBUG] Hits: be/macos/Business/top-free 4 app(s) found
[2026-09-13T09:53:20.452Z] [DEBUG] RSS ok: be/macos/Productivity/top-free entries=99
[2026-09-13T09:53:30.458Z] [DEBUG] Hits: be/macos/Productivity/top-free 3 app(s) found
[2026-09-13T09:53:31.267Z] [DEBUG] RSS ok: be/macos/Utilities/top-free entries=100
[2026-09-13T09:53:42.013Z] [DEBUG] RSS ok: nl/macos/Business/top-free entries=100
[2026-09-13T09:53:52.019Z] [DEBUG] Hits: nl/macos/Business/top-free 1 app(s) found
[2026-09-13T09:53:52.833Z] [DEBUG] RSS ok: nl/macos/Productivity/top-free entries=99
[2026-09-13T09:54:02.835Z] [DEBUG] Hits: nl/macos/Productivity/top-free 4 app(s) found
[2026-09-13T09:54:03.565Z] [DEBUG] RSS ok: nl/macos/Utilities/top-free entries=100
[2026-09-13T09:54:14.228Z] [DEBUG] RSS ok: tw/macos/Business/top-free entries=100
[2026-09-13T09:54:24.234Z] [DEBUG] Hits: tw/macos/Business/top-free 2 app(s) found
[2026-09-13T09:54:24.234Z] [INFO] RSS progress: 40/60 (40 ok, 0 error, 112 points)
[2026-09-13T09:54:24.860Z] [DEBUG] RSS ok: tw/macos/Productivity/top-free entries=99
[2026-09-13T09:54:34.865Z] [DEBUG] Hits: tw/macos/Productivity/top-free 1 app(s) found
[2026-09-13T09:54:35.512Z] [DEBUG] RSS ok: tw/macos/Utilities/top-free entries=100
[2026-09-13T09:54:46.494Z] [DEBUG] RSS ok: hk/macos/Business/top-free entries=100
[2026-09-13T09:54:56.501Z] [DEBUG] Hits: hk/macos/Business/top-free 1 app(s) found
[2026-09-13T09:54:57.187Z] [DEBUG] RSS ok: hk/macos/Productivity/top-free entries=99
[2026-09-13T09:55:07.193Z] [DEBUG] Hits: hk/macos/Productivity/top-free 4 app(s) found
[2026-09-13T09:55:07.885Z] [DEBUG] RSS ok: hk/macos/Utilities/top-free entries=100
[2026-09-13T09:55:18.501Z] [DEBUG] RSS ok: nz/macos/Business/top-free entries=100
[2026-09-13T09:55:28.507Z] [DEBUG] Hits: nz/macos/Business/top-free 3 app(s) found
[2026-09-13T09:55:29.341Z] [DEBUG] RSS ok: nz/macos/Productivity/top-free entries=99
[2026-09-13T09:55:39.347Z] [DEBUG] Hits: nz/macos/Productivity/top-free 2 app(s) found
[2026-09-13T09:55:40.023Z] [DEBUG] RSS ok: nz/macos/Utilities/top-free entries=100
[2026-09-13T09:55:50.028Z] [DEBUG] Hits: nz/macos/Utilities/top-free 2 app(s) found
[2026-09-13T09:55:50.741Z] [DEBUG] RSS ok: sg/macos/Business/top-free entries=100
[2026-09-13T09:56:00.748Z] [DEBUG] Hits: sg/macos/Business/top-free 4 app(s) found
[2026-09-13T09:56:01.428Z] [DEBUG] RSS ok: sg/macos/Productivity/top-free entries=99
[2026-09-13T09:56:11.434Z] [INFO] RSS progress: 50/60 (50 ok, 0 error, 132 points)
[2026-09-13T09:56:11.434Z] [DEBUG] Hits: sg/macos/Productivity/top-free 3 app(s) found
[2026-09-13T09:56:12.157Z] [DEBUG] RSS ok: sg/macos/Utilities/top-free entries=100
[2026-09-13T09:56:22.163Z] [DEBUG] Hits: sg/macos/Utilities/top-free 2 app(s) found
[2026-09-13T09:56:22.814Z] [DEBUG] RSS ok: in/macos/Business/top-free entries=100
[2026-09-13T09:56:32.821Z] [DEBUG] Hits: in/macos/Business/top-free 4 app(s) found
[2026-09-13T09:56:33.808Z] [DEBUG] RSS ok: in/macos/Productivity/top-free entries=99
[2026-09-13T09:56:43.811Z] [DEBUG] Hits: in/macos/Productivity/top-free 3 app(s) found
[2026-09-13T09:56:44.420Z] [DEBUG] RSS ok: in/macos/Utilities/top-free entries=100
[2026-09-13T09:56:55.116Z] [DEBUG] RSS ok: za/macos/Business/top-free entries=100
[2026-09-13T09:57:05.123Z] [DEBUG] Hits: za/macos/Business/top-free 3 app(s) found
[2026-09-13T09:57:05.798Z] [DEBUG] RSS ok: za/macos/Productivity/top-free entries=99
[2026-09-13T09:57:15.805Z] [DEBUG] Hits: za/macos/Productivity/top-free 3 app(s) found
[2026-09-13T09:57:16.501Z] [DEBUG] RSS ok: za/macos/Utilities/top-free entries=100
[2026-09-13T09:57:26.507Z] [DEBUG] Hits: za/macos/Utilities/top-free 2 app(s) found
[2026-09-13T09:57:27.312Z] [DEBUG] RSS ok: br/macos/Business/top-free entries=99
[2026-09-13T09:57:37.318Z] [DEBUG] Hits: br/macos/Business/top-free 4 app(s) found
[2026-09-13T09:57:37.939Z] [DEBUG] RSS ok: br/macos/Productivity/top-free entries=99
[2026-09-13T09:57:47.945Z] [DEBUG] Hits: br/macos/Productivity/top-free 3 app(s) found
[2026-09-13T09:57:48.665Z] [DEBUG] RSS ok: br/macos/Utilities/top-free entries=100
[2026-09-13T09:57:58.671Z] [INFO] RSS progress: 60/60 (60 ok, 0 error, 156 points)
[2026-09-13T09:57:58.671Z] [INFO] RSS fetch done: 60 ok, 0 error, 156 points
[2026-09-13T09:57:58.671Z] [INFO] Platform max returned: macos = 100
[2026-09-13T09:57:58.671Z] [INFO] RSS results: 60 ok, 0 error, 156 rank points
[2026-09-13T09:57:58.712Z] [INFO] Stored: 60 crawls, 156 points
[2026-09-13T09:57:58.722Z] [INFO] current.json written rows=23
[2026-09-13T09:57:58.723Z] [INFO] Current summary: on_chart=156, not_on_chart=304, depth_limited=0, crawl_error=0, total=460
[2026-09-13T09:57:58.723Z] [INFO] === Crawl complete === 644.6s
[2026-09-13T10:47:10.626Z] [INFO] === Crawl start === ts=2026-09-13T10:00:00Z
[2026-09-13T10:47:10.630Z] [INFO] Config loaded apps=4, platforms=macos, categories=Business,Productivity,Utilities
[2026-09-13T10:47:10.630Z] [INFO] App IDs to track: 23 our=4, competitors=19
[2026-09-13T10:47:10.632Z] [INFO] Lookup cached fetched_at=2026-09-13T00:57:45.605Z, 23 apps
[2026-09-13T10:47:10.632Z] [INFO] RSS requests: 60 countries=20, platforms=macos, categories=Business,Productivity,Utilities
[2026-09-13T10:47:10.633Z] [INFO] RSS fetch start: 60 requests, concurrency=1
[2026-09-13T10:47:11.376Z] [DEBUG] RSS ok: us/macos/Business/top-free entries=100
[2026-09-13T10:47:21.379Z] [DEBUG] Hits: us/macos/Business/top-free 4 app(s) found
[2026-09-13T10:47:22.243Z] [DEBUG] RSS ok: us/macos/Productivity/top-free entries=99
[2026-09-13T10:47:32.247Z] [DEBUG] Hits: us/macos/Productivity/top-free 6 app(s) found
[2026-09-13T10:47:32.956Z] [DEBUG] RSS ok: us/macos/Utilities/top-free entries=100
[2026-09-13T10:47:42.962Z] [DEBUG] Hits: us/macos/Utilities/top-free 1 app(s) found
[2026-09-13T10:47:43.660Z] [DEBUG] RSS ok: gb/macos/Business/top-free entries=100
[2026-09-13T10:47:53.667Z] [DEBUG] Hits: gb/macos/Business/top-free 3 app(s) found
[2026-09-13T10:47:54.482Z] [DEBUG] RSS ok: gb/macos/Productivity/top-free entries=99
[2026-09-13T10:48:04.487Z] [DEBUG] Hits: gb/macos/Productivity/top-free 4 app(s) found
[2026-09-13T10:48:05.460Z] [DEBUG] RSS ok: gb/macos/Utilities/top-free entries=100
[2026-09-13T10:48:15.467Z] [DEBUG] Hits: gb/macos/Utilities/top-free 2 app(s) found
[2026-09-13T10:48:16.139Z] [DEBUG] RSS ok: ca/macos/Business/top-free entries=99
[2026-09-13T10:48:26.145Z] [DEBUG] Hits: ca/macos/Business/top-free 3 app(s) found
[2026-09-13T10:48:26.803Z] [DEBUG] RSS ok: ca/macos/Productivity/top-free entries=99
[2026-09-13T10:48:36.809Z] [DEBUG] Hits: ca/macos/Productivity/top-free 5 app(s) found
[2026-09-13T10:48:37.633Z] [DEBUG] RSS ok: ca/macos/Utilities/top-free entries=100
[2026-09-13T10:48:47.639Z] [DEBUG] Hits: ca/macos/Utilities/top-free 1 app(s) found
[2026-09-13T10:48:48.478Z] [DEBUG] RSS ok: fr/macos/Business/top-free entries=99
[2026-09-13T10:48:58.484Z] [DEBUG] Hits: fr/macos/Business/top-free 3 app(s) found
[2026-09-13T10:48:58.484Z] [INFO] RSS progress: 10/60 (10 ok, 0 error, 32 points)
[2026-09-13T10:48:59.207Z] [DEBUG] RSS ok: fr/macos/Productivity/top-free entries=99
[2026-09-13T10:49:09.213Z] [DEBUG] Hits: fr/macos/Productivity/top-free 5 app(s) found
[2026-09-13T10:49:09.916Z] [DEBUG] RSS ok: fr/macos/Utilities/top-free entries=100
[2026-09-13T10:49:19.921Z] [DEBUG] Hits: fr/macos/Utilities/top-free 2 app(s) found
[2026-09-13T10:49:20.822Z] [DEBUG] RSS ok: de/macos/Business/top-free entries=99
[2026-09-13T10:49:30.828Z] [DEBUG] Hits: de/macos/Business/top-free 2 app(s) found
[2026-09-13T10:49:31.602Z] [DEBUG] RSS ok: de/macos/Productivity/top-free entries=99
[2026-09-13T10:49:41.608Z] [DEBUG] Hits: de/macos/Productivity/top-free 5 app(s) found
[2026-09-13T10:49:42.341Z] [DEBUG] RSS ok: de/macos/Utilities/top-free entries=100
[2026-09-13T10:49:52.347Z] [DEBUG] Hits: de/macos/Utilities/top-free 3 app(s) found
[2026-09-13T10:49:53.058Z] [DEBUG] RSS ok: jp/macos/Business/top-free entries=100
[2026-09-13T10:50:03.065Z] [DEBUG] Hits: jp/macos/Business/top-free 2 app(s) found
[2026-09-13T10:50:04.128Z] [DEBUG] RSS ok: jp/macos/Productivity/top-free entries=99
[2026-09-13T10:50:14.134Z] [DEBUG] Hits: jp/macos/Productivity/top-free 5 app(s) found
[2026-09-13T10:50:14.885Z] [DEBUG] RSS ok: jp/macos/Utilities/top-free entries=100
[2026-09-13T10:50:24.887Z] [DEBUG] Hits: jp/macos/Utilities/top-free 4 app(s) found
[2026-09-13T10:50:25.580Z] [DEBUG] RSS ok: au/macos/Business/top-free entries=100
[2026-09-13T10:50:35.587Z] [DEBUG] Hits: au/macos/Business/top-free 2 app(s) found
[2026-09-13T10:50:36.219Z] [DEBUG] RSS ok: au/macos/Productivity/top-free entries=99
[2026-09-13T10:50:46.226Z] [DEBUG] Hits: au/macos/Productivity/top-free 3 app(s) found
[2026-09-13T10:50:46.226Z] [INFO] RSS progress: 20/60 (20 ok, 0 error, 65 points)
[2026-09-13T10:50:47.006Z] [DEBUG] RSS ok: au/macos/Utilities/top-free entries=100
[2026-09-13T10:50:57.013Z] [DEBUG] Hits: au/macos/Utilities/top-free 1 app(s) found
[2026-09-13T10:50:57.800Z] [DEBUG] RSS ok: es/macos/Business/top-free entries=99
[2026-09-13T10:51:07.806Z] [DEBUG] Hits: es/macos/Business/top-free 3 app(s) found
[2026-09-13T10:51:08.883Z] [DEBUG] RSS ok: es/macos/Productivity/top-free entries=99
[2026-09-13T10:51:18.890Z] [DEBUG] Hits: es/macos/Productivity/top-free 5 app(s) found
[2026-09-13T10:51:19.557Z] [DEBUG] RSS ok: es/macos/Utilities/top-free entries=100
[2026-09-13T10:51:29.564Z] [DEBUG] Hits: es/macos/Utilities/top-free 1 app(s) found
[2026-09-13T10:51:30.480Z] [DEBUG] RSS ok: it/macos/Business/top-free entries=99
[2026-09-13T10:51:40.486Z] [DEBUG] Hits: it/macos/Business/top-free 2 app(s) found
[2026-09-13T10:51:41.263Z] [DEBUG] RSS ok: it/macos/Productivity/top-free entries=99
[2026-09-13T10:51:51.269Z] [DEBUG] Hits: it/macos/Productivity/top-free 4 app(s) found
[2026-09-13T10:51:52.088Z] [DEBUG] RSS ok: it/macos/Utilities/top-free entries=100
[2026-09-13T10:52:02.094Z] [DEBUG] Hits: it/macos/Utilities/top-free 1 app(s) found
[2026-09-13T10:52:02.877Z] [DEBUG] RSS ok: pt/macos/Business/top-free entries=100
[2026-09-13T10:52:12.883Z] [DEBUG] Hits: pt/macos/Business/top-free 3 app(s) found
[2026-09-13T10:52:13.616Z] [DEBUG] RSS ok: pt/macos/Productivity/top-free entries=99
[2026-09-13T10:52:23.622Z] [DEBUG] Hits: pt/macos/Productivity/top-free 4 app(s) found
[2026-09-13T10:52:24.437Z] [DEBUG] RSS ok: pt/macos/Utilities/top-free entries=100
[2026-09-13T10:52:34.444Z] [DEBUG] Hits: pt/macos/Utilities/top-free 1 app(s) found
[2026-09-13T10:52:34.444Z] [INFO] RSS progress: 30/60 (30 ok, 0 error, 90 points)
[2026-09-13T10:52:35.261Z] [DEBUG] RSS ok: ch/macos/Business/top-free entries=99
[2026-09-13T10:52:45.268Z] [DEBUG] Hits: ch/macos/Business/top-free 3 app(s) found
[2026-09-13T10:52:46.090Z] [DEBUG] RSS ok: ch/macos/Productivity/top-free entries=99
[2026-09-13T10:52:56.095Z] [DEBUG] Hits: ch/macos/Productivity/top-free 5 app(s) found
[2026-09-13T10:52:56.907Z] [DEBUG] RSS ok: ch/macos/Utilities/top-free entries=100
[2026-09-13T10:53:06.913Z] [DEBUG] Hits: ch/macos/Utilities/top-free 1 app(s) found
[2026-09-13T10:53:07.746Z] [DEBUG] RSS ok: be/macos/Business/top-free entries=100
[2026-09-13T10:53:17.753Z] [DEBUG] Hits: be/macos/Business/top-free 4 app(s) found
[2026-09-13T10:53:18.622Z] [DEBUG] RSS ok: be/macos/Productivity/top-free entries=99
[2026-09-13T10:53:28.628Z] [DEBUG] Hits: be/macos/Productivity/top-free 3 app(s) found
[2026-09-13T10:53:29.277Z] [DEBUG] RSS ok: be/macos/Utilities/top-free entries=100
[2026-09-13T10:53:40.061Z] [DEBUG] RSS ok: nl/macos/Business/top-free entries=100
[2026-09-13T10:53:50.063Z] [DEBUG] Hits: nl/macos/Business/top-free 1 app(s) found
[2026-09-13T10:53:50.690Z] [DEBUG] RSS ok: nl/macos/Productivity/top-free entries=99
[2026-09-13T10:54:00.697Z] [DEBUG] Hits: nl/macos/Productivity/top-free 4 app(s) found
[2026-09-13T10:54:01.495Z] [DEBUG] RSS ok: nl/macos/Utilities/top-free entries=100
[2026-09-13T10:54:12.407Z] [DEBUG] RSS ok: tw/macos/Business/top-free entries=100
[2026-09-13T10:54:22.414Z] [DEBUG] Hits: tw/macos/Business/top-free 2 app(s) found
[2026-09-13T10:54:22.414Z] [INFO] RSS progress: 40/60 (40 ok, 0 error, 113 points)
[2026-09-13T10:54:23.123Z] [DEBUG] RSS ok: tw/macos/Productivity/top-free entries=99
[2026-09-13T10:54:33.127Z] [DEBUG] Hits: tw/macos/Productivity/top-free 2 app(s) found
[2026-09-13T10:54:33.947Z] [DEBUG] RSS ok: tw/macos/Utilities/top-free entries=100
[2026-09-13T10:54:43.953Z] [DEBUG] Hits: tw/macos/Utilities/top-free 1 app(s) found
[2026-09-13T10:54:44.641Z] [DEBUG] RSS ok: hk/macos/Business/top-free entries=100
[2026-09-13T10:54:54.648Z] [DEBUG] Hits: hk/macos/Business/top-free 1 app(s) found
[2026-09-13T10:54:55.343Z] [DEBUG] RSS ok: hk/macos/Productivity/top-free entries=99
[2026-09-13T10:55:05.349Z] [DEBUG] Hits: hk/macos/Productivity/top-free 4 app(s) found
[2026-09-13T10:55:06.517Z] [DEBUG] RSS ok: hk/macos/Utilities/top-free entries=100
[2026-09-13T10:55:17.342Z] [DEBUG] RSS ok: nz/macos/Business/top-free entries=100
[2026-09-13T10:55:27.348Z] [DEBUG] Hits: nz/macos/Business/top-free 2 app(s) found
[2026-09-13T10:55:28.256Z] [DEBUG] RSS ok: nz/macos/Productivity/top-free entries=99
[2026-09-13T10:55:38.261Z] [DEBUG] Hits: nz/macos/Productivity/top-free 4 app(s) found
[2026-09-13T10:55:39.018Z] [DEBUG] RSS ok: nz/macos/Utilities/top-free entries=100
[2026-09-13T10:55:49.025Z] [DEBUG] Hits: nz/macos/Utilities/top-free 2 app(s) found
[2026-09-13T10:55:49.775Z] [DEBUG] RSS ok: sg/macos/Business/top-free entries=100
[2026-09-13T10:55:59.782Z] [DEBUG] Hits: sg/macos/Business/top-free 4 app(s) found
[2026-09-13T10:56:00.509Z] [DEBUG] RSS ok: sg/macos/Productivity/top-free entries=99
[2026-09-13T10:56:10.516Z] [DEBUG] Hits: sg/macos/Productivity/top-free 4 app(s) found
[2026-09-13T10:56:10.516Z] [INFO] RSS progress: 50/60 (50 ok, 0 error, 137 points)
[2026-09-13T10:56:11.337Z] [DEBUG] RSS ok: sg/macos/Utilities/top-free entries=100
[2026-09-13T10:56:21.343Z] [DEBUG] Hits: sg/macos/Utilities/top-free 1 app(s) found
[2026-09-13T10:56:22.203Z] [DEBUG] RSS ok: in/macos/Business/top-free entries=100
[2026-09-13T10:56:32.209Z] [DEBUG] Hits: in/macos/Business/top-free 4 app(s) found
[2026-09-13T10:56:32.825Z] [DEBUG] RSS ok: in/macos/Productivity/top-free entries=99
[2026-09-13T10:56:42.831Z] [DEBUG] Hits: in/macos/Productivity/top-free 2 app(s) found
[2026-09-13T10:56:43.548Z] [DEBUG] RSS ok: in/macos/Utilities/top-free entries=100
[2026-09-13T10:56:54.491Z] [DEBUG] RSS ok: za/macos/Business/top-free entries=100
[2026-09-13T10:57:04.498Z] [DEBUG] Hits: za/macos/Business/top-free 3 app(s) found
[2026-09-13T10:57:05.329Z] [DEBUG] RSS ok: za/macos/Productivity/top-free entries=99
[2026-09-13T10:57:15.335Z] [DEBUG] Hits: za/macos/Productivity/top-free 3 app(s) found
[2026-09-13T10:57:16.254Z] [DEBUG] RSS ok: za/macos/Utilities/top-free entries=100
[2026-09-13T10:57:26.261Z] [DEBUG] Hits: za/macos/Utilities/top-free 3 app(s) found
[2026-09-13T10:57:27.048Z] [DEBUG] RSS ok: br/macos/Business/top-free entries=99
[2026-09-13T10:57:37.055Z] [DEBUG] Hits: br/macos/Business/top-free 4 app(s) found
[2026-09-13T10:57:37.909Z] [DEBUG] RSS ok: br/macos/Productivity/top-free entries=99
[2026-09-13T10:57:47.916Z] [DEBUG] Hits: br/macos/Productivity/top-free 3 app(s) found
[2026-09-13T10:57:48.844Z] [DEBUG] RSS ok: br/macos/Utilities/top-free entries=100
[2026-09-13T10:57:58.849Z] [INFO] RSS progress: 60/60 (60 ok, 0 error, 160 points)
[2026-09-13T10:57:58.850Z] [INFO] RSS fetch done: 60 ok, 0 error, 160 points
[2026-09-13T10:57:58.850Z] [INFO] Platform max returned: macos = 100
[2026-09-13T10:57:58.850Z] [INFO] RSS results: 60 ok, 0 error, 160 rank points
[2026-09-13T10:57:58.881Z] [INFO] Stored: 60 crawls, 160 points
[2026-09-13T10:57:58.892Z] [INFO] current.json written rows=23
[2026-09-13T10:57:58.893Z] [INFO] Current summary: on_chart=160, not_on_chart=300, depth_limited=0, crawl_error=0, total=460
[2026-09-13T10:57:58.893Z] [INFO] === Crawl complete === 648.3s
[2026-09-13T11:47:10.287Z] [INFO] === Crawl start === ts=2026-09-13T11:00:00Z
[2026-09-13T11:47:10.291Z] [INFO] Config loaded apps=4, platforms=macos, categories=Business,Productivity,Utilities
[2026-09-13T11:47:10.291Z] [INFO] App IDs to track: 23 our=4, competitors=19
[2026-09-13T11:47:10.293Z] [INFO] Lookup cached fetched_at=2026-09-13T00:57:45.605Z, 23 apps
[2026-09-13T11:47:10.294Z] [INFO] RSS requests: 60 countries=20, platforms=macos, categories=Business,Productivity,Utilities
[2026-09-13T11:47:10.294Z] [INFO] RSS fetch start: 60 requests, concurrency=1
[2026-09-13T11:47:11.095Z] [DEBUG] RSS ok: us/macos/Business/top-free entries=100
[2026-09-13T11:47:21.097Z] [DEBUG] Hits: us/macos/Business/top-free 4 app(s) found
[2026-09-13T11:47:21.827Z] [DEBUG] RSS ok: us/macos/Productivity/top-free entries=99
[2026-09-13T11:47:31.833Z] [DEBUG] Hits: us/macos/Productivity/top-free 6 app(s) found
[2026-09-13T11:47:32.609Z] [DEBUG] RSS ok: us/macos/Utilities/top-free entries=100
[2026-09-13T11:47:42.616Z] [DEBUG] Hits: us/macos/Utilities/top-free 1 app(s) found
[2026-09-13T11:47:43.355Z] [DEBUG] RSS ok: gb/macos/Business/top-free entries=100
[2026-09-13T11:47:53.362Z] [DEBUG] Hits: gb/macos/Business/top-free 3 app(s) found
[2026-09-13T11:47:54.080Z] [DEBUG] RSS ok: gb/macos/Productivity/top-free entries=99
[2026-09-13T11:48:04.086Z] [DEBUG] Hits: gb/macos/Productivity/top-free 4 app(s) found
[2026-09-13T11:48:04.869Z] [DEBUG] RSS ok: gb/macos/Utilities/top-free entries=100
[2026-09-13T11:48:14.875Z] [DEBUG] Hits: gb/macos/Utilities/top-free 2 app(s) found
[2026-09-13T11:48:15.693Z] [DEBUG] RSS ok: ca/macos/Business/top-free entries=99
[2026-09-13T11:48:25.699Z] [DEBUG] Hits: ca/macos/Business/top-free 3 app(s) found
[2026-09-13T11:48:26.441Z] [DEBUG] RSS ok: ca/macos/Productivity/top-free entries=99
[2026-09-13T11:48:36.446Z] [DEBUG] Hits: ca/macos/Productivity/top-free 5 app(s) found
[2026-09-13T11:48:37.169Z] [DEBUG] RSS ok: ca/macos/Utilities/top-free entries=100
[2026-09-13T11:48:47.175Z] [DEBUG] Hits: ca/macos/Utilities/top-free 1 app(s) found
[2026-09-13T11:48:48.182Z] [DEBUG] RSS ok: fr/macos/Business/top-free entries=99
[2026-09-13T11:48:58.187Z] [DEBUG] Hits: fr/macos/Business/top-free 3 app(s) found
[2026-09-13T11:48:58.188Z] [INFO] RSS progress: 10/60 (10 ok, 0 error, 32 points)
[2026-09-13T11:48:59.003Z] [DEBUG] RSS ok: fr/macos/Productivity/top-free entries=99
[2026-09-13T11:49:09.005Z] [DEBUG] Hits: fr/macos/Productivity/top-free 5 app(s) found
[2026-09-13T11:49:09.773Z] [DEBUG] RSS ok: fr/macos/Utilities/top-free entries=100
[2026-09-13T11:49:19.777Z] [DEBUG] Hits: fr/macos/Utilities/top-free 2 app(s) found
[2026-09-13T11:49:20.605Z] [DEBUG] RSS ok: de/macos/Business/top-free entries=99
[2026-09-13T11:49:30.609Z] [DEBUG] Hits: de/macos/Business/top-free 2 app(s) found
[2026-09-13T11:49:31.332Z] [DEBUG] RSS ok: de/macos/Productivity/top-free entries=99
[2026-09-13T11:49:41.338Z] [DEBUG] Hits: de/macos/Productivity/top-free 5 app(s) found
[2026-09-13T11:49:42.168Z] [DEBUG] RSS ok: de/macos/Utilities/top-free entries=100
[2026-09-13T11:49:52.168Z] [DEBUG] Hits: de/macos/Utilities/top-free 3 app(s) found
[2026-09-13T11:49:52.828Z] [DEBUG] RSS ok: jp/macos/Business/top-free entries=100
[2026-09-13T11:50:02.834Z] [DEBUG] Hits: jp/macos/Business/top-free 2 app(s) found
[2026-09-13T11:50:03.690Z] [DEBUG] RSS ok: jp/macos/Productivity/top-free entries=99
[2026-09-13T11:50:13.695Z] [DEBUG] Hits: jp/macos/Productivity/top-free 5 app(s) found
[2026-09-13T11:50:14.585Z] [DEBUG] RSS ok: jp/macos/Utilities/top-free entries=100
[2026-09-13T11:50:24.589Z] [DEBUG] Hits: jp/macos/Utilities/top-free 4 app(s) found
[2026-09-13T11:50:25.378Z] [DEBUG] RSS ok: au/macos/Business/top-free entries=100
[2026-09-13T11:50:35.384Z] [DEBUG] Hits: au/macos/Business/top-free 2 app(s) found
[2026-09-13T11:50:36.153Z] [DEBUG] RSS ok: au/macos/Productivity/top-free entries=99
[2026-09-13T11:50:46.159Z] [DEBUG] Hits: au/macos/Productivity/top-free 3 app(s) found
[2026-09-13T11:50:46.159Z] [INFO] RSS progress: 20/60 (20 ok, 0 error, 65 points)
[2026-09-13T11:50:46.934Z] [DEBUG] RSS ok: au/macos/Utilities/top-free entries=100
[2026-09-13T11:50:56.940Z] [DEBUG] Hits: au/macos/Utilities/top-free 1 app(s) found
[2026-09-13T11:50:57.779Z] [DEBUG] RSS ok: es/macos/Business/top-free entries=99
[2026-09-13T11:51:07.781Z] [DEBUG] Hits: es/macos/Business/top-free 3 app(s) found
[2026-09-13T11:51:08.647Z] [DEBUG] RSS ok: es/macos/Productivity/top-free entries=99
[2026-09-13T11:51:18.654Z] [DEBUG] Hits: es/macos/Productivity/top-free 5 app(s) found
[2026-09-13T11:51:19.289Z] [DEBUG] RSS ok: es/macos/Utilities/top-free entries=100
[2026-09-13T11:51:29.295Z] [DEBUG] Hits: es/macos/Utilities/top-free 1 app(s) found
[2026-09-13T11:51:29.951Z] [DEBUG] RSS ok: it/macos/Business/top-free entries=99
[2026-09-13T11:51:39.957Z] [DEBUG] Hits: it/macos/Business/top-free 2 app(s) found
[2026-09-13T11:51:40.648Z] [DEBUG] RSS ok: it/macos/Productivity/top-free entries=99
[2026-09-13T11:51:50.654Z] [DEBUG] Hits: it/macos/Productivity/top-free 4 app(s) found
[2026-09-13T11:51:51.425Z] [DEBUG] RSS ok: it/macos/Utilities/top-free entries=100
[2026-09-13T11:52:01.431Z] [DEBUG] Hits: it/macos/Utilities/top-free 1 app(s) found
[2026-09-13T11:52:02.166Z] [DEBUG] RSS ok: pt/macos/Business/top-free entries=100
[2026-09-13T11:52:12.173Z] [DEBUG] Hits: pt/macos/Business/top-free 3 app(s) found
[2026-09-13T11:52:13.198Z] [DEBUG] RSS ok: pt/macos/Productivity/top-free entries=99
[2026-09-13T11:52:23.204Z] [DEBUG] Hits: pt/macos/Productivity/top-free 4 app(s) found
[2026-09-13T11:52:23.948Z] [DEBUG] RSS ok: pt/macos/Utilities/top-free entries=100
[2026-09-13T11:52:33.954Z] [DEBUG] Hits: pt/macos/Utilities/top-free 1 app(s) found
[2026-09-13T11:52:33.955Z] [INFO] RSS progress: 30/60 (30 ok, 0 error, 90 points)
[2026-09-13T11:52:34.838Z] [DEBUG] RSS ok: ch/macos/Business/top-free entries=99
[2026-09-13T11:52:44.844Z] [DEBUG] Hits: ch/macos/Business/top-free 3 app(s) found
[2026-09-13T11:52:45.657Z] [DEBUG] RSS ok: ch/macos/Productivity/top-free entries=99
[2026-09-13T11:52:55.663Z] [DEBUG] Hits: ch/macos/Productivity/top-free 5 app(s) found
[2026-09-13T11:52:56.543Z] [DEBUG] RSS ok: ch/macos/Utilities/top-free entries=100
[2026-09-13T11:53:06.550Z] [DEBUG] Hits: ch/macos/Utilities/top-free 1 app(s) found
[2026-09-13T11:53:07.336Z] [DEBUG] RSS ok: be/macos/Business/top-free entries=100
[2026-09-13T11:53:17.343Z] [DEBUG] Hits: be/macos/Business/top-free 4 app(s) found
[2026-09-13T11:53:17.998Z] [DEBUG] RSS ok: be/macos/Productivity/top-free entries=99
[2026-09-13T11:53:28.003Z] [DEBUG] Hits: be/macos/Productivity/top-free 3 app(s) found
[2026-09-13T11:53:28.812Z] [DEBUG] RSS ok: be/macos/Utilities/top-free entries=100
[2026-09-13T11:53:39.420Z] [DEBUG] RSS ok: nl/macos/Business/top-free entries=100
[2026-09-13T11:53:49.425Z] [DEBUG] Hits: nl/macos/Business/top-free 1 app(s) found
[2026-09-13T11:53:50.021Z] [DEBUG] RSS ok: nl/macos/Productivity/top-free entries=99
[2026-09-13T11:54:00.027Z] [DEBUG] Hits: nl/macos/Productivity/top-free 4 app(s) found
[2026-09-13T11:54:00.753Z] [DEBUG] RSS ok: nl/macos/Utilities/top-free entries=100
[2026-09-13T11:54:11.449Z] [DEBUG] RSS ok: tw/macos/Business/top-free entries=100
[2026-09-13T11:54:21.453Z] [DEBUG] Hits: tw/macos/Business/top-free 2 app(s) found
[2026-09-13T11:54:21.453Z] [INFO] RSS progress: 40/60 (40 ok, 0 error, 113 points)
[2026-09-13T11:54:22.564Z] [DEBUG] RSS ok: tw/macos/Productivity/top-free entries=99
[2026-09-13T11:54:32.571Z] [DEBUG] Hits: tw/macos/Productivity/top-free 2 app(s) found
[2026-09-13T11:54:33.313Z] [DEBUG] RSS ok: tw/macos/Utilities/top-free entries=100
[2026-09-13T11:54:43.319Z] [DEBUG] Hits: tw/macos/Utilities/top-free 1 app(s) found
[2026-09-13T11:54:44.027Z] [DEBUG] RSS ok: hk/macos/Business/top-free entries=100
[2026-09-13T11:54:54.033Z] [DEBUG] Hits: hk/macos/Business/top-free 1 app(s) found
[2026-09-13T11:54:54.675Z] [DEBUG] RSS ok: hk/macos/Productivity/top-free entries=99
[2026-09-13T11:55:04.681Z] [DEBUG] Hits: hk/macos/Productivity/top-free 4 app(s) found
[2026-09-13T11:55:05.355Z] [DEBUG] RSS ok: hk/macos/Utilities/top-free entries=100
[2026-09-13T11:55:16.196Z] [DEBUG] RSS ok: nz/macos/Business/top-free entries=100
[2026-09-13T11:55:26.202Z] [DEBUG] Hits: nz/macos/Business/top-free 2 app(s) found
[2026-09-13T11:55:26.984Z] [DEBUG] RSS ok: nz/macos/Productivity/top-free entries=99
[2026-09-13T11:55:36.990Z] [DEBUG] Hits: nz/macos/Productivity/top-free 4 app(s) found
[2026-09-13T11:55:37.713Z] [DEBUG] RSS ok: nz/macos/Utilities/top-free entries=100
[2026-09-13T11:55:47.719Z] [DEBUG] Hits: nz/macos/Utilities/top-free 2 app(s) found
[2026-09-13T11:55:48.527Z] [DEBUG] RSS ok: sg/macos/Business/top-free entries=100
[2026-09-13T11:55:58.533Z] [DEBUG] Hits: sg/macos/Business/top-free 4 app(s) found
[2026-09-13T11:55:59.202Z] [DEBUG] RSS ok: sg/macos/Productivity/top-free entries=99
[2026-09-13T11:56:09.209Z] [DEBUG] Hits: sg/macos/Productivity/top-free 4 app(s) found
[2026-09-13T11:56:09.209Z] [INFO] RSS progress: 50/60 (50 ok, 0 error, 137 points)
[2026-09-13T11:56:09.983Z] [DEBUG] RSS ok: sg/macos/Utilities/top-free entries=100
[2026-09-13T11:56:19.989Z] [DEBUG] Hits: sg/macos/Utilities/top-free 1 app(s) found
[2026-09-13T11:56:20.718Z] [DEBUG] RSS ok: in/macos/Business/top-free entries=100
[2026-09-13T11:56:30.725Z] [DEBUG] Hits: in/macos/Business/top-free 4 app(s) found
[2026-09-13T11:56:31.457Z] [DEBUG] RSS ok: in/macos/Productivity/top-free entries=99
[2026-09-13T11:56:41.463Z] [DEBUG] Hits: in/macos/Productivity/top-free 2 app(s) found
[2026-09-13T11:56:42.266Z] [DEBUG] RSS ok: in/macos/Utilities/top-free entries=100
[2026-09-13T11:56:53.024Z] [DEBUG] RSS ok: za/macos/Business/top-free entries=100
[2026-09-13T11:57:03.031Z] [DEBUG] Hits: za/macos/Business/top-free 3 app(s) found
[2026-09-13T11:57:03.723Z] [DEBUG] RSS ok: za/macos/Productivity/top-free entries=99
[2026-09-13T11:57:13.729Z] [DEBUG] Hits: za/macos/Productivity/top-free 3 app(s) found
[2026-09-13T11:57:14.442Z] [DEBUG] RSS ok: za/macos/Utilities/top-free entries=100
[2026-09-13T11:57:24.448Z] [DEBUG] Hits: za/macos/Utilities/top-free 3 app(s) found
[2026-09-13T11:57:25.194Z] [DEBUG] RSS ok: br/macos/Business/top-free entries=99
[2026-09-13T11:57:35.201Z] [DEBUG] Hits: br/macos/Business/top-free 4 app(s) found
[2026-09-13T11:57:35.844Z] [DEBUG] RSS ok: br/macos/Productivity/top-free entries=99
[2026-09-13T11:57:45.850Z] [DEBUG] Hits: br/macos/Productivity/top-free 3 app(s) found
[2026-09-13T11:57:46.607Z] [DEBUG] RSS ok: br/macos/Utilities/top-free entries=100
[2026-09-13T11:57:56.612Z] [INFO] RSS progress: 60/60 (60 ok, 0 error, 160 points)
[2026-09-13T11:57:56.613Z] [INFO] RSS fetch done: 60 ok, 0 error, 160 points
[2026-09-13T11:57:56.613Z] [INFO] Platform max returned: macos = 100
[2026-09-13T11:57:56.613Z] [INFO] RSS results: 60 ok, 0 error, 160 rank points
[2026-09-13T11:57:56.643Z] [INFO] Stored: 60 crawls, 160 points
[2026-09-13T11:57:56.654Z] [INFO] current.json written rows=23
[2026-09-13T11:57:56.655Z] [INFO] Current summary: on_chart=160, not_on_chart=300, depth_limited=0, crawl_error=0, total=460
[2026-09-13T11:57:56.655Z] [INFO] === Crawl complete === 646.4s
[2026-09-13T12:47:12.508Z] [INFO] === Crawl start === ts=2026-09-13T12:00:00Z
[2026-09-13T12:47:12.511Z] [INFO] App IDs to track: 23 our=4, competitors=19
[2026-09-13T12:47:12.511Z] [INFO] Config loaded apps=4, platforms=macos, categories=Business,Productivity,Utilities
[2026-09-13T12:47:12.513Z] [INFO] Lookup cached fetched_at=2026-09-13T00:57:45.605Z, 23 apps
[2026-09-13T12:47:12.513Z] [INFO] RSS requests: 60 countries=20, platforms=macos, categories=Business,Productivity,Utilities
[2026-09-13T12:47:12.513Z] [INFO] RSS fetch start: 60 requests, concurrency=1
[2026-09-13T12:47:13.340Z] [DEBUG] RSS ok: us/macos/Business/top-free entries=100
[2026-09-13T12:47:23.343Z] [DEBUG] Hits: us/macos/Business/top-free 4 app(s) found
[2026-09-13T12:47:23.991Z] [DEBUG] RSS ok: us/macos/Productivity/top-free entries=99
[2026-09-13T12:47:33.997Z] [DEBUG] Hits: us/macos/Productivity/top-free 6 app(s) found
[2026-09-13T12:47:34.681Z] [DEBUG] RSS ok: us/macos/Utilities/top-free entries=100
[2026-09-13T12:47:44.687Z] [DEBUG] Hits: us/macos/Utilities/top-free 1 app(s) found
[2026-09-13T12:47:45.387Z] [DEBUG] RSS ok: gb/macos/Business/top-free entries=100
[2026-09-13T12:47:55.394Z] [DEBUG] Hits: gb/macos/Business/top-free 3 app(s) found
[2026-09-13T12:47:56.205Z] [DEBUG] RSS ok: gb/macos/Productivity/top-free entries=99
[2026-09-13T12:48:06.213Z] [DEBUG] Hits: gb/macos/Productivity/top-free 4 app(s) found
[2026-09-13T12:48:06.848Z] [DEBUG] RSS ok: gb/macos/Utilities/top-free entries=100
[2026-09-13T12:48:16.855Z] [DEBUG] Hits: gb/macos/Utilities/top-free 2 app(s) found
[2026-09-13T12:48:17.578Z] [DEBUG] RSS ok: ca/macos/Business/top-free entries=99
[2026-09-13T12:48:27.581Z] [DEBUG] Hits: ca/macos/Business/top-free 3 app(s) found
[2026-09-13T12:48:28.280Z] [DEBUG] RSS ok: ca/macos/Productivity/top-free entries=99
[2026-09-13T12:48:38.287Z] [DEBUG] Hits: ca/macos/Productivity/top-free 5 app(s) found
[2026-09-13T12:48:39.300Z] [DEBUG] RSS ok: ca/macos/Utilities/top-free entries=100
[2026-09-13T12:48:49.307Z] [DEBUG] Hits: ca/macos/Utilities/top-free 1 app(s) found
[2026-09-13T12:48:49.929Z] [DEBUG] RSS ok: fr/macos/Business/top-free entries=99
[2026-09-13T12:48:59.935Z] [DEBUG] Hits: fr/macos/Business/top-free 3 app(s) found
[2026-09-13T12:48:59.935Z] [INFO] RSS progress: 10/60 (10 ok, 0 error, 32 points)
[2026-09-13T12:49:00.706Z] [DEBUG] RSS ok: fr/macos/Productivity/top-free entries=99
[2026-09-13T12:49:10.712Z] [DEBUG] Hits: fr/macos/Productivity/top-free 5 app(s) found
[2026-09-13T12:49:11.638Z] [DEBUG] RSS ok: fr/macos/Utilities/top-free entries=100
[2026-09-13T12:49:21.644Z] [DEBUG] Hits: fr/macos/Utilities/top-free 2 app(s) found
[2026-09-13T12:49:22.630Z] [DEBUG] RSS ok: de/macos/Business/top-free entries=99
[2026-09-13T12:49:32.637Z] [DEBUG] Hits: de/macos/Business/top-free 2 app(s) found
[2026-09-13T12:49:33.309Z] [DEBUG] RSS ok: de/macos/Productivity/top-free entries=99
[2026-09-13T12:49:43.315Z] [DEBUG] Hits: de/macos/Productivity/top-free 5 app(s) found
[2026-09-13T12:49:44.028Z] [DEBUG] RSS ok: de/macos/Utilities/top-free entries=100
[2026-09-13T12:49:54.035Z] [DEBUG] Hits: de/macos/Utilities/top-free 3 app(s) found
[2026-09-13T12:49:55.274Z] [DEBUG] RSS ok: jp/macos/Business/top-free entries=100
[2026-09-13T12:50:05.278Z] [DEBUG] Hits: jp/macos/Business/top-free 2 app(s) found
[2026-09-13T12:50:06.009Z] [DEBUG] RSS ok: jp/macos/Productivity/top-free entries=99
[2026-09-13T12:50:16.015Z] [DEBUG] Hits: jp/macos/Productivity/top-free 5 app(s) found
[2026-09-13T12:50:16.738Z] [DEBUG] RSS ok: jp/macos/Utilities/top-free entries=100
[2026-09-13T12:50:26.740Z] [DEBUG] Hits: jp/macos/Utilities/top-free 4 app(s) found
[2026-09-13T12:50:27.552Z] [DEBUG] RSS ok: au/macos/Business/top-free entries=100
[2026-09-13T12:50:37.558Z] [DEBUG] Hits: au/macos/Business/top-free 2 app(s) found
[2026-09-13T12:50:38.290Z] [DEBUG] RSS ok: au/macos/Productivity/top-free entries=99
[2026-09-13T12:50:48.295Z] [DEBUG] Hits: au/macos/Productivity/top-free 3 app(s) found
[2026-09-13T12:50:48.295Z] [INFO] RSS progress: 20/60 (20 ok, 0 error, 65 points)
[2026-09-13T12:50:49.209Z] [DEBUG] RSS ok: au/macos/Utilities/top-free entries=100
[2026-09-13T12:50:59.216Z] [DEBUG] Hits: au/macos/Utilities/top-free 1 app(s) found
[2026-09-13T12:50:59.949Z] [DEBUG] RSS ok: es/macos/Business/top-free entries=99
[2026-09-13T12:51:09.950Z] [DEBUG] Hits: es/macos/Business/top-free 3 app(s) found
[2026-09-13T12:51:10.629Z] [DEBUG] RSS ok: es/macos/Productivity/top-free entries=99
[2026-09-13T12:51:20.636Z] [DEBUG] Hits: es/macos/Productivity/top-free 5 app(s) found
[2026-09-13T12:51:21.279Z] [DEBUG] RSS ok: es/macos/Utilities/top-free entries=100
[2026-09-13T12:51:31.285Z] [DEBUG] Hits: es/macos/Utilities/top-free 1 app(s) found
[2026-09-13T12:51:32.056Z] [DEBUG] RSS ok: it/macos/Business/top-free entries=99
[2026-09-13T12:51:42.062Z] [DEBUG] Hits: it/macos/Business/top-free 2 app(s) found
[2026-09-13T12:51:42.716Z] [DEBUG] RSS ok: it/macos/Productivity/top-free entries=99
[2026-09-13T12:51:52.723Z] [DEBUG] Hits: it/macos/Productivity/top-free 4 app(s) found
[2026-09-13T12:51:53.364Z] [DEBUG] RSS ok: it/macos/Utilities/top-free entries=100
[2026-09-13T12:52:03.371Z] [DEBUG] Hits: it/macos/Utilities/top-free 1 app(s) found
[2026-09-13T12:52:04.221Z] [DEBUG] RSS ok: pt/macos/Business/top-free entries=100
[2026-09-13T12:52:14.222Z] [DEBUG] Hits: pt/macos/Business/top-free 3 app(s) found
[2026-09-13T12:52:15.001Z] [DEBUG] RSS ok: pt/macos/Productivity/top-free entries=99
[2026-09-13T12:52:25.008Z] [DEBUG] Hits: pt/macos/Productivity/top-free 4 app(s) found
[2026-09-13T12:52:25.730Z] [DEBUG] RSS ok: pt/macos/Utilities/top-free entries=100
[2026-09-13T12:52:35.737Z] [DEBUG] Hits: pt/macos/Utilities/top-free 1 app(s) found
[2026-09-13T12:52:35.737Z] [INFO] RSS progress: 30/60 (30 ok, 0 error, 90 points)
[2026-09-13T12:52:36.469Z] [DEBUG] RSS ok: ch/macos/Business/top-free entries=99
[2026-09-13T12:52:46.474Z] [DEBUG] Hits: ch/macos/Business/top-free 3 app(s) found
[2026-09-13T12:52:47.152Z] [DEBUG] RSS ok: ch/macos/Productivity/top-free entries=99
[2026-09-13T12:52:57.157Z] [DEBUG] Hits: ch/macos/Productivity/top-free 5 app(s) found
[2026-09-13T12:52:57.826Z] [DEBUG] RSS ok: ch/macos/Utilities/top-free entries=100
[2026-09-13T12:53:07.833Z] [DEBUG] Hits: ch/macos/Utilities/top-free 1 app(s) found
[2026-09-13T12:53:08.540Z] [DEBUG] RSS ok: be/macos/Business/top-free entries=100
[2026-09-13T12:53:18.545Z] [DEBUG] Hits: be/macos/Business/top-free 4 app(s) found
[2026-09-13T12:53:19.450Z] [DEBUG] RSS ok: be/macos/Productivity/top-free entries=99
[2026-09-13T12:53:29.456Z] [DEBUG] Hits: be/macos/Productivity/top-free 3 app(s) found
[2026-09-13T12:53:30.420Z] [DEBUG] RSS ok: be/macos/Utilities/top-free entries=100
[2026-09-13T12:53:41.032Z] [DEBUG] RSS ok: nl/macos/Business/top-free entries=100
[2026-09-13T12:53:51.038Z] [DEBUG] Hits: nl/macos/Business/top-free 1 app(s) found
[2026-09-13T12:53:51.772Z] [DEBUG] RSS ok: nl/macos/Productivity/top-free entries=99
[2026-09-13T12:54:01.777Z] [DEBUG] Hits: nl/macos/Productivity/top-free 4 app(s) found
[2026-09-13T12:54:02.474Z] [DEBUG] RSS ok: nl/macos/Utilities/top-free entries=100
[2026-09-13T12:54:13.156Z] [DEBUG] RSS ok: tw/macos/Business/top-free entries=100
[2026-09-13T12:54:23.163Z] [DEBUG] Hits: tw/macos/Business/top-free 2 app(s) found
[2026-09-13T12:54:23.163Z] [INFO] RSS progress: 40/60 (40 ok, 0 error, 113 points)
[2026-09-13T12:54:23.919Z] [DEBUG] RSS ok: tw/macos/Productivity/top-free entries=99
[2026-09-13T12:54:33.926Z] [DEBUG] Hits: tw/macos/Productivity/top-free 2 app(s) found
[2026-09-13T12:54:34.972Z] [DEBUG] RSS ok: tw/macos/Utilities/top-free entries=100
[2026-09-13T12:54:44.978Z] [DEBUG] Hits: tw/macos/Utilities/top-free 1 app(s) found
[2026-09-13T12:54:45.625Z] [DEBUG] RSS ok: hk/macos/Business/top-free entries=100
[2026-09-13T12:54:55.630Z] [DEBUG] Hits: hk/macos/Business/top-free 1 app(s) found
[2026-09-13T12:54:56.278Z] [DEBUG] RSS ok: hk/macos/Productivity/top-free entries=99
[2026-09-13T12:55:06.284Z] [DEBUG] Hits: hk/macos/Productivity/top-free 4 app(s) found
[2026-09-13T12:55:06.924Z] [DEBUG] RSS ok: hk/macos/Utilities/top-free entries=100
[2026-09-13T12:55:17.643Z] [DEBUG] RSS ok: nz/macos/Business/top-free entries=100
[2026-09-13T12:55:27.650Z] [DEBUG] Hits: nz/macos/Business/top-free 2 app(s) found
[2026-09-13T12:55:28.406Z] [DEBUG] RSS ok: nz/macos/Productivity/top-free entries=99
[2026-09-13T12:55:38.412Z] [DEBUG] Hits: nz/macos/Productivity/top-free 4 app(s) found
[2026-09-13T12:55:39.351Z] [DEBUG] RSS ok: nz/macos/Utilities/top-free entries=100
[2026-09-13T12:55:49.357Z] [DEBUG] Hits: nz/macos/Utilities/top-free 2 app(s) found
[2026-09-13T12:55:50.153Z] [DEBUG] RSS ok: sg/macos/Business/top-free entries=100
[2026-09-13T12:56:00.159Z] [DEBUG] Hits: sg/macos/Business/top-free 4 app(s) found
[2026-09-13T12:56:00.817Z] [DEBUG] RSS ok: sg/macos/Productivity/top-free entries=99
[2026-09-13T12:56:10.823Z] [INFO] RSS progress: 50/60 (50 ok, 0 error, 137 points)
[2026-09-13T12:56:10.823Z] [DEBUG] Hits: sg/macos/Productivity/top-free 4 app(s) found
[2026-09-13T12:56:11.427Z] [DEBUG] RSS ok: sg/macos/Utilities/top-free entries=100
[2026-09-13T12:56:21.433Z] [DEBUG] Hits: sg/macos/Utilities/top-free 1 app(s) found
[2026-09-13T12:56:22.127Z] [DEBUG] RSS ok: in/macos/Business/top-free entries=100
[2026-09-13T12:56:32.133Z] [DEBUG] Hits: in/macos/Business/top-free 4 app(s) found
[2026-09-13T12:56:32.857Z] [DEBUG] RSS ok: in/macos/Productivity/top-free entries=99
[2026-09-13T12:56:42.862Z] [DEBUG] Hits: in/macos/Productivity/top-free 2 app(s) found
[2026-09-13T12:56:43.584Z] [DEBUG] RSS ok: in/macos/Utilities/top-free entries=100
[2026-09-13T12:56:54.265Z] [DEBUG] RSS ok: za/macos/Business/top-free entries=100
[2026-09-13T12:57:04.272Z] [DEBUG] Hits: za/macos/Business/top-free 3 app(s) found
[2026-09-13T12:57:04.932Z] [DEBUG] RSS ok: za/macos/Productivity/top-free entries=99
[2026-09-13T12:57:14.939Z] [DEBUG] Hits: za/macos/Productivity/top-free 3 app(s) found
[2026-09-13T12:57:15.849Z] [DEBUG] RSS ok: za/macos/Utilities/top-free entries=100
[2026-09-13T12:57:25.855Z] [DEBUG] Hits: za/macos/Utilities/top-free 3 app(s) found
[2026-09-13T12:57:26.561Z] [DEBUG] RSS ok: br/macos/Business/top-free entries=99
[2026-09-13T12:57:36.568Z] [DEBUG] Hits: br/macos/Business/top-free 4 app(s) found
[2026-09-13T12:57:37.424Z] [DEBUG] RSS ok: br/macos/Productivity/top-free entries=99
[2026-09-13T12:57:47.431Z] [DEBUG] Hits: br/macos/Productivity/top-free 3 app(s) found
[2026-09-13T12:57:48.272Z] [DEBUG] RSS ok: br/macos/Utilities/top-free entries=100
[2026-09-13T12:57:58.277Z] [INFO] RSS progress: 60/60 (60 ok, 0 error, 160 points)
[2026-09-13T12:57:58.277Z] [INFO] RSS fetch done: 60 ok, 0 error, 160 points
[2026-09-13T12:57:58.277Z] [INFO] Platform max returned: macos = 100
[2026-09-13T12:57:58.278Z] [INFO] RSS results: 60 ok, 0 error, 160 rank points
[2026-09-13T12:57:58.303Z] [INFO] Stored: 60 crawls, 160 points
[2026-09-13T12:57:58.312Z] [INFO] current.json written rows=23
[2026-09-13T12:57:58.312Z] [INFO] Current summary: on_chart=160, not_on_chart=300, depth_limited=0, crawl_error=0, total=460
[2026-09-13T12:57:58.312Z] [INFO] === Crawl complete === 645.8s
[2026-09-13T13:47:12.194Z] [INFO] === Crawl start === ts=2026-09-13T13:00:00Z
[2026-09-13T13:47:12.199Z] [INFO] Config loaded apps=4, platforms=macos, categories=Business,Productivity,Utilities
[2026-09-13T13:47:12.199Z] [INFO] App IDs to track: 23 our=4, competitors=19
[2026-09-13T13:47:12.200Z] [INFO] Lookup cached fetched_at=2026-09-13T00:57:45.605Z, 23 apps
[2026-09-13T13:47:12.201Z] [INFO] RSS requests: 60 countries=20, platforms=macos, categories=Business,Productivity,Utilities
[2026-09-13T13:47:12.201Z] [INFO] RSS fetch start: 60 requests, concurrency=1
[2026-09-13T13:47:12.975Z] [DEBUG] RSS ok: us/macos/Business/top-free entries=100
[2026-09-13T13:47:22.977Z] [DEBUG] Hits: us/macos/Business/top-free 4 app(s) found
[2026-09-13T13:47:23.789Z] [DEBUG] RSS ok: us/macos/Productivity/top-free entries=99
[2026-09-13T13:47:33.795Z] [DEBUG] Hits: us/macos/Productivity/top-free 6 app(s) found
[2026-09-13T13:47:34.617Z] [DEBUG] RSS ok: us/macos/Utilities/top-free entries=100
[2026-09-13T13:47:44.623Z] [DEBUG] Hits: us/macos/Utilities/top-free 1 app(s) found
[2026-09-13T13:47:45.416Z] [DEBUG] RSS ok: gb/macos/Business/top-free entries=100
[2026-09-13T13:47:55.418Z] [DEBUG] Hits: gb/macos/Business/top-free 3 app(s) found
[2026-09-13T13:47:56.302Z] [DEBUG] RSS ok: gb/macos/Productivity/top-free entries=99
[2026-09-13T13:48:06.309Z] [DEBUG] Hits: gb/macos/Productivity/top-free 4 app(s) found
[2026-09-13T13:48:07.029Z] [DEBUG] RSS ok: gb/macos/Utilities/top-free entries=100
[2026-09-13T13:48:17.036Z] [DEBUG] Hits: gb/macos/Utilities/top-free 3 app(s) found
[2026-09-13T13:48:17.832Z] [DEBUG] RSS ok: ca/macos/Business/top-free entries=99
[2026-09-13T13:48:27.840Z] [DEBUG] Hits: ca/macos/Business/top-free 3 app(s) found
[2026-09-13T13:48:28.551Z] [DEBUG] RSS ok: ca/macos/Productivity/top-free entries=99
[2026-09-13T13:48:38.554Z] [DEBUG] Hits: ca/macos/Productivity/top-free 5 app(s) found
[2026-09-13T13:48:39.288Z] [DEBUG] RSS ok: ca/macos/Utilities/top-free entries=100
[2026-09-13T13:48:49.295Z] [DEBUG] Hits: ca/macos/Utilities/top-free 1 app(s) found
[2026-09-13T13:48:50.266Z] [DEBUG] RSS ok: fr/macos/Business/top-free entries=99
[2026-09-13T13:49:00.271Z] [DEBUG] Hits: fr/macos/Business/top-free 3 app(s) found
[2026-09-13T13:49:00.271Z] [INFO] RSS progress: 10/60 (10 ok, 0 error, 33 points)
[2026-09-13T13:49:01.328Z] [DEBUG] RSS ok: fr/macos/Productivity/top-free entries=99
[2026-09-13T13:49:11.331Z] [DEBUG] Hits: fr/macos/Productivity/top-free 5 app(s) found
[2026-09-13T13:49:12.081Z] [DEBUG] RSS ok: fr/macos/Utilities/top-free entries=100
[2026-09-13T13:49:22.087Z] [DEBUG] Hits: fr/macos/Utilities/top-free 1 app(s) found
[2026-09-13T13:49:22.840Z] [DEBUG] RSS ok: de/macos/Business/top-free entries=99
[2026-09-13T13:49:32.846Z] [DEBUG] Hits: de/macos/Business/top-free 3 app(s) found
[2026-09-13T13:49:33.547Z] [DEBUG] RSS ok: de/macos/Productivity/top-free entries=99
[2026-09-13T13:49:43.553Z] [DEBUG] Hits: de/macos/Productivity/top-free 4 app(s) found
[2026-09-13T13:49:44.354Z] [DEBUG] RSS ok: de/macos/Utilities/top-free entries=100
[2026-09-13T13:49:54.360Z] [DEBUG] Hits: de/macos/Utilities/top-free 3 app(s) found
[2026-09-13T13:49:55.172Z] [DEBUG] RSS ok: jp/macos/Business/top-free entries=100
[2026-09-13T13:50:05.178Z] [DEBUG] Hits: jp/macos/Business/top-free 2 app(s) found
[2026-09-13T13:50:05.936Z] [DEBUG] RSS ok: jp/macos/Productivity/top-free entries=99
[2026-09-13T13:50:15.942Z] [DEBUG] Hits: jp/macos/Productivity/top-free 4 app(s) found
[2026-09-13T13:50:16.753Z] [DEBUG] RSS ok: jp/macos/Utilities/top-free entries=100
[2026-09-13T13:50:26.759Z] [DEBUG] Hits: jp/macos/Utilities/top-free 4 app(s) found
[2026-09-13T13:50:27.552Z] [DEBUG] RSS ok: au/macos/Business/top-free entries=100
[2026-09-13T13:50:37.558Z] [DEBUG] Hits: au/macos/Business/top-free 4 app(s) found
[2026-09-13T13:50:38.312Z] [DEBUG] RSS ok: au/macos/Productivity/top-free entries=99
[2026-09-13T13:50:48.320Z] [DEBUG] Hits: au/macos/Productivity/top-free 3 app(s) found
[2026-09-13T13:50:48.320Z] [INFO] RSS progress: 20/60 (20 ok, 0 error, 66 points)
[2026-09-13T13:50:49.222Z] [DEBUG] RSS ok: au/macos/Utilities/top-free entries=100
[2026-09-13T13:50:59.229Z] [DEBUG] Hits: au/macos/Utilities/top-free 1 app(s) found
[2026-09-13T13:50:59.985Z] [DEBUG] RSS ok: es/macos/Business/top-free entries=99
[2026-09-13T13:51:09.991Z] [DEBUG] Hits: es/macos/Business/top-free 3 app(s) found
[2026-09-13T13:51:10.723Z] [DEBUG] RSS ok: es/macos/Productivity/top-free entries=99
[2026-09-13T13:51:20.729Z] [DEBUG] Hits: es/macos/Productivity/top-free 5 app(s) found
[2026-09-13T13:51:21.618Z] [DEBUG] RSS ok: es/macos/Utilities/top-free entries=100
[2026-09-13T13:51:32.392Z] [DEBUG] RSS ok: it/macos/Business/top-free entries=99
[2026-09-13T13:51:42.398Z] [DEBUG] Hits: it/macos/Business/top-free 2 app(s) found
[2026-09-13T13:51:43.039Z] [DEBUG] RSS ok: it/macos/Productivity/top-free entries=99
[2026-09-13T13:51:53.045Z] [DEBUG] Hits: it/macos/Productivity/top-free 4 app(s) found
[2026-09-13T13:51:54.025Z] [DEBUG] RSS ok: it/macos/Utilities/top-free entries=100
[2026-09-13T13:52:04.031Z] [DEBUG] Hits: it/macos/Utilities/top-free 1 app(s) found
[2026-09-13T13:52:04.982Z] [DEBUG] RSS ok: pt/macos/Business/top-free entries=100
[2026-09-13T13:52:14.989Z] [DEBUG] Hits: pt/macos/Business/top-free 3 app(s) found
[2026-09-13T13:52:15.739Z] [DEBUG] RSS ok: pt/macos/Productivity/top-free entries=99
[2026-09-13T13:52:25.745Z] [DEBUG] Hits: pt/macos/Productivity/top-free 1 app(s) found
[2026-09-13T13:52:26.614Z] [DEBUG] RSS ok: pt/macos/Utilities/top-free entries=100
[2026-09-13T13:52:36.619Z] [INFO] RSS progress: 30/60 (30 ok, 0 error, 86 points)
[2026-09-13T13:52:37.439Z] [DEBUG] RSS ok: ch/macos/Business/top-free entries=99
[2026-09-13T13:52:47.446Z] [DEBUG] Hits: ch/macos/Business/top-free 4 app(s) found
[2026-09-13T13:52:48.237Z] [DEBUG] RSS ok: ch/macos/Productivity/top-free entries=99
[2026-09-13T13:52:58.244Z] [DEBUG] Hits: ch/macos/Productivity/top-free 4 app(s) found
[2026-09-13T13:52:58.993Z] [DEBUG] RSS ok: ch/macos/Utilities/top-free entries=100
[2026-09-13T13:53:09.000Z] [DEBUG] Hits: ch/macos/Utilities/top-free 2 app(s) found
[2026-09-13T13:53:09.748Z] [DEBUG] RSS ok: be/macos/Business/top-free entries=100
[2026-09-13T13:53:19.755Z] [DEBUG] Hits: be/macos/Business/top-free 5 app(s) found
[2026-09-13T13:53:20.637Z] [DEBUG] RSS ok: be/macos/Productivity/top-free entries=99
[2026-09-13T13:53:30.643Z] [DEBUG] Hits: be/macos/Productivity/top-free 4 app(s) found
[2026-09-13T13:53:31.391Z] [DEBUG] RSS ok: be/macos/Utilities/top-free entries=100
[2026-09-13T13:53:42.134Z] [DEBUG] RSS ok: nl/macos/Business/top-free entries=100
[2026-09-13T13:53:52.140Z] [DEBUG] Hits: nl/macos/Business/top-free 1 app(s) found
[2026-09-13T13:53:52.860Z] [DEBUG] RSS ok: nl/macos/Productivity/top-free entries=99
[2026-09-13T13:54:02.866Z] [DEBUG] Hits: nl/macos/Productivity/top-free 4 app(s) found
[2026-09-13T13:54:03.627Z] [DEBUG] RSS ok: nl/macos/Utilities/top-free entries=100
[2026-09-13T13:54:13.633Z] [DEBUG] Hits: nl/macos/Utilities/top-free 1 app(s) found
[2026-09-13T13:54:14.370Z] [DEBUG] RSS ok: tw/macos/Business/top-free entries=100
[2026-09-13T13:54:24.375Z] [DEBUG] Hits: tw/macos/Business/top-free 2 app(s) found
[2026-09-13T13:54:24.375Z] [INFO] RSS progress: 40/60 (40 ok, 0 error, 113 points)
[2026-09-13T13:54:25.390Z] [DEBUG] RSS ok: tw/macos/Productivity/top-free entries=99
[2026-09-13T13:54:35.395Z] [DEBUG] Hits: tw/macos/Productivity/top-free 3 app(s) found
[2026-09-13T13:54:36.203Z] [DEBUG] RSS ok: tw/macos/Utilities/top-free entries=100
[2026-09-13T13:54:46.209Z] [DEBUG] Hits: tw/macos/Utilities/top-free 2 app(s) found
[2026-09-13T13:54:46.996Z] [DEBUG] RSS ok: hk/macos/Business/top-free entries=100
[2026-09-13T13:54:57.002Z] [DEBUG] Hits: hk/macos/Business/top-free 1 app(s) found
[2026-09-13T13:54:57.933Z] [DEBUG] RSS ok: hk/macos/Productivity/top-free entries=99
[2026-09-13T13:55:07.938Z] [DEBUG] Hits: hk/macos/Productivity/top-free 4 app(s) found
[2026-09-13T13:55:08.846Z] [DEBUG] RSS ok: hk/macos/Utilities/top-free entries=100
[2026-09-13T13:55:19.592Z] [DEBUG] RSS ok: nz/macos/Business/top-free entries=100
[2026-09-13T13:55:29.598Z] [DEBUG] Hits: nz/macos/Business/top-free 2 app(s) found
[2026-09-13T13:55:30.711Z] [DEBUG] RSS ok: nz/macos/Productivity/top-free entries=99
[2026-09-13T13:55:40.717Z] [DEBUG] Hits: nz/macos/Productivity/top-free 5 app(s) found
[2026-09-13T13:55:41.614Z] [DEBUG] RSS ok: nz/macos/Utilities/top-free entries=100
[2026-09-13T13:55:51.620Z] [DEBUG] Hits: nz/macos/Utilities/top-free 2 app(s) found
[2026-09-13T13:55:52.448Z] [DEBUG] RSS ok: sg/macos/Business/top-free entries=100
[2026-09-13T13:56:02.451Z] [DEBUG] Hits: sg/macos/Business/top-free 4 app(s) found
[2026-09-13T13:56:03.214Z] [DEBUG] RSS ok: sg/macos/Productivity/top-free entries=99
[2026-09-13T13:56:13.220Z] [DEBUG] Hits: sg/macos/Productivity/top-free 4 app(s) found
[2026-09-13T13:56:13.220Z] [INFO] RSS progress: 50/60 (50 ok, 0 error, 140 points)
[2026-09-13T13:56:13.969Z] [DEBUG] RSS ok: sg/macos/Utilities/top-free entries=100
[2026-09-13T13:56:23.975Z] [DEBUG] Hits: sg/macos/Utilities/top-free 1 app(s) found
[2026-09-13T13:56:24.768Z] [DEBUG] RSS ok: in/macos/Business/top-free entries=100
[2026-09-13T13:56:34.774Z] [DEBUG] Hits: in/macos/Business/top-free 4 app(s) found
[2026-09-13T13:56:35.587Z] [DEBUG] RSS ok: in/macos/Productivity/top-free entries=99
[2026-09-13T13:56:45.593Z] [DEBUG] Hits: in/macos/Productivity/top-free 2 app(s) found
[2026-09-13T13:56:46.210Z] [DEBUG] RSS ok: in/macos/Utilities/top-free entries=100
[2026-09-13T13:56:57.044Z] [DEBUG] RSS ok: za/macos/Business/top-free entries=100
[2026-09-13T13:57:07.050Z] [DEBUG] Hits: za/macos/Business/top-free 3 app(s) found
[2026-09-13T13:57:07.864Z] [DEBUG] RSS ok: za/macos/Productivity/top-free entries=99
[2026-09-13T13:57:17.870Z] [DEBUG] Hits: za/macos/Productivity/top-free 3 app(s) found
[2026-09-13T13:57:18.652Z] [DEBUG] RSS ok: za/macos/Utilities/top-free entries=100
[2026-09-13T13:57:28.654Z] [DEBUG] Hits: za/macos/Utilities/top-free 3 app(s) found
[2026-09-13T13:57:29.589Z] [DEBUG] RSS ok: br/macos/Business/top-free entries=99
[2026-09-13T13:57:39.596Z] [DEBUG] Hits: br/macos/Business/top-free 4 app(s) found
[2026-09-13T13:57:40.417Z] [DEBUG] RSS ok: br/macos/Productivity/top-free entries=99
[2026-09-13T13:57:50.424Z] [DEBUG] Hits: br/macos/Productivity/top-free 3 app(s) found
[2026-09-13T13:57:51.177Z] [DEBUG] RSS ok: br/macos/Utilities/top-free entries=100
[2026-09-13T13:58:01.182Z] [INFO] RSS progress: 60/60 (60 ok, 0 error, 163 points)
[2026-09-13T13:58:01.182Z] [INFO] RSS fetch done: 60 ok, 0 error, 163 points
[2026-09-13T13:58:01.183Z] [INFO] Platform max returned: macos = 100
[2026-09-13T13:58:01.183Z] [INFO] RSS results: 60 ok, 0 error, 163 rank points
[2026-09-13T13:58:01.226Z] [INFO] Stored: 60 crawls, 163 points
[2026-09-13T13:58:01.237Z] [INFO] current.json written rows=23
[2026-09-13T13:58:01.238Z] [INFO] Current summary: on_chart=163, not_on_chart=297, depth_limited=0, crawl_error=0, total=460
[2026-09-13T13:58:01.238Z] [INFO] === Crawl complete === 649.0s
[2026-09-13T14:47:15.345Z] [INFO] === Crawl start === ts=2026-09-13T14:00:00Z
[2026-09-13T14:47:15.349Z] [INFO] Config loaded apps=4, platforms=macos, categories=Business,Productivity,Utilities
[2026-09-13T14:47:15.349Z] [INFO] App IDs to track: 23 our=4, competitors=19
[2026-09-13T14:47:15.351Z] [INFO] Lookup cached fetched_at=2026-09-13T00:57:45.605Z, 23 apps
[2026-09-13T14:47:15.351Z] [INFO] RSS requests: 60 countries=20, platforms=macos, categories=Business,Productivity,Utilities
[2026-09-13T14:47:15.352Z] [INFO] RSS fetch start: 60 requests, concurrency=1
[2026-09-13T14:47:16.311Z] [DEBUG] RSS ok: us/macos/Business/top-free entries=100
[2026-09-13T14:47:26.315Z] [DEBUG] Hits: us/macos/Business/top-free 4 app(s) found
[2026-09-13T14:47:27.108Z] [DEBUG] RSS ok: us/macos/Productivity/top-free entries=99
[2026-09-13T14:47:37.115Z] [DEBUG] Hits: us/macos/Productivity/top-free 6 app(s) found
[2026-09-13T14:47:38.044Z] [DEBUG] RSS ok: us/macos/Utilities/top-free entries=100
[2026-09-13T14:47:48.050Z] [DEBUG] Hits: us/macos/Utilities/top-free 1 app(s) found
[2026-09-13T14:47:48.898Z] [DEBUG] RSS ok: gb/macos/Business/top-free entries=100
[2026-09-13T14:47:58.905Z] [DEBUG] Hits: gb/macos/Business/top-free 3 app(s) found
[2026-09-13T14:48:00.025Z] [DEBUG] RSS ok: gb/macos/Productivity/top-free entries=99
[2026-09-13T14:48:10.031Z] [DEBUG] Hits: gb/macos/Productivity/top-free 4 app(s) found
[2026-09-13T14:48:10.851Z] [DEBUG] RSS ok: gb/macos/Utilities/top-free entries=100
[2026-09-13T14:48:20.854Z] [DEBUG] Hits: gb/macos/Utilities/top-free 3 app(s) found
[2026-09-13T14:48:21.554Z] [DEBUG] RSS ok: ca/macos/Business/top-free entries=99
[2026-09-13T14:48:31.560Z] [DEBUG] Hits: ca/macos/Business/top-free 3 app(s) found
[2026-09-13T14:48:32.367Z] [DEBUG] RSS ok: ca/macos/Productivity/top-free entries=99
[2026-09-13T14:48:42.370Z] [DEBUG] Hits: ca/macos/Productivity/top-free 5 app(s) found
[2026-09-13T14:48:43.320Z] [DEBUG] RSS ok: ca/macos/Utilities/top-free entries=100
[2026-09-13T14:48:53.326Z] [DEBUG] Hits: ca/macos/Utilities/top-free 1 app(s) found
[2026-09-13T14:48:54.257Z] [DEBUG] RSS ok: fr/macos/Business/top-free entries=99
[2026-09-13T14:49:04.263Z] [DEBUG] Hits: fr/macos/Business/top-free 3 app(s) found
[2026-09-13T14:49:04.263Z] [INFO] RSS progress: 10/60 (10 ok, 0 error, 33 points)
[2026-09-13T14:49:05.024Z] [DEBUG] RSS ok: fr/macos/Productivity/top-free entries=99
[2026-09-13T14:49:15.030Z] [DEBUG] Hits: fr/macos/Productivity/top-free 5 app(s) found
[2026-09-13T14:49:15.932Z] [DEBUG] RSS ok: fr/macos/Utilities/top-free entries=100
[2026-09-13T14:49:25.938Z] [DEBUG] Hits: fr/macos/Utilities/top-free 1 app(s) found
[2026-09-13T14:49:26.949Z] [DEBUG] RSS ok: de/macos/Business/top-free entries=99
[2026-09-13T14:49:36.955Z] [DEBUG] Hits: de/macos/Business/top-free 3 app(s) found
[2026-09-13T14:49:37.901Z] [DEBUG] RSS ok: de/macos/Productivity/top-free entries=99
[2026-09-13T14:49:47.907Z] [DEBUG] Hits: de/macos/Productivity/top-free 4 app(s) found
[2026-09-13T14:49:48.798Z] [DEBUG] RSS ok: de/macos/Utilities/top-free entries=100
[2026-09-13T14:49:58.804Z] [DEBUG] Hits: de/macos/Utilities/top-free 3 app(s) found
[2026-09-13T14:49:59.867Z] [DEBUG] RSS ok: jp/macos/Business/top-free entries=100
[2026-09-13T14:50:09.874Z] [DEBUG] Hits: jp/macos/Business/top-free 2 app(s) found
[2026-09-13T14:50:10.729Z] [DEBUG] RSS ok: jp/macos/Productivity/top-free entries=99
[2026-09-13T14:50:20.735Z] [DEBUG] Hits: jp/macos/Productivity/top-free 4 app(s) found
[2026-09-13T14:50:21.757Z] [DEBUG] RSS ok: jp/macos/Utilities/top-free entries=100
[2026-09-13T14:50:31.763Z] [DEBUG] Hits: jp/macos/Utilities/top-free 4 app(s) found
[2026-09-13T14:50:32.531Z] [DEBUG] RSS ok: au/macos/Business/top-free entries=100
[2026-09-13T14:50:42.536Z] [DEBUG] Hits: au/macos/Business/top-free 4 app(s) found
[2026-09-13T14:50:43.659Z] [DEBUG] RSS ok: au/macos/Productivity/top-free entries=99
[2026-09-13T14:50:53.665Z] [DEBUG] Hits: au/macos/Productivity/top-free 3 app(s) found
[2026-09-13T14:50:53.666Z] [INFO] RSS progress: 20/60 (20 ok, 0 error, 66 points)
[2026-09-13T14:50:54.684Z] [DEBUG] RSS ok: au/macos/Utilities/top-free entries=100
[2026-09-13T14:51:04.690Z] [DEBUG] Hits: au/macos/Utilities/top-free 1 app(s) found
[2026-09-13T14:51:05.498Z] [DEBUG] RSS ok: es/macos/Business/top-free entries=99
[2026-09-13T14:51:15.505Z] [DEBUG] Hits: es/macos/Business/top-free 3 app(s) found
[2026-09-13T14:51:16.475Z] [DEBUG] RSS ok: es/macos/Productivity/top-free entries=99
[2026-09-13T14:51:26.482Z] [DEBUG] Hits: es/macos/Productivity/top-free 5 app(s) found
[2026-09-13T14:51:27.459Z] [DEBUG] RSS ok: es/macos/Utilities/top-free entries=100
[2026-09-13T14:51:38.341Z] [DEBUG] RSS ok: it/macos/Business/top-free entries=99
[2026-09-13T14:51:48.347Z] [DEBUG] Hits: it/macos/Business/top-free 2 app(s) found
[2026-09-13T14:51:49.359Z] [DEBUG] RSS ok: it/macos/Productivity/top-free entries=99
[2026-09-13T14:51:59.365Z] [DEBUG] Hits: it/macos/Productivity/top-free 4 app(s) found
[2026-09-13T14:52:00.188Z] [DEBUG] RSS ok: it/macos/Utilities/top-free entries=100
[2026-09-13T14:52:10.195Z] [DEBUG] Hits: it/macos/Utilities/top-free 1 app(s) found
[2026-09-13T14:52:11.127Z] [DEBUG] RSS ok: pt/macos/Business/top-free entries=100
[2026-09-13T14:52:21.133Z] [DEBUG] Hits: pt/macos/Business/top-free 3 app(s) found
[2026-09-13T14:52:22.021Z] [DEBUG] RSS ok: pt/macos/Productivity/top-free entries=99
[2026-09-13T14:52:32.026Z] [DEBUG] Hits: pt/macos/Productivity/top-free 1 app(s) found
[2026-09-13T14:52:32.812Z] [DEBUG] RSS ok: pt/macos/Utilities/top-free entries=100
[2026-09-13T14:52:42.818Z] [INFO] RSS progress: 30/60 (30 ok, 0 error, 86 points)
[2026-09-13T14:52:43.723Z] [DEBUG] RSS ok: ch/macos/Business/top-free entries=99
[2026-09-13T14:52:53.730Z] [DEBUG] Hits: ch/macos/Business/top-free 4 app(s) found
[2026-09-13T14:52:54.670Z] [DEBUG] RSS ok: ch/macos/Productivity/top-free entries=99
[2026-09-13T14:53:04.677Z] [DEBUG] Hits: ch/macos/Productivity/top-free 4 app(s) found
[2026-09-13T14:53:05.606Z] [DEBUG] RSS ok: ch/macos/Utilities/top-free entries=100
[2026-09-13T14:53:15.612Z] [DEBUG] Hits: ch/macos/Utilities/top-free 2 app(s) found
[2026-09-13T14:53:16.425Z] [DEBUG] RSS ok: be/macos/Business/top-free entries=100
[2026-09-13T14:53:26.431Z] [DEBUG] Hits: be/macos/Business/top-free 5 app(s) found
[2026-09-13T14:53:27.447Z] [DEBUG] RSS ok: be/macos/Productivity/top-free entries=99
[2026-09-13T14:53:37.453Z] [DEBUG] Hits: be/macos/Productivity/top-free 4 app(s) found
[2026-09-13T14:53:38.286Z] [DEBUG] RSS ok: be/macos/Utilities/top-free entries=100
[2026-09-13T14:53:48.986Z] [DEBUG] RSS ok: nl/macos/Business/top-free entries=100
[2026-09-13T14:53:58.992Z] [DEBUG] Hits: nl/macos/Business/top-free 1 app(s) found
[2026-09-13T14:53:59.868Z] [DEBUG] RSS ok: nl/macos/Productivity/top-free entries=99
[2026-09-13T14:54:09.874Z] [DEBUG] Hits: nl/macos/Productivity/top-free 4 app(s) found
[2026-09-13T14:54:10.747Z] [DEBUG] RSS ok: nl/macos/Utilities/top-free entries=100
[2026-09-13T14:54:20.753Z] [DEBUG] Hits: nl/macos/Utilities/top-free 1 app(s) found
[2026-09-13T14:54:21.708Z] [DEBUG] RSS ok: tw/macos/Business/top-free entries=100
[2026-09-13T14:54:31.714Z] [DEBUG] Hits: tw/macos/Business/top-free 2 app(s) found
[2026-09-13T14:54:31.714Z] [INFO] RSS progress: 40/60 (40 ok, 0 error, 113 points)
[2026-09-13T14:54:32.582Z] [DEBUG] RSS ok: tw/macos/Productivity/top-free entries=99
[2026-09-13T14:54:42.588Z] [DEBUG] Hits: tw/macos/Productivity/top-free 3 app(s) found
[2026-09-13T14:54:43.371Z] [DEBUG] RSS ok: tw/macos/Utilities/top-free entries=100
[2026-09-13T14:54:53.378Z] [DEBUG] Hits: tw/macos/Utilities/top-free 2 app(s) found
[2026-09-13T14:54:54.223Z] [DEBUG] RSS ok: hk/macos/Business/top-free entries=100
[2026-09-13T14:55:04.229Z] [DEBUG] Hits: hk/macos/Business/top-free 1 app(s) found
[2026-09-13T14:55:05.264Z] [DEBUG] RSS ok: hk/macos/Productivity/top-free entries=99
[2026-09-13T14:55:15.266Z] [DEBUG] Hits: hk/macos/Productivity/top-free 4 app(s) found
[2026-09-13T14:55:16.066Z] [DEBUG] RSS ok: hk/macos/Utilities/top-free entries=100
[2026-09-13T14:55:26.819Z] [DEBUG] RSS ok: nz/macos/Business/top-free entries=100
[2026-09-13T14:55:36.825Z] [DEBUG] Hits: nz/macos/Business/top-free 2 app(s) found
[2026-09-13T14:55:37.786Z] [DEBUG] RSS ok: nz/macos/Productivity/top-free entries=99
[2026-09-13T14:55:47.792Z] [DEBUG] Hits: nz/macos/Productivity/top-free 5 app(s) found
[2026-09-13T14:55:48.655Z] [DEBUG] RSS ok: nz/macos/Utilities/top-free entries=100
[2026-09-13T14:55:58.661Z] [DEBUG] Hits: nz/macos/Utilities/top-free 2 app(s) found
[2026-09-13T14:55:59.519Z] [DEBUG] RSS ok: sg/macos/Business/top-free entries=100
[2026-09-13T14:56:09.526Z] [DEBUG] Hits: sg/macos/Business/top-free 4 app(s) found
[2026-09-13T14:56:10.337Z] [DEBUG] RSS ok: sg/macos/Productivity/top-free entries=99
[2026-09-13T14:56:20.342Z] [DEBUG] Hits: sg/macos/Productivity/top-free 4 app(s) found
[2026-09-13T14:56:20.342Z] [INFO] RSS progress: 50/60 (50 ok, 0 error, 140 points)
[2026-09-13T14:56:21.174Z] [DEBUG] RSS ok: sg/macos/Utilities/top-free entries=100
[2026-09-13T14:56:31.181Z] [DEBUG] Hits: sg/macos/Utilities/top-free 1 app(s) found
[2026-09-13T14:56:32.119Z] [DEBUG] RSS ok: in/macos/Business/top-free entries=100
[2026-09-13T14:56:42.125Z] [DEBUG] Hits: in/macos/Business/top-free 4 app(s) found
[2026-09-13T14:56:42.993Z] [DEBUG] RSS ok: in/macos/Productivity/top-free entries=99
[2026-09-13T14:56:53.000Z] [DEBUG] Hits: in/macos/Productivity/top-free 2 app(s) found
[2026-09-13T14:56:53.815Z] [DEBUG] RSS ok: in/macos/Utilities/top-free entries=100
[2026-09-13T14:57:04.851Z] [DEBUG] RSS ok: za/macos/Business/top-free entries=100
[2026-09-13T14:57:14.857Z] [DEBUG] Hits: za/macos/Business/top-free 3 app(s) found
[2026-09-13T14:57:15.724Z] [DEBUG] RSS ok: za/macos/Productivity/top-free entries=99
[2026-09-13T14:57:25.730Z] [DEBUG] Hits: za/macos/Productivity/top-free 3 app(s) found
[2026-09-13T14:57:26.613Z] [DEBUG] RSS ok: za/macos/Utilities/top-free entries=100
[2026-09-13T14:57:36.619Z] [DEBUG] Hits: za/macos/Utilities/top-free 3 app(s) found
[2026-09-13T14:57:37.435Z] [DEBUG] RSS ok: br/macos/Business/top-free entries=99
[2026-09-13T14:57:47.441Z] [DEBUG] Hits: br/macos/Business/top-free 4 app(s) found
[2026-09-13T14:57:48.328Z] [DEBUG] RSS ok: br/macos/Productivity/top-free entries=99
[2026-09-13T14:57:58.333Z] [DEBUG] Hits: br/macos/Productivity/top-free 3 app(s) found
[2026-09-13T14:57:59.048Z] [DEBUG] RSS ok: br/macos/Utilities/top-free entries=100
[2026-09-13T14:58:09.054Z] [INFO] RSS progress: 60/60 (60 ok, 0 error, 163 points)
[2026-09-13T14:58:09.054Z] [INFO] RSS fetch done: 60 ok, 0 error, 163 points
[2026-09-13T14:58:09.054Z] [INFO] Platform max returned: macos = 100
[2026-09-13T14:58:09.055Z] [INFO] RSS results: 60 ok, 0 error, 163 rank points
[2026-09-13T14:58:09.087Z] [INFO] Stored: 60 crawls, 163 points
[2026-09-13T14:58:09.099Z] [INFO] current.json written rows=23
[2026-09-13T14:58:09.100Z] [INFO] === Crawl complete === 653.8s
[2026-09-13T14:58:09.100Z] [INFO] Current summary: on_chart=163, not_on_chart=297, depth_limited=0, crawl_error=0, total=460
[2026-09-13T15:47:16.263Z] [INFO] === Crawl start === ts=2026-09-13T15:00:00Z
[2026-09-13T15:47:16.268Z] [INFO] Config loaded apps=4, platforms=macos, categories=Business,Productivity,Utilities
[2026-09-13T15:47:16.268Z] [INFO] App IDs to track: 23 our=4, competitors=19
[2026-09-13T15:47:16.269Z] [INFO] Lookup cached fetched_at=2026-09-13T00:57:45.605Z, 23 apps
[2026-09-13T15:47:16.270Z] [INFO] RSS requests: 60 countries=20, platforms=macos, categories=Business,Productivity,Utilities
[2026-09-13T15:47:16.270Z] [INFO] RSS fetch start: 60 requests, concurrency=1
[2026-09-13T15:47:17.214Z] [DEBUG] RSS ok: us/macos/Business/top-free entries=100
[2026-09-13T15:47:27.217Z] [DEBUG] Hits: us/macos/Business/top-free 4 app(s) found
[2026-09-13T15:47:28.050Z] [DEBUG] RSS ok: us/macos/Productivity/top-free entries=99
[2026-09-13T15:47:38.056Z] [DEBUG] Hits: us/macos/Productivity/top-free 6 app(s) found
[2026-09-13T15:47:38.963Z] [DEBUG] RSS ok: us/macos/Utilities/top-free entries=100
[2026-09-13T15:47:48.969Z] [DEBUG] Hits: us/macos/Utilities/top-free 1 app(s) found
[2026-09-13T15:47:49.787Z] [DEBUG] RSS ok: gb/macos/Business/top-free entries=100
[2026-09-13T15:47:59.793Z] [DEBUG] Hits: gb/macos/Business/top-free 3 app(s) found
[2026-09-13T15:48:00.590Z] [DEBUG] RSS ok: gb/macos/Productivity/top-free entries=99
[2026-09-13T15:48:10.596Z] [DEBUG] Hits: gb/macos/Productivity/top-free 4 app(s) found
[2026-09-13T15:48:11.555Z] [DEBUG] RSS ok: gb/macos/Utilities/top-free entries=100
[2026-09-13T15:48:21.557Z] [DEBUG] Hits: gb/macos/Utilities/top-free 3 app(s) found
[2026-09-13T15:48:22.461Z] [DEBUG] RSS ok: ca/macos/Business/top-free entries=99
[2026-09-13T15:48:32.468Z] [DEBUG] Hits: ca/macos/Business/top-free 3 app(s) found
[2026-09-13T15:48:33.314Z] [DEBUG] RSS ok: ca/macos/Productivity/top-free entries=99
[2026-09-13T15:48:43.316Z] [DEBUG] Hits: ca/macos/Productivity/top-free 5 app(s) found
[2026-09-13T15:48:44.272Z] [DEBUG] RSS ok: ca/macos/Utilities/top-free entries=100
[2026-09-13T15:48:54.278Z] [DEBUG] Hits: ca/macos/Utilities/top-free 1 app(s) found
[2026-09-13T15:48:55.159Z] [DEBUG] RSS ok: fr/macos/Business/top-free entries=99
[2026-09-13T15:49:05.166Z] [DEBUG] Hits: fr/macos/Business/top-free 3 app(s) found
[2026-09-13T15:49:05.166Z] [INFO] RSS progress: 10/60 (10 ok, 0 error, 33 points)
[2026-09-13T15:49:06.119Z] [DEBUG] RSS ok: fr/macos/Productivity/top-free entries=99
[2026-09-13T15:49:16.125Z] [DEBUG] Hits: fr/macos/Productivity/top-free 5 app(s) found
[2026-09-13T15:49:16.989Z] [DEBUG] RSS ok: fr/macos/Utilities/top-free entries=100
[2026-09-13T15:49:26.995Z] [DEBUG] Hits: fr/macos/Utilities/top-free 1 app(s) found
[2026-09-13T15:49:27.944Z] [DEBUG] RSS ok: de/macos/Business/top-free entries=99
[2026-09-13T15:49:37.949Z] [DEBUG] Hits: de/macos/Business/top-free 3 app(s) found
[2026-09-13T15:49:38.808Z] [DEBUG] RSS ok: de/macos/Productivity/top-free entries=99
[2026-09-13T15:49:48.814Z] [DEBUG] Hits: de/macos/Productivity/top-free 4 app(s) found
[2026-09-13T15:49:49.644Z] [DEBUG] RSS ok: de/macos/Utilities/top-free entries=100
[2026-09-13T15:49:59.649Z] [DEBUG] Hits: de/macos/Utilities/top-free 3 app(s) found
[2026-09-13T15:50:00.480Z] [DEBUG] RSS ok: jp/macos/Business/top-free entries=100
[2026-09-13T15:50:10.485Z] [DEBUG] Hits: jp/macos/Business/top-free 2 app(s) found
[2026-09-13T15:50:11.438Z] [DEBUG] RSS ok: jp/macos/Productivity/top-free entries=99
[2026-09-13T15:50:21.438Z] [DEBUG] Hits: jp/macos/Productivity/top-free 4 app(s) found
[2026-09-13T15:50:22.367Z] [DEBUG] RSS ok: jp/macos/Utilities/top-free entries=100
[2026-09-13T15:50:32.373Z] [DEBUG] Hits: jp/macos/Utilities/top-free 4 app(s) found
[2026-09-13T15:50:33.241Z] [DEBUG] RSS ok: au/macos/Business/top-free entries=100
[2026-09-13T15:50:43.247Z] [DEBUG] Hits: au/macos/Business/top-free 4 app(s) found
[2026-09-13T15:50:43.991Z] [DEBUG] RSS ok: au/macos/Productivity/top-free entries=99
[2026-09-13T15:50:53.997Z] [DEBUG] Hits: au/macos/Productivity/top-free 3 app(s) found
[2026-09-13T15:50:53.997Z] [INFO] RSS progress: 20/60 (20 ok, 0 error, 66 points)
[2026-09-13T15:50:54.970Z] [DEBUG] RSS ok: au/macos/Utilities/top-free entries=100
[2026-09-13T15:51:04.976Z] [DEBUG] Hits: au/macos/Utilities/top-free 1 app(s) found
[2026-09-13T15:51:05.780Z] [DEBUG] RSS ok: es/macos/Business/top-free entries=99
[2026-09-13T15:51:15.786Z] [DEBUG] Hits: es/macos/Business/top-free 3 app(s) found
[2026-09-13T15:51:16.903Z] [DEBUG] RSS ok: es/macos/Productivity/top-free entries=99
[2026-09-13T15:51:26.909Z] [DEBUG] Hits: es/macos/Productivity/top-free 5 app(s) found
[2026-09-13T15:51:27.805Z] [DEBUG] RSS ok: es/macos/Utilities/top-free entries=100
[2026-09-13T15:51:38.640Z] [DEBUG] RSS ok: it/macos/Business/top-free entries=99
[2026-09-13T15:51:48.646Z] [DEBUG] Hits: it/macos/Business/top-free 2 app(s) found
[2026-09-13T15:51:49.545Z] [DEBUG] RSS ok: it/macos/Productivity/top-free entries=99
[2026-09-13T15:51:59.551Z] [DEBUG] Hits: it/macos/Productivity/top-free 4 app(s) found
[2026-09-13T15:52:00.580Z] [DEBUG] RSS ok: it/macos/Utilities/top-free entries=100
[2026-09-13T15:52:10.586Z] [DEBUG] Hits: it/macos/Utilities/top-free 1 app(s) found
[2026-09-13T15:52:11.366Z] [DEBUG] RSS ok: pt/macos/Business/top-free entries=100
[2026-09-13T15:52:21.373Z] [DEBUG] Hits: pt/macos/Business/top-free 3 app(s) found
[2026-09-13T15:52:22.183Z] [DEBUG] RSS ok: pt/macos/Productivity/top-free entries=99
[2026-09-13T15:52:32.189Z] [DEBUG] Hits: pt/macos/Productivity/top-free 1 app(s) found
[2026-09-13T15:52:32.844Z] [DEBUG] RSS ok: pt/macos/Utilities/top-free entries=100
[2026-09-13T15:52:42.846Z] [INFO] RSS progress: 30/60 (30 ok, 0 error, 86 points)
[2026-09-13T15:52:43.689Z] [DEBUG] RSS ok: ch/macos/Business/top-free entries=99
[2026-09-13T15:52:53.696Z] [DEBUG] Hits: ch/macos/Business/top-free 4 app(s) found
[2026-09-13T15:52:54.613Z] [DEBUG] RSS ok: ch/macos/Productivity/top-free entries=99
[2026-09-13T15:53:04.618Z] [DEBUG] Hits: ch/macos/Productivity/top-free 4 app(s) found
[2026-09-13T15:53:05.516Z] [DEBUG] RSS ok: ch/macos/Utilities/top-free entries=100
[2026-09-13T15:53:15.522Z] [DEBUG] Hits: ch/macos/Utilities/top-free 2 app(s) found
[2026-09-13T15:53:16.389Z] [DEBUG] RSS ok: be/macos/Business/top-free entries=100
[2026-09-13T15:53:26.396Z] [DEBUG] Hits: be/macos/Business/top-free 5 app(s) found
[2026-09-13T15:53:27.362Z] [DEBUG] RSS ok: be/macos/Productivity/top-free entries=99
[2026-09-13T15:53:37.367Z] [DEBUG] Hits: be/macos/Productivity/top-free 4 app(s) found
[2026-09-13T15:53:38.397Z] [DEBUG] RSS ok: be/macos/Utilities/top-free entries=100
[2026-09-13T15:53:49.333Z] [DEBUG] RSS ok: nl/macos/Business/top-free entries=100
[2026-09-13T15:53:59.340Z] [DEBUG] Hits: nl/macos/Business/top-free 1 app(s) found
[2026-09-13T15:54:00.303Z] [DEBUG] RSS ok: nl/macos/Productivity/top-free entries=99
[2026-09-13T15:54:10.303Z] [DEBUG] Hits: nl/macos/Productivity/top-free 4 app(s) found
[2026-09-13T15:54:11.406Z] [DEBUG] RSS ok: nl/macos/Utilities/top-free entries=100
[2026-09-13T15:54:21.412Z] [DEBUG] Hits: nl/macos/Utilities/top-free 1 app(s) found
[2026-09-13T15:54:22.266Z] [DEBUG] RSS ok: tw/macos/Business/top-free entries=100
[2026-09-13T15:54:32.271Z] [DEBUG] Hits: tw/macos/Business/top-free 2 app(s) found
[2026-09-13T15:54:32.272Z] [INFO] RSS progress: 40/60 (40 ok, 0 error, 113 points)
[2026-09-13T15:54:33.139Z] [DEBUG] RSS ok: tw/macos/Productivity/top-free entries=99
[2026-09-13T15:54:43.145Z] [DEBUG] Hits: tw/macos/Productivity/top-free 3 app(s) found
[2026-09-13T15:54:43.921Z] [DEBUG] RSS ok: tw/macos/Utilities/top-free entries=100
[2026-09-13T15:54:53.927Z] [DEBUG] Hits: tw/macos/Utilities/top-free 2 app(s) found
[2026-09-13T15:54:54.817Z] [DEBUG] RSS ok: hk/macos/Business/top-free entries=100
[2026-09-13T15:55:04.823Z] [DEBUG] Hits: hk/macos/Business/top-free 1 app(s) found
[2026-09-13T15:55:05.766Z] [DEBUG] RSS ok: hk/macos/Productivity/top-free entries=99
[2026-09-13T15:55:15.772Z] [DEBUG] Hits: hk/macos/Productivity/top-free 4 app(s) found
[2026-09-13T15:55:16.593Z] [DEBUG] RSS ok: hk/macos/Utilities/top-free entries=100
[2026-09-13T15:55:27.403Z] [DEBUG] RSS ok: nz/macos/Business/top-free entries=100
[2026-09-13T15:55:37.409Z] [DEBUG] Hits: nz/macos/Business/top-free 2 app(s) found
[2026-09-13T15:55:38.204Z] [DEBUG] RSS ok: nz/macos/Productivity/top-free entries=99
[2026-09-13T15:55:48.211Z] [DEBUG] Hits: nz/macos/Productivity/top-free 5 app(s) found
[2026-09-13T15:55:49.202Z] [DEBUG] RSS ok: nz/macos/Utilities/top-free entries=100
[2026-09-13T15:55:59.209Z] [DEBUG] Hits: nz/macos/Utilities/top-free 2 app(s) found
[2026-09-13T15:56:00.098Z] [DEBUG] RSS ok: sg/macos/Business/top-free entries=100
[2026-09-13T15:56:10.105Z] [DEBUG] Hits: sg/macos/Business/top-free 4 app(s) found
[2026-09-13T15:56:10.892Z] [DEBUG] RSS ok: sg/macos/Productivity/top-free entries=99
[2026-09-13T15:56:20.898Z] [DEBUG] Hits: sg/macos/Productivity/top-free 4 app(s) found
[2026-09-13T15:56:20.898Z] [INFO] RSS progress: 50/60 (50 ok, 0 error, 140 points)
[2026-09-13T15:56:21.765Z] [DEBUG] RSS ok: sg/macos/Utilities/top-free entries=100
[2026-09-13T15:56:31.772Z] [DEBUG] Hits: sg/macos/Utilities/top-free 1 app(s) found
[2026-09-13T15:56:32.470Z] [DEBUG] RSS ok: in/macos/Business/top-free entries=100
[2026-09-13T15:56:42.476Z] [DEBUG] Hits: in/macos/Business/top-free 4 app(s) found
[2026-09-13T15:56:43.366Z] [DEBUG] RSS ok: in/macos/Productivity/top-free entries=99
[2026-09-13T15:56:53.369Z] [DEBUG] Hits: in/macos/Productivity/top-free 2 app(s) found
[2026-09-13T15:56:54.323Z] [DEBUG] RSS ok: in/macos/Utilities/top-free entries=100
[2026-09-13T15:57:05.214Z] [DEBUG] RSS ok: za/macos/Business/top-free entries=100
[2026-09-13T15:57:15.220Z] [DEBUG] Hits: za/macos/Business/top-free 3 app(s) found
[2026-09-13T15:57:16.112Z] [DEBUG] RSS ok: za/macos/Productivity/top-free entries=99
[2026-09-13T15:57:26.119Z] [DEBUG] Hits: za/macos/Productivity/top-free 3 app(s) found
[2026-09-13T15:57:26.984Z] [DEBUG] RSS ok: za/macos/Utilities/top-free entries=100
[2026-09-13T15:57:36.990Z] [DEBUG] Hits: za/macos/Utilities/top-free 3 app(s) found
[2026-09-13T15:57:37.659Z] [DEBUG] RSS ok: br/macos/Business/top-free entries=99
[2026-09-13T15:57:47.665Z] [DEBUG] Hits: br/macos/Business/top-free 4 app(s) found
[2026-09-13T15:57:48.459Z] [DEBUG] RSS ok: br/macos/Productivity/top-free entries=99
[2026-09-13T15:57:58.466Z] [DEBUG] Hits: br/macos/Productivity/top-free 3 app(s) found
[2026-09-13T15:57:59.296Z] [DEBUG] RSS ok: br/macos/Utilities/top-free entries=100
[2026-09-13T15:58:09.302Z] [INFO] RSS progress: 60/60 (60 ok, 0 error, 163 points)
[2026-09-13T15:58:09.302Z] [INFO] RSS fetch done: 60 ok, 0 error, 163 points
[2026-09-13T15:58:09.302Z] [INFO] Platform max returned: macos = 100
[2026-09-13T15:58:09.303Z] [INFO] RSS results: 60 ok, 0 error, 163 rank points
[2026-09-13T15:58:09.345Z] [INFO] Stored: 60 crawls, 163 points
[2026-09-13T15:58:09.357Z] [INFO] current.json written rows=23
[2026-09-13T15:58:09.358Z] [INFO] Current summary: on_chart=163, not_on_chart=297, depth_limited=0, crawl_error=0, total=460
[2026-09-13T15:58:09.358Z] [INFO] === Crawl complete === 653.1s
[2026-09-13T16:47:12.258Z] [INFO] === Crawl start === ts=2026-09-13T16:00:00Z
[2026-09-13T16:47:12.262Z] [INFO] Config loaded apps=4, platforms=macos, categories=Business,Productivity,Utilities
[2026-09-13T16:47:12.262Z] [INFO] App IDs to track: 23 our=4, competitors=19
[2026-09-13T16:47:12.263Z] [INFO] Lookup cached fetched_at=2026-09-13T00:57:45.605Z, 23 apps
[2026-09-13T16:47:12.263Z] [INFO] RSS requests: 60 countries=20, platforms=macos, categories=Business,Productivity,Utilities
[2026-09-13T16:47:12.264Z] [INFO] RSS fetch start: 60 requests, concurrency=1
[2026-09-13T16:47:13.551Z] [DEBUG] RSS ok: us/macos/Business/top-free entries=100
[2026-09-13T16:47:23.554Z] [DEBUG] Hits: us/macos/Business/top-free 4 app(s) found
[2026-09-13T16:47:24.275Z] [DEBUG] RSS ok: us/macos/Productivity/top-free entries=99
[2026-09-13T16:47:34.282Z] [DEBUG] Hits: us/macos/Productivity/top-free 6 app(s) found
[2026-09-13T16:47:35.004Z] [DEBUG] RSS ok: us/macos/Utilities/top-free entries=100
[2026-09-13T16:47:45.011Z] [DEBUG] Hits: us/macos/Utilities/top-free 1 app(s) found
[2026-09-13T16:47:45.791Z] [DEBUG] RSS ok: gb/macos/Business/top-free entries=100
[2026-09-13T16:47:55.797Z] [DEBUG] Hits: gb/macos/Business/top-free 3 app(s) found
[2026-09-13T16:47:56.484Z] [DEBUG] RSS ok: gb/macos/Productivity/top-free entries=99
[2026-09-13T16:48:06.491Z] [DEBUG] Hits: gb/macos/Productivity/top-free 4 app(s) found
[2026-09-13T16:48:07.272Z] [DEBUG] RSS ok: gb/macos/Utilities/top-free entries=100
[2026-09-13T16:48:17.277Z] [DEBUG] Hits: gb/macos/Utilities/top-free 3 app(s) found
[2026-09-13T16:48:18.074Z] [DEBUG] RSS ok: ca/macos/Business/top-free entries=99
[2026-09-13T16:48:28.081Z] [DEBUG] Hits: ca/macos/Business/top-free 3 app(s) found
[2026-09-13T16:48:28.911Z] [DEBUG] RSS ok: ca/macos/Productivity/top-free entries=99
[2026-09-13T16:48:38.916Z] [DEBUG] Hits: ca/macos/Productivity/top-free 5 app(s) found
[2026-09-13T16:48:39.770Z] [DEBUG] RSS ok: ca/macos/Utilities/top-free entries=100
[2026-09-13T16:48:49.776Z] [DEBUG] Hits: ca/macos/Utilities/top-free 1 app(s) found
[2026-09-13T16:48:50.492Z] [DEBUG] RSS ok: fr/macos/Business/top-free entries=99
[2026-09-13T16:49:00.498Z] [DEBUG] Hits: fr/macos/Business/top-free 3 app(s) found
[2026-09-13T16:49:00.498Z] [INFO] RSS progress: 10/60 (10 ok, 0 error, 33 points)
[2026-09-13T16:49:01.331Z] [DEBUG] RSS ok: fr/macos/Productivity/top-free entries=99
[2026-09-13T16:49:11.337Z] [DEBUG] Hits: fr/macos/Productivity/top-free 4 app(s) found
[2026-09-13T16:49:12.667Z] [DEBUG] RSS ok: fr/macos/Utilities/top-free entries=100
[2026-09-13T16:49:22.674Z] [DEBUG] Hits: fr/macos/Utilities/top-free 2 app(s) found
[2026-09-13T16:49:23.569Z] [DEBUG] RSS ok: de/macos/Business/top-free entries=99
[2026-09-13T16:49:33.576Z] [DEBUG] Hits: de/macos/Business/top-free 2 app(s) found
[2026-09-13T16:49:34.456Z] [DEBUG] RSS ok: de/macos/Productivity/top-free entries=99
[2026-09-13T16:49:44.463Z] [DEBUG] Hits: de/macos/Productivity/top-free 5 app(s) found
[2026-09-13T16:49:45.446Z] [DEBUG] RSS ok: de/macos/Utilities/top-free entries=100
[2026-09-13T16:49:55.452Z] [DEBUG] Hits: de/macos/Utilities/top-free 3 app(s) found
[2026-09-13T16:49:56.293Z] [DEBUG] RSS ok: jp/macos/Business/top-free entries=100
[2026-09-13T16:50:06.294Z] [DEBUG] Hits: jp/macos/Business/top-free 2 app(s) found
[2026-09-13T16:50:07.049Z] [DEBUG] RSS ok: jp/macos/Productivity/top-free entries=99
[2026-09-13T16:50:17.055Z] [DEBUG] Hits: jp/macos/Productivity/top-free 4 app(s) found
[2026-09-13T16:50:17.931Z] [DEBUG] RSS ok: jp/macos/Utilities/top-free entries=100
[2026-09-13T16:50:27.937Z] [DEBUG] Hits: jp/macos/Utilities/top-free 4 app(s) found
[2026-09-13T16:50:28.741Z] [DEBUG] RSS ok: au/macos/Business/top-free entries=100
[2026-09-13T16:50:38.747Z] [DEBUG] Hits: au/macos/Business/top-free 4 app(s) found
[2026-09-13T16:50:39.755Z] [DEBUG] RSS ok: au/macos/Productivity/top-free entries=99
[2026-09-13T16:50:49.761Z] [DEBUG] Hits: au/macos/Productivity/top-free 3 app(s) found
[2026-09-13T16:50:49.761Z] [INFO] RSS progress: 20/60 (20 ok, 0 error, 66 points)
[2026-09-13T16:50:50.587Z] [DEBUG] RSS ok: au/macos/Utilities/top-free entries=100
[2026-09-13T16:51:00.593Z] [DEBUG] Hits: au/macos/Utilities/top-free 1 app(s) found
[2026-09-13T16:51:01.576Z] [DEBUG] RSS ok: es/macos/Business/top-free entries=99
[2026-09-13T16:51:11.582Z] [DEBUG] Hits: es/macos/Business/top-free 3 app(s) found
[2026-09-13T16:51:12.338Z] [DEBUG] RSS ok: es/macos/Productivity/top-free entries=99
[2026-09-13T16:51:22.344Z] [DEBUG] Hits: es/macos/Productivity/top-free 5 app(s) found
[2026-09-13T16:51:23.084Z] [DEBUG] RSS ok: es/macos/Utilities/top-free entries=100
[2026-09-13T16:51:33.983Z] [DEBUG] RSS ok: it/macos/Business/top-free entries=99
[2026-09-13T16:51:43.989Z] [DEBUG] Hits: it/macos/Business/top-free 2 app(s) found
[2026-09-13T16:51:45.004Z] [DEBUG] RSS ok: it/macos/Productivity/top-free entries=99
[2026-09-13T16:51:55.010Z] [DEBUG] Hits: it/macos/Productivity/top-free 5 app(s) found
[2026-09-13T16:51:55.829Z] [DEBUG] RSS ok: it/macos/Utilities/top-free entries=100
[2026-09-13T16:52:06.648Z] [DEBUG] RSS ok: pt/macos/Business/top-free entries=100
[2026-09-13T16:52:16.654Z] [DEBUG] Hits: pt/macos/Business/top-free 3 app(s) found
[2026-09-13T16:52:17.672Z] [DEBUG] RSS ok: pt/macos/Productivity/top-free entries=99
[2026-09-13T16:52:27.678Z] [DEBUG] Hits: pt/macos/Productivity/top-free 3 app(s) found
[2026-09-13T16:52:28.550Z] [DEBUG] RSS ok: pt/macos/Utilities/top-free entries=100
[2026-09-13T16:52:38.556Z] [INFO] RSS progress: 30/60 (30 ok, 0 error, 88 points)
[2026-09-13T16:52:39.385Z] [DEBUG] RSS ok: ch/macos/Business/top-free entries=99
[2026-09-13T16:52:49.391Z] [DEBUG] Hits: ch/macos/Business/top-free 4 app(s) found
[2026-09-13T16:52:50.180Z] [DEBUG] RSS ok: ch/macos/Productivity/top-free entries=99
[2026-09-13T16:53:00.186Z] [DEBUG] Hits: ch/macos/Productivity/top-free 4 app(s) found
[2026-09-13T16:53:00.932Z] [DEBUG] RSS ok: ch/macos/Utilities/top-free entries=100
[2026-09-13T16:53:10.934Z] [DEBUG] Hits: ch/macos/Utilities/top-free 2 app(s) found
[2026-09-13T16:53:11.788Z] [DEBUG] RSS ok: be/macos/Business/top-free entries=100
[2026-09-13T16:53:21.794Z] [DEBUG] Hits: be/macos/Business/top-free 5 app(s) found
[2026-09-13T16:53:22.547Z] [DEBUG] RSS ok: be/macos/Productivity/top-free entries=99
[2026-09-13T16:53:32.553Z] [DEBUG] Hits: be/macos/Productivity/top-free 4 app(s) found
[2026-09-13T16:53:33.530Z] [DEBUG] RSS ok: be/macos/Utilities/top-free entries=100
[2026-09-13T16:53:44.402Z] [DEBUG] RSS ok: nl/macos/Business/top-free entries=100
[2026-09-13T16:53:54.408Z] [DEBUG] Hits: nl/macos/Business/top-free 2 app(s) found
[2026-09-13T16:53:55.178Z] [DEBUG] RSS ok: nl/macos/Productivity/top-free entries=99
[2026-09-13T16:54:05.184Z] [DEBUG] Hits: nl/macos/Productivity/top-free 4 app(s) found
[2026-09-13T16:54:06.084Z] [DEBUG] RSS ok: nl/macos/Utilities/top-free entries=100
[2026-09-13T16:54:16.875Z] [DEBUG] RSS ok: tw/macos/Business/top-free entries=100
[2026-09-13T16:54:26.882Z] [DEBUG] Hits: tw/macos/Business/top-free 3 app(s) found
[2026-09-13T16:54:26.882Z] [INFO] RSS progress: 40/60 (40 ok, 0 error, 116 points)
[2026-09-13T16:54:27.752Z] [DEBUG] RSS ok: tw/macos/Productivity/top-free entries=99
[2026-09-13T16:54:37.758Z] [DEBUG] Hits: tw/macos/Productivity/top-free 3 app(s) found
[2026-09-13T16:54:38.561Z] [DEBUG] RSS ok: tw/macos/Utilities/top-free entries=100
[2026-09-13T16:54:49.461Z] [DEBUG] RSS ok: hk/macos/Business/top-free entries=100
[2026-09-13T16:54:59.467Z] [DEBUG] Hits: hk/macos/Business/top-free 1 app(s) found
[2026-09-13T16:55:00.151Z] [DEBUG] RSS ok: hk/macos/Productivity/top-free entries=99
[2026-09-13T16:55:10.158Z] [DEBUG] Hits: hk/macos/Productivity/top-free 4 app(s) found
[2026-09-13T16:55:10.882Z] [DEBUG] RSS ok: hk/macos/Utilities/top-free entries=100
[2026-09-13T16:55:21.701Z] [DEBUG] RSS ok: nz/macos/Business/top-free entries=100
[2026-09-13T16:55:31.708Z] [DEBUG] Hits: nz/macos/Business/top-free 2 app(s) found
[2026-09-13T16:55:32.617Z] [DEBUG] RSS ok: nz/macos/Productivity/top-free entries=99
[2026-09-13T16:55:42.624Z] [DEBUG] Hits: nz/macos/Productivity/top-free 5 app(s) found
[2026-09-13T16:55:43.425Z] [DEBUG] RSS ok: nz/macos/Utilities/top-free entries=100
[2026-09-13T16:55:53.431Z] [DEBUG] Hits: nz/macos/Utilities/top-free 2 app(s) found
[2026-09-13T16:55:54.229Z] [DEBUG] RSS ok: sg/macos/Business/top-free entries=100
[2026-09-13T16:56:04.235Z] [DEBUG] Hits: sg/macos/Business/top-free 4 app(s) found
[2026-09-13T16:56:04.841Z] [DEBUG] RSS ok: sg/macos/Productivity/top-free entries=99
[2026-09-13T16:56:14.848Z] [DEBUG] Hits: sg/macos/Productivity/top-free 3 app(s) found
[2026-09-13T16:56:14.848Z] [INFO] RSS progress: 50/60 (50 ok, 0 error, 140 points)
[2026-09-13T16:56:15.604Z] [DEBUG] RSS ok: sg/macos/Utilities/top-free entries=100
[2026-09-13T16:56:25.611Z] [DEBUG] Hits: sg/macos/Utilities/top-free 2 app(s) found
[2026-09-13T16:56:26.479Z] [DEBUG] RSS ok: in/macos/Business/top-free entries=100
[2026-09-13T16:56:36.485Z] [DEBUG] Hits: in/macos/Business/top-free 3 app(s) found
[2026-09-13T16:56:37.318Z] [DEBUG] RSS ok: in/macos/Productivity/top-free entries=99
[2026-09-13T16:56:47.325Z] [DEBUG] Hits: in/macos/Productivity/top-free 2 app(s) found
[2026-09-13T16:56:48.073Z] [DEBUG] RSS ok: in/macos/Utilities/top-free entries=100
[2026-09-13T16:56:58.843Z] [DEBUG] RSS ok: za/macos/Business/top-free entries=100
[2026-09-13T16:57:08.849Z] [DEBUG] Hits: za/macos/Business/top-free 2 app(s) found
[2026-09-13T16:57:09.622Z] [DEBUG] RSS ok: za/macos/Productivity/top-free entries=99
[2026-09-13T16:57:19.628Z] [DEBUG] Hits: za/macos/Productivity/top-free 4 app(s) found
[2026-09-13T16:57:20.447Z] [DEBUG] RSS ok: za/macos/Utilities/top-free entries=100
[2026-09-13T16:57:30.453Z] [DEBUG] Hits: za/macos/Utilities/top-free 4 app(s) found
[2026-09-13T16:57:31.581Z] [DEBUG] RSS ok: br/macos/Business/top-free entries=99
[2026-09-13T16:57:41.587Z] [DEBUG] Hits: br/macos/Business/top-free 3 app(s) found
[2026-09-13T16:57:42.342Z] [DEBUG] RSS ok: br/macos/Productivity/top-free entries=99
[2026-09-13T16:57:52.349Z] [DEBUG] Hits: br/macos/Productivity/top-free 4 app(s) found
[2026-09-13T16:57:53.334Z] [DEBUG] RSS ok: br/macos/Utilities/top-free entries=100
[2026-09-13T16:58:03.340Z] [INFO] RSS progress: 60/60 (60 ok, 0 error, 164 points)
[2026-09-13T16:58:03.341Z] [INFO] RSS fetch done: 60 ok, 0 error, 164 points
[2026-09-13T16:58:03.341Z] [INFO] Platform max returned: macos = 100
[2026-09-13T16:58:03.341Z] [INFO] RSS results: 60 ok, 0 error, 164 rank points
[2026-09-13T16:58:03.365Z] [INFO] Stored: 60 crawls, 164 points
[2026-09-13T16:58:03.382Z] [INFO] current.json written rows=23
[2026-09-13T16:58:03.383Z] [INFO] Current summary: on_chart=164, not_on_chart=296, depth_limited=0, crawl_error=0, total=460
[2026-09-13T16:58:03.383Z] [INFO] === Crawl complete === 651.1s
[2026-09-13T17:47:10.917Z] [INFO] === Crawl start === ts=2026-09-13T17:00:00Z
[2026-09-13T17:47:10.921Z] [INFO] Config loaded apps=4, platforms=macos, categories=Business,Productivity,Utilities
[2026-09-13T17:47:10.921Z] [INFO] App IDs to track: 23 our=4, competitors=19
[2026-09-13T17:47:10.923Z] [INFO] Lookup cached fetched_at=2026-09-13T00:57:45.605Z, 23 apps
[2026-09-13T17:47:10.924Z] [INFO] RSS requests: 60 countries=20, platforms=macos, categories=Business,Productivity,Utilities
[2026-09-13T17:47:10.924Z] [INFO] RSS fetch start: 60 requests, concurrency=1
[2026-09-13T17:47:11.823Z] [DEBUG] RSS ok: us/macos/Business/top-free entries=100
[2026-09-13T17:47:21.826Z] [DEBUG] Hits: us/macos/Business/top-free 4 app(s) found
[2026-09-13T17:47:22.761Z] [DEBUG] RSS ok: us/macos/Productivity/top-free entries=99
[2026-09-13T17:47:32.768Z] [DEBUG] Hits: us/macos/Productivity/top-free 6 app(s) found
[2026-09-13T17:47:33.693Z] [DEBUG] RSS ok: us/macos/Utilities/top-free entries=100
[2026-09-13T17:47:43.700Z] [DEBUG] Hits: us/macos/Utilities/top-free 1 app(s) found
[2026-09-13T17:47:44.494Z] [DEBUG] RSS ok: gb/macos/Business/top-free entries=100
[2026-09-13T17:47:54.501Z] [DEBUG] Hits: gb/macos/Business/top-free 3 app(s) found
[2026-09-13T17:47:55.530Z] [DEBUG] RSS ok: gb/macos/Productivity/top-free entries=99
[2026-09-13T17:48:05.536Z] [DEBUG] Hits: gb/macos/Productivity/top-free 4 app(s) found
[2026-09-13T17:48:06.404Z] [DEBUG] RSS ok: gb/macos/Utilities/top-free entries=100
[2026-09-13T17:48:16.411Z] [DEBUG] Hits: gb/macos/Utilities/top-free 3 app(s) found
[2026-09-13T17:48:17.262Z] [DEBUG] RSS ok: ca/macos/Business/top-free entries=99
[2026-09-13T17:48:27.268Z] [DEBUG] Hits: ca/macos/Business/top-free 3 app(s) found
[2026-09-13T17:48:27.936Z] [DEBUG] RSS ok: ca/macos/Productivity/top-free entries=99
[2026-09-13T17:48:37.942Z] [DEBUG] Hits: ca/macos/Productivity/top-free 5 app(s) found
[2026-09-13T17:48:38.873Z] [DEBUG] RSS ok: ca/macos/Utilities/top-free entries=100
[2026-09-13T17:48:48.879Z] [DEBUG] Hits: ca/macos/Utilities/top-free 1 app(s) found
[2026-09-13T17:48:49.746Z] [DEBUG] RSS ok: fr/macos/Business/top-free entries=99
[2026-09-13T17:48:59.752Z] [DEBUG] Hits: fr/macos/Business/top-free 3 app(s) found
[2026-09-13T17:48:59.753Z] [INFO] RSS progress: 10/60 (10 ok, 0 error, 33 points)
[2026-09-13T17:49:01.453Z] [DEBUG] RSS ok: fr/macos/Productivity/top-free entries=99
[2026-09-13T17:49:11.460Z] [DEBUG] Hits: fr/macos/Productivity/top-free 4 app(s) found
[2026-09-13T17:49:12.263Z] [DEBUG] RSS ok: fr/macos/Utilities/top-free entries=100
[2026-09-13T17:49:22.270Z] [DEBUG] Hits: fr/macos/Utilities/top-free 2 app(s) found
[2026-09-13T17:49:23.198Z] [DEBUG] RSS ok: de/macos/Business/top-free entries=99
[2026-09-13T17:49:33.204Z] [DEBUG] Hits: de/macos/Business/top-free 2 app(s) found
[2026-09-13T17:49:34.246Z] [DEBUG] RSS ok: de/macos/Productivity/top-free entries=99
[2026-09-13T17:49:44.252Z] [DEBUG] Hits: de/macos/Productivity/top-free 5 app(s) found
[2026-09-13T17:49:45.133Z] [DEBUG] RSS ok: de/macos/Utilities/top-free entries=100
[2026-09-13T17:49:55.139Z] [DEBUG] Hits: de/macos/Utilities/top-free 3 app(s) found
[2026-09-13T17:49:55.997Z] [DEBUG] RSS ok: jp/macos/Business/top-free entries=100
[2026-09-13T17:50:06.003Z] [DEBUG] Hits: jp/macos/Business/top-free 2 app(s) found
[2026-09-13T17:50:07.004Z] [DEBUG] RSS ok: jp/macos/Productivity/top-free entries=99
[2026-09-13T17:50:17.010Z] [DEBUG] Hits: jp/macos/Productivity/top-free 4 app(s) found
[2026-09-13T17:50:17.902Z] [DEBUG] RSS ok: jp/macos/Utilities/top-free entries=100
[2026-09-13T17:50:27.908Z] [DEBUG] Hits: jp/macos/Utilities/top-free 4 app(s) found
[2026-09-13T17:50:28.639Z] [DEBUG] RSS ok: au/macos/Business/top-free entries=100
[2026-09-13T17:50:38.645Z] [DEBUG] Hits: au/macos/Business/top-free 4 app(s) found
[2026-09-13T17:50:39.372Z] [DEBUG] RSS ok: au/macos/Productivity/top-free entries=99
[2026-09-13T17:50:49.378Z] [DEBUG] Hits: au/macos/Productivity/top-free 3 app(s) found
[2026-09-13T17:50:49.378Z] [INFO] RSS progress: 20/60 (20 ok, 0 error, 66 points)
[2026-09-13T17:50:50.261Z] [DEBUG] RSS ok: au/macos/Utilities/top-free entries=100
[2026-09-13T17:51:00.267Z] [DEBUG] Hits: au/macos/Utilities/top-free 1 app(s) found
[2026-09-13T17:51:01.309Z] [DEBUG] RSS ok: es/macos/Business/top-free entries=99
[2026-09-13T17:51:11.315Z] [DEBUG] Hits: es/macos/Business/top-free 3 app(s) found
[2026-09-13T17:51:12.206Z] [DEBUG] RSS ok: es/macos/Productivity/top-free entries=99
[2026-09-13T17:51:22.212Z] [DEBUG] Hits: es/macos/Productivity/top-free 5 app(s) found
[2026-09-13T17:51:23.180Z] [DEBUG] RSS ok: es/macos/Utilities/top-free entries=100
[2026-09-13T17:51:34.023Z] [DEBUG] RSS ok: it/macos/Business/top-free entries=99
[2026-09-13T17:51:44.029Z] [DEBUG] Hits: it/macos/Business/top-free 2 app(s) found
[2026-09-13T17:51:44.818Z] [DEBUG] RSS ok: it/macos/Productivity/top-free entries=99
[2026-09-13T17:51:54.824Z] [DEBUG] Hits: it/macos/Productivity/top-free 5 app(s) found
[2026-09-13T17:51:55.529Z] [DEBUG] RSS ok: it/macos/Utilities/top-free entries=100
[2026-09-13T17:52:06.366Z] [DEBUG] RSS ok: pt/macos/Business/top-free entries=100
[2026-09-13T17:52:16.373Z] [DEBUG] Hits: pt/macos/Business/top-free 3 app(s) found
[2026-09-13T17:52:17.287Z] [DEBUG] RSS ok: pt/macos/Productivity/top-free entries=99
[2026-09-13T17:52:27.294Z] [DEBUG] Hits: pt/macos/Productivity/top-free 3 app(s) found
[2026-09-13T17:52:28.157Z] [DEBUG] RSS ok: pt/macos/Utilities/top-free entries=100
[2026-09-13T17:52:38.164Z] [INFO] RSS progress: 30/60 (30 ok, 0 error, 88 points)
[2026-09-13T17:52:39.123Z] [DEBUG] RSS ok: ch/macos/Business/top-free entries=99
[2026-09-13T17:52:49.130Z] [DEBUG] Hits: ch/macos/Business/top-free 4 app(s) found
[2026-09-13T17:52:49.950Z] [DEBUG] RSS ok: ch/macos/Productivity/top-free entries=99
[2026-09-13T17:52:59.956Z] [DEBUG] Hits: ch/macos/Productivity/top-free 4 app(s) found
[2026-09-13T17:53:00.708Z] [DEBUG] RSS ok: ch/macos/Utilities/top-free entries=100
[2026-09-13T17:53:10.714Z] [DEBUG] Hits: ch/macos/Utilities/top-free 2 app(s) found
[2026-09-13T17:53:11.396Z] [DEBUG] RSS ok: be/macos/Business/top-free entries=100
[2026-09-13T17:53:21.403Z] [DEBUG] Hits: be/macos/Business/top-free 5 app(s) found
[2026-09-13T17:53:22.405Z] [DEBUG] RSS ok: be/macos/Productivity/top-free entries=99
[2026-09-13T17:53:32.412Z] [DEBUG] Hits: be/macos/Productivity/top-free 4 app(s) found
[2026-09-13T17:53:33.346Z] [DEBUG] RSS ok: be/macos/Utilities/top-free entries=100
[2026-09-13T17:53:44.419Z] [DEBUG] RSS ok: nl/macos/Business/top-free entries=100
[2026-09-13T17:53:54.425Z] [DEBUG] Hits: nl/macos/Business/top-free 2 app(s) found
[2026-09-13T17:53:55.334Z] [DEBUG] RSS ok: nl/macos/Productivity/top-free entries=99
[2026-09-13T17:54:05.341Z] [DEBUG] Hits: nl/macos/Productivity/top-free 4 app(s) found
[2026-09-13T17:54:06.278Z] [DEBUG] RSS ok: nl/macos/Utilities/top-free entries=100
[2026-09-13T17:54:16.992Z] [DEBUG] RSS ok: tw/macos/Business/top-free entries=100
[2026-09-13T17:54:26.995Z] [DEBUG] Hits: tw/macos/Business/top-free 3 app(s) found
[2026-09-13T17:54:26.995Z] [INFO] RSS progress: 40/60 (40 ok, 0 error, 116 points)
[2026-09-13T17:54:27.830Z] [DEBUG] RSS ok: tw/macos/Productivity/top-free entries=99
[2026-09-13T17:54:37.835Z] [DEBUG] Hits: tw/macos/Productivity/top-free 3 app(s) found
[2026-09-13T17:54:38.532Z] [DEBUG] RSS ok: tw/macos/Utilities/top-free entries=100
[2026-09-13T17:54:49.265Z] [DEBUG] RSS ok: hk/macos/Business/top-free entries=100
[2026-09-13T17:54:59.272Z] [DEBUG] Hits: hk/macos/Business/top-free 1 app(s) found
[2026-09-13T17:54:59.927Z] [DEBUG] RSS ok: hk/macos/Productivity/top-free entries=99
[2026-09-13T17:55:09.934Z] [DEBUG] Hits: hk/macos/Productivity/top-free 4 app(s) found
[2026-09-13T17:55:10.723Z] [DEBUG] RSS ok: hk/macos/Utilities/top-free entries=100
[2026-09-13T17:55:21.589Z] [DEBUG] RSS ok: nz/macos/Business/top-free entries=100
[2026-09-13T17:55:31.595Z] [DEBUG] Hits: nz/macos/Business/top-free 2 app(s) found
[2026-09-13T17:55:32.272Z] [DEBUG] RSS ok: nz/macos/Productivity/top-free entries=99
[2026-09-13T17:55:42.278Z] [DEBUG] Hits: nz/macos/Productivity/top-free 5 app(s) found
[2026-09-13T17:55:43.008Z] [DEBUG] RSS ok: nz/macos/Utilities/top-free entries=100
[2026-09-13T17:55:53.014Z] [DEBUG] Hits: nz/macos/Utilities/top-free 2 app(s) found
[2026-09-13T17:55:53.951Z] [DEBUG] RSS ok: sg/macos/Business/top-free entries=100
[2026-09-13T17:56:03.957Z] [DEBUG] Hits: sg/macos/Business/top-free 4 app(s) found
[2026-09-13T17:56:04.678Z] [DEBUG] RSS ok: sg/macos/Productivity/top-free entries=99
[2026-09-13T17:56:14.684Z] [DEBUG] Hits: sg/macos/Productivity/top-free 3 app(s) found
[2026-09-13T17:56:14.684Z] [INFO] RSS progress: 50/60 (50 ok, 0 error, 140 points)
[2026-09-13T17:56:15.500Z] [DEBUG] RSS ok: sg/macos/Utilities/top-free entries=100
[2026-09-13T17:56:25.506Z] [DEBUG] Hits: sg/macos/Utilities/top-free 2 app(s) found
[2026-09-13T17:56:26.276Z] [DEBUG] RSS ok: in/macos/Business/top-free entries=100
[2026-09-13T17:56:36.283Z] [DEBUG] Hits: in/macos/Business/top-free 3 app(s) found
[2026-09-13T17:56:37.123Z] [DEBUG] RSS ok: in/macos/Productivity/top-free entries=99
[2026-09-13T17:56:47.129Z] [DEBUG] Hits: in/macos/Productivity/top-free 2 app(s) found
[2026-09-13T17:56:47.818Z] [DEBUG] RSS ok: in/macos/Utilities/top-free entries=100
[2026-09-13T17:56:58.554Z] [DEBUG] RSS ok: za/macos/Business/top-free entries=100
[2026-09-13T17:57:08.560Z] [DEBUG] Hits: za/macos/Business/top-free 2 app(s) found
[2026-09-13T17:57:09.252Z] [DEBUG] RSS ok: za/macos/Productivity/top-free entries=99
[2026-09-13T17:57:19.258Z] [DEBUG] Hits: za/macos/Productivity/top-free 4 app(s) found
[2026-09-13T17:57:20.344Z] [DEBUG] RSS ok: za/macos/Utilities/top-free entries=100
[2026-09-13T17:57:30.351Z] [DEBUG] Hits: za/macos/Utilities/top-free 4 app(s) found
[2026-09-13T17:57:30.971Z] [DEBUG] RSS ok: br/macos/Business/top-free entries=99
[2026-09-13T17:57:40.977Z] [DEBUG] Hits: br/macos/Business/top-free 3 app(s) found
[2026-09-13T17:57:41.676Z] [DEBUG] RSS ok: br/macos/Productivity/top-free entries=99
[2026-09-13T17:57:51.682Z] [DEBUG] Hits: br/macos/Productivity/top-free 4 app(s) found
[2026-09-13T17:57:52.409Z] [DEBUG] RSS ok: br/macos/Utilities/top-free entries=100
[2026-09-13T17:58:02.415Z] [INFO] RSS progress: 60/60 (60 ok, 0 error, 164 points)
[2026-09-13T17:58:02.415Z] [INFO] RSS fetch done: 60 ok, 0 error, 164 points
[2026-09-13T17:58:02.415Z] [INFO] Platform max returned: macos = 100
[2026-09-13T17:58:02.415Z] [INFO] RSS results: 60 ok, 0 error, 164 rank points
[2026-09-13T17:58:02.446Z] [INFO] Stored: 60 crawls, 164 points
[2026-09-13T17:58:02.460Z] [INFO] current.json written rows=23
[2026-09-13T17:58:02.461Z] [INFO] Current summary: on_chart=164, not_on_chart=296, depth_limited=0, crawl_error=0, total=460
[2026-09-13T17:58:02.462Z] [INFO] === Crawl complete === 651.5s
[2026-09-13T18:47:13.326Z] [INFO] === Crawl start === ts=2026-09-13T18:00:00Z
[2026-09-13T18:47:13.330Z] [INFO] Config loaded apps=4, platforms=macos, categories=Business,Productivity,Utilities
[2026-09-13T18:47:13.330Z] [INFO] App IDs to track: 23 our=4, competitors=19
[2026-09-13T18:47:13.332Z] [INFO] Lookup cached fetched_at=2026-09-13T00:57:45.605Z, 23 apps
[2026-09-13T18:47:13.332Z] [INFO] RSS requests: 60 countries=20, platforms=macos, categories=Business,Productivity,Utilities
[2026-09-13T18:47:13.332Z] [INFO] RSS fetch start: 60 requests, concurrency=1
[2026-09-13T18:47:14.468Z] [DEBUG] RSS ok: us/macos/Business/top-free entries=100
[2026-09-13T18:47:24.472Z] [DEBUG] Hits: us/macos/Business/top-free 4 app(s) found
[2026-09-13T18:47:25.226Z] [DEBUG] RSS ok: us/macos/Productivity/top-free entries=99
[2026-09-13T18:47:35.232Z] [DEBUG] Hits: us/macos/Productivity/top-free 6 app(s) found
[2026-09-13T18:47:36.132Z] [DEBUG] RSS ok: us/macos/Utilities/top-free entries=100
[2026-09-13T18:47:46.139Z] [DEBUG] Hits: us/macos/Utilities/top-free 1 app(s) found
[2026-09-13T18:47:47.058Z] [DEBUG] RSS ok: gb/macos/Business/top-free entries=100
[2026-09-13T18:47:57.059Z] [DEBUG] Hits: gb/macos/Business/top-free 3 app(s) found
[2026-09-13T18:47:58.029Z] [DEBUG] RSS ok: gb/macos/Productivity/top-free entries=99
[2026-09-13T18:48:08.032Z] [DEBUG] Hits: gb/macos/Productivity/top-free 4 app(s) found
[2026-09-13T18:48:08.859Z] [DEBUG] RSS ok: gb/macos/Utilities/top-free entries=100
[2026-09-13T18:48:18.866Z] [DEBUG] Hits: gb/macos/Utilities/top-free 3 app(s) found
[2026-09-13T18:48:19.653Z] [DEBUG] RSS ok: ca/macos/Business/top-free entries=99
[2026-09-13T18:48:29.659Z] [DEBUG] Hits: ca/macos/Business/top-free 3 app(s) found
[2026-09-13T18:48:30.487Z] [DEBUG] RSS ok: ca/macos/Productivity/top-free entries=99
[2026-09-13T18:48:40.492Z] [DEBUG] Hits: ca/macos/Productivity/top-free 5 app(s) found
[2026-09-13T18:48:41.263Z] [DEBUG] RSS ok: ca/macos/Utilities/top-free entries=100
[2026-09-13T18:48:51.270Z] [DEBUG] Hits: ca/macos/Utilities/top-free 1 app(s) found
[2026-09-13T18:48:52.225Z] [DEBUG] RSS ok: fr/macos/Business/top-free entries=99
[2026-09-13T18:49:02.232Z] [DEBUG] Hits: fr/macos/Business/top-free 3 app(s) found
[2026-09-13T18:49:02.232Z] [INFO] RSS progress: 10/60 (10 ok, 0 error, 33 points)
[2026-09-13T18:49:03.279Z] [DEBUG] RSS ok: fr/macos/Productivity/top-free entries=99
[2026-09-13T18:49:13.285Z] [DEBUG] Hits: fr/macos/Productivity/top-free 4 app(s) found
[2026-09-13T18:49:14.266Z] [DEBUG] RSS ok: fr/macos/Utilities/top-free entries=100
[2026-09-13T18:49:24.272Z] [DEBUG] Hits: fr/macos/Utilities/top-free 2 app(s) found
[2026-09-13T18:49:25.096Z] [DEBUG] RSS ok: de/macos/Business/top-free entries=99
[2026-09-13T18:49:35.102Z] [DEBUG] Hits: de/macos/Business/top-free 2 app(s) found
[2026-09-13T18:49:35.965Z] [DEBUG] RSS ok: de/macos/Productivity/top-free entries=99
[2026-09-13T18:49:45.972Z] [DEBUG] Hits: de/macos/Productivity/top-free 5 app(s) found
[2026-09-13T18:49:47.126Z] [DEBUG] RSS ok: de/macos/Utilities/top-free entries=100
[2026-09-13T18:49:57.131Z] [DEBUG] Hits: de/macos/Utilities/top-free 3 app(s) found
[2026-09-13T18:49:58.049Z] [DEBUG] RSS ok: jp/macos/Business/top-free entries=100
[2026-09-13T18:50:08.055Z] [DEBUG] Hits: jp/macos/Business/top-free 2 app(s) found
[2026-09-13T18:50:08.854Z] [DEBUG] RSS ok: jp/macos/Productivity/top-free entries=99
[2026-09-13T18:50:18.860Z] [DEBUG] Hits: jp/macos/Productivity/top-free 4 app(s) found
[2026-09-13T18:50:19.771Z] [DEBUG] RSS ok: jp/macos/Utilities/top-free entries=100
[2026-09-13T18:50:29.778Z] [DEBUG] Hits: jp/macos/Utilities/top-free 4 app(s) found
[2026-09-13T18:50:30.606Z] [DEBUG] RSS ok: au/macos/Business/top-free entries=100
[2026-09-13T18:50:40.608Z] [DEBUG] Hits: au/macos/Business/top-free 4 app(s) found
[2026-09-13T18:50:41.471Z] [DEBUG] RSS ok: au/macos/Productivity/top-free entries=99
[2026-09-13T18:50:51.478Z] [DEBUG] Hits: au/macos/Productivity/top-free 3 app(s) found
[2026-09-13T18:50:51.478Z] [INFO] RSS progress: 20/60 (20 ok, 0 error, 66 points)
[2026-09-13T18:50:52.435Z] [DEBUG] RSS ok: au/macos/Utilities/top-free entries=100
[2026-09-13T18:51:02.440Z] [DEBUG] Hits: au/macos/Utilities/top-free 1 app(s) found
[2026-09-13T18:51:03.292Z] [DEBUG] RSS ok: es/macos/Business/top-free entries=99
[2026-09-13T18:51:13.297Z] [DEBUG] Hits: es/macos/Business/top-free 3 app(s) found
[2026-09-13T18:51:14.084Z] [DEBUG] RSS ok: es/macos/Productivity/top-free entries=99
[2026-09-13T18:51:24.091Z] [DEBUG] Hits: es/macos/Productivity/top-free 5 app(s) found
[2026-09-13T18:51:25.006Z] [DEBUG] RSS ok: es/macos/Utilities/top-free entries=100
[2026-09-13T18:51:35.844Z] [DEBUG] RSS ok: it/macos/Business/top-free entries=99
[2026-09-13T18:51:45.851Z] [DEBUG] Hits: it/macos/Business/top-free 2 app(s) found
[2026-09-13T18:51:46.747Z] [DEBUG] RSS ok: it/macos/Productivity/top-free entries=99
[2026-09-13T18:51:56.754Z] [DEBUG] Hits: it/macos/Productivity/top-free 5 app(s) found
[2026-09-13T18:51:57.646Z] [DEBUG] RSS ok: it/macos/Utilities/top-free entries=100
[2026-09-13T18:52:08.602Z] [DEBUG] RSS ok: pt/macos/Business/top-free entries=100
[2026-09-13T18:52:18.609Z] [DEBUG] Hits: pt/macos/Business/top-free 3 app(s) found
[2026-09-13T18:52:19.514Z] [DEBUG] RSS ok: pt/macos/Productivity/top-free entries=99
[2026-09-13T18:52:29.516Z] [DEBUG] Hits: pt/macos/Productivity/top-free 3 app(s) found
[2026-09-13T18:52:30.415Z] [DEBUG] RSS ok: pt/macos/Utilities/top-free entries=100
[2026-09-13T18:52:40.421Z] [INFO] RSS progress: 30/60 (30 ok, 0 error, 88 points)
[2026-09-13T18:52:41.443Z] [DEBUG] RSS ok: ch/macos/Business/top-free entries=99
[2026-09-13T18:52:51.450Z] [DEBUG] Hits: ch/macos/Business/top-free 4 app(s) found
[2026-09-13T18:52:52.259Z] [DEBUG] RSS ok: ch/macos/Productivity/top-free entries=99
[2026-09-13T18:53:02.265Z] [DEBUG] Hits: ch/macos/Productivity/top-free 4 app(s) found
[2026-09-13T18:53:03.276Z] [DEBUG] RSS ok: ch/macos/Utilities/top-free entries=100
[2026-09-13T18:53:13.283Z] [DEBUG] Hits: ch/macos/Utilities/top-free 2 app(s) found
[2026-09-13T18:53:14.224Z] [DEBUG] RSS ok: be/macos/Business/top-free entries=100
[2026-09-13T18:53:24.231Z] [DEBUG] Hits: be/macos/Business/top-free 5 app(s) found
[2026-09-13T18:53:25.126Z] [DEBUG] RSS ok: be/macos/Productivity/top-free entries=99
[2026-09-13T18:53:35.132Z] [DEBUG] Hits: be/macos/Productivity/top-free 4 app(s) found
[2026-09-13T18:53:35.864Z] [DEBUG] RSS ok: be/macos/Utilities/top-free entries=100
[2026-09-13T18:53:46.855Z] [DEBUG] RSS ok: nl/macos/Business/top-free entries=100
[2026-09-13T18:53:56.861Z] [DEBUG] Hits: nl/macos/Business/top-free 2 app(s) found
[2026-09-13T18:53:57.617Z] [DEBUG] RSS ok: nl/macos/Productivity/top-free entries=99
[2026-09-13T18:54:07.623Z] [DEBUG] Hits: nl/macos/Productivity/top-free 4 app(s) found
[2026-09-13T18:54:08.382Z] [DEBUG] RSS ok: nl/macos/Utilities/top-free entries=100
[2026-09-13T18:54:19.117Z] [DEBUG] RSS ok: tw/macos/Business/top-free entries=100
[2026-09-13T18:54:29.123Z] [DEBUG] Hits: tw/macos/Business/top-free 3 app(s) found
[2026-09-13T18:54:29.123Z] [INFO] RSS progress: 40/60 (40 ok, 0 error, 116 points)
[2026-09-13T18:54:29.948Z] [DEBUG] RSS ok: tw/macos/Productivity/top-free entries=99
[2026-09-13T18:54:39.955Z] [DEBUG] Hits: tw/macos/Productivity/top-free 3 app(s) found
[2026-09-13T18:54:40.740Z] [DEBUG] RSS ok: tw/macos/Utilities/top-free entries=100
[2026-09-13T18:54:51.660Z] [DEBUG] RSS ok: hk/macos/Business/top-free entries=100
[2026-09-13T18:55:01.665Z] [DEBUG] Hits: hk/macos/Business/top-free 1 app(s) found
[2026-09-13T18:55:02.586Z] [DEBUG] RSS ok: hk/macos/Productivity/top-free entries=99
[2026-09-13T18:55:12.593Z] [DEBUG] Hits: hk/macos/Productivity/top-free 4 app(s) found
[2026-09-13T18:55:13.385Z] [DEBUG] RSS ok: hk/macos/Utilities/top-free entries=100
[2026-09-13T18:55:24.318Z] [DEBUG] RSS ok: nz/macos/Business/top-free entries=100
[2026-09-13T18:55:34.325Z] [DEBUG] Hits: nz/macos/Business/top-free 2 app(s) found
[2026-09-13T18:55:35.175Z] [DEBUG] RSS ok: nz/macos/Productivity/top-free entries=99
[2026-09-13T18:55:45.180Z] [DEBUG] Hits: nz/macos/Productivity/top-free 5 app(s) found
[2026-09-13T18:55:46.066Z] [DEBUG] RSS ok: nz/macos/Utilities/top-free entries=100
[2026-09-13T18:55:56.072Z] [DEBUG] Hits: nz/macos/Utilities/top-free 2 app(s) found
[2026-09-13T18:55:56.901Z] [DEBUG] RSS ok: sg/macos/Business/top-free entries=100
[2026-09-13T18:56:06.907Z] [DEBUG] Hits: sg/macos/Business/top-free 4 app(s) found
[2026-09-13T18:56:07.818Z] [DEBUG] RSS ok: sg/macos/Productivity/top-free entries=99
[2026-09-13T18:56:17.824Z] [DEBUG] Hits: sg/macos/Productivity/top-free 3 app(s) found
[2026-09-13T18:56:17.825Z] [INFO] RSS progress: 50/60 (50 ok, 0 error, 140 points)
[2026-09-13T18:56:18.725Z] [DEBUG] RSS ok: sg/macos/Utilities/top-free entries=100
[2026-09-13T18:56:28.731Z] [DEBUG] Hits: sg/macos/Utilities/top-free 2 app(s) found
[2026-09-13T18:56:29.607Z] [DEBUG] RSS ok: in/macos/Business/top-free entries=100
[2026-09-13T18:56:39.613Z] [DEBUG] Hits: in/macos/Business/top-free 3 app(s) found
[2026-09-13T18:56:40.589Z] [DEBUG] RSS ok: in/macos/Productivity/top-free entries=99
[2026-09-13T18:56:50.592Z] [DEBUG] Hits: in/macos/Productivity/top-free 2 app(s) found
[2026-09-13T18:56:51.544Z] [DEBUG] RSS ok: in/macos/Utilities/top-free entries=100
[2026-09-13T18:57:02.421Z] [DEBUG] RSS ok: za/macos/Business/top-free entries=100
[2026-09-13T18:57:12.428Z] [DEBUG] Hits: za/macos/Business/top-free 2 app(s) found
[2026-09-13T18:57:13.274Z] [DEBUG] RSS ok: za/macos/Productivity/top-free entries=99
[2026-09-13T18:57:23.280Z] [DEBUG] Hits: za/macos/Productivity/top-free 4 app(s) found
[2026-09-13T18:57:24.242Z] [DEBUG] RSS ok: za/macos/Utilities/top-free entries=100
[2026-09-13T18:57:34.249Z] [DEBUG] Hits: za/macos/Utilities/top-free 4 app(s) found
[2026-09-13T18:57:35.000Z] [DEBUG] RSS ok: br/macos/Business/top-free entries=99
[2026-09-13T18:57:45.006Z] [DEBUG] Hits: br/macos/Business/top-free 3 app(s) found
[2026-09-13T18:57:45.919Z] [DEBUG] RSS ok: br/macos/Productivity/top-free entries=99
[2026-09-13T18:57:55.925Z] [DEBUG] Hits: br/macos/Productivity/top-free 4 app(s) found
[2026-09-13T18:57:56.758Z] [DEBUG] RSS ok: br/macos/Utilities/top-free entries=100
[2026-09-13T18:58:06.764Z] [INFO] RSS progress: 60/60 (60 ok, 0 error, 164 points)
[2026-09-13T18:58:06.764Z] [INFO] RSS fetch done: 60 ok, 0 error, 164 points
[2026-09-13T18:58:06.764Z] [INFO] Platform max returned: macos = 100
[2026-09-13T18:58:06.764Z] [INFO] RSS results: 60 ok, 0 error, 164 rank points
[2026-09-13T18:58:06.796Z] [INFO] Stored: 60 crawls, 164 points
[2026-09-13T18:58:06.820Z] [INFO] current.json written rows=23
[2026-09-13T18:58:06.821Z] [INFO] Current summary: on_chart=164, not_on_chart=296, depth_limited=0, crawl_error=0, total=460
[2026-09-13T18:58:06.821Z] [INFO] === Crawl complete === 653.5s
[2026-09-13T19:47:18.235Z] [INFO] === Crawl start === ts=2026-09-13T19:00:00Z
[2026-09-13T19:47:18.238Z] [INFO] Config loaded apps=4, platforms=macos, categories=Business,Productivity,Utilities
[2026-09-13T19:47:18.238Z] [INFO] App IDs to track: 23 our=4, competitors=19
[2026-09-13T19:47:18.239Z] [INFO] Lookup cached fetched_at=2026-09-13T00:57:45.605Z, 23 apps
[2026-09-13T19:47:18.239Z] [INFO] RSS requests: 60 countries=20, platforms=macos, categories=Business,Productivity,Utilities
[2026-09-13T19:47:18.239Z] [INFO] RSS fetch start: 60 requests, concurrency=1
[2026-09-13T19:47:19.380Z] [DEBUG] RSS ok: us/macos/Business/top-free entries=100
[2026-09-13T19:47:29.385Z] [DEBUG] Hits: us/macos/Business/top-free 4 app(s) found
[2026-09-13T19:47:30.134Z] [DEBUG] RSS ok: us/macos/Productivity/top-free entries=99
[2026-09-13T19:47:40.140Z] [DEBUG] Hits: us/macos/Productivity/top-free 6 app(s) found
[2026-09-13T19:47:40.921Z] [DEBUG] RSS ok: us/macos/Utilities/top-free entries=100
[2026-09-13T19:47:50.928Z] [DEBUG] Hits: us/macos/Utilities/top-free 1 app(s) found
[2026-09-13T19:47:51.635Z] [DEBUG] RSS ok: gb/macos/Business/top-free entries=100
[2026-09-13T19:48:01.642Z] [DEBUG] Hits: gb/macos/Business/top-free 4 app(s) found
[2026-09-13T19:48:02.518Z] [DEBUG] RSS ok: gb/macos/Productivity/top-free entries=99
[2026-09-13T19:48:12.525Z] [DEBUG] Hits: gb/macos/Productivity/top-free 4 app(s) found
[2026-09-13T19:48:14.036Z] [DEBUG] RSS ok: gb/macos/Utilities/top-free entries=100
[2026-09-13T19:48:24.043Z] [DEBUG] Hits: gb/macos/Utilities/top-free 3 app(s) found
[2026-09-13T19:48:24.793Z] [DEBUG] RSS ok: ca/macos/Business/top-free entries=99
[2026-09-13T19:48:34.800Z] [DEBUG] Hits: ca/macos/Business/top-free 4 app(s) found
[2026-09-13T19:48:35.691Z] [DEBUG] RSS ok: ca/macos/Productivity/top-free entries=99
[2026-09-13T19:48:45.697Z] [DEBUG] Hits: ca/macos/Productivity/top-free 5 app(s) found
[2026-09-13T19:48:46.536Z] [DEBUG] RSS ok: ca/macos/Utilities/top-free entries=100
[2026-09-13T19:48:56.542Z] [DEBUG] Hits: ca/macos/Utilities/top-free 1 app(s) found
[2026-09-13T19:48:57.909Z] [DEBUG] RSS ok: fr/macos/Business/top-free entries=99
[2026-09-13T19:49:07.914Z] [DEBUG] Hits: fr/macos/Business/top-free 3 app(s) found
[2026-09-13T19:49:07.914Z] [INFO] RSS progress: 10/60 (10 ok, 0 error, 35 points)
[2026-09-13T19:49:08.886Z] [DEBUG] RSS ok: fr/macos/Productivity/top-free entries=99
[2026-09-13T19:49:18.893Z] [DEBUG] Hits: fr/macos/Productivity/top-free 4 app(s) found
[2026-09-13T19:49:19.751Z] [DEBUG] RSS ok: fr/macos/Utilities/top-free entries=100
[2026-09-13T19:49:29.758Z] [DEBUG] Hits: fr/macos/Utilities/top-free 2 app(s) found
[2026-09-13T19:49:30.673Z] [DEBUG] RSS ok: de/macos/Business/top-free entries=100
[2026-09-13T19:49:40.680Z] [DEBUG] Hits: de/macos/Business/top-free 4 app(s) found
[2026-09-13T19:49:41.518Z] [DEBUG] RSS ok: de/macos/Productivity/top-free entries=99
[2026-09-13T19:49:51.525Z] [DEBUG] Hits: de/macos/Productivity/top-free 5 app(s) found
[2026-09-13T19:49:52.418Z] [DEBUG] RSS ok: de/macos/Utilities/top-free entries=100
[2026-09-13T19:50:02.423Z] [DEBUG] Hits: de/macos/Utilities/top-free 4 app(s) found
[2026-09-13T19:50:03.333Z] [DEBUG] RSS ok: jp/macos/Business/top-free entries=100
[2026-09-13T19:50:13.339Z] [DEBUG] Hits: jp/macos/Business/top-free 2 app(s) found
[2026-09-13T19:50:14.334Z] [DEBUG] RSS ok: jp/macos/Productivity/top-free entries=99
[2026-09-13T19:50:24.340Z] [DEBUG] Hits: jp/macos/Productivity/top-free 4 app(s) found
[2026-09-13T19:50:25.147Z] [DEBUG] RSS ok: jp/macos/Utilities/top-free entries=100
[2026-09-13T19:50:35.153Z] [DEBUG] Hits: jp/macos/Utilities/top-free 4 app(s) found
[2026-09-13T19:50:36.014Z] [DEBUG] RSS ok: au/macos/Business/top-free entries=100
[2026-09-13T19:50:46.021Z] [DEBUG] Hits: au/macos/Business/top-free 4 app(s) found
[2026-09-13T19:50:47.039Z] [DEBUG] RSS ok: au/macos/Productivity/top-free entries=99
[2026-09-13T19:50:57.046Z] [INFO] RSS progress: 20/60 (20 ok, 0 error, 71 points)
[2026-09-13T19:50:57.045Z] [DEBUG] Hits: au/macos/Productivity/top-free 3 app(s) found
[2026-09-13T19:51:00.199Z] [DEBUG] RSS ok: au/macos/Utilities/top-free entries=100
[2026-09-13T19:51:10.200Z] [DEBUG] Hits: au/macos/Utilities/top-free 1 app(s) found
[2026-09-13T19:51:11.037Z] [DEBUG] RSS ok: es/macos/Business/top-free entries=100
[2026-09-13T19:51:21.044Z] [DEBUG] Hits: es/macos/Business/top-free 3 app(s) found
[2026-09-13T19:51:21.914Z] [DEBUG] RSS ok: es/macos/Productivity/top-free entries=99
[2026-09-13T19:51:31.920Z] [DEBUG] Hits: es/macos/Productivity/top-free 5 app(s) found
[2026-09-13T19:51:32.698Z] [DEBUG] RSS ok: es/macos/Utilities/top-free entries=100
[2026-09-13T19:51:43.527Z] [DEBUG] RSS ok: it/macos/Business/top-free entries=99
[2026-09-13T19:51:53.534Z] [DEBUG] Hits: it/macos/Business/top-free 2 app(s) found
[2026-09-13T19:51:54.375Z] [DEBUG] RSS ok: it/macos/Productivity/top-free entries=99
[2026-09-13T19:52:04.382Z] [DEBUG] Hits: it/macos/Productivity/top-free 5 app(s) found
[2026-09-13T19:52:05.341Z] [DEBUG] RSS ok: it/macos/Utilities/top-free entries=100
[2026-09-13T19:52:16.146Z] [DEBUG] RSS ok: pt/macos/Business/top-free entries=100
[2026-09-13T19:52:26.153Z] [DEBUG] Hits: pt/macos/Business/top-free 3 app(s) found
[2026-09-13T19:52:27.567Z] [DEBUG] RSS ok: pt/macos/Productivity/top-free entries=99
[2026-09-13T19:52:37.574Z] [DEBUG] Hits: pt/macos/Productivity/top-free 3 app(s) found
[2026-09-13T19:52:38.572Z] [DEBUG] RSS ok: pt/macos/Utilities/top-free entries=100
[2026-09-13T19:52:48.576Z] [INFO] RSS progress: 30/60 (30 ok, 0 error, 93 points)
[2026-09-13T19:52:49.574Z] [DEBUG] RSS ok: ch/macos/Business/top-free entries=99
[2026-09-13T19:52:59.580Z] [DEBUG] Hits: ch/macos/Business/top-free 4 app(s) found
[2026-09-13T19:53:00.369Z] [DEBUG] RSS ok: ch/macos/Productivity/top-free entries=99
[2026-09-13T19:53:10.376Z] [DEBUG] Hits: ch/macos/Productivity/top-free 4 app(s) found
[2026-09-13T19:53:11.159Z] [DEBUG] RSS ok: ch/macos/Utilities/top-free entries=100
[2026-09-13T19:53:21.166Z] [DEBUG] Hits: ch/macos/Utilities/top-free 2 app(s) found
[2026-09-13T19:53:22.039Z] [DEBUG] RSS ok: be/macos/Business/top-free entries=100
[2026-09-13T19:53:32.044Z] [DEBUG] Hits: be/macos/Business/top-free 4 app(s) found
[2026-09-13T19:53:32.937Z] [DEBUG] RSS ok: be/macos/Productivity/top-free entries=99
[2026-09-13T19:53:42.942Z] [DEBUG] Hits: be/macos/Productivity/top-free 5 app(s) found
[2026-09-13T19:53:43.722Z] [DEBUG] RSS ok: be/macos/Utilities/top-free entries=100
[2026-09-13T19:53:55.530Z] [DEBUG] RSS ok: nl/macos/Business/top-free entries=100
[2026-09-13T19:54:05.536Z] [DEBUG] Hits: nl/macos/Business/top-free 3 app(s) found
[2026-09-13T19:54:06.409Z] [DEBUG] RSS ok: nl/macos/Productivity/top-free entries=99
[2026-09-13T19:54:16.416Z] [DEBUG] Hits: nl/macos/Productivity/top-free 4 app(s) found
[2026-09-13T19:54:17.238Z] [DEBUG] RSS ok: nl/macos/Utilities/top-free entries=100
[2026-09-13T19:54:27.240Z] [DEBUG] Hits: nl/macos/Utilities/top-free 1 app(s) found
[2026-09-13T19:54:27.994Z] [DEBUG] RSS ok: tw/macos/Business/top-free entries=100
[2026-09-13T19:54:38.001Z] [DEBUG] Hits: tw/macos/Business/top-free 3 app(s) found
[2026-09-13T19:54:38.001Z] [INFO] RSS progress: 40/60 (40 ok, 0 error, 123 points)
[2026-09-13T19:54:39.127Z] [DEBUG] RSS ok: tw/macos/Productivity/top-free entries=99
[2026-09-13T19:54:49.134Z] [DEBUG] Hits: tw/macos/Productivity/top-free 3 app(s) found
[2026-09-13T19:54:50.012Z] [DEBUG] RSS ok: tw/macos/Utilities/top-free entries=100
[2026-09-13T19:55:00.904Z] [DEBUG] RSS ok: hk/macos/Business/top-free entries=100
[2026-09-13T19:55:10.910Z] [DEBUG] Hits: hk/macos/Business/top-free 1 app(s) found
[2026-09-13T19:55:11.944Z] [DEBUG] RSS ok: hk/macos/Productivity/top-free entries=99
[2026-09-13T19:55:21.950Z] [DEBUG] Hits: hk/macos/Productivity/top-free 4 app(s) found
[2026-09-13T19:55:22.911Z] [DEBUG] RSS ok: hk/macos/Utilities/top-free entries=100
[2026-09-13T19:55:33.683Z] [DEBUG] RSS ok: nz/macos/Business/top-free entries=100
[2026-09-13T19:55:43.689Z] [DEBUG] Hits: nz/macos/Business/top-free 2 app(s) found
[2026-09-13T19:55:45.611Z] [DEBUG] RSS ok: nz/macos/Productivity/top-free entries=99
[2026-09-13T19:55:55.617Z] [DEBUG] Hits: nz/macos/Productivity/top-free 5 app(s) found
[2026-09-13T19:55:56.656Z] [DEBUG] RSS ok: nz/macos/Utilities/top-free entries=100
[2026-09-13T19:56:06.661Z] [DEBUG] Hits: nz/macos/Utilities/top-free 2 app(s) found
[2026-09-13T19:56:07.597Z] [DEBUG] RSS ok: sg/macos/Business/top-free entries=100
[2026-09-13T19:56:17.604Z] [DEBUG] Hits: sg/macos/Business/top-free 4 app(s) found
[2026-09-13T19:56:18.496Z] [DEBUG] RSS ok: sg/macos/Productivity/top-free entries=99
[2026-09-13T19:56:28.503Z] [DEBUG] Hits: sg/macos/Productivity/top-free 4 app(s) found
[2026-09-13T19:56:28.503Z] [INFO] RSS progress: 50/60 (50 ok, 0 error, 148 points)
[2026-09-13T19:56:29.355Z] [DEBUG] RSS ok: sg/macos/Utilities/top-free entries=100
[2026-09-13T19:56:39.361Z] [DEBUG] Hits: sg/macos/Utilities/top-free 2 app(s) found
[2026-09-13T19:56:40.455Z] [DEBUG] RSS ok: in/macos/Business/top-free entries=100
[2026-09-13T19:56:50.461Z] [DEBUG] Hits: in/macos/Business/top-free 3 app(s) found
[2026-09-13T19:56:51.588Z] [DEBUG] RSS ok: in/macos/Productivity/top-free entries=99
[2026-09-13T19:57:01.595Z] [DEBUG] Hits: in/macos/Productivity/top-free 2 app(s) found
[2026-09-13T19:57:02.326Z] [DEBUG] RSS ok: in/macos/Utilities/top-free entries=100
[2026-09-13T19:57:13.121Z] [DEBUG] RSS ok: za/macos/Business/top-free entries=100
[2026-09-13T19:57:23.127Z] [DEBUG] Hits: za/macos/Business/top-free 2 app(s) found
[2026-09-13T19:57:24.227Z] [DEBUG] RSS ok: za/macos/Productivity/top-free entries=99
[2026-09-13T19:57:34.234Z] [DEBUG] Hits: za/macos/Productivity/top-free 4 app(s) found
[2026-09-13T19:57:35.143Z] [DEBUG] RSS ok: za/macos/Utilities/top-free entries=100
[2026-09-13T19:57:45.144Z] [DEBUG] Hits: za/macos/Utilities/top-free 4 app(s) found
[2026-09-13T19:57:45.956Z] [DEBUG] RSS ok: br/macos/Business/top-free entries=100
[2026-09-13T19:57:55.963Z] [DEBUG] Hits: br/macos/Business/top-free 3 app(s) found
[2026-09-13T19:57:56.903Z] [DEBUG] RSS ok: br/macos/Productivity/top-free entries=99
[2026-09-13T19:58:06.904Z] [DEBUG] Hits: br/macos/Productivity/top-free 3 app(s) found
[2026-09-13T19:58:07.692Z] [DEBUG] RSS ok: br/macos/Utilities/top-free entries=100
[2026-09-13T19:58:17.697Z] [INFO] RSS progress: 60/60 (60 ok, 0 error, 171 points)
[2026-09-13T19:58:17.697Z] [INFO] RSS fetch done: 60 ok, 0 error, 171 points
[2026-09-13T19:58:17.698Z] [INFO] Platform max returned: macos = 100
[2026-09-13T19:58:17.698Z] [INFO] RSS results: 60 ok, 0 error, 171 rank points
[2026-09-13T19:58:17.718Z] [INFO] Stored: 60 crawls, 171 points
[2026-09-13T19:58:17.727Z] [INFO] current.json written rows=23
[2026-09-13T19:58:17.727Z] [INFO] Current summary: on_chart=171, not_on_chart=289, depth_limited=0, crawl_error=0, total=460
[2026-09-13T19:58:17.727Z] [INFO] === Crawl complete === 659.5s
[2026-09-13T20:47:11.787Z] [INFO] === Crawl start === ts=2026-09-13T20:00:00Z
[2026-09-13T20:47:11.791Z] [INFO] Config loaded apps=4, platforms=macos, categories=Business,Productivity,Utilities
[2026-09-13T20:47:11.791Z] [INFO] App IDs to track: 23 our=4, competitors=19
[2026-09-13T20:47:11.792Z] [INFO] Lookup cached fetched_at=2026-09-13T00:57:45.605Z, 23 apps
[2026-09-13T20:47:11.793Z] [INFO] RSS requests: 60 countries=20, platforms=macos, categories=Business,Productivity,Utilities
[2026-09-13T20:47:11.793Z] [INFO] RSS fetch start: 60 requests, concurrency=1
[2026-09-13T20:47:12.633Z] [DEBUG] RSS ok: us/macos/Business/top-free entries=100
[2026-09-13T20:47:22.636Z] [DEBUG] Hits: us/macos/Business/top-free 4 app(s) found
[2026-09-13T20:47:23.366Z] [DEBUG] RSS ok: us/macos/Productivity/top-free entries=99
[2026-09-13T20:47:33.372Z] [DEBUG] Hits: us/macos/Productivity/top-free 6 app(s) found
[2026-09-13T20:47:34.256Z] [DEBUG] RSS ok: us/macos/Utilities/top-free entries=100
[2026-09-13T20:47:44.262Z] [DEBUG] Hits: us/macos/Utilities/top-free 1 app(s) found
[2026-09-13T20:47:45.093Z] [DEBUG] RSS ok: gb/macos/Business/top-free entries=100
[2026-09-13T20:47:55.100Z] [DEBUG] Hits: gb/macos/Business/top-free 4 app(s) found
[2026-09-13T20:47:55.881Z] [DEBUG] RSS ok: gb/macos/Productivity/top-free entries=99
[2026-09-13T20:48:05.887Z] [DEBUG] Hits: gb/macos/Productivity/top-free 4 app(s) found
[2026-09-13T20:48:06.767Z] [DEBUG] RSS ok: gb/macos/Utilities/top-free entries=100
[2026-09-13T20:48:16.774Z] [DEBUG] Hits: gb/macos/Utilities/top-free 3 app(s) found
[2026-09-13T20:48:17.591Z] [DEBUG] RSS ok: ca/macos/Business/top-free entries=99
[2026-09-13T20:48:27.595Z] [DEBUG] Hits: ca/macos/Business/top-free 4 app(s) found
[2026-09-13T20:48:28.445Z] [DEBUG] RSS ok: ca/macos/Productivity/top-free entries=99
[2026-09-13T20:48:38.451Z] [DEBUG] Hits: ca/macos/Productivity/top-free 5 app(s) found
[2026-09-13T20:48:39.454Z] [DEBUG] RSS ok: ca/macos/Utilities/top-free entries=100
[2026-09-13T20:48:49.460Z] [DEBUG] Hits: ca/macos/Utilities/top-free 1 app(s) found
[2026-09-13T20:48:50.361Z] [DEBUG] RSS ok: fr/macos/Business/top-free entries=99
[2026-09-13T20:49:00.367Z] [DEBUG] Hits: fr/macos/Business/top-free 3 app(s) found
[2026-09-13T20:49:00.367Z] [INFO] RSS progress: 10/60 (10 ok, 0 error, 35 points)
[2026-09-13T20:49:01.398Z] [DEBUG] RSS ok: fr/macos/Productivity/top-free entries=99
[2026-09-13T20:49:11.404Z] [DEBUG] Hits: fr/macos/Productivity/top-free 4 app(s) found
[2026-09-13T20:49:12.235Z] [DEBUG] RSS ok: fr/macos/Utilities/top-free entries=100
[2026-09-13T20:49:22.242Z] [DEBUG] Hits: fr/macos/Utilities/top-free 2 app(s) found
[2026-09-13T20:49:23.066Z] [DEBUG] RSS ok: de/macos/Business/top-free entries=100
[2026-09-13T20:49:33.072Z] [DEBUG] Hits: de/macos/Business/top-free 4 app(s) found
[2026-09-13T20:49:33.943Z] [DEBUG] RSS ok: de/macos/Productivity/top-free entries=99
[2026-09-13T20:49:43.950Z] [DEBUG] Hits: de/macos/Productivity/top-free 5 app(s) found
[2026-09-13T20:49:44.763Z] [DEBUG] RSS ok: de/macos/Utilities/top-free entries=100
[2026-09-13T20:49:54.765Z] [DEBUG] Hits: de/macos/Utilities/top-free 4 app(s) found
[2026-09-13T20:49:55.664Z] [DEBUG] RSS ok: jp/macos/Business/top-free entries=100
[2026-09-13T20:50:05.669Z] [DEBUG] Hits: jp/macos/Business/top-free 2 app(s) found
[2026-09-13T20:50:06.694Z] [DEBUG] RSS ok: jp/macos/Productivity/top-free entries=99
[2026-09-13T20:50:16.701Z] [DEBUG] Hits: jp/macos/Productivity/top-free 4 app(s) found
[2026-09-13T20:50:17.595Z] [DEBUG] RSS ok: jp/macos/Utilities/top-free entries=100
[2026-09-13T20:50:27.602Z] [DEBUG] Hits: jp/macos/Utilities/top-free 4 app(s) found
[2026-09-13T20:50:28.435Z] [DEBUG] RSS ok: au/macos/Business/top-free entries=100
[2026-09-13T20:50:38.442Z] [DEBUG] Hits: au/macos/Business/top-free 4 app(s) found
[2026-09-13T20:50:39.353Z] [DEBUG] RSS ok: au/macos/Productivity/top-free entries=99
[2026-09-13T20:50:49.358Z] [DEBUG] Hits: au/macos/Productivity/top-free 3 app(s) found
[2026-09-13T20:50:49.358Z] [INFO] RSS progress: 20/60 (20 ok, 0 error, 71 points)
[2026-09-13T20:50:50.189Z] [DEBUG] RSS ok: au/macos/Utilities/top-free entries=100
[2026-09-13T20:51:00.195Z] [DEBUG] Hits: au/macos/Utilities/top-free 1 app(s) found
[2026-09-13T20:51:01.164Z] [DEBUG] RSS ok: es/macos/Business/top-free entries=100
[2026-09-13T20:51:11.169Z] [DEBUG] Hits: es/macos/Business/top-free 3 app(s) found
[2026-09-13T20:51:12.073Z] [DEBUG] RSS ok: es/macos/Productivity/top-free entries=99
[2026-09-13T20:51:22.080Z] [DEBUG] Hits: es/macos/Productivity/top-free 5 app(s) found
[2026-09-13T20:51:22.979Z] [DEBUG] RSS ok: es/macos/Utilities/top-free entries=100
[2026-09-13T20:51:33.894Z] [DEBUG] RSS ok: it/macos/Business/top-free entries=99
[2026-09-13T20:51:43.901Z] [DEBUG] Hits: it/macos/Business/top-free 2 app(s) found
[2026-09-13T20:51:44.685Z] [DEBUG] RSS ok: it/macos/Productivity/top-free entries=99
[2026-09-13T20:51:54.692Z] [DEBUG] Hits: it/macos/Productivity/top-free 5 app(s) found
[2026-09-13T20:51:55.542Z] [DEBUG] RSS ok: it/macos/Utilities/top-free entries=100
[2026-09-13T20:52:06.388Z] [DEBUG] RSS ok: pt/macos/Business/top-free entries=100
[2026-09-13T20:52:16.395Z] [DEBUG] Hits: pt/macos/Business/top-free 3 app(s) found
[2026-09-13T20:52:17.319Z] [DEBUG] RSS ok: pt/macos/Productivity/top-free entries=99
[2026-09-13T20:52:27.326Z] [DEBUG] Hits: pt/macos/Productivity/top-free 3 app(s) found
[2026-09-13T20:52:28.060Z] [DEBUG] RSS ok: pt/macos/Utilities/top-free entries=100
[2026-09-13T20:52:38.066Z] [INFO] RSS progress: 30/60 (30 ok, 0 error, 93 points)
[2026-09-13T20:52:39.369Z] [DEBUG] RSS ok: ch/macos/Business/top-free entries=99
[2026-09-13T20:52:49.376Z] [DEBUG] Hits: ch/macos/Business/top-free 4 app(s) found
[2026-09-13T20:52:50.243Z] [DEBUG] RSS ok: ch/macos/Productivity/top-free entries=99
[2026-09-13T20:53:00.250Z] [DEBUG] Hits: ch/macos/Productivity/top-free 4 app(s) found
[2026-09-13T20:53:01.060Z] [DEBUG] RSS ok: ch/macos/Utilities/top-free entries=100
[2026-09-13T20:53:11.067Z] [DEBUG] Hits: ch/macos/Utilities/top-free 2 app(s) found
[2026-09-13T20:53:11.847Z] [DEBUG] RSS ok: be/macos/Business/top-free entries=100
[2026-09-13T20:53:21.854Z] [DEBUG] Hits: be/macos/Business/top-free 4 app(s) found
[2026-09-13T20:53:22.777Z] [DEBUG] RSS ok: be/macos/Productivity/top-free entries=99
[2026-09-13T20:53:32.779Z] [DEBUG] Hits: be/macos/Productivity/top-free 5 app(s) found
[2026-09-13T20:53:33.628Z] [DEBUG] RSS ok: be/macos/Utilities/top-free entries=100
[2026-09-13T20:53:44.622Z] [DEBUG] RSS ok: nl/macos/Business/top-free entries=100
[2026-09-13T20:53:54.626Z] [DEBUG] Hits: nl/macos/Business/top-free 3 app(s) found
[2026-09-13T20:53:55.589Z] [DEBUG] RSS ok: nl/macos/Productivity/top-free entries=99
[2026-09-13T20:54:05.596Z] [DEBUG] Hits: nl/macos/Productivity/top-free 4 app(s) found
[2026-09-13T20:54:06.476Z] [DEBUG] RSS ok: nl/macos/Utilities/top-free entries=100
[2026-09-13T20:54:16.482Z] [DEBUG] Hits: nl/macos/Utilities/top-free 1 app(s) found
[2026-09-13T20:54:17.485Z] [DEBUG] RSS ok: tw/macos/Business/top-free entries=100
[2026-09-13T20:54:27.492Z] [INFO] RSS progress: 40/60 (40 ok, 0 error, 123 points)
[2026-09-13T20:54:27.492Z] [DEBUG] Hits: tw/macos/Business/top-free 3 app(s) found
[2026-09-13T20:54:28.783Z] [DEBUG] RSS ok: tw/macos/Productivity/top-free entries=99
[2026-09-13T20:54:38.789Z] [DEBUG] Hits: tw/macos/Productivity/top-free 3 app(s) found
[2026-09-13T20:54:39.589Z] [DEBUG] RSS ok: tw/macos/Utilities/top-free entries=100
[2026-09-13T20:54:50.534Z] [DEBUG] RSS ok: hk/macos/Business/top-free entries=100
[2026-09-13T20:55:00.541Z] [DEBUG] Hits: hk/macos/Business/top-free 1 app(s) found
[2026-09-13T20:55:01.378Z] [DEBUG] RSS ok: hk/macos/Productivity/top-free entries=99
[2026-09-13T20:55:11.385Z] [DEBUG] Hits: hk/macos/Productivity/top-free 4 app(s) found
[2026-09-13T20:55:12.276Z] [DEBUG] RSS ok: hk/macos/Utilities/top-free entries=100
[2026-09-13T20:55:23.261Z] [DEBUG] RSS ok: nz/macos/Business/top-free entries=100
[2026-09-13T20:55:33.267Z] [DEBUG] Hits: nz/macos/Business/top-free 2 app(s) found
[2026-09-13T20:55:34.336Z] [DEBUG] RSS ok: nz/macos/Productivity/top-free entries=99
[2026-09-13T20:55:44.341Z] [DEBUG] Hits: nz/macos/Productivity/top-free 5 app(s) found
[2026-09-13T20:55:45.343Z] [DEBUG] RSS ok: nz/macos/Utilities/top-free entries=100
[2026-09-13T20:55:55.349Z] [DEBUG] Hits: nz/macos/Utilities/top-free 2 app(s) found
[2026-09-13T20:55:56.077Z] [DEBUG] RSS ok: sg/macos/Business/top-free entries=100
[2026-09-13T20:56:06.084Z] [DEBUG] Hits: sg/macos/Business/top-free 4 app(s) found
[2026-09-13T20:56:06.957Z] [DEBUG] RSS ok: sg/macos/Productivity/top-free entries=99
[2026-09-13T20:56:16.964Z] [DEBUG] Hits: sg/macos/Productivity/top-free 4 app(s) found
[2026-09-13T20:56:16.964Z] [INFO] RSS progress: 50/60 (50 ok, 0 error, 148 points)
[2026-09-13T20:56:17.900Z] [DEBUG] RSS ok: sg/macos/Utilities/top-free entries=100
[2026-09-13T20:56:27.905Z] [DEBUG] Hits: sg/macos/Utilities/top-free 2 app(s) found
[2026-09-13T20:56:28.793Z] [DEBUG] RSS ok: in/macos/Business/top-free entries=100
[2026-09-13T20:56:38.799Z] [DEBUG] Hits: in/macos/Business/top-free 3 app(s) found
[2026-09-13T20:56:39.689Z] [DEBUG] RSS ok: in/macos/Productivity/top-free entries=99
[2026-09-13T20:56:49.696Z] [DEBUG] Hits: in/macos/Productivity/top-free 2 app(s) found
[2026-09-13T20:56:50.553Z] [DEBUG] RSS ok: in/macos/Utilities/top-free entries=100
[2026-09-13T20:57:01.635Z] [DEBUG] RSS ok: za/macos/Business/top-free entries=100
[2026-09-13T20:57:11.642Z] [DEBUG] Hits: za/macos/Business/top-free 2 app(s) found
[2026-09-13T20:57:12.580Z] [DEBUG] RSS ok: za/macos/Productivity/top-free entries=99
[2026-09-13T20:57:22.586Z] [DEBUG] Hits: za/macos/Productivity/top-free 4 app(s) found
[2026-09-13T20:57:23.572Z] [DEBUG] RSS ok: za/macos/Utilities/top-free entries=100
[2026-09-13T20:57:33.578Z] [DEBUG] Hits: za/macos/Utilities/top-free 4 app(s) found
[2026-09-13T20:57:34.330Z] [DEBUG] RSS ok: br/macos/Business/top-free entries=100
[2026-09-13T20:57:44.336Z] [DEBUG] Hits: br/macos/Business/top-free 3 app(s) found
[2026-09-13T20:57:45.052Z] [DEBUG] RSS ok: br/macos/Productivity/top-free entries=99
[2026-09-13T20:57:55.057Z] [DEBUG] Hits: br/macos/Productivity/top-free 3 app(s) found
[2026-09-13T20:57:55.979Z] [DEBUG] RSS ok: br/macos/Utilities/top-free entries=100
[2026-09-13T20:58:05.984Z] [INFO] RSS progress: 60/60 (60 ok, 0 error, 171 points)
[2026-09-13T20:58:05.985Z] [INFO] RSS fetch done: 60 ok, 0 error, 171 points
[2026-09-13T20:58:05.985Z] [INFO] Platform max returned: macos = 100
[2026-09-13T20:58:05.985Z] [INFO] RSS results: 60 ok, 0 error, 171 rank points
[2026-09-13T20:58:06.015Z] [INFO] Stored: 60 crawls, 171 points
[2026-09-13T20:58:06.026Z] [INFO] current.json written rows=23
[2026-09-13T20:58:06.027Z] [INFO] Current summary: on_chart=171, not_on_chart=289, depth_limited=0, crawl_error=0, total=460
[2026-09-13T20:58:06.027Z] [INFO] === Crawl complete === 654.2s
[2026-09-13T21:47:13.560Z] [INFO] === Crawl start === ts=2026-09-13T21:00:00Z
[2026-09-13T21:47:13.564Z] [INFO] Config loaded apps=4, platforms=macos, categories=Business,Productivity,Utilities
[2026-09-13T21:47:13.564Z] [INFO] App IDs to track: 23 our=4, competitors=19
[2026-09-13T21:47:13.566Z] [INFO] Lookup cached fetched_at=2026-09-13T00:57:45.605Z, 23 apps
[2026-09-13T21:47:13.566Z] [INFO] RSS requests: 60 countries=20, platforms=macos, categories=Business,Productivity,Utilities
[2026-09-13T21:47:13.566Z] [INFO] RSS fetch start: 60 requests, concurrency=1
[2026-09-13T21:47:14.852Z] [DEBUG] RSS ok: us/macos/Business/top-free entries=100
[2026-09-13T21:47:24.856Z] [DEBUG] Hits: us/macos/Business/top-free 4 app(s) found
[2026-09-13T21:47:25.637Z] [DEBUG] RSS ok: us/macos/Productivity/top-free entries=99
[2026-09-13T21:47:35.644Z] [DEBUG] Hits: us/macos/Productivity/top-free 6 app(s) found
[2026-09-13T21:47:36.577Z] [DEBUG] RSS ok: us/macos/Utilities/top-free entries=100
[2026-09-13T21:47:46.583Z] [DEBUG] Hits: us/macos/Utilities/top-free 1 app(s) found
[2026-09-13T21:47:47.335Z] [DEBUG] RSS ok: gb/macos/Business/top-free entries=100
[2026-09-13T21:47:57.338Z] [DEBUG] Hits: gb/macos/Business/top-free 4 app(s) found
[2026-09-13T21:47:58.218Z] [DEBUG] RSS ok: gb/macos/Productivity/top-free entries=99
[2026-09-13T21:48:08.225Z] [DEBUG] Hits: gb/macos/Productivity/top-free 4 app(s) found
[2026-09-13T21:48:09.081Z] [DEBUG] RSS ok: gb/macos/Utilities/top-free entries=100
[2026-09-13T21:48:19.082Z] [DEBUG] Hits: gb/macos/Utilities/top-free 3 app(s) found
[2026-09-13T21:48:20.047Z] [DEBUG] RSS ok: ca/macos/Business/top-free entries=99
[2026-09-13T21:48:30.054Z] [DEBUG] Hits: ca/macos/Business/top-free 4 app(s) found
[2026-09-13T21:48:30.826Z] [DEBUG] RSS ok: ca/macos/Productivity/top-free entries=99
[2026-09-13T21:48:40.833Z] [DEBUG] Hits: ca/macos/Productivity/top-free 5 app(s) found
[2026-09-13T21:48:41.746Z] [DEBUG] RSS ok: ca/macos/Utilities/top-free entries=100
[2026-09-13T21:48:51.753Z] [DEBUG] Hits: ca/macos/Utilities/top-free 1 app(s) found
[2026-09-13T21:48:52.591Z] [DEBUG] RSS ok: fr/macos/Business/top-free entries=99
[2026-09-13T21:49:02.597Z] [DEBUG] Hits: fr/macos/Business/top-free 3 app(s) found
[2026-09-13T21:49:02.598Z] [INFO] RSS progress: 10/60 (10 ok, 0 error, 35 points)
[2026-09-13T21:49:03.637Z] [DEBUG] RSS ok: fr/macos/Productivity/top-free entries=99
[2026-09-13T21:49:13.643Z] [DEBUG] Hits: fr/macos/Productivity/top-free 4 app(s) found
[2026-09-13T21:49:14.339Z] [DEBUG] RSS ok: fr/macos/Utilities/top-free entries=100
[2026-09-13T21:49:24.346Z] [DEBUG] Hits: fr/macos/Utilities/top-free 2 app(s) found
[2026-09-13T21:49:25.210Z] [DEBUG] RSS ok: de/macos/Business/top-free entries=100
[2026-09-13T21:49:35.217Z] [DEBUG] Hits: de/macos/Business/top-free 4 app(s) found
[2026-09-13T21:49:36.101Z] [DEBUG] RSS ok: de/macos/Productivity/top-free entries=99
[2026-09-13T21:49:46.106Z] [DEBUG] Hits: de/macos/Productivity/top-free 5 app(s) found
[2026-09-13T21:49:47.000Z] [DEBUG] RSS ok: de/macos/Utilities/top-free entries=100
[2026-09-13T21:49:57.006Z] [DEBUG] Hits: de/macos/Utilities/top-free 4 app(s) found
[2026-09-13T21:49:57.985Z] [DEBUG] RSS ok: jp/macos/Business/top-free entries=100
[2026-09-13T21:50:07.992Z] [DEBUG] Hits: jp/macos/Business/top-free 2 app(s) found
[2026-09-13T21:50:08.900Z] [DEBUG] RSS ok: jp/macos/Productivity/top-free entries=99
[2026-09-13T21:50:18.907Z] [DEBUG] Hits: jp/macos/Productivity/top-free 4 app(s) found
[2026-09-13T21:50:19.704Z] [DEBUG] RSS ok: jp/macos/Utilities/top-free entries=100
[2026-09-13T21:50:29.711Z] [DEBUG] Hits: jp/macos/Utilities/top-free 4 app(s) found
[2026-09-13T21:50:30.583Z] [DEBUG] RSS ok: au/macos/Business/top-free entries=100
[2026-09-13T21:50:40.589Z] [DEBUG] Hits: au/macos/Business/top-free 4 app(s) found
[2026-09-13T21:50:41.419Z] [DEBUG] RSS ok: au/macos/Productivity/top-free entries=99
[2026-09-13T21:50:51.425Z] [DEBUG] Hits: au/macos/Productivity/top-free 3 app(s) found
[2026-09-13T21:50:51.426Z] [INFO] RSS progress: 20/60 (20 ok, 0 error, 71 points)
[2026-09-13T21:50:52.388Z] [DEBUG] RSS ok: au/macos/Utilities/top-free entries=100
[2026-09-13T21:51:02.395Z] [DEBUG] Hits: au/macos/Utilities/top-free 1 app(s) found
[2026-09-13T21:51:03.274Z] [DEBUG] RSS ok: es/macos/Business/top-free entries=100
[2026-09-13T21:51:13.281Z] [DEBUG] Hits: es/macos/Business/top-free 3 app(s) found
[2026-09-13T21:51:14.106Z] [DEBUG] RSS ok: es/macos/Productivity/top-free entries=99
[2026-09-13T21:51:24.113Z] [DEBUG] Hits: es/macos/Productivity/top-free 5 app(s) found
[2026-09-13T21:51:24.871Z] [DEBUG] RSS ok: es/macos/Utilities/top-free entries=100
[2026-09-13T21:51:35.737Z] [DEBUG] RSS ok: it/macos/Business/top-free entries=99
[2026-09-13T21:51:45.743Z] [DEBUG] Hits: it/macos/Business/top-free 2 app(s) found
[2026-09-13T21:51:46.577Z] [DEBUG] RSS ok: it/macos/Productivity/top-free entries=99
[2026-09-13T21:51:56.583Z] [DEBUG] Hits: it/macos/Productivity/top-free 5 app(s) found
[2026-09-13T21:51:57.333Z] [DEBUG] RSS ok: it/macos/Utilities/top-free entries=100
[2026-09-13T21:52:08.362Z] [DEBUG] RSS ok: pt/macos/Business/top-free entries=100
[2026-09-13T21:52:18.368Z] [DEBUG] Hits: pt/macos/Business/top-free 3 app(s) found
[2026-09-13T21:52:19.257Z] [DEBUG] RSS ok: pt/macos/Productivity/top-free entries=99
[2026-09-13T21:52:29.264Z] [DEBUG] Hits: pt/macos/Productivity/top-free 3 app(s) found
[2026-09-13T21:52:30.041Z] [DEBUG] RSS ok: pt/macos/Utilities/top-free entries=100
[2026-09-13T21:52:40.047Z] [INFO] RSS progress: 30/60 (30 ok, 0 error, 93 points)
[2026-09-13T21:52:41.162Z] [DEBUG] RSS ok: ch/macos/Business/top-free entries=99
[2026-09-13T21:52:51.169Z] [DEBUG] Hits: ch/macos/Business/top-free 4 app(s) found
[2026-09-13T21:52:52.121Z] [DEBUG] RSS ok: ch/macos/Productivity/top-free entries=99
[2026-09-13T21:53:02.128Z] [DEBUG] Hits: ch/macos/Productivity/top-free 4 app(s) found
[2026-09-13T21:53:03.007Z] [DEBUG] RSS ok: ch/macos/Utilities/top-free entries=100
[2026-09-13T21:53:13.010Z] [DEBUG] Hits: ch/macos/Utilities/top-free 2 app(s) found
[2026-09-13T21:53:13.715Z] [DEBUG] RSS ok: be/macos/Business/top-free entries=100
[2026-09-13T21:53:23.721Z] [DEBUG] Hits: be/macos/Business/top-free 4 app(s) found
[2026-09-13T21:53:24.752Z] [DEBUG] RSS ok: be/macos/Productivity/top-free entries=99
[2026-09-13T21:53:34.758Z] [DEBUG] Hits: be/macos/Productivity/top-free 5 app(s) found
[2026-09-13T21:53:35.686Z] [DEBUG] RSS ok: be/macos/Utilities/top-free entries=100
[2026-09-13T21:53:46.582Z] [DEBUG] RSS ok: nl/macos/Business/top-free entries=100
[2026-09-13T21:53:56.588Z] [DEBUG] Hits: nl/macos/Business/top-free 3 app(s) found
[2026-09-13T21:53:57.231Z] [DEBUG] RSS ok: nl/macos/Productivity/top-free entries=99
[2026-09-13T21:54:07.237Z] [DEBUG] Hits: nl/macos/Productivity/top-free 4 app(s) found
[2026-09-13T21:54:08.115Z] [DEBUG] RSS ok: nl/macos/Utilities/top-free entries=100
[2026-09-13T21:54:18.121Z] [DEBUG] Hits: nl/macos/Utilities/top-free 1 app(s) found
[2026-09-13T21:54:19.074Z] [DEBUG] RSS ok: tw/macos/Business/top-free entries=100
[2026-09-13T21:54:29.080Z] [DEBUG] Hits: tw/macos/Business/top-free 3 app(s) found
[2026-09-13T21:54:29.080Z] [INFO] RSS progress: 40/60 (40 ok, 0 error, 123 points)
[2026-09-13T21:54:29.858Z] [DEBUG] RSS ok: tw/macos/Productivity/top-free entries=99
[2026-09-13T21:54:39.864Z] [DEBUG] Hits: tw/macos/Productivity/top-free 3 app(s) found
[2026-09-13T21:54:40.600Z] [DEBUG] RSS ok: tw/macos/Utilities/top-free entries=100
[2026-09-13T21:54:51.547Z] [DEBUG] RSS ok: hk/macos/Business/top-free entries=100
[2026-09-13T21:55:01.554Z] [DEBUG] Hits: hk/macos/Business/top-free 1 app(s) found
[2026-09-13T21:55:02.321Z] [DEBUG] RSS ok: hk/macos/Productivity/top-free entries=99
[2026-09-13T21:55:12.325Z] [DEBUG] Hits: hk/macos/Productivity/top-free 4 app(s) found
[2026-09-13T21:55:13.072Z] [DEBUG] RSS ok: hk/macos/Utilities/top-free entries=100
[2026-09-13T21:55:23.883Z] [DEBUG] RSS ok: nz/macos/Business/top-free entries=100
[2026-09-13T21:55:33.890Z] [DEBUG] Hits: nz/macos/Business/top-free 2 app(s) found
[2026-09-13T21:55:34.745Z] [DEBUG] RSS ok: nz/macos/Productivity/top-free entries=99
[2026-09-13T21:55:44.752Z] [DEBUG] Hits: nz/macos/Productivity/top-free 5 app(s) found
[2026-09-13T21:55:45.556Z] [DEBUG] RSS ok: nz/macos/Utilities/top-free entries=100
[2026-09-13T21:55:55.562Z] [DEBUG] Hits: nz/macos/Utilities/top-free 2 app(s) found
[2026-09-13T21:55:56.295Z] [DEBUG] RSS ok: sg/macos/Business/top-free entries=100
[2026-09-13T21:56:06.301Z] [DEBUG] Hits: sg/macos/Business/top-free 4 app(s) found
[2026-09-13T21:56:07.120Z] [DEBUG] RSS ok: sg/macos/Productivity/top-free entries=99
[2026-09-13T21:56:17.126Z] [DEBUG] Hits: sg/macos/Productivity/top-free 4 app(s) found
[2026-09-13T21:56:17.126Z] [INFO] RSS progress: 50/60 (50 ok, 0 error, 148 points)
[2026-09-13T21:56:17.971Z] [DEBUG] RSS ok: sg/macos/Utilities/top-free entries=100
[2026-09-13T21:56:27.978Z] [DEBUG] Hits: sg/macos/Utilities/top-free 2 app(s) found
[2026-09-13T21:56:29.091Z] [DEBUG] RSS ok: in/macos/Business/top-free entries=100
[2026-09-13T21:56:39.097Z] [DEBUG] Hits: in/macos/Business/top-free 3 app(s) found
[2026-09-13T21:56:40.020Z] [DEBUG] RSS ok: in/macos/Productivity/top-free entries=99
[2026-09-13T21:56:50.026Z] [DEBUG] Hits: in/macos/Productivity/top-free 2 app(s) found
[2026-09-13T21:56:50.884Z] [DEBUG] RSS ok: in/macos/Utilities/top-free entries=100
[2026-09-13T21:57:01.649Z] [DEBUG] RSS ok: za/macos/Business/top-free entries=100
[2026-09-13T21:57:11.650Z] [DEBUG] Hits: za/macos/Business/top-free 2 app(s) found
[2026-09-13T21:57:12.447Z] [DEBUG] RSS ok: za/macos/Productivity/top-free entries=99
[2026-09-13T21:57:22.453Z] [DEBUG] Hits: za/macos/Productivity/top-free 4 app(s) found
[2026-09-13T21:57:23.344Z] [DEBUG] RSS ok: za/macos/Utilities/top-free entries=100
[2026-09-13T21:57:33.350Z] [DEBUG] Hits: za/macos/Utilities/top-free 4 app(s) found
[2026-09-13T21:57:34.137Z] [DEBUG] RSS ok: br/macos/Business/top-free entries=100
[2026-09-13T21:57:44.143Z] [DEBUG] Hits: br/macos/Business/top-free 3 app(s) found
[2026-09-13T21:57:45.012Z] [DEBUG] RSS ok: br/macos/Productivity/top-free entries=99
[2026-09-13T21:57:55.018Z] [DEBUG] Hits: br/macos/Productivity/top-free 3 app(s) found
[2026-09-13T21:57:55.822Z] [DEBUG] RSS ok: br/macos/Utilities/top-free entries=100
[2026-09-13T21:58:05.828Z] [INFO] RSS progress: 60/60 (60 ok, 0 error, 171 points)
[2026-09-13T21:58:05.829Z] [INFO] RSS fetch done: 60 ok, 0 error, 171 points
[2026-09-13T21:58:05.829Z] [INFO] Platform max returned: macos = 100
[2026-09-13T21:58:05.829Z] [INFO] RSS results: 60 ok, 0 error, 171 rank points
[2026-09-13T21:58:05.874Z] [INFO] Stored: 60 crawls, 171 points
[2026-09-13T21:58:05.891Z] [INFO] current.json written rows=23
[2026-09-13T21:58:05.892Z] [INFO] Current summary: on_chart=171, not_on_chart=289, depth_limited=0, crawl_error=0, total=460
[2026-09-13T21:58:05.892Z] [INFO] === Crawl complete === 652.3s
[2026-09-13T22:47:10.303Z] [INFO] === Crawl start === ts=2026-09-13T22:00:00Z
[2026-09-13T22:47:10.307Z] [INFO] Config loaded apps=4, platforms=macos, categories=Business,Productivity,Utilities
[2026-09-13T22:47:10.307Z] [INFO] App IDs to track: 23 our=4, competitors=19
[2026-09-13T22:47:10.308Z] [INFO] Lookup cached fetched_at=2026-09-13T00:57:45.605Z, 23 apps
[2026-09-13T22:47:10.309Z] [INFO] RSS requests: 60 countries=20, platforms=macos, categories=Business,Productivity,Utilities
[2026-09-13T22:47:10.309Z] [INFO] RSS fetch start: 60 requests, concurrency=1
[2026-09-13T22:47:11.007Z] [DEBUG] RSS ok: us/macos/Business/top-free entries=100
[2026-09-13T22:47:21.009Z] [DEBUG] Hits: us/macos/Business/top-free 4 app(s) found
[2026-09-13T22:47:21.657Z] [DEBUG] RSS ok: us/macos/Productivity/top-free entries=99
[2026-09-13T22:47:31.663Z] [DEBUG] Hits: us/macos/Productivity/top-free 6 app(s) found
[2026-09-13T22:47:32.487Z] [DEBUG] RSS ok: us/macos/Utilities/top-free entries=100
[2026-09-13T22:47:42.493Z] [DEBUG] Hits: us/macos/Utilities/top-free 1 app(s) found
[2026-09-13T22:47:43.306Z] [DEBUG] RSS ok: gb/macos/Business/top-free entries=100
[2026-09-13T22:47:53.312Z] [DEBUG] Hits: gb/macos/Business/top-free 4 app(s) found
[2026-09-13T22:47:54.053Z] [DEBUG] RSS ok: gb/macos/Productivity/top-free entries=99
[2026-09-13T22:48:04.060Z] [DEBUG] Hits: gb/macos/Productivity/top-free 4 app(s) found
[2026-09-13T22:48:04.955Z] [DEBUG] RSS ok: gb/macos/Utilities/top-free entries=100
[2026-09-13T22:48:14.961Z] [DEBUG] Hits: gb/macos/Utilities/top-free 3 app(s) found
[2026-09-13T22:48:15.724Z] [DEBUG] RSS ok: ca/macos/Business/top-free entries=100
[2026-09-13T22:48:25.730Z] [DEBUG] Hits: ca/macos/Business/top-free 4 app(s) found
[2026-09-13T22:48:26.368Z] [DEBUG] RSS ok: ca/macos/Productivity/top-free entries=99
[2026-09-13T22:48:36.375Z] [DEBUG] Hits: ca/macos/Productivity/top-free 5 app(s) found
[2026-09-13T22:48:37.289Z] [DEBUG] RSS ok: ca/macos/Utilities/top-free entries=100
[2026-09-13T22:48:47.295Z] [DEBUG] Hits: ca/macos/Utilities/top-free 1 app(s) found
[2026-09-13T22:48:48.285Z] [DEBUG] RSS ok: fr/macos/Business/top-free entries=99
[2026-09-13T22:48:58.291Z] [DEBUG] Hits: fr/macos/Business/top-free 3 app(s) found
[2026-09-13T22:48:58.292Z] [INFO] RSS progress: 10/60 (10 ok, 0 error, 35 points)
[2026-09-13T22:48:59.104Z] [DEBUG] RSS ok: fr/macos/Productivity/top-free entries=99
[2026-09-13T22:49:09.110Z] [DEBUG] Hits: fr/macos/Productivity/top-free 5 app(s) found
[2026-09-13T22:49:10.030Z] [DEBUG] RSS ok: fr/macos/Utilities/top-free entries=100
[2026-09-13T22:49:20.037Z] [DEBUG] Hits: fr/macos/Utilities/top-free 2 app(s) found
[2026-09-13T22:49:21.151Z] [DEBUG] RSS ok: de/macos/Business/top-free entries=99
[2026-09-13T22:49:31.158Z] [DEBUG] Hits: de/macos/Business/top-free 3 app(s) found
[2026-09-13T22:49:31.881Z] [DEBUG] RSS ok: de/macos/Productivity/top-free entries=99
[2026-09-13T22:49:41.888Z] [DEBUG] Hits: de/macos/Productivity/top-free 4 app(s) found
[2026-09-13T22:49:42.630Z] [DEBUG] RSS ok: de/macos/Utilities/top-free entries=100
[2026-09-13T22:49:52.636Z] [DEBUG] Hits: de/macos/Utilities/top-free 2 app(s) found
[2026-09-13T22:49:53.476Z] [DEBUG] RSS ok: jp/macos/Business/top-free entries=100
[2026-09-13T22:50:03.482Z] [DEBUG] Hits: jp/macos/Business/top-free 2 app(s) found
[2026-09-13T22:50:04.259Z] [DEBUG] RSS ok: jp/macos/Productivity/top-free entries=99
[2026-09-13T22:50:14.264Z] [DEBUG] Hits: jp/macos/Productivity/top-free 4 app(s) found
[2026-09-13T22:50:15.130Z] [DEBUG] RSS ok: jp/macos/Utilities/top-free entries=100
[2026-09-13T22:50:25.136Z] [DEBUG] Hits: jp/macos/Utilities/top-free 4 app(s) found
[2026-09-13T22:50:25.824Z] [DEBUG] RSS ok: au/macos/Business/top-free entries=100
[2026-09-13T22:50:35.830Z] [DEBUG] Hits: au/macos/Business/top-free 4 app(s) found
[2026-09-13T22:50:36.602Z] [DEBUG] RSS ok: au/macos/Productivity/top-free entries=99
[2026-09-13T22:50:46.608Z] [DEBUG] Hits: au/macos/Productivity/top-free 3 app(s) found
[2026-09-13T22:50:46.608Z] [INFO] RSS progress: 20/60 (20 ok, 0 error, 68 points)
[2026-09-13T22:50:47.448Z] [DEBUG] RSS ok: au/macos/Utilities/top-free entries=100
[2026-09-13T22:50:57.455Z] [DEBUG] Hits: au/macos/Utilities/top-free 1 app(s) found
[2026-09-13T22:50:58.170Z] [DEBUG] RSS ok: es/macos/Business/top-free entries=100
[2026-09-13T22:51:08.170Z] [DEBUG] Hits: es/macos/Business/top-free 3 app(s) found
[2026-09-13T22:51:08.969Z] [DEBUG] RSS ok: es/macos/Productivity/top-free entries=99
[2026-09-13T22:51:18.976Z] [DEBUG] Hits: es/macos/Productivity/top-free 5 app(s) found
[2026-09-13T22:51:19.841Z] [DEBUG] RSS ok: es/macos/Utilities/top-free entries=100
[2026-09-13T22:51:30.657Z] [DEBUG] RSS ok: it/macos/Business/top-free entries=99
[2026-09-13T22:51:40.663Z] [DEBUG] Hits: it/macos/Business/top-free 2 app(s) found
[2026-09-13T22:51:41.383Z] [DEBUG] RSS ok: it/macos/Productivity/top-free entries=99
[2026-09-13T22:51:51.389Z] [DEBUG] Hits: it/macos/Productivity/top-free 5 app(s) found
[2026-09-13T22:51:52.066Z] [DEBUG] RSS ok: it/macos/Utilities/top-free entries=100
[2026-09-13T22:52:02.821Z] [DEBUG] RSS ok: pt/macos/Business/top-free entries=100
[2026-09-13T22:52:12.827Z] [DEBUG] Hits: pt/macos/Business/top-free 3 app(s) found
[2026-09-13T22:52:13.601Z] [DEBUG] RSS ok: pt/macos/Productivity/top-free entries=99
[2026-09-13T22:52:23.608Z] [DEBUG] Hits: pt/macos/Productivity/top-free 3 app(s) found
[2026-09-13T22:52:24.218Z] [DEBUG] RSS ok: pt/macos/Utilities/top-free entries=100
[2026-09-13T22:52:34.225Z] [DEBUG] Hits: pt/macos/Utilities/top-free 1 app(s) found
[2026-09-13T22:52:34.225Z] [INFO] RSS progress: 30/60 (30 ok, 0 error, 91 points)
[2026-09-13T22:52:35.290Z] [DEBUG] RSS ok: ch/macos/Business/top-free entries=99
[2026-09-13T22:52:45.297Z] [DEBUG] Hits: ch/macos/Business/top-free 4 app(s) found
[2026-09-13T22:52:45.969Z] [DEBUG] RSS ok: ch/macos/Productivity/top-free entries=99
[2026-09-13T22:52:55.975Z] [DEBUG] Hits: ch/macos/Productivity/top-free 4 app(s) found
[2026-09-13T22:52:56.725Z] [DEBUG] RSS ok: ch/macos/Utilities/top-free entries=100
[2026-09-13T22:53:06.726Z] [DEBUG] Hits: ch/macos/Utilities/top-free 2 app(s) found
[2026-09-13T22:53:07.629Z] [DEBUG] RSS ok: be/macos/Business/top-free entries=100
[2026-09-13T22:53:17.635Z] [DEBUG] Hits: be/macos/Business/top-free 4 app(s) found
[2026-09-13T22:53:18.261Z] [DEBUG] RSS ok: be/macos/Productivity/top-free entries=99
[2026-09-13T22:53:28.266Z] [DEBUG] Hits: be/macos/Productivity/top-free 5 app(s) found
[2026-09-13T22:53:29.040Z] [DEBUG] RSS ok: be/macos/Utilities/top-free entries=100
[2026-09-13T22:53:39.787Z] [DEBUG] RSS ok: nl/macos/Business/top-free entries=100
[2026-09-13T22:53:49.792Z] [DEBUG] Hits: nl/macos/Business/top-free 4 app(s) found
[2026-09-13T22:53:50.913Z] [DEBUG] RSS ok: nl/macos/Productivity/top-free entries=99
[2026-09-13T22:54:00.920Z] [DEBUG] Hits: nl/macos/Productivity/top-free 4 app(s) found
[2026-09-13T22:54:01.799Z] [DEBUG] RSS ok: nl/macos/Utilities/top-free entries=100
[2026-09-13T22:54:12.497Z] [DEBUG] RSS ok: tw/macos/Business/top-free entries=100
[2026-09-13T22:54:22.503Z] [DEBUG] Hits: tw/macos/Business/top-free 3 app(s) found
[2026-09-13T22:54:22.504Z] [INFO] RSS progress: 40/60 (40 ok, 0 error, 121 points)
[2026-09-13T22:54:23.375Z] [DEBUG] RSS ok: tw/macos/Productivity/top-free entries=99
[2026-09-13T22:54:33.381Z] [DEBUG] Hits: tw/macos/Productivity/top-free 3 app(s) found
[2026-09-13T22:54:34.090Z] [DEBUG] RSS ok: tw/macos/Utilities/top-free entries=100
[2026-09-13T22:54:44.836Z] [DEBUG] RSS ok: hk/macos/Business/top-free entries=100
[2026-09-13T22:54:54.843Z] [DEBUG] Hits: hk/macos/Business/top-free 1 app(s) found
[2026-09-13T22:54:55.485Z] [DEBUG] RSS ok: hk/macos/Productivity/top-free entries=99
[2026-09-13T22:55:05.486Z] [DEBUG] Hits: hk/macos/Productivity/top-free 4 app(s) found
[2026-09-13T22:55:06.308Z] [DEBUG] RSS ok: hk/macos/Utilities/top-free entries=100
[2026-09-13T22:55:17.206Z] [DEBUG] RSS ok: nz/macos/Business/top-free entries=100
[2026-09-13T22:55:27.211Z] [DEBUG] Hits: nz/macos/Business/top-free 3 app(s) found
[2026-09-13T22:55:28.010Z] [DEBUG] RSS ok: nz/macos/Productivity/top-free entries=99
[2026-09-13T22:55:38.016Z] [DEBUG] Hits: nz/macos/Productivity/top-free 5 app(s) found
[2026-09-13T22:55:38.851Z] [DEBUG] RSS ok: nz/macos/Utilities/top-free entries=100
[2026-09-13T22:55:48.857Z] [DEBUG] Hits: nz/macos/Utilities/top-free 1 app(s) found
[2026-09-13T22:55:49.453Z] [DEBUG] RSS ok: sg/macos/Business/top-free entries=100
[2026-09-13T22:55:59.459Z] [DEBUG] Hits: sg/macos/Business/top-free 4 app(s) found
[2026-09-13T22:56:00.341Z] [DEBUG] RSS ok: sg/macos/Productivity/top-free entries=99
[2026-09-13T22:56:10.348Z] [DEBUG] Hits: sg/macos/Productivity/top-free 4 app(s) found
[2026-09-13T22:56:10.348Z] [INFO] RSS progress: 50/60 (50 ok, 0 error, 146 points)
[2026-09-13T22:56:11.104Z] [DEBUG] RSS ok: sg/macos/Utilities/top-free entries=100
[2026-09-13T22:56:21.110Z] [DEBUG] Hits: sg/macos/Utilities/top-free 2 app(s) found
[2026-09-13T22:56:21.728Z] [DEBUG] RSS ok: in/macos/Business/top-free entries=100
[2026-09-13T22:56:31.735Z] [DEBUG] Hits: in/macos/Business/top-free 3 app(s) found
[2026-09-13T22:56:32.506Z] [DEBUG] RSS ok: in/macos/Productivity/top-free entries=99
[2026-09-13T22:56:42.512Z] [DEBUG] Hits: in/macos/Productivity/top-free 2 app(s) found
[2026-09-13T22:56:43.240Z] [DEBUG] RSS ok: in/macos/Utilities/top-free entries=100
[2026-09-13T22:56:54.128Z] [DEBUG] RSS ok: za/macos/Business/top-free entries=100
[2026-09-13T22:57:04.134Z] [DEBUG] Hits: za/macos/Business/top-free 2 app(s) found
[2026-09-13T22:57:04.845Z] [DEBUG] RSS ok: za/macos/Productivity/top-free entries=99
[2026-09-13T22:57:14.852Z] [DEBUG] Hits: za/macos/Productivity/top-free 4 app(s) found
[2026-09-13T22:57:15.666Z] [DEBUG] RSS ok: za/macos/Utilities/top-free entries=100
[2026-09-13T22:57:25.672Z] [DEBUG] Hits: za/macos/Utilities/top-free 4 app(s) found
[2026-09-13T22:57:26.490Z] [DEBUG] RSS ok: br/macos/Business/top-free entries=99
[2026-09-13T22:57:36.493Z] [DEBUG] Hits: br/macos/Business/top-free 3 app(s) found
[2026-09-13T22:57:37.320Z] [DEBUG] RSS ok: br/macos/Productivity/top-free entries=99
[2026-09-13T22:57:47.327Z] [DEBUG] Hits: br/macos/Productivity/top-free 4 app(s) found
[2026-09-13T22:57:48.095Z] [DEBUG] RSS ok: br/macos/Utilities/top-free entries=100
[2026-09-13T22:57:58.101Z] [INFO] RSS progress: 60/60 (60 ok, 0 error, 170 points)
[2026-09-13T22:57:58.101Z] [INFO] RSS fetch done: 60 ok, 0 error, 170 points
[2026-09-13T22:57:58.101Z] [INFO] Platform max returned: macos = 100
[2026-09-13T22:57:58.101Z] [INFO] RSS results: 60 ok, 0 error, 170 rank points
[2026-09-13T22:57:58.135Z] [INFO] Stored: 60 crawls, 170 points
[2026-09-13T22:57:58.162Z] [INFO] current.json written rows=23
[2026-09-13T22:57:58.163Z] [INFO] Current summary: on_chart=170, not_on_chart=290, depth_limited=0, crawl_error=0, total=460
[2026-09-13T22:57:58.163Z] [INFO] === Crawl complete === 647.9s
[2026-09-13T23:47:11.902Z] [INFO] === Crawl start === ts=2026-09-13T23:00:00Z
[2026-09-13T23:47:11.907Z] [INFO] Config loaded apps=4, platforms=macos, categories=Business,Productivity,Utilities
[2026-09-13T23:47:11.907Z] [INFO] App IDs to track: 23 our=4, competitors=19
[2026-09-13T23:47:11.909Z] [INFO] Lookup cached fetched_at=2026-09-13T00:57:45.605Z, 23 apps
[2026-09-13T23:47:11.909Z] [INFO] RSS requests: 60 countries=20, platforms=macos, categories=Business,Productivity,Utilities
[2026-09-13T23:47:11.910Z] [INFO] RSS fetch start: 60 requests, concurrency=1
[2026-09-13T23:47:13.265Z] [DEBUG] RSS ok: us/macos/Business/top-free entries=100
[2026-09-13T23:47:23.268Z] [DEBUG] Hits: us/macos/Business/top-free 4 app(s) found
[2026-09-13T23:47:23.963Z] [DEBUG] RSS ok: us/macos/Productivity/top-free entries=99
[2026-09-13T23:47:33.970Z] [DEBUG] Hits: us/macos/Productivity/top-free 6 app(s) found
[2026-09-13T23:47:34.846Z] [DEBUG] RSS ok: us/macos/Utilities/top-free entries=100
[2026-09-13T23:47:44.853Z] [DEBUG] Hits: us/macos/Utilities/top-free 1 app(s) found
[2026-09-13T23:47:45.501Z] [DEBUG] RSS ok: gb/macos/Business/top-free entries=100
[2026-09-13T23:47:55.507Z] [DEBUG] Hits: gb/macos/Business/top-free 4 app(s) found
[2026-09-13T23:47:56.297Z] [DEBUG] RSS ok: gb/macos/Productivity/top-free entries=99
[2026-09-13T23:48:06.302Z] [DEBUG] Hits: gb/macos/Productivity/top-free 4 app(s) found
[2026-09-13T23:48:06.968Z] [DEBUG] RSS ok: gb/macos/Utilities/top-free entries=100
[2026-09-13T23:48:16.975Z] [DEBUG] Hits: gb/macos/Utilities/top-free 3 app(s) found
[2026-09-13T23:48:17.975Z] [DEBUG] RSS ok: ca/macos/Business/top-free entries=100
[2026-09-13T23:48:27.981Z] [DEBUG] Hits: ca/macos/Business/top-free 4 app(s) found
[2026-09-13T23:48:28.775Z] [DEBUG] RSS ok: ca/macos/Productivity/top-free entries=99
[2026-09-13T23:48:38.781Z] [DEBUG] Hits: ca/macos/Productivity/top-free 5 app(s) found
[2026-09-13T23:48:39.487Z] [DEBUG] RSS ok: ca/macos/Utilities/top-free entries=100
[2026-09-13T23:48:49.494Z] [DEBUG] Hits: ca/macos/Utilities/top-free 1 app(s) found
[2026-09-13T23:48:50.315Z] [DEBUG] RSS ok: fr/macos/Business/top-free entries=99
[2026-09-13T23:49:00.321Z] [DEBUG] Hits: fr/macos/Business/top-free 3 app(s) found
[2026-09-13T23:49:00.322Z] [INFO] RSS progress: 10/60 (10 ok, 0 error, 35 points)
[2026-09-13T23:49:01.193Z] [DEBUG] RSS ok: fr/macos/Productivity/top-free entries=99
[2026-09-13T23:49:11.199Z] [DEBUG] Hits: fr/macos/Productivity/top-free 5 app(s) found
[2026-09-13T23:49:11.862Z] [DEBUG] RSS ok: fr/macos/Utilities/top-free entries=100
[2026-09-13T23:49:21.870Z] [DEBUG] Hits: fr/macos/Utilities/top-free 2 app(s) found
[2026-09-13T23:49:23.003Z] [DEBUG] RSS ok: de/macos/Business/top-free entries=99
[2026-09-13T23:49:33.010Z] [DEBUG] Hits: de/macos/Business/top-free 3 app(s) found
[2026-09-13T23:49:33.691Z] [DEBUG] RSS ok: de/macos/Productivity/top-free entries=99
[2026-09-13T23:49:43.697Z] [DEBUG] Hits: de/macos/Productivity/top-free 4 app(s) found
[2026-09-13T23:49:44.453Z] [DEBUG] RSS ok: de/macos/Utilities/top-free entries=100
[2026-09-13T23:49:54.459Z] [DEBUG] Hits: de/macos/Utilities/top-free 2 app(s) found
[2026-09-13T23:49:55.132Z] [DEBUG] RSS ok: jp/macos/Business/top-free entries=100
[2026-09-13T23:50:05.138Z] [DEBUG] Hits: jp/macos/Business/top-free 2 app(s) found
[2026-09-13T23:50:05.872Z] [DEBUG] RSS ok: jp/macos/Productivity/top-free entries=99
[2026-09-13T23:50:15.876Z] [DEBUG] Hits: jp/macos/Productivity/top-free 4 app(s) found
[2026-09-13T23:50:16.588Z] [DEBUG] RSS ok: jp/macos/Utilities/top-free entries=100
[2026-09-13T23:50:26.595Z] [DEBUG] Hits: jp/macos/Utilities/top-free 4 app(s) found
[2026-09-13T23:50:27.290Z] [DEBUG] RSS ok: au/macos/Business/top-free entries=100
[2026-09-13T23:50:37.296Z] [DEBUG] Hits: au/macos/Business/top-free 4 app(s) found
[2026-09-13T23:50:38.182Z] [DEBUG] RSS ok: au/macos/Productivity/top-free entries=99
[2026-09-13T23:50:48.189Z] [DEBUG] Hits: au/macos/Productivity/top-free 3 app(s) found
[2026-09-13T23:50:48.189Z] [INFO] RSS progress: 20/60 (20 ok, 0 error, 68 points)
[2026-09-13T23:50:48.905Z] [DEBUG] RSS ok: au/macos/Utilities/top-free entries=100
[2026-09-13T23:50:58.911Z] [DEBUG] Hits: au/macos/Utilities/top-free 1 app(s) found
[2026-09-13T23:50:59.730Z] [DEBUG] RSS ok: es/macos/Business/top-free entries=100
[2026-09-13T23:51:09.736Z] [DEBUG] Hits: es/macos/Business/top-free 3 app(s) found
[2026-09-13T23:51:10.518Z] [DEBUG] RSS ok: es/macos/Productivity/top-free entries=99
[2026-09-13T23:51:20.525Z] [DEBUG] Hits: es/macos/Productivity/top-free 5 app(s) found
[2026-09-13T23:51:21.228Z] [DEBUG] RSS ok: es/macos/Utilities/top-free entries=100
[2026-09-13T23:51:32.002Z] [DEBUG] RSS ok: it/macos/Business/top-free entries=99
[2026-09-13T23:51:42.009Z] [DEBUG] Hits: it/macos/Business/top-free 2 app(s) found
[2026-09-13T23:51:42.661Z] [DEBUG] RSS ok: it/macos/Productivity/top-free entries=99
[2026-09-13T23:51:52.667Z] [DEBUG] Hits: it/macos/Productivity/top-free 5 app(s) found
[2026-09-13T23:51:53.329Z] [DEBUG] RSS ok: it/macos/Utilities/top-free entries=100
[2026-09-13T23:52:04.179Z] [DEBUG] RSS ok: pt/macos/Business/top-free entries=100
[2026-09-13T23:52:14.185Z] [DEBUG] Hits: pt/macos/Business/top-free 3 app(s) found
[2026-09-13T23:52:15.310Z] [DEBUG] RSS ok: pt/macos/Productivity/top-free entries=99
[2026-09-13T23:52:25.317Z] [DEBUG] Hits: pt/macos/Productivity/top-free 3 app(s) found
[2026-09-13T23:52:25.945Z] [DEBUG] RSS ok: pt/macos/Utilities/top-free entries=100
[2026-09-13T23:52:35.951Z] [DEBUG] Hits: pt/macos/Utilities/top-free 1 app(s) found
[2026-09-13T23:52:35.951Z] [INFO] RSS progress: 30/60 (30 ok, 0 error, 91 points)
[2026-09-13T23:52:36.723Z] [DEBUG] RSS ok: ch/macos/Business/top-free entries=99
[2026-09-13T23:52:46.730Z] [DEBUG] Hits: ch/macos/Business/top-free 4 app(s) found
[2026-09-13T23:52:47.411Z] [DEBUG] RSS ok: ch/macos/Productivity/top-free entries=99
[2026-09-13T23:52:57.417Z] [DEBUG] Hits: ch/macos/Productivity/top-free 4 app(s) found
[2026-09-13T23:52:58.199Z] [DEBUG] RSS ok: ch/macos/Utilities/top-free entries=100
[2026-09-13T23:53:08.205Z] [DEBUG] Hits: ch/macos/Utilities/top-free 2 app(s) found
[2026-09-13T23:53:09.121Z] [DEBUG] RSS ok: be/macos/Business/top-free entries=100
[2026-09-13T23:53:19.128Z] [DEBUG] Hits: be/macos/Business/top-free 4 app(s) found
[2026-09-13T23:53:19.904Z] [DEBUG] RSS ok: be/macos/Productivity/top-free entries=99
[2026-09-13T23:53:29.908Z] [DEBUG] Hits: be/macos/Productivity/top-free 5 app(s) found
[2026-09-13T23:53:30.685Z] [DEBUG] RSS ok: be/macos/Utilities/top-free entries=100
[2026-09-13T23:53:41.519Z] [DEBUG] RSS ok: nl/macos/Business/top-free entries=100
[2026-09-13T23:53:51.525Z] [DEBUG] Hits: nl/macos/Business/top-free 4 app(s) found
[2026-09-13T23:53:52.209Z] [DEBUG] RSS ok: nl/macos/Productivity/top-free entries=99
[2026-09-13T23:54:02.215Z] [DEBUG] Hits: nl/macos/Productivity/top-free 4 app(s) found
[2026-09-13T23:54:03.034Z] [DEBUG] RSS ok: nl/macos/Utilities/top-free entries=100
[2026-09-13T23:54:14.041Z] [DEBUG] RSS ok: tw/macos/Business/top-free entries=100
[2026-09-13T23:54:24.047Z] [DEBUG] Hits: tw/macos/Business/top-free 3 app(s) found
[2026-09-13T23:54:24.047Z] [INFO] RSS progress: 40/60 (40 ok, 0 error, 121 points)
[2026-09-13T23:54:24.809Z] [DEBUG] RSS ok: tw/macos/Productivity/top-free entries=99
[2026-09-13T23:54:34.815Z] [DEBUG] Hits: tw/macos/Productivity/top-free 3 app(s) found
[2026-09-13T23:54:35.513Z] [DEBUG] RSS ok: tw/macos/Utilities/top-free entries=100
[2026-09-13T23:54:46.347Z] [DEBUG] RSS ok: hk/macos/Business/top-free entries=100
[2026-09-13T23:54:56.353Z] [DEBUG] Hits: hk/macos/Business/top-free 1 app(s) found
[2026-09-13T23:54:57.117Z] [DEBUG] RSS ok: hk/macos/Productivity/top-free entries=99
[2026-09-13T23:55:07.123Z] [DEBUG] Hits: hk/macos/Productivity/top-free 4 app(s) found
[2026-09-13T23:55:07.918Z] [DEBUG] RSS ok: hk/macos/Utilities/top-free entries=100
[2026-09-13T23:55:18.661Z] [DEBUG] RSS ok: nz/macos/Business/top-free entries=100
[2026-09-13T23:55:28.668Z] [DEBUG] Hits: nz/macos/Business/top-free 3 app(s) found
[2026-09-13T23:55:29.405Z] [DEBUG] RSS ok: nz/macos/Productivity/top-free entries=99
[2026-09-13T23:55:39.411Z] [DEBUG] Hits: nz/macos/Productivity/top-free 5 app(s) found
[2026-09-13T23:55:40.356Z] [DEBUG] RSS ok: nz/macos/Utilities/top-free entries=100
[2026-09-13T23:55:50.364Z] [DEBUG] Hits: nz/macos/Utilities/top-free 1 app(s) found
[2026-09-13T23:55:51.092Z] [DEBUG] RSS ok: sg/macos/Business/top-free entries=100
[2026-09-13T23:56:01.098Z] [DEBUG] Hits: sg/macos/Business/top-free 4 app(s) found
[2026-09-13T23:56:02.071Z] [DEBUG] RSS ok: sg/macos/Productivity/top-free entries=99
[2026-09-13T23:56:12.077Z] [DEBUG] Hits: sg/macos/Productivity/top-free 4 app(s) found
[2026-09-13T23:56:12.077Z] [INFO] RSS progress: 50/60 (50 ok, 0 error, 146 points)
[2026-09-13T23:56:12.748Z] [DEBUG] RSS ok: sg/macos/Utilities/top-free entries=100
[2026-09-13T23:56:22.754Z] [DEBUG] Hits: sg/macos/Utilities/top-free 2 app(s) found
[2026-09-13T23:56:23.542Z] [DEBUG] RSS ok: in/macos/Business/top-free entries=100
[2026-09-13T23:56:33.548Z] [DEBUG] Hits: in/macos/Business/top-free 3 app(s) found
[2026-09-13T23:56:34.346Z] [DEBUG] RSS ok: in/macos/Productivity/top-free entries=99
[2026-09-13T23:56:44.352Z] [DEBUG] Hits: in/macos/Productivity/top-free 2 app(s) found
[2026-09-13T23:56:45.045Z] [DEBUG] RSS ok: in/macos/Utilities/top-free entries=100
[2026-09-13T23:56:55.895Z] [DEBUG] RSS ok: za/macos/Business/top-free entries=100
[2026-09-13T23:57:05.901Z] [DEBUG] Hits: za/macos/Business/top-free 2 app(s) found
[2026-09-13T23:57:06.739Z] [DEBUG] RSS ok: za/macos/Productivity/top-free entries=99
[2026-09-13T23:57:16.745Z] [DEBUG] Hits: za/macos/Productivity/top-free 4 app(s) found
[2026-09-13T23:57:17.583Z] [DEBUG] RSS ok: za/macos/Utilities/top-free entries=100
[2026-09-13T23:57:27.590Z] [DEBUG] Hits: za/macos/Utilities/top-free 4 app(s) found
[2026-09-13T23:57:28.682Z] [DEBUG] RSS ok: br/macos/Business/top-free entries=99
[2026-09-13T23:57:38.689Z] [DEBUG] Hits: br/macos/Business/top-free 3 app(s) found
[2026-09-13T23:57:39.485Z] [DEBUG] RSS ok: br/macos/Productivity/top-free entries=99
[2026-09-13T23:57:49.492Z] [DEBUG] Hits: br/macos/Productivity/top-free 4 app(s) found
[2026-09-13T23:57:50.268Z] [DEBUG] RSS ok: br/macos/Utilities/top-free entries=100
[2026-09-13T23:58:00.275Z] [INFO] RSS progress: 60/60 (60 ok, 0 error, 170 points)
[2026-09-13T23:58:00.275Z] [INFO] RSS fetch done: 60 ok, 0 error, 170 points
[2026-09-13T23:58:00.276Z] [INFO] Platform max returned: macos = 100
[2026-09-13T23:58:00.276Z] [INFO] RSS results: 60 ok, 0 error, 170 rank points
[2026-09-13T23:58:00.321Z] [INFO] Stored: 60 crawls, 170 points
[2026-09-13T23:58:00.352Z] [INFO] current.json written rows=23
[2026-09-13T23:58:00.353Z] [INFO] Current summary: on_chart=170, not_on_chart=290, depth_limited=0, crawl_error=0, total=460
[2026-09-13T23:58:00.353Z] [INFO] === Crawl complete === 648.5s
