[2026-09-14T00:47:11.487Z] [INFO] === Crawl start === ts=2026-09-14T00:00:00Z
[2026-09-14T00:47:11.491Z] [INFO] Config loaded apps=4, platforms=macos, categories=Business,Productivity,Utilities
[2026-09-14T00:47:11.491Z] [INFO] App IDs to track: 23 our=4, competitors=19
[2026-09-14T00:47:11.493Z] [INFO] Lookup needed (daily refresh), fetching 23 apps...
[2026-09-14T00:47:11.493Z] [INFO] Lookup: 23 unique IDs in 1 batch(es)
[2026-09-14T00:47:11.493Z] [DEBUG] Lookup batch 1/1: 23 IDs
[2026-09-14T00:47:12.246Z] [DEBUG] Lookup batch 1: 23 results
[2026-09-14T00:47:12.247Z] [INFO] Lookup result: 23/23 apps found
[2026-09-14T00:47:12.249Z] [INFO] Lookup done: 23/23 results
[2026-09-14T00:47:12.250Z] [INFO] RSS requests: 60 countries=20, platforms=macos, categories=Business,Productivity,Utilities
[2026-09-14T00:47:12.250Z] [INFO] RSS fetch start: 60 requests, concurrency=1
[2026-09-14T00:47:12.968Z] [DEBUG] RSS ok: us/macos/Business/top-free entries=100
[2026-09-14T00:47:22.972Z] [DEBUG] Hits: us/macos/Business/top-free 4 app(s) found
[2026-09-14T00:47:23.954Z] [DEBUG] RSS ok: us/macos/Productivity/top-free entries=99
[2026-09-14T00:47:33.960Z] [DEBUG] Hits: us/macos/Productivity/top-free 6 app(s) found
[2026-09-14T00:47:34.715Z] [DEBUG] RSS ok: us/macos/Utilities/top-free entries=100
[2026-09-14T00:47:44.722Z] [DEBUG] Hits: us/macos/Utilities/top-free 1 app(s) found
[2026-09-14T00:47:45.577Z] [DEBUG] RSS ok: gb/macos/Business/top-free entries=100
[2026-09-14T00:47:55.583Z] [DEBUG] Hits: gb/macos/Business/top-free 4 app(s) found
[2026-09-14T00:47:56.367Z] [DEBUG] RSS ok: gb/macos/Productivity/top-free entries=99
[2026-09-14T00:48:06.374Z] [DEBUG] Hits: gb/macos/Productivity/top-free 4 app(s) found
[2026-09-14T00:48:07.362Z] [DEBUG] RSS ok: gb/macos/Utilities/top-free entries=100
[2026-09-14T00:48:17.368Z] [DEBUG] Hits: gb/macos/Utilities/top-free 3 app(s) found
[2026-09-14T00:48:18.175Z] [DEBUG] RSS ok: ca/macos/Business/top-free entries=100
[2026-09-14T00:48:28.181Z] [DEBUG] Hits: ca/macos/Business/top-free 4 app(s) found
[2026-09-14T00:48:28.978Z] [DEBUG] RSS ok: ca/macos/Productivity/top-free entries=99
[2026-09-14T00:48:38.979Z] [DEBUG] Hits: ca/macos/Productivity/top-free 5 app(s) found
[2026-09-14T00:48:39.884Z] [DEBUG] RSS ok: ca/macos/Utilities/top-free entries=100
[2026-09-14T00:48:49.890Z] [DEBUG] Hits: ca/macos/Utilities/top-free 1 app(s) found
[2026-09-14T00:48:50.956Z] [DEBUG] RSS ok: fr/macos/Business/top-free entries=99
[2026-09-14T00:49:00.963Z] [DEBUG] Hits: fr/macos/Business/top-free 3 app(s) found
[2026-09-14T00:49:00.963Z] [INFO] RSS progress: 10/60 (10 ok, 0 error, 35 points)
[2026-09-14T00:49:01.754Z] [DEBUG] RSS ok: fr/macos/Productivity/top-free entries=99
[2026-09-14T00:49:11.760Z] [DEBUG] Hits: fr/macos/Productivity/top-free 5 app(s) found
[2026-09-14T00:49:12.726Z] [DEBUG] RSS ok: fr/macos/Utilities/top-free entries=100
[2026-09-14T00:49:22.732Z] [DEBUG] Hits: fr/macos/Utilities/top-free 2 app(s) found
[2026-09-14T00:49:23.780Z] [DEBUG] RSS ok: de/macos/Business/top-free entries=99
[2026-09-14T00:49:33.786Z] [DEBUG] Hits: de/macos/Business/top-free 3 app(s) found
[2026-09-14T00:49:34.837Z] [DEBUG] RSS ok: de/macos/Productivity/top-free entries=99
[2026-09-14T00:49:44.843Z] [DEBUG] Hits: de/macos/Productivity/top-free 4 app(s) found
[2026-09-14T00:49:46.008Z] [DEBUG] RSS ok: de/macos/Utilities/top-free entries=100
[2026-09-14T00:49:56.014Z] [DEBUG] Hits: de/macos/Utilities/top-free 2 app(s) found
[2026-09-14T00:49:56.906Z] [DEBUG] RSS ok: jp/macos/Business/top-free entries=100
[2026-09-14T00:50:06.912Z] [DEBUG] Hits: jp/macos/Business/top-free 2 app(s) found
[2026-09-14T00:50:07.700Z] [DEBUG] RSS ok: jp/macos/Productivity/top-free entries=99
[2026-09-14T00:50:17.704Z] [DEBUG] Hits: jp/macos/Productivity/top-free 4 app(s) found
[2026-09-14T00:50:18.661Z] [DEBUG] RSS ok: jp/macos/Utilities/top-free entries=100
[2026-09-14T00:50:28.667Z] [DEBUG] Hits: jp/macos/Utilities/top-free 4 app(s) found
[2026-09-14T00:50:29.553Z] [DEBUG] RSS ok: au/macos/Business/top-free entries=100
[2026-09-14T00:50:39.560Z] [DEBUG] Hits: au/macos/Business/top-free 4 app(s) found
[2026-09-14T00:50:40.280Z] [DEBUG] RSS ok: au/macos/Productivity/top-free entries=99
[2026-09-14T00:50:50.286Z] [INFO] RSS progress: 20/60 (20 ok, 0 error, 68 points)
[2026-09-14T00:50:50.286Z] [DEBUG] Hits: au/macos/Productivity/top-free 3 app(s) found
[2026-09-14T00:50:51.127Z] [DEBUG] RSS ok: au/macos/Utilities/top-free entries=100
[2026-09-14T00:51:01.133Z] [DEBUG] Hits: au/macos/Utilities/top-free 1 app(s) found
[2026-09-14T00:51:01.942Z] [DEBUG] RSS ok: es/macos/Business/top-free entries=100
[2026-09-14T00:51:11.946Z] [DEBUG] Hits: es/macos/Business/top-free 3 app(s) found
[2026-09-14T00:51:12.801Z] [DEBUG] RSS ok: es/macos/Productivity/top-free entries=99
[2026-09-14T00:51:22.807Z] [DEBUG] Hits: es/macos/Productivity/top-free 5 app(s) found
[2026-09-14T00:51:23.577Z] [DEBUG] RSS ok: es/macos/Utilities/top-free entries=100
[2026-09-14T00:51:34.504Z] [DEBUG] RSS ok: it/macos/Business/top-free entries=99
[2026-09-14T00:51:44.510Z] [DEBUG] Hits: it/macos/Business/top-free 2 app(s) found
[2026-09-14T00:51:48.329Z] [DEBUG] RSS ok: it/macos/Productivity/top-free entries=99
[2026-09-14T00:51:58.335Z] [DEBUG] Hits: it/macos/Productivity/top-free 5 app(s) found
[2026-09-14T00:51:59.000Z] [DEBUG] RSS ok: it/macos/Utilities/top-free entries=100
[2026-09-14T00:52:09.929Z] [DEBUG] RSS ok: pt/macos/Business/top-free entries=100
[2026-09-14T00:52:19.936Z] [DEBUG] Hits: pt/macos/Business/top-free 3 app(s) found
[2026-09-14T00:52:20.917Z] [DEBUG] RSS ok: pt/macos/Productivity/top-free entries=99
[2026-09-14T00:52:30.919Z] [DEBUG] Hits: pt/macos/Productivity/top-free 3 app(s) found
[2026-09-14T00:52:31.808Z] [DEBUG] RSS ok: pt/macos/Utilities/top-free entries=100
[2026-09-14T00:52:41.814Z] [DEBUG] Hits: pt/macos/Utilities/top-free 1 app(s) found
[2026-09-14T00:52:41.814Z] [INFO] RSS progress: 30/60 (30 ok, 0 error, 91 points)
[2026-09-14T00:52:42.816Z] [DEBUG] RSS ok: ch/macos/Business/top-free entries=99
[2026-09-14T00:52:52.822Z] [DEBUG] Hits: ch/macos/Business/top-free 4 app(s) found
[2026-09-14T00:52:53.894Z] [DEBUG] RSS ok: ch/macos/Productivity/top-free entries=99
[2026-09-14T00:53:03.900Z] [DEBUG] Hits: ch/macos/Productivity/top-free 4 app(s) found
[2026-09-14T00:53:04.750Z] [DEBUG] RSS ok: ch/macos/Utilities/top-free entries=100
[2026-09-14T00:53:14.752Z] [DEBUG] Hits: ch/macos/Utilities/top-free 2 app(s) found
[2026-09-14T00:53:15.605Z] [DEBUG] RSS ok: be/macos/Business/top-free entries=100
[2026-09-14T00:53:25.612Z] [DEBUG] Hits: be/macos/Business/top-free 4 app(s) found
[2026-09-14T00:53:26.556Z] [DEBUG] RSS ok: be/macos/Productivity/top-free entries=99
[2026-09-14T00:53:36.562Z] [DEBUG] Hits: be/macos/Productivity/top-free 5 app(s) found
[2026-09-14T00:53:37.426Z] [DEBUG] RSS ok: be/macos/Utilities/top-free entries=100
[2026-09-14T00:53:48.437Z] [DEBUG] RSS ok: nl/macos/Business/top-free entries=100
[2026-09-14T00:53:58.443Z] [DEBUG] Hits: nl/macos/Business/top-free 4 app(s) found
[2026-09-14T00:53:59.387Z] [DEBUG] RSS ok: nl/macos/Productivity/top-free entries=99
[2026-09-14T00:54:09.393Z] [DEBUG] Hits: nl/macos/Productivity/top-free 4 app(s) found
[2026-09-14T00:54:10.442Z] [DEBUG] RSS ok: nl/macos/Utilities/top-free entries=100
[2026-09-14T00:54:21.503Z] [DEBUG] RSS ok: tw/macos/Business/top-free entries=100
[2026-09-14T00:54:31.509Z] [DEBUG] Hits: tw/macos/Business/top-free 3 app(s) found
[2026-09-14T00:54:31.510Z] [INFO] RSS progress: 40/60 (40 ok, 0 error, 121 points)
[2026-09-14T00:54:32.388Z] [DEBUG] RSS ok: tw/macos/Productivity/top-free entries=99
[2026-09-14T00:54:42.395Z] [DEBUG] Hits: tw/macos/Productivity/top-free 3 app(s) found
[2026-09-14T00:54:43.351Z] [DEBUG] RSS ok: tw/macos/Utilities/top-free entries=100
[2026-09-14T00:54:54.238Z] [DEBUG] RSS ok: hk/macos/Business/top-free entries=100
[2026-09-14T00:55:04.244Z] [DEBUG] Hits: hk/macos/Business/top-free 1 app(s) found
[2026-09-14T00:55:05.120Z] [DEBUG] RSS ok: hk/macos/Productivity/top-free entries=99
[2026-09-14T00:55:15.126Z] [DEBUG] Hits: hk/macos/Productivity/top-free 4 app(s) found
[2026-09-14T00:55:16.010Z] [DEBUG] RSS ok: hk/macos/Utilities/top-free entries=100
[2026-09-14T00:55:26.957Z] [DEBUG] RSS ok: nz/macos/Business/top-free entries=100
[2026-09-14T00:55:36.963Z] [DEBUG] Hits: nz/macos/Business/top-free 3 app(s) found
[2026-09-14T00:55:37.892Z] [DEBUG] RSS ok: nz/macos/Productivity/top-free entries=99
[2026-09-14T00:55:47.899Z] [DEBUG] Hits: nz/macos/Productivity/top-free 5 app(s) found
[2026-09-14T00:55:48.976Z] [DEBUG] RSS ok: nz/macos/Utilities/top-free entries=100
[2026-09-14T00:55:58.982Z] [DEBUG] Hits: nz/macos/Utilities/top-free 1 app(s) found
[2026-09-14T00:55:59.735Z] [DEBUG] RSS ok: sg/macos/Business/top-free entries=100
[2026-09-14T00:56:09.742Z] [DEBUG] Hits: sg/macos/Business/top-free 4 app(s) found
[2026-09-14T00:56:10.819Z] [DEBUG] RSS ok: sg/macos/Productivity/top-free entries=99
[2026-09-14T00:56:20.825Z] [DEBUG] Hits: sg/macos/Productivity/top-free 4 app(s) found
[2026-09-14T00:56:20.825Z] [INFO] RSS progress: 50/60 (50 ok, 0 error, 146 points)
[2026-09-14T00:56:21.740Z] [DEBUG] RSS ok: sg/macos/Utilities/top-free entries=100
[2026-09-14T00:56:31.746Z] [DEBUG] Hits: sg/macos/Utilities/top-free 2 app(s) found
[2026-09-14T00:56:32.497Z] [DEBUG] RSS ok: in/macos/Business/top-free entries=100
[2026-09-14T00:56:42.503Z] [DEBUG] Hits: in/macos/Business/top-free 3 app(s) found
[2026-09-14T00:56:43.445Z] [DEBUG] RSS ok: in/macos/Productivity/top-free entries=99
[2026-09-14T00:56:53.451Z] [DEBUG] Hits: in/macos/Productivity/top-free 2 app(s) found
[2026-09-14T00:56:54.325Z] [DEBUG] RSS ok: in/macos/Utilities/top-free entries=100
[2026-09-14T00:57:05.351Z] [DEBUG] RSS ok: za/macos/Business/top-free entries=100
[2026-09-14T00:57:15.356Z] [DEBUG] Hits: za/macos/Business/top-free 2 app(s) found
[2026-09-14T00:57:16.450Z] [DEBUG] RSS ok: za/macos/Productivity/top-free entries=99
[2026-09-14T00:57:26.456Z] [DEBUG] Hits: za/macos/Productivity/top-free 4 app(s) found
[2026-09-14T00:57:27.417Z] [DEBUG] RSS ok: za/macos/Utilities/top-free entries=100
[2026-09-14T00:57:37.423Z] [DEBUG] Hits: za/macos/Utilities/top-free 4 app(s) found
[2026-09-14T00:57:38.478Z] [DEBUG] RSS ok: br/macos/Business/top-free entries=99
[2026-09-14T00:57:48.484Z] [DEBUG] Hits: br/macos/Business/top-free 3 app(s) found
[2026-09-14T00:57:49.566Z] [DEBUG] RSS ok: br/macos/Productivity/top-free entries=99
[2026-09-14T00:57:59.572Z] [DEBUG] Hits: br/macos/Productivity/top-free 4 app(s) found
[2026-09-14T00:58:00.508Z] [DEBUG] RSS ok: br/macos/Utilities/top-free entries=100
[2026-09-14T00:58:10.514Z] [INFO] RSS progress: 60/60 (60 ok, 0 error, 170 points)
[2026-09-14T00:58:10.514Z] [INFO] RSS fetch done: 60 ok, 0 error, 170 points
[2026-09-14T00:58:10.515Z] [INFO] Platform max returned: macos = 100
[2026-09-14T00:58:10.515Z] [INFO] RSS results: 60 ok, 0 error, 170 rank points
[2026-09-14T00:58:10.560Z] [INFO] Stored: 60 crawls, 170 points
[2026-09-14T00:58:10.574Z] [INFO] current.json written rows=23
[2026-09-14T00:58:10.575Z] [INFO] Current summary: on_chart=170, not_on_chart=290, depth_limited=0, crawl_error=0, total=460
[2026-09-14T00:58:10.575Z] [INFO] === Crawl complete === 659.1s
[2026-09-14T01:47:46.157Z] [INFO] === Crawl start === ts=2026-09-14T01:00:00Z
[2026-09-14T01:47:46.162Z] [INFO] Config loaded apps=4, platforms=macos, categories=Business,Productivity,Utilities
[2026-09-14T01:47:46.162Z] [INFO] App IDs to track: 23 our=4, competitors=19
[2026-09-14T01:47:46.164Z] [INFO] Lookup cached fetched_at=2026-09-14T00:47:12.247Z, 23 apps
[2026-09-14T01:47:46.165Z] [INFO] RSS requests: 60 countries=20, platforms=macos, categories=Business,Productivity,Utilities
[2026-09-14T01:47:46.165Z] [INFO] RSS fetch start: 60 requests, concurrency=1
[2026-09-14T01:47:47.315Z] [DEBUG] RSS ok: us/macos/Business/top-free entries=100
[2026-09-14T01:47:57.319Z] [DEBUG] Hits: us/macos/Business/top-free 4 app(s) found
[2026-09-14T01:47:58.157Z] [DEBUG] RSS ok: us/macos/Productivity/top-free entries=99
[2026-09-14T01:48:08.163Z] [DEBUG] Hits: us/macos/Productivity/top-free 6 app(s) found
[2026-09-14T01:48:09.082Z] [DEBUG] RSS ok: us/macos/Utilities/top-free entries=100
[2026-09-14T01:48:19.088Z] [DEBUG] Hits: us/macos/Utilities/top-free 1 app(s) found
[2026-09-14T01:48:19.761Z] [DEBUG] RSS ok: gb/macos/Business/top-free entries=100
[2026-09-14T01:48:29.767Z] [DEBUG] Hits: gb/macos/Business/top-free 3 app(s) found
[2026-09-14T01:48:30.587Z] [DEBUG] RSS ok: gb/macos/Productivity/top-free entries=99
[2026-09-14T01:48:40.593Z] [DEBUG] Hits: gb/macos/Productivity/top-free 4 app(s) found
[2026-09-14T01:48:41.202Z] [DEBUG] RSS ok: gb/macos/Utilities/top-free entries=100
[2026-09-14T01:48:51.208Z] [DEBUG] Hits: gb/macos/Utilities/top-free 3 app(s) found
[2026-09-14T01:48:51.898Z] [DEBUG] RSS ok: ca/macos/Business/top-free entries=100
[2026-09-14T01:49:01.904Z] [DEBUG] Hits: ca/macos/Business/top-free 4 app(s) found
[2026-09-14T01:49:02.894Z] [DEBUG] RSS ok: ca/macos/Productivity/top-free entries=99
[2026-09-14T01:49:12.900Z] [DEBUG] Hits: ca/macos/Productivity/top-free 5 app(s) found
[2026-09-14T01:49:13.703Z] [DEBUG] RSS ok: ca/macos/Utilities/top-free entries=100
[2026-09-14T01:49:24.641Z] [DEBUG] RSS ok: fr/macos/Business/top-free entries=99
[2026-09-14T01:49:34.648Z] [DEBUG] Hits: fr/macos/Business/top-free 3 app(s) found
[2026-09-14T01:49:34.648Z] [INFO] RSS progress: 10/60 (10 ok, 0 error, 33 points)
[2026-09-14T01:49:35.409Z] [DEBUG] RSS ok: fr/macos/Productivity/top-free entries=99
[2026-09-14T01:49:45.415Z] [DEBUG] Hits: fr/macos/Productivity/top-free 4 app(s) found
[2026-09-14T01:49:46.197Z] [DEBUG] RSS ok: fr/macos/Utilities/top-free entries=100
[2026-09-14T01:49:56.203Z] [DEBUG] Hits: fr/macos/Utilities/top-free 2 app(s) found
[2026-09-14T01:49:56.894Z] [DEBUG] RSS ok: de/macos/Business/top-free entries=99
[2026-09-14T01:50:06.900Z] [DEBUG] Hits: de/macos/Business/top-free 3 app(s) found
[2026-09-14T01:50:07.698Z] [DEBUG] RSS ok: de/macos/Productivity/top-free entries=99
[2026-09-14T01:50:17.705Z] [DEBUG] Hits: de/macos/Productivity/top-free 4 app(s) found
[2026-09-14T01:50:19.432Z] [DEBUG] RSS ok: de/macos/Utilities/top-free entries=100
[2026-09-14T01:50:29.439Z] [DEBUG] Hits: de/macos/Utilities/top-free 3 app(s) found
[2026-09-14T01:50:30.276Z] [DEBUG] RSS ok: jp/macos/Business/top-free entries=100
[2026-09-14T01:50:40.283Z] [DEBUG] Hits: jp/macos/Business/top-free 2 app(s) found
[2026-09-14T01:50:41.066Z] [DEBUG] RSS ok: jp/macos/Productivity/top-free entries=99
[2026-09-14T01:50:51.072Z] [DEBUG] Hits: jp/macos/Productivity/top-free 4 app(s) found
[2026-09-14T01:50:52.045Z] [DEBUG] RSS ok: jp/macos/Utilities/top-free entries=100
[2026-09-14T01:51:02.050Z] [DEBUG] Hits: jp/macos/Utilities/top-free 4 app(s) found
[2026-09-14T01:51:02.692Z] [DEBUG] RSS ok: au/macos/Business/top-free entries=100
[2026-09-14T01:51:12.692Z] [DEBUG] Hits: au/macos/Business/top-free 4 app(s) found
[2026-09-14T01:51:13.359Z] [DEBUG] RSS ok: au/macos/Productivity/top-free entries=99
[2026-09-14T01:51:23.365Z] [DEBUG] Hits: au/macos/Productivity/top-free 4 app(s) found
[2026-09-14T01:51:23.365Z] [INFO] RSS progress: 20/60 (20 ok, 0 error, 67 points)
[2026-09-14T01:51:24.154Z] [DEBUG] RSS ok: au/macos/Utilities/top-free entries=100
[2026-09-14T01:51:34.160Z] [DEBUG] Hits: au/macos/Utilities/top-free 1 app(s) found
[2026-09-14T01:51:34.859Z] [DEBUG] RSS ok: es/macos/Business/top-free entries=100
[2026-09-14T01:51:44.866Z] [DEBUG] Hits: es/macos/Business/top-free 3 app(s) found
[2026-09-14T01:51:45.585Z] [DEBUG] RSS ok: es/macos/Productivity/top-free entries=99
[2026-09-14T01:51:55.591Z] [DEBUG] Hits: es/macos/Productivity/top-free 5 app(s) found
[2026-09-14T01:51:56.499Z] [DEBUG] RSS ok: es/macos/Utilities/top-free entries=100
[2026-09-14T01:52:07.724Z] [DEBUG] RSS ok: it/macos/Business/top-free entries=99
[2026-09-14T01:52:17.731Z] [DEBUG] Hits: it/macos/Business/top-free 2 app(s) found
[2026-09-14T01:52:18.633Z] [DEBUG] RSS ok: it/macos/Productivity/top-free entries=99
[2026-09-14T01:52:28.639Z] [DEBUG] Hits: it/macos/Productivity/top-free 5 app(s) found
[2026-09-14T01:52:29.333Z] [DEBUG] RSS ok: it/macos/Utilities/top-free entries=100
[2026-09-14T01:52:40.157Z] [DEBUG] RSS ok: pt/macos/Business/top-free entries=100
[2026-09-14T01:52:50.159Z] [DEBUG] Hits: pt/macos/Business/top-free 3 app(s) found
[2026-09-14T01:52:51.281Z] [DEBUG] RSS ok: pt/macos/Productivity/top-free entries=99
[2026-09-14T01:53:01.287Z] [DEBUG] Hits: pt/macos/Productivity/top-free 3 app(s) found
[2026-09-14T01:53:02.106Z] [DEBUG] RSS ok: pt/macos/Utilities/top-free entries=100
[2026-09-14T01:53:12.112Z] [DEBUG] Hits: pt/macos/Utilities/top-free 1 app(s) found
[2026-09-14T01:53:12.112Z] [INFO] RSS progress: 30/60 (30 ok, 0 error, 90 points)
[2026-09-14T01:53:13.094Z] [DEBUG] RSS ok: ch/macos/Business/top-free entries=99
[2026-09-14T01:53:23.100Z] [DEBUG] Hits: ch/macos/Business/top-free 4 app(s) found
[2026-09-14T01:53:23.920Z] [DEBUG] RSS ok: ch/macos/Productivity/top-free entries=99
[2026-09-14T01:53:33.927Z] [DEBUG] Hits: ch/macos/Productivity/top-free 4 app(s) found
[2026-09-14T01:53:35.179Z] [DEBUG] RSS ok: ch/macos/Utilities/top-free entries=100
[2026-09-14T01:53:45.186Z] [DEBUG] Hits: ch/macos/Utilities/top-free 2 app(s) found
[2026-09-14T01:53:46.529Z] [DEBUG] RSS ok: be/macos/Business/top-free entries=100
[2026-09-14T01:53:56.535Z] [DEBUG] Hits: be/macos/Business/top-free 4 app(s) found
[2026-09-14T01:53:57.248Z] [DEBUG] RSS ok: be/macos/Productivity/top-free entries=99
[2026-09-14T01:54:07.255Z] [DEBUG] Hits: be/macos/Productivity/top-free 5 app(s) found
[2026-09-14T01:54:08.050Z] [DEBUG] RSS ok: be/macos/Utilities/top-free entries=100
[2026-09-14T01:54:18.820Z] [DEBUG] RSS ok: nl/macos/Business/top-free entries=100
[2026-09-14T01:54:28.827Z] [DEBUG] Hits: nl/macos/Business/top-free 4 app(s) found
[2026-09-14T01:54:29.633Z] [DEBUG] RSS ok: nl/macos/Productivity/top-free entries=99
[2026-09-14T01:54:39.639Z] [DEBUG] Hits: nl/macos/Productivity/top-free 4 app(s) found
[2026-09-14T01:54:40.347Z] [DEBUG] RSS ok: nl/macos/Utilities/top-free entries=100
[2026-09-14T01:54:51.258Z] [DEBUG] RSS ok: tw/macos/Business/top-free entries=100
[2026-09-14T01:55:01.264Z] [DEBUG] Hits: tw/macos/Business/top-free 3 app(s) found
[2026-09-14T01:55:01.264Z] [INFO] RSS progress: 40/60 (40 ok, 0 error, 120 points)
[2026-09-14T01:55:02.139Z] [DEBUG] RSS ok: tw/macos/Productivity/top-free entries=99
[2026-09-14T01:55:12.146Z] [DEBUG] Hits: tw/macos/Productivity/top-free 3 app(s) found
[2026-09-14T01:55:13.033Z] [DEBUG] RSS ok: tw/macos/Utilities/top-free entries=100
[2026-09-14T01:55:23.650Z] [DEBUG] RSS ok: hk/macos/Business/top-free entries=100
[2026-09-14T01:55:33.656Z] [DEBUG] Hits: hk/macos/Business/top-free 1 app(s) found
[2026-09-14T01:55:34.398Z] [DEBUG] RSS ok: hk/macos/Productivity/top-free entries=99
[2026-09-14T01:55:44.404Z] [DEBUG] Hits: hk/macos/Productivity/top-free 4 app(s) found
[2026-09-14T01:55:45.168Z] [DEBUG] RSS ok: hk/macos/Utilities/top-free entries=100
[2026-09-14T01:55:55.838Z] [DEBUG] RSS ok: nz/macos/Business/top-free entries=100
[2026-09-14T01:56:05.839Z] [DEBUG] Hits: nz/macos/Business/top-free 3 app(s) found
[2026-09-14T01:56:06.740Z] [DEBUG] RSS ok: nz/macos/Productivity/top-free entries=99
[2026-09-14T01:56:16.747Z] [DEBUG] Hits: nz/macos/Productivity/top-free 3 app(s) found
[2026-09-14T01:56:17.516Z] [DEBUG] RSS ok: nz/macos/Utilities/top-free entries=100
[2026-09-14T01:56:27.522Z] [DEBUG] Hits: nz/macos/Utilities/top-free 1 app(s) found
[2026-09-14T01:56:28.156Z] [DEBUG] RSS ok: sg/macos/Business/top-free entries=100
[2026-09-14T01:56:38.159Z] [DEBUG] Hits: sg/macos/Business/top-free 4 app(s) found
[2026-09-14T01:56:38.975Z] [DEBUG] RSS ok: sg/macos/Productivity/top-free entries=99
[2026-09-14T01:56:48.981Z] [DEBUG] Hits: sg/macos/Productivity/top-free 4 app(s) found
[2026-09-14T01:56:48.981Z] [INFO] RSS progress: 50/60 (50 ok, 0 error, 143 points)
[2026-09-14T01:56:49.702Z] [DEBUG] RSS ok: sg/macos/Utilities/top-free entries=100
[2026-09-14T01:56:59.708Z] [DEBUG] Hits: sg/macos/Utilities/top-free 2 app(s) found
[2026-09-14T01:57:00.436Z] [DEBUG] RSS ok: in/macos/Business/top-free entries=100
[2026-09-14T01:57:10.442Z] [DEBUG] Hits: in/macos/Business/top-free 3 app(s) found
[2026-09-14T01:57:11.247Z] [DEBUG] RSS ok: in/macos/Productivity/top-free entries=99
[2026-09-14T01:57:21.254Z] [DEBUG] Hits: in/macos/Productivity/top-free 2 app(s) found
[2026-09-14T01:57:22.176Z] [DEBUG] RSS ok: in/macos/Utilities/top-free entries=100
[2026-09-14T01:57:33.034Z] [DEBUG] RSS ok: za/macos/Business/top-free entries=100
[2026-09-14T01:57:43.040Z] [DEBUG] Hits: za/macos/Business/top-free 2 app(s) found
[2026-09-14T01:57:44.086Z] [DEBUG] RSS ok: za/macos/Productivity/top-free entries=99
[2026-09-14T01:57:54.092Z] [DEBUG] Hits: za/macos/Productivity/top-free 4 app(s) found
[2026-09-14T01:57:54.954Z] [DEBUG] RSS ok: za/macos/Utilities/top-free entries=100
[2026-09-14T01:58:04.961Z] [DEBUG] Hits: za/macos/Utilities/top-free 4 app(s) found
[2026-09-14T01:58:05.709Z] [DEBUG] RSS ok: br/macos/Business/top-free entries=99
[2026-09-14T01:58:15.715Z] [DEBUG] Hits: br/macos/Business/top-free 3 app(s) found
[2026-09-14T01:58:16.509Z] [DEBUG] RSS ok: br/macos/Productivity/top-free entries=99
[2026-09-14T01:58:26.515Z] [DEBUG] Hits: br/macos/Productivity/top-free 3 app(s) found
[2026-09-14T01:58:27.233Z] [DEBUG] RSS ok: br/macos/Utilities/top-free entries=100
[2026-09-14T01:58:37.239Z] [INFO] RSS progress: 60/60 (60 ok, 0 error, 166 points)
[2026-09-14T01:58:37.239Z] [INFO] RSS fetch done: 60 ok, 0 error, 166 points
[2026-09-14T01:58:37.239Z] [INFO] Platform max returned: macos = 100
[2026-09-14T01:58:37.240Z] [INFO] RSS results: 60 ok, 0 error, 166 rank points
[2026-09-14T01:58:37.284Z] [INFO] Stored: 60 crawls, 166 points
[2026-09-14T01:58:37.310Z] [INFO] current.json written rows=23
[2026-09-14T01:58:37.311Z] [INFO] Current summary: on_chart=166, not_on_chart=294, depth_limited=0, crawl_error=0, total=460
[2026-09-14T01:58:37.311Z] [INFO] === Crawl complete === 651.2s
[2026-09-14T02:47:13.662Z] [INFO] === Crawl start === ts=2026-09-14T02:00:00Z
[2026-09-14T02:47:13.666Z] [INFO] Config loaded apps=4, platforms=macos, categories=Business,Productivity,Utilities
[2026-09-14T02:47:13.666Z] [INFO] App IDs to track: 23 our=4, competitors=19
[2026-09-14T02:47:13.667Z] [INFO] Lookup cached fetched_at=2026-09-14T00:47:12.247Z, 23 apps
[2026-09-14T02:47:13.668Z] [INFO] RSS requests: 60 countries=20, platforms=macos, categories=Business,Productivity,Utilities
[2026-09-14T02:47:13.668Z] [INFO] RSS fetch start: 60 requests, concurrency=1
[2026-09-14T02:47:14.611Z] [DEBUG] RSS ok: us/macos/Business/top-free entries=100
[2026-09-14T02:47:24.613Z] [DEBUG] Hits: us/macos/Business/top-free 4 app(s) found
[2026-09-14T02:47:25.320Z] [DEBUG] RSS ok: us/macos/Productivity/top-free entries=99
[2026-09-14T02:47:35.326Z] [DEBUG] Hits: us/macos/Productivity/top-free 6 app(s) found
[2026-09-14T02:47:36.231Z] [DEBUG] RSS ok: us/macos/Utilities/top-free entries=100
[2026-09-14T02:47:46.232Z] [DEBUG] Hits: us/macos/Utilities/top-free 1 app(s) found
[2026-09-14T02:47:46.922Z] [DEBUG] RSS ok: gb/macos/Business/top-free entries=100
[2026-09-14T02:47:56.928Z] [DEBUG] Hits: gb/macos/Business/top-free 3 app(s) found
[2026-09-14T02:47:57.910Z] [DEBUG] RSS ok: gb/macos/Productivity/top-free entries=99
[2026-09-14T02:48:07.916Z] [DEBUG] Hits: gb/macos/Productivity/top-free 4 app(s) found
[2026-09-14T02:48:08.602Z] [DEBUG] RSS ok: gb/macos/Utilities/top-free entries=100
[2026-09-14T02:48:18.608Z] [DEBUG] Hits: gb/macos/Utilities/top-free 3 app(s) found
[2026-09-14T02:48:19.460Z] [DEBUG] RSS ok: ca/macos/Business/top-free entries=100
[2026-09-14T02:48:29.462Z] [DEBUG] Hits: ca/macos/Business/top-free 4 app(s) found
[2026-09-14T02:48:30.243Z] [DEBUG] RSS ok: ca/macos/Productivity/top-free entries=99
[2026-09-14T02:48:40.249Z] [DEBUG] Hits: ca/macos/Productivity/top-free 5 app(s) found
[2026-09-14T02:48:41.124Z] [DEBUG] RSS ok: ca/macos/Utilities/top-free entries=100
[2026-09-14T02:48:52.229Z] [DEBUG] RSS ok: fr/macos/Business/top-free entries=99
[2026-09-14T02:49:02.232Z] [DEBUG] Hits: fr/macos/Business/top-free 3 app(s) found
[2026-09-14T02:49:02.232Z] [INFO] RSS progress: 10/60 (10 ok, 0 error, 33 points)
[2026-09-14T02:49:03.120Z] [DEBUG] RSS ok: fr/macos/Productivity/top-free entries=99
[2026-09-14T02:49:13.127Z] [DEBUG] Hits: fr/macos/Productivity/top-free 4 app(s) found
[2026-09-14T02:49:13.828Z] [DEBUG] RSS ok: fr/macos/Utilities/top-free entries=100
[2026-09-14T02:49:23.835Z] [DEBUG] Hits: fr/macos/Utilities/top-free 2 app(s) found
[2026-09-14T02:49:24.566Z] [DEBUG] RSS ok: de/macos/Business/top-free entries=99
[2026-09-14T02:49:34.572Z] [DEBUG] Hits: de/macos/Business/top-free 3 app(s) found
[2026-09-14T02:49:35.819Z] [DEBUG] RSS ok: de/macos/Productivity/top-free entries=99
[2026-09-14T02:49:45.821Z] [DEBUG] Hits: de/macos/Productivity/top-free 4 app(s) found
[2026-09-14T02:49:46.620Z] [DEBUG] RSS ok: de/macos/Utilities/top-free entries=100
[2026-09-14T02:49:56.626Z] [DEBUG] Hits: de/macos/Utilities/top-free 3 app(s) found
[2026-09-14T02:49:57.544Z] [DEBUG] RSS ok: jp/macos/Business/top-free entries=100
[2026-09-14T02:50:07.551Z] [DEBUG] Hits: jp/macos/Business/top-free 2 app(s) found
[2026-09-14T02:50:08.441Z] [DEBUG] RSS ok: jp/macos/Productivity/top-free entries=99
[2026-09-14T02:50:18.447Z] [DEBUG] Hits: jp/macos/Productivity/top-free 4 app(s) found
[2026-09-14T02:50:19.238Z] [DEBUG] RSS ok: jp/macos/Utilities/top-free entries=100
[2026-09-14T02:50:29.244Z] [DEBUG] Hits: jp/macos/Utilities/top-free 4 app(s) found
[2026-09-14T02:50:30.129Z] [DEBUG] RSS ok: au/macos/Business/top-free entries=100
[2026-09-14T02:50:40.135Z] [DEBUG] Hits: au/macos/Business/top-free 4 app(s) found
[2026-09-14T02:50:40.821Z] [DEBUG] RSS ok: au/macos/Productivity/top-free entries=99
[2026-09-14T02:50:50.828Z] [DEBUG] Hits: au/macos/Productivity/top-free 4 app(s) found
[2026-09-14T02:50:50.828Z] [INFO] RSS progress: 20/60 (20 ok, 0 error, 67 points)
[2026-09-14T02:50:51.635Z] [DEBUG] RSS ok: au/macos/Utilities/top-free entries=100
[2026-09-14T02:51:01.642Z] [DEBUG] Hits: au/macos/Utilities/top-free 1 app(s) found
[2026-09-14T02:51:02.374Z] [DEBUG] RSS ok: es/macos/Business/top-free entries=100
[2026-09-14T02:51:12.381Z] [DEBUG] Hits: es/macos/Business/top-free 3 app(s) found
[2026-09-14T02:51:13.296Z] [DEBUG] RSS ok: es/macos/Productivity/top-free entries=99
[2026-09-14T02:51:23.303Z] [DEBUG] Hits: es/macos/Productivity/top-free 5 app(s) found
[2026-09-14T02:51:24.923Z] [DEBUG] RSS ok: es/macos/Utilities/top-free entries=100
[2026-09-14T02:51:35.811Z] [DEBUG] RSS ok: it/macos/Business/top-free entries=99
[2026-09-14T02:51:45.818Z] [DEBUG] Hits: it/macos/Business/top-free 2 app(s) found
[2026-09-14T02:51:46.508Z] [DEBUG] RSS ok: it/macos/Productivity/top-free entries=99
[2026-09-14T02:51:56.515Z] [DEBUG] Hits: it/macos/Productivity/top-free 5 app(s) found
[2026-09-14T02:51:57.299Z] [DEBUG] RSS ok: it/macos/Utilities/top-free entries=100
[2026-09-14T02:52:08.221Z] [DEBUG] RSS ok: pt/macos/Business/top-free entries=100
[2026-09-14T02:52:18.228Z] [DEBUG] Hits: pt/macos/Business/top-free 3 app(s) found
[2026-09-14T02:52:18.988Z] [DEBUG] RSS ok: pt/macos/Productivity/top-free entries=99
[2026-09-14T02:52:28.994Z] [DEBUG] Hits: pt/macos/Productivity/top-free 3 app(s) found
[2026-09-14T02:52:29.860Z] [DEBUG] RSS ok: pt/macos/Utilities/top-free entries=100
[2026-09-14T02:52:39.866Z] [DEBUG] Hits: pt/macos/Utilities/top-free 1 app(s) found
[2026-09-14T02:52:39.866Z] [INFO] RSS progress: 30/60 (30 ok, 0 error, 90 points)
[2026-09-14T02:52:40.833Z] [DEBUG] RSS ok: ch/macos/Business/top-free entries=99
[2026-09-14T02:52:50.840Z] [DEBUG] Hits: ch/macos/Business/top-free 4 app(s) found
[2026-09-14T02:52:51.566Z] [DEBUG] RSS ok: ch/macos/Productivity/top-free entries=99
[2026-09-14T02:53:01.571Z] [DEBUG] Hits: ch/macos/Productivity/top-free 4 app(s) found
[2026-09-14T02:53:02.185Z] [DEBUG] RSS ok: ch/macos/Utilities/top-free entries=100
[2026-09-14T02:53:12.191Z] [DEBUG] Hits: ch/macos/Utilities/top-free 2 app(s) found
[2026-09-14T02:53:13.272Z] [DEBUG] RSS ok: be/macos/Business/top-free entries=100
[2026-09-14T02:53:23.278Z] [DEBUG] Hits: be/macos/Business/top-free 4 app(s) found
[2026-09-14T02:53:24.023Z] [DEBUG] RSS ok: be/macos/Productivity/top-free entries=99
[2026-09-14T02:53:34.029Z] [DEBUG] Hits: be/macos/Productivity/top-free 5 app(s) found
[2026-09-14T02:53:34.909Z] [DEBUG] RSS ok: be/macos/Utilities/top-free entries=100
[2026-09-14T02:53:45.543Z] [DEBUG] RSS ok: nl/macos/Business/top-free entries=100
[2026-09-14T02:53:55.548Z] [DEBUG] Hits: nl/macos/Business/top-free 4 app(s) found
[2026-09-14T02:53:56.228Z] [DEBUG] RSS ok: nl/macos/Productivity/top-free entries=99
[2026-09-14T02:54:06.232Z] [DEBUG] Hits: nl/macos/Productivity/top-free 4 app(s) found
[2026-09-14T02:54:07.432Z] [DEBUG] RSS ok: nl/macos/Utilities/top-free entries=100
[2026-09-14T02:54:18.166Z] [DEBUG] RSS ok: tw/macos/Business/top-free entries=100
[2026-09-14T02:54:28.173Z] [DEBUG] Hits: tw/macos/Business/top-free 3 app(s) found
[2026-09-14T02:54:28.173Z] [INFO] RSS progress: 40/60 (40 ok, 0 error, 120 points)
[2026-09-14T02:54:29.057Z] [DEBUG] RSS ok: tw/macos/Productivity/top-free entries=99
[2026-09-14T02:54:39.063Z] [DEBUG] Hits: tw/macos/Productivity/top-free 3 app(s) found
[2026-09-14T02:54:39.640Z] [DEBUG] RSS ok: tw/macos/Utilities/top-free entries=100
[2026-09-14T02:54:50.471Z] [DEBUG] RSS ok: hk/macos/Business/top-free entries=100
[2026-09-14T02:55:00.477Z] [DEBUG] Hits: hk/macos/Business/top-free 1 app(s) found
[2026-09-14T02:55:01.272Z] [DEBUG] RSS ok: hk/macos/Productivity/top-free entries=99
[2026-09-14T02:55:11.278Z] [DEBUG] Hits: hk/macos/Productivity/top-free 4 app(s) found
[2026-09-14T02:55:12.027Z] [DEBUG] RSS ok: hk/macos/Utilities/top-free entries=100
[2026-09-14T02:55:22.715Z] [DEBUG] RSS ok: nz/macos/Business/top-free entries=100
[2026-09-14T02:55:32.721Z] [DEBUG] Hits: nz/macos/Business/top-free 3 app(s) found
[2026-09-14T02:55:33.495Z] [DEBUG] RSS ok: nz/macos/Productivity/top-free entries=99
[2026-09-14T02:55:43.501Z] [DEBUG] Hits: nz/macos/Productivity/top-free 3 app(s) found
[2026-09-14T02:55:44.395Z] [DEBUG] RSS ok: nz/macos/Utilities/top-free entries=100
[2026-09-14T02:55:54.401Z] [DEBUG] Hits: nz/macos/Utilities/top-free 1 app(s) found
[2026-09-14T02:55:55.162Z] [DEBUG] RSS ok: sg/macos/Business/top-free entries=100
[2026-09-14T02:56:05.169Z] [DEBUG] Hits: sg/macos/Business/top-free 4 app(s) found
[2026-09-14T02:56:05.911Z] [DEBUG] RSS ok: sg/macos/Productivity/top-free entries=99
[2026-09-14T02:56:15.918Z] [DEBUG] Hits: sg/macos/Productivity/top-free 4 app(s) found
[2026-09-14T02:56:15.918Z] [INFO] RSS progress: 50/60 (50 ok, 0 error, 143 points)
[2026-09-14T02:56:16.851Z] [DEBUG] RSS ok: sg/macos/Utilities/top-free entries=100
[2026-09-14T02:56:26.858Z] [DEBUG] Hits: sg/macos/Utilities/top-free 2 app(s) found
[2026-09-14T02:56:27.581Z] [DEBUG] RSS ok: in/macos/Business/top-free entries=100
[2026-09-14T02:56:37.586Z] [DEBUG] Hits: in/macos/Business/top-free 3 app(s) found
[2026-09-14T02:56:38.299Z] [DEBUG] RSS ok: in/macos/Productivity/top-free entries=99
[2026-09-14T02:56:48.306Z] [DEBUG] Hits: in/macos/Productivity/top-free 2 app(s) found
[2026-09-14T02:56:49.027Z] [DEBUG] RSS ok: in/macos/Utilities/top-free entries=100
[2026-09-14T02:56:59.956Z] [DEBUG] RSS ok: za/macos/Business/top-free entries=100
[2026-09-14T02:57:09.963Z] [DEBUG] Hits: za/macos/Business/top-free 2 app(s) found
[2026-09-14T02:57:10.735Z] [DEBUG] RSS ok: za/macos/Productivity/top-free entries=99
[2026-09-14T02:57:20.741Z] [DEBUG] Hits: za/macos/Productivity/top-free 4 app(s) found
[2026-09-14T02:57:21.513Z] [DEBUG] RSS ok: za/macos/Utilities/top-free entries=100
[2026-09-14T02:57:31.517Z] [DEBUG] Hits: za/macos/Utilities/top-free 4 app(s) found
[2026-09-14T02:57:32.345Z] [DEBUG] RSS ok: br/macos/Business/top-free entries=99
[2026-09-14T02:57:42.349Z] [DEBUG] Hits: br/macos/Business/top-free 3 app(s) found
[2026-09-14T02:57:43.213Z] [DEBUG] RSS ok: br/macos/Productivity/top-free entries=99
[2026-09-14T02:57:53.220Z] [DEBUG] Hits: br/macos/Productivity/top-free 3 app(s) found
[2026-09-14T02:57:53.935Z] [DEBUG] RSS ok: br/macos/Utilities/top-free entries=100
[2026-09-14T02:58:03.942Z] [INFO] RSS progress: 60/60 (60 ok, 0 error, 166 points)
[2026-09-14T02:58:03.942Z] [INFO] RSS fetch done: 60 ok, 0 error, 166 points
[2026-09-14T02:58:03.943Z] [INFO] Platform max returned: macos = 100
[2026-09-14T02:58:03.943Z] [INFO] RSS results: 60 ok, 0 error, 166 rank points
[2026-09-14T02:58:03.989Z] [INFO] Stored: 60 crawls, 166 points
[2026-09-14T02:58:04.006Z] [INFO] current.json written rows=23
[2026-09-14T02:58:04.007Z] [INFO] Current summary: on_chart=166, not_on_chart=294, depth_limited=0, crawl_error=0, total=460
[2026-09-14T02:58:04.007Z] [INFO] === Crawl complete === 650.3s
[2026-09-14T03:47:11.241Z] [INFO] === Crawl start === ts=2026-09-14T03:00:00Z
[2026-09-14T03:47:11.245Z] [INFO] Config loaded apps=4, platforms=macos, categories=Business,Productivity,Utilities
[2026-09-14T03:47:11.245Z] [INFO] App IDs to track: 23 our=4, competitors=19
[2026-09-14T03:47:11.247Z] [INFO] Lookup cached fetched_at=2026-09-14T00:47:12.247Z, 23 apps
[2026-09-14T03:47:11.248Z] [INFO] RSS requests: 60 countries=20, platforms=macos, categories=Business,Productivity,Utilities
[2026-09-14T03:47:11.248Z] [INFO] RSS fetch start: 60 requests, concurrency=1
[2026-09-14T03:47:12.182Z] [DEBUG] RSS ok: us/macos/Business/top-free entries=100
[2026-09-14T03:47:22.184Z] [DEBUG] Hits: us/macos/Business/top-free 4 app(s) found
[2026-09-14T03:47:22.874Z] [DEBUG] RSS ok: us/macos/Productivity/top-free entries=99
[2026-09-14T03:47:32.880Z] [DEBUG] Hits: us/macos/Productivity/top-free 6 app(s) found
[2026-09-14T03:47:33.638Z] [DEBUG] RSS ok: us/macos/Utilities/top-free entries=100
[2026-09-14T03:47:43.644Z] [DEBUG] Hits: us/macos/Utilities/top-free 1 app(s) found
[2026-09-14T03:47:44.314Z] [DEBUG] RSS ok: gb/macos/Business/top-free entries=100
[2026-09-14T03:47:54.321Z] [DEBUG] Hits: gb/macos/Business/top-free 3 app(s) found
[2026-09-14T03:47:55.142Z] [DEBUG] RSS ok: gb/macos/Productivity/top-free entries=99
[2026-09-14T03:48:05.144Z] [DEBUG] Hits: gb/macos/Productivity/top-free 4 app(s) found
[2026-09-14T03:48:05.776Z] [DEBUG] RSS ok: gb/macos/Utilities/top-free entries=100
[2026-09-14T03:48:15.783Z] [DEBUG] Hits: gb/macos/Utilities/top-free 3 app(s) found
[2026-09-14T03:48:16.525Z] [DEBUG] RSS ok: ca/macos/Business/top-free entries=100
[2026-09-14T03:48:26.532Z] [DEBUG] Hits: ca/macos/Business/top-free 4 app(s) found
[2026-09-14T03:48:27.199Z] [DEBUG] RSS ok: ca/macos/Productivity/top-free entries=99
[2026-09-14T03:48:37.205Z] [DEBUG] Hits: ca/macos/Productivity/top-free 5 app(s) found
[2026-09-14T03:48:37.971Z] [DEBUG] RSS ok: ca/macos/Utilities/top-free entries=100
[2026-09-14T03:48:48.689Z] [DEBUG] RSS ok: fr/macos/Business/top-free entries=99
[2026-09-14T03:48:58.695Z] [DEBUG] Hits: fr/macos/Business/top-free 3 app(s) found
[2026-09-14T03:48:58.695Z] [INFO] RSS progress: 10/60 (10 ok, 0 error, 33 points)
[2026-09-14T03:48:59.429Z] [DEBUG] RSS ok: fr/macos/Productivity/top-free entries=99
[2026-09-14T03:49:09.435Z] [DEBUG] Hits: fr/macos/Productivity/top-free 4 app(s) found
[2026-09-14T03:49:10.232Z] [DEBUG] RSS ok: fr/macos/Utilities/top-free entries=100
[2026-09-14T03:49:20.238Z] [DEBUG] Hits: fr/macos/Utilities/top-free 2 app(s) found
[2026-09-14T03:49:21.086Z] [DEBUG] RSS ok: de/macos/Business/top-free entries=99
[2026-09-14T03:49:31.093Z] [DEBUG] Hits: de/macos/Business/top-free 3 app(s) found
[2026-09-14T03:49:31.896Z] [DEBUG] RSS ok: de/macos/Productivity/top-free entries=99
[2026-09-14T03:49:41.903Z] [DEBUG] Hits: de/macos/Productivity/top-free 4 app(s) found
[2026-09-14T03:49:42.802Z] [DEBUG] RSS ok: de/macos/Utilities/top-free entries=100
[2026-09-14T03:49:52.809Z] [DEBUG] Hits: de/macos/Utilities/top-free 3 app(s) found
[2026-09-14T03:49:53.534Z] [DEBUG] RSS ok: jp/macos/Business/top-free entries=100
[2026-09-14T03:50:03.540Z] [DEBUG] Hits: jp/macos/Business/top-free 2 app(s) found
[2026-09-14T03:50:04.350Z] [DEBUG] RSS ok: jp/macos/Productivity/top-free entries=99
[2026-09-14T03:50:14.357Z] [DEBUG] Hits: jp/macos/Productivity/top-free 4 app(s) found
[2026-09-14T03:50:15.043Z] [DEBUG] RSS ok: jp/macos/Utilities/top-free entries=100
[2026-09-14T03:50:25.049Z] [DEBUG] Hits: jp/macos/Utilities/top-free 4 app(s) found
[2026-09-14T03:50:25.912Z] [DEBUG] RSS ok: au/macos/Business/top-free entries=100
[2026-09-14T03:50:35.919Z] [DEBUG] Hits: au/macos/Business/top-free 4 app(s) found
[2026-09-14T03:50:36.675Z] [DEBUG] RSS ok: au/macos/Productivity/top-free entries=99
[2026-09-14T03:50:46.679Z] [DEBUG] Hits: au/macos/Productivity/top-free 4 app(s) found
[2026-09-14T03:50:46.679Z] [INFO] RSS progress: 20/60 (20 ok, 0 error, 67 points)
[2026-09-14T03:50:47.410Z] [DEBUG] RSS ok: au/macos/Utilities/top-free entries=100
[2026-09-14T03:50:57.417Z] [DEBUG] Hits: au/macos/Utilities/top-free 1 app(s) found
[2026-09-14T03:50:58.112Z] [DEBUG] RSS ok: es/macos/Business/top-free entries=100
[2026-09-14T03:51:08.119Z] [DEBUG] Hits: es/macos/Business/top-free 3 app(s) found
[2026-09-14T03:51:09.261Z] [DEBUG] RSS ok: es/macos/Productivity/top-free entries=99
[2026-09-14T03:51:19.267Z] [DEBUG] Hits: es/macos/Productivity/top-free 5 app(s) found
[2026-09-14T03:51:19.901Z] [DEBUG] RSS ok: es/macos/Utilities/top-free entries=100
[2026-09-14T03:51:30.734Z] [DEBUG] RSS ok: it/macos/Business/top-free entries=99
[2026-09-14T03:51:40.740Z] [DEBUG] Hits: it/macos/Business/top-free 2 app(s) found
[2026-09-14T03:51:41.543Z] [DEBUG] RSS ok: it/macos/Productivity/top-free entries=99
[2026-09-14T03:51:51.550Z] [DEBUG] Hits: it/macos/Productivity/top-free 5 app(s) found
[2026-09-14T03:51:52.265Z] [DEBUG] RSS ok: it/macos/Utilities/top-free entries=100
[2026-09-14T03:52:02.964Z] [DEBUG] RSS ok: pt/macos/Business/top-free entries=100
[2026-09-14T03:52:12.971Z] [DEBUG] Hits: pt/macos/Business/top-free 3 app(s) found
[2026-09-14T03:52:13.762Z] [DEBUG] RSS ok: pt/macos/Productivity/top-free entries=99
[2026-09-14T03:52:23.767Z] [DEBUG] Hits: pt/macos/Productivity/top-free 3 app(s) found
[2026-09-14T03:52:24.481Z] [DEBUG] RSS ok: pt/macos/Utilities/top-free entries=100
[2026-09-14T03:52:34.487Z] [DEBUG] Hits: pt/macos/Utilities/top-free 1 app(s) found
[2026-09-14T03:52:34.487Z] [INFO] RSS progress: 30/60 (30 ok, 0 error, 90 points)
[2026-09-14T03:52:35.301Z] [DEBUG] RSS ok: ch/macos/Business/top-free entries=99
[2026-09-14T03:52:45.307Z] [DEBUG] Hits: ch/macos/Business/top-free 4 app(s) found
[2026-09-14T03:52:46.311Z] [DEBUG] RSS ok: ch/macos/Productivity/top-free entries=99
[2026-09-14T03:52:56.318Z] [DEBUG] Hits: ch/macos/Productivity/top-free 4 app(s) found
[2026-09-14T03:52:57.016Z] [DEBUG] RSS ok: ch/macos/Utilities/top-free entries=100
[2026-09-14T03:53:07.022Z] [DEBUG] Hits: ch/macos/Utilities/top-free 2 app(s) found
[2026-09-14T03:53:07.701Z] [DEBUG] RSS ok: be/macos/Business/top-free entries=100
[2026-09-14T03:53:17.704Z] [DEBUG] Hits: be/macos/Business/top-free 4 app(s) found
[2026-09-14T03:53:18.321Z] [DEBUG] RSS ok: be/macos/Productivity/top-free entries=99
[2026-09-14T03:53:28.328Z] [DEBUG] Hits: be/macos/Productivity/top-free 5 app(s) found
[2026-09-14T03:53:28.992Z] [DEBUG] RSS ok: be/macos/Utilities/top-free entries=100
[2026-09-14T03:53:39.690Z] [DEBUG] RSS ok: nl/macos/Business/top-free entries=100
[2026-09-14T03:53:49.697Z] [DEBUG] Hits: nl/macos/Business/top-free 4 app(s) found
[2026-09-14T03:53:50.348Z] [DEBUG] RSS ok: nl/macos/Productivity/top-free entries=99
[2026-09-14T03:54:00.355Z] [DEBUG] Hits: nl/macos/Productivity/top-free 4 app(s) found
[2026-09-14T03:54:01.103Z] [DEBUG] RSS ok: nl/macos/Utilities/top-free entries=100
[2026-09-14T03:54:11.680Z] [DEBUG] RSS ok: tw/macos/Business/top-free entries=100
[2026-09-14T03:54:21.687Z] [DEBUG] Hits: tw/macos/Business/top-free 3 app(s) found
[2026-09-14T03:54:21.687Z] [INFO] RSS progress: 40/60 (40 ok, 0 error, 120 points)
[2026-09-14T03:54:22.536Z] [DEBUG] RSS ok: tw/macos/Productivity/top-free entries=99
[2026-09-14T03:54:32.542Z] [DEBUG] Hits: tw/macos/Productivity/top-free 3 app(s) found
[2026-09-14T03:54:33.340Z] [DEBUG] RSS ok: tw/macos/Utilities/top-free entries=100
[2026-09-14T03:54:44.192Z] [DEBUG] RSS ok: hk/macos/Business/top-free entries=100
[2026-09-14T03:54:54.199Z] [DEBUG] Hits: hk/macos/Business/top-free 1 app(s) found
[2026-09-14T03:54:54.877Z] [DEBUG] RSS ok: hk/macos/Productivity/top-free entries=99
[2026-09-14T03:55:04.879Z] [DEBUG] Hits: hk/macos/Productivity/top-free 4 app(s) found
[2026-09-14T03:55:05.727Z] [DEBUG] RSS ok: hk/macos/Utilities/top-free entries=100
[2026-09-14T03:55:16.435Z] [DEBUG] RSS ok: nz/macos/Business/top-free entries=100
[2026-09-14T03:55:26.441Z] [DEBUG] Hits: nz/macos/Business/top-free 3 app(s) found
[2026-09-14T03:55:27.188Z] [DEBUG] RSS ok: nz/macos/Productivity/top-free entries=99
[2026-09-14T03:55:37.194Z] [DEBUG] Hits: nz/macos/Productivity/top-free 3 app(s) found
[2026-09-14T03:55:37.901Z] [DEBUG] RSS ok: nz/macos/Utilities/top-free entries=100
[2026-09-14T03:55:47.907Z] [DEBUG] Hits: nz/macos/Utilities/top-free 1 app(s) found
[2026-09-14T03:55:48.573Z] [DEBUG] RSS ok: sg/macos/Business/top-free entries=100
[2026-09-14T03:55:58.579Z] [DEBUG] Hits: sg/macos/Business/top-free 4 app(s) found
[2026-09-14T03:55:59.155Z] [DEBUG] RSS ok: sg/macos/Productivity/top-free entries=99
[2026-09-14T03:56:09.161Z] [DEBUG] Hits: sg/macos/Productivity/top-free 4 app(s) found
[2026-09-14T03:56:09.161Z] [INFO] RSS progress: 50/60 (50 ok, 0 error, 143 points)
[2026-09-14T03:56:09.867Z] [DEBUG] RSS ok: sg/macos/Utilities/top-free entries=100
[2026-09-14T03:56:19.873Z] [DEBUG] Hits: sg/macos/Utilities/top-free 2 app(s) found
[2026-09-14T03:56:20.640Z] [DEBUG] RSS ok: in/macos/Business/top-free entries=100
[2026-09-14T03:56:30.646Z] [DEBUG] Hits: in/macos/Business/top-free 3 app(s) found
[2026-09-14T03:56:31.434Z] [DEBUG] RSS ok: in/macos/Productivity/top-free entries=99
[2026-09-14T03:56:41.440Z] [DEBUG] Hits: in/macos/Productivity/top-free 2 app(s) found
[2026-09-14T03:56:42.153Z] [DEBUG] RSS ok: in/macos/Utilities/top-free entries=100
[2026-09-14T03:56:52.909Z] [DEBUG] RSS ok: za/macos/Business/top-free entries=100
[2026-09-14T03:57:02.916Z] [DEBUG] Hits: za/macos/Business/top-free 2 app(s) found
[2026-09-14T03:57:03.750Z] [DEBUG] RSS ok: za/macos/Productivity/top-free entries=99
[2026-09-14T03:57:13.757Z] [DEBUG] Hits: za/macos/Productivity/top-free 4 app(s) found
[2026-09-14T03:57:14.625Z] [DEBUG] RSS ok: za/macos/Utilities/top-free entries=100
[2026-09-14T03:57:24.631Z] [DEBUG] Hits: za/macos/Utilities/top-free 4 app(s) found
[2026-09-14T03:57:25.378Z] [DEBUG] RSS ok: br/macos/Business/top-free entries=99
[2026-09-14T03:57:35.383Z] [DEBUG] Hits: br/macos/Business/top-free 3 app(s) found
[2026-09-14T03:57:36.196Z] [DEBUG] RSS ok: br/macos/Productivity/top-free entries=99
[2026-09-14T03:57:46.199Z] [DEBUG] Hits: br/macos/Productivity/top-free 3 app(s) found
[2026-09-14T03:57:46.875Z] [DEBUG] RSS ok: br/macos/Utilities/top-free entries=100
[2026-09-14T03:57:56.879Z] [INFO] RSS progress: 60/60 (60 ok, 0 error, 166 points)
[2026-09-14T03:57:56.879Z] [INFO] RSS fetch done: 60 ok, 0 error, 166 points
[2026-09-14T03:57:56.879Z] [INFO] Platform max returned: macos = 100
[2026-09-14T03:57:56.879Z] [INFO] RSS results: 60 ok, 0 error, 166 rank points
[2026-09-14T03:57:56.909Z] [INFO] Stored: 60 crawls, 166 points
[2026-09-14T03:57:56.924Z] [INFO] current.json written rows=23
[2026-09-14T03:57:56.925Z] [INFO] === Crawl complete === 645.7s
[2026-09-14T03:57:56.925Z] [INFO] Current summary: on_chart=166, not_on_chart=294, depth_limited=0, crawl_error=0, total=460
[2026-09-14T04:47:11.911Z] [INFO] === Crawl start === ts=2026-09-14T04:00:00Z
[2026-09-14T04:47:11.915Z] [INFO] Config loaded apps=4, platforms=macos, categories=Business,Productivity,Utilities
[2026-09-14T04:47:11.915Z] [INFO] App IDs to track: 23 our=4, competitors=19
[2026-09-14T04:47:11.917Z] [INFO] Lookup cached fetched_at=2026-09-14T00:47:12.247Z, 23 apps
[2026-09-14T04:47:11.917Z] [INFO] RSS requests: 60 countries=20, platforms=macos, categories=Business,Productivity,Utilities
[2026-09-14T04:47:11.917Z] [INFO] RSS fetch start: 60 requests, concurrency=1
[2026-09-14T04:47:12.952Z] [DEBUG] RSS ok: us/macos/Business/top-free entries=100
[2026-09-14T04:47:22.955Z] [DEBUG] Hits: us/macos/Business/top-free 5 app(s) found
[2026-09-14T04:47:23.691Z] [DEBUG] RSS ok: us/macos/Productivity/top-free entries=99
[2026-09-14T04:47:33.698Z] [DEBUG] Hits: us/macos/Productivity/top-free 6 app(s) found
[2026-09-14T04:47:34.526Z] [DEBUG] RSS ok: us/macos/Utilities/top-free entries=100
[2026-09-14T04:47:44.528Z] [DEBUG] Hits: us/macos/Utilities/top-free 1 app(s) found
[2026-09-14T04:47:45.249Z] [DEBUG] RSS ok: gb/macos/Business/top-free entries=100
[2026-09-14T04:47:55.255Z] [DEBUG] Hits: gb/macos/Business/top-free 4 app(s) found
[2026-09-14T04:47:55.993Z] [DEBUG] RSS ok: gb/macos/Productivity/top-free entries=99
[2026-09-14T04:48:06.000Z] [DEBUG] Hits: gb/macos/Productivity/top-free 4 app(s) found
[2026-09-14T04:48:06.747Z] [DEBUG] RSS ok: gb/macos/Utilities/top-free entries=100
[2026-09-14T04:48:16.753Z] [DEBUG] Hits: gb/macos/Utilities/top-free 3 app(s) found
[2026-09-14T04:48:17.418Z] [DEBUG] RSS ok: ca/macos/Business/top-free entries=100
[2026-09-14T04:48:27.425Z] [DEBUG] Hits: ca/macos/Business/top-free 5 app(s) found
[2026-09-14T04:48:28.757Z] [DEBUG] RSS ok: ca/macos/Productivity/top-free entries=99
[2026-09-14T04:48:38.763Z] [DEBUG] Hits: ca/macos/Productivity/top-free 5 app(s) found
[2026-09-14T04:48:39.528Z] [DEBUG] RSS ok: ca/macos/Utilities/top-free entries=100
[2026-09-14T04:48:50.462Z] [DEBUG] RSS ok: fr/macos/Business/top-free entries=99
[2026-09-14T04:49:00.468Z] [DEBUG] Hits: fr/macos/Business/top-free 3 app(s) found
[2026-09-14T04:49:00.468Z] [INFO] RSS progress: 10/60 (10 ok, 0 error, 36 points)
[2026-09-14T04:49:01.263Z] [DEBUG] RSS ok: fr/macos/Productivity/top-free entries=99
[2026-09-14T04:49:11.270Z] [DEBUG] Hits: fr/macos/Productivity/top-free 4 app(s) found
[2026-09-14T04:49:12.867Z] [DEBUG] RSS ok: fr/macos/Utilities/top-free entries=100
[2026-09-14T04:49:22.874Z] [DEBUG] Hits: fr/macos/Utilities/top-free 1 app(s) found
[2026-09-14T04:49:23.560Z] [DEBUG] RSS ok: de/macos/Business/top-free entries=99
[2026-09-14T04:49:33.566Z] [DEBUG] Hits: de/macos/Business/top-free 3 app(s) found
[2026-09-14T04:49:34.417Z] [DEBUG] RSS ok: de/macos/Productivity/top-free entries=99
[2026-09-14T04:49:44.424Z] [DEBUG] Hits: de/macos/Productivity/top-free 4 app(s) found
[2026-09-14T04:49:46.140Z] [DEBUG] RSS ok: de/macos/Utilities/top-free entries=100
[2026-09-14T04:49:56.147Z] [DEBUG] Hits: de/macos/Utilities/top-free 2 app(s) found
[2026-09-14T04:49:56.926Z] [DEBUG] RSS ok: jp/macos/Business/top-free entries=100
[2026-09-14T04:50:06.932Z] [DEBUG] Hits: jp/macos/Business/top-free 2 app(s) found
[2026-09-14T04:50:07.699Z] [DEBUG] RSS ok: jp/macos/Productivity/top-free entries=99
[2026-09-14T04:50:17.705Z] [DEBUG] Hits: jp/macos/Productivity/top-free 3 app(s) found
[2026-09-14T04:50:18.698Z] [DEBUG] RSS ok: jp/macos/Utilities/top-free entries=100
[2026-09-14T04:50:28.700Z] [DEBUG] Hits: jp/macos/Utilities/top-free 3 app(s) found
[2026-09-14T04:50:29.471Z] [DEBUG] RSS ok: au/macos/Business/top-free entries=100
[2026-09-14T04:50:39.479Z] [DEBUG] Hits: au/macos/Business/top-free 3 app(s) found
[2026-09-14T04:50:40.538Z] [DEBUG] RSS ok: au/macos/Productivity/top-free entries=99
[2026-09-14T04:50:50.544Z] [DEBUG] Hits: au/macos/Productivity/top-free 5 app(s) found
[2026-09-14T04:50:50.545Z] [INFO] RSS progress: 20/60 (20 ok, 0 error, 66 points)
[2026-09-14T04:50:51.359Z] [DEBUG] RSS ok: au/macos/Utilities/top-free entries=100
[2026-09-14T04:51:01.364Z] [DEBUG] Hits: au/macos/Utilities/top-free 2 app(s) found
[2026-09-14T04:51:02.102Z] [DEBUG] RSS ok: es/macos/Business/top-free entries=100
[2026-09-14T04:51:12.109Z] [DEBUG] Hits: es/macos/Business/top-free 3 app(s) found
[2026-09-14T04:51:12.823Z] [DEBUG] RSS ok: es/macos/Productivity/top-free entries=99
[2026-09-14T04:51:22.830Z] [DEBUG] Hits: es/macos/Productivity/top-free 5 app(s) found
[2026-09-14T04:51:23.695Z] [DEBUG] RSS ok: es/macos/Utilities/top-free entries=100
[2026-09-14T04:51:34.565Z] [DEBUG] RSS ok: it/macos/Business/top-free entries=99
[2026-09-14T04:51:44.570Z] [DEBUG] Hits: it/macos/Business/top-free 2 app(s) found
[2026-09-14T04:51:45.371Z] [DEBUG] RSS ok: it/macos/Productivity/top-free entries=99
[2026-09-14T04:51:55.377Z] [DEBUG] Hits: it/macos/Productivity/top-free 5 app(s) found
[2026-09-14T04:51:56.362Z] [DEBUG] RSS ok: it/macos/Utilities/top-free entries=100
[2026-09-14T04:52:07.203Z] [DEBUG] RSS ok: pt/macos/Business/top-free entries=100
[2026-09-14T04:52:17.209Z] [DEBUG] Hits: pt/macos/Business/top-free 3 app(s) found
[2026-09-14T04:52:18.062Z] [DEBUG] RSS ok: pt/macos/Productivity/top-free entries=99
[2026-09-14T04:52:28.067Z] [DEBUG] Hits: pt/macos/Productivity/top-free 3 app(s) found
[2026-09-14T04:52:29.045Z] [DEBUG] RSS ok: pt/macos/Utilities/top-free entries=100
[2026-09-14T04:52:39.051Z] [INFO] RSS progress: 30/60 (30 ok, 0 error, 90 points)
[2026-09-14T04:52:39.051Z] [DEBUG] Hits: pt/macos/Utilities/top-free 1 app(s) found
[2026-09-14T04:52:39.875Z] [DEBUG] RSS ok: ch/macos/Business/top-free entries=99
[2026-09-14T04:52:49.876Z] [DEBUG] Hits: ch/macos/Business/top-free 4 app(s) found
[2026-09-14T04:52:50.623Z] [DEBUG] RSS ok: ch/macos/Productivity/top-free entries=99
[2026-09-14T04:53:00.629Z] [DEBUG] Hits: ch/macos/Productivity/top-free 4 app(s) found
[2026-09-14T04:53:01.421Z] [DEBUG] RSS ok: ch/macos/Utilities/top-free entries=100
[2026-09-14T04:53:11.427Z] [DEBUG] Hits: ch/macos/Utilities/top-free 2 app(s) found
[2026-09-14T04:53:12.340Z] [DEBUG] RSS ok: be/macos/Business/top-free entries=100
[2026-09-14T04:53:22.346Z] [DEBUG] Hits: be/macos/Business/top-free 4 app(s) found
[2026-09-14T04:53:23.181Z] [DEBUG] RSS ok: be/macos/Productivity/top-free entries=99
[2026-09-14T04:53:33.186Z] [DEBUG] Hits: be/macos/Productivity/top-free 5 app(s) found
[2026-09-14T04:53:33.904Z] [DEBUG] RSS ok: be/macos/Utilities/top-free entries=100
[2026-09-14T04:53:44.722Z] [DEBUG] RSS ok: nl/macos/Business/top-free entries=100
[2026-09-14T04:53:54.728Z] [DEBUG] Hits: nl/macos/Business/top-free 4 app(s) found
[2026-09-14T04:53:56.095Z] [DEBUG] RSS ok: nl/macos/Productivity/top-free entries=99
[2026-09-14T04:54:06.102Z] [DEBUG] Hits: nl/macos/Productivity/top-free 4 app(s) found
[2026-09-14T04:54:07.105Z] [DEBUG] RSS ok: nl/macos/Utilities/top-free entries=100
[2026-09-14T04:54:17.756Z] [DEBUG] RSS ok: tw/macos/Business/top-free entries=100
[2026-09-14T04:54:27.763Z] [DEBUG] Hits: tw/macos/Business/top-free 3 app(s) found
[2026-09-14T04:54:27.763Z] [INFO] RSS progress: 40/60 (40 ok, 0 error, 120 points)
[2026-09-14T04:54:28.824Z] [DEBUG] RSS ok: tw/macos/Productivity/top-free entries=99
[2026-09-14T04:54:38.831Z] [DEBUG] Hits: tw/macos/Productivity/top-free 3 app(s) found
[2026-09-14T04:54:39.533Z] [DEBUG] RSS ok: tw/macos/Utilities/top-free entries=100
[2026-09-14T04:54:50.325Z] [DEBUG] RSS ok: hk/macos/Business/top-free entries=100
[2026-09-14T04:55:00.332Z] [DEBUG] Hits: hk/macos/Business/top-free 1 app(s) found
[2026-09-14T04:55:01.204Z] [DEBUG] RSS ok: hk/macos/Productivity/top-free entries=99
[2026-09-14T04:55:11.211Z] [DEBUG] Hits: hk/macos/Productivity/top-free 4 app(s) found
[2026-09-14T04:55:12.251Z] [DEBUG] RSS ok: hk/macos/Utilities/top-free entries=100
[2026-09-14T04:55:22.252Z] [DEBUG] Hits: hk/macos/Utilities/top-free 1 app(s) found
[2026-09-14T04:55:22.974Z] [DEBUG] RSS ok: nz/macos/Business/top-free entries=100
[2026-09-14T04:55:32.980Z] [DEBUG] Hits: nz/macos/Business/top-free 4 app(s) found
[2026-09-14T04:55:33.700Z] [DEBUG] RSS ok: nz/macos/Productivity/top-free entries=99
[2026-09-14T04:55:43.707Z] [DEBUG] Hits: nz/macos/Productivity/top-free 3 app(s) found
[2026-09-14T04:55:44.460Z] [DEBUG] RSS ok: nz/macos/Utilities/top-free entries=100
[2026-09-14T04:55:54.467Z] [DEBUG] Hits: nz/macos/Utilities/top-free 1 app(s) found
[2026-09-14T04:55:55.140Z] [DEBUG] RSS ok: sg/macos/Business/top-free entries=100
[2026-09-14T04:56:05.146Z] [DEBUG] Hits: sg/macos/Business/top-free 4 app(s) found
[2026-09-14T04:56:06.375Z] [DEBUG] RSS ok: sg/macos/Productivity/top-free entries=99
[2026-09-14T04:56:16.381Z] [DEBUG] Hits: sg/macos/Productivity/top-free 3 app(s) found
[2026-09-14T04:56:16.381Z] [INFO] RSS progress: 50/60 (50 ok, 0 error, 144 points)
[2026-09-14T04:56:17.299Z] [DEBUG] RSS ok: sg/macos/Utilities/top-free entries=100
[2026-09-14T04:56:27.304Z] [DEBUG] Hits: sg/macos/Utilities/top-free 2 app(s) found
[2026-09-14T04:56:28.047Z] [DEBUG] RSS ok: in/macos/Business/top-free entries=100
[2026-09-14T04:56:38.052Z] [DEBUG] Hits: in/macos/Business/top-free 3 app(s) found
[2026-09-14T04:56:38.789Z] [DEBUG] RSS ok: in/macos/Productivity/top-free entries=99
[2026-09-14T04:56:48.794Z] [DEBUG] Hits: in/macos/Productivity/top-free 2 app(s) found
[2026-09-14T04:56:49.531Z] [DEBUG] RSS ok: in/macos/Utilities/top-free entries=100
[2026-09-14T04:56:59.532Z] [DEBUG] Hits: in/macos/Utilities/top-free 1 app(s) found
[2026-09-14T04:57:00.351Z] [DEBUG] RSS ok: za/macos/Business/top-free entries=100
[2026-09-14T04:57:10.358Z] [DEBUG] Hits: za/macos/Business/top-free 2 app(s) found
[2026-09-14T04:57:11.289Z] [DEBUG] RSS ok: za/macos/Productivity/top-free entries=99
[2026-09-14T04:57:21.294Z] [DEBUG] Hits: za/macos/Productivity/top-free 4 app(s) found
[2026-09-14T04:57:22.110Z] [DEBUG] RSS ok: za/macos/Utilities/top-free entries=100
[2026-09-14T04:57:32.117Z] [DEBUG] Hits: za/macos/Utilities/top-free 4 app(s) found
[2026-09-14T04:57:32.872Z] [DEBUG] RSS ok: br/macos/Business/top-free entries=99
[2026-09-14T04:57:42.879Z] [DEBUG] Hits: br/macos/Business/top-free 2 app(s) found
[2026-09-14T04:57:43.778Z] [DEBUG] RSS ok: br/macos/Productivity/top-free entries=99
[2026-09-14T04:57:53.784Z] [DEBUG] Hits: br/macos/Productivity/top-free 3 app(s) found
[2026-09-14T04:57:55.412Z] [DEBUG] RSS ok: br/macos/Utilities/top-free entries=100
[2026-09-14T04:58:05.417Z] [INFO] RSS progress: 60/60 (60 ok, 0 error, 167 points)
[2026-09-14T04:58:05.418Z] [INFO] RSS fetch done: 60 ok, 0 error, 167 points
[2026-09-14T04:58:05.418Z] [INFO] Platform max returned: macos = 100
[2026-09-14T04:58:05.418Z] [INFO] RSS results: 60 ok, 0 error, 167 rank points
[2026-09-14T04:58:05.452Z] [INFO] Stored: 60 crawls, 167 points
[2026-09-14T04:58:05.469Z] [INFO] current.json written rows=23
[2026-09-14T04:58:05.470Z] [INFO] Current summary: on_chart=167, not_on_chart=293, depth_limited=0, crawl_error=0, total=460
[2026-09-14T04:58:05.470Z] [INFO] === Crawl complete === 653.6s
[2026-09-14T05:47:12.116Z] [INFO] === Crawl start === ts=2026-09-14T05:00:00Z
[2026-09-14T05:47:12.121Z] [INFO] Config loaded apps=4, platforms=macos, categories=Business,Productivity,Utilities
[2026-09-14T05:47:12.121Z] [INFO] App IDs to track: 23 our=4, competitors=19
[2026-09-14T05:47:12.123Z] [INFO] Lookup cached fetched_at=2026-09-14T00:47:12.247Z, 23 apps
[2026-09-14T05:47:12.124Z] [INFO] RSS requests: 60 countries=20, platforms=macos, categories=Business,Productivity,Utilities
[2026-09-14T05:47:12.124Z] [INFO] RSS fetch start: 60 requests, concurrency=1
[2026-09-14T05:47:12.965Z] [DEBUG] RSS ok: us/macos/Business/top-free entries=100
[2026-09-14T05:47:22.968Z] [DEBUG] Hits: us/macos/Business/top-free 5 app(s) found
[2026-09-14T05:47:23.603Z] [DEBUG] RSS ok: us/macos/Productivity/top-free entries=99
[2026-09-14T05:47:33.610Z] [DEBUG] Hits: us/macos/Productivity/top-free 6 app(s) found
[2026-09-14T05:47:34.422Z] [DEBUG] RSS ok: us/macos/Utilities/top-free entries=100
[2026-09-14T05:47:44.425Z] [DEBUG] Hits: us/macos/Utilities/top-free 1 app(s) found
[2026-09-14T05:47:45.346Z] [DEBUG] RSS ok: gb/macos/Business/top-free entries=100
[2026-09-14T05:47:55.352Z] [DEBUG] Hits: gb/macos/Business/top-free 4 app(s) found
[2026-09-14T05:47:56.493Z] [DEBUG] RSS ok: gb/macos/Productivity/top-free entries=99
[2026-09-14T05:48:06.500Z] [DEBUG] Hits: gb/macos/Productivity/top-free 4 app(s) found
[2026-09-14T05:48:07.250Z] [DEBUG] RSS ok: gb/macos/Utilities/top-free entries=100
[2026-09-14T05:48:17.255Z] [DEBUG] Hits: gb/macos/Utilities/top-free 3 app(s) found
[2026-09-14T05:48:18.032Z] [DEBUG] RSS ok: ca/macos/Business/top-free entries=100
[2026-09-14T05:48:28.038Z] [DEBUG] Hits: ca/macos/Business/top-free 5 app(s) found
[2026-09-14T05:48:29.026Z] [DEBUG] RSS ok: ca/macos/Productivity/top-free entries=99
[2026-09-14T05:48:39.033Z] [DEBUG] Hits: ca/macos/Productivity/top-free 5 app(s) found
[2026-09-14T05:48:39.782Z] [DEBUG] RSS ok: ca/macos/Utilities/top-free entries=100
[2026-09-14T05:48:50.465Z] [DEBUG] RSS ok: fr/macos/Business/top-free entries=99
[2026-09-14T05:49:00.471Z] [DEBUG] Hits: fr/macos/Business/top-free 3 app(s) found
[2026-09-14T05:49:00.471Z] [INFO] RSS progress: 10/60 (10 ok, 0 error, 36 points)
[2026-09-14T05:49:01.305Z] [DEBUG] RSS ok: fr/macos/Productivity/top-free entries=99
[2026-09-14T05:49:11.312Z] [DEBUG] Hits: fr/macos/Productivity/top-free 4 app(s) found
[2026-09-14T05:49:12.270Z] [DEBUG] RSS ok: fr/macos/Utilities/top-free entries=100
[2026-09-14T05:49:22.277Z] [DEBUG] Hits: fr/macos/Utilities/top-free 1 app(s) found
[2026-09-14T05:49:23.000Z] [DEBUG] RSS ok: de/macos/Business/top-free entries=99
[2026-09-14T05:49:33.004Z] [DEBUG] Hits: de/macos/Business/top-free 3 app(s) found
[2026-09-14T05:49:33.817Z] [DEBUG] RSS ok: de/macos/Productivity/top-free entries=99
[2026-09-14T05:49:43.824Z] [DEBUG] Hits: de/macos/Productivity/top-free 4 app(s) found
[2026-09-14T05:49:44.441Z] [DEBUG] RSS ok: de/macos/Utilities/top-free entries=100
[2026-09-14T05:49:54.441Z] [DEBUG] Hits: de/macos/Utilities/top-free 2 app(s) found
[2026-09-14T05:49:55.416Z] [DEBUG] RSS ok: jp/macos/Business/top-free entries=100
[2026-09-14T05:50:05.417Z] [DEBUG] Hits: jp/macos/Business/top-free 2 app(s) found
[2026-09-14T05:50:06.368Z] [DEBUG] RSS ok: jp/macos/Productivity/top-free entries=99
[2026-09-14T05:50:16.375Z] [DEBUG] Hits: jp/macos/Productivity/top-free 3 app(s) found
[2026-09-14T05:50:17.349Z] [DEBUG] RSS ok: jp/macos/Utilities/top-free entries=100
[2026-09-14T05:50:27.353Z] [DEBUG] Hits: jp/macos/Utilities/top-free 3 app(s) found
[2026-09-14T05:50:28.070Z] [DEBUG] RSS ok: au/macos/Business/top-free entries=100
[2026-09-14T05:50:38.077Z] [DEBUG] Hits: au/macos/Business/top-free 3 app(s) found
[2026-09-14T05:50:39.064Z] [DEBUG] RSS ok: au/macos/Productivity/top-free entries=99
[2026-09-14T05:50:49.068Z] [DEBUG] Hits: au/macos/Productivity/top-free 5 app(s) found
[2026-09-14T05:50:49.068Z] [INFO] RSS progress: 20/60 (20 ok, 0 error, 66 points)
[2026-09-14T05:50:49.738Z] [DEBUG] RSS ok: au/macos/Utilities/top-free entries=100
[2026-09-14T05:50:59.745Z] [DEBUG] Hits: au/macos/Utilities/top-free 2 app(s) found
[2026-09-14T05:51:00.458Z] [DEBUG] RSS ok: es/macos/Business/top-free entries=100
[2026-09-14T05:51:10.464Z] [DEBUG] Hits: es/macos/Business/top-free 3 app(s) found
[2026-09-14T05:51:11.290Z] [DEBUG] RSS ok: es/macos/Productivity/top-free entries=99
[2026-09-14T05:51:21.296Z] [DEBUG] Hits: es/macos/Productivity/top-free 5 app(s) found
[2026-09-14T05:51:22.018Z] [DEBUG] RSS ok: es/macos/Utilities/top-free entries=100
[2026-09-14T05:51:32.675Z] [DEBUG] RSS ok: it/macos/Business/top-free entries=99
[2026-09-14T05:51:42.682Z] [DEBUG] Hits: it/macos/Business/top-free 2 app(s) found
[2026-09-14T05:51:43.433Z] [DEBUG] RSS ok: it/macos/Productivity/top-free entries=99
[2026-09-14T05:51:53.439Z] [DEBUG] Hits: it/macos/Productivity/top-free 5 app(s) found
[2026-09-14T05:51:54.197Z] [DEBUG] RSS ok: it/macos/Utilities/top-free entries=100
[2026-09-14T05:52:05.108Z] [DEBUG] RSS ok: pt/macos/Business/top-free entries=100
[2026-09-14T05:52:15.114Z] [DEBUG] Hits: pt/macos/Business/top-free 3 app(s) found
[2026-09-14T05:52:16.118Z] [DEBUG] RSS ok: pt/macos/Productivity/top-free entries=99
[2026-09-14T05:52:26.124Z] [DEBUG] Hits: pt/macos/Productivity/top-free 3 app(s) found
[2026-09-14T05:52:26.893Z] [DEBUG] RSS ok: pt/macos/Utilities/top-free entries=100
[2026-09-14T05:52:36.898Z] [DEBUG] Hits: pt/macos/Utilities/top-free 1 app(s) found
[2026-09-14T05:52:36.899Z] [INFO] RSS progress: 30/60 (30 ok, 0 error, 90 points)
[2026-09-14T05:52:37.647Z] [DEBUG] RSS ok: ch/macos/Business/top-free entries=99
[2026-09-14T05:52:47.652Z] [DEBUG] Hits: ch/macos/Business/top-free 4 app(s) found
[2026-09-14T05:52:48.372Z] [DEBUG] RSS ok: ch/macos/Productivity/top-free entries=99
[2026-09-14T05:52:58.379Z] [DEBUG] Hits: ch/macos/Productivity/top-free 4 app(s) found
[2026-09-14T05:52:59.072Z] [DEBUG] RSS ok: ch/macos/Utilities/top-free entries=100
[2026-09-14T05:53:09.079Z] [DEBUG] Hits: ch/macos/Utilities/top-free 2 app(s) found
[2026-09-14T05:53:09.877Z] [DEBUG] RSS ok: be/macos/Business/top-free entries=100
[2026-09-14T05:53:19.884Z] [DEBUG] Hits: be/macos/Business/top-free 4 app(s) found
[2026-09-14T05:53:20.553Z] [DEBUG] RSS ok: be/macos/Productivity/top-free entries=99
[2026-09-14T05:53:30.558Z] [DEBUG] Hits: be/macos/Productivity/top-free 5 app(s) found
[2026-09-14T05:53:31.235Z] [DEBUG] RSS ok: be/macos/Utilities/top-free entries=100
[2026-09-14T05:53:41.964Z] [DEBUG] RSS ok: nl/macos/Business/top-free entries=100
[2026-09-14T05:53:51.969Z] [DEBUG] Hits: nl/macos/Business/top-free 4 app(s) found
[2026-09-14T05:53:52.751Z] [DEBUG] RSS ok: nl/macos/Productivity/top-free entries=99
[2026-09-14T05:54:02.753Z] [DEBUG] Hits: nl/macos/Productivity/top-free 4 app(s) found
[2026-09-14T05:54:03.526Z] [DEBUG] RSS ok: nl/macos/Utilities/top-free entries=100
[2026-09-14T05:54:14.195Z] [DEBUG] RSS ok: tw/macos/Business/top-free entries=100
[2026-09-14T05:54:24.200Z] [INFO] RSS progress: 40/60 (40 ok, 0 error, 120 points)
[2026-09-14T05:54:24.200Z] [DEBUG] Hits: tw/macos/Business/top-free 3 app(s) found
[2026-09-14T05:54:24.842Z] [DEBUG] RSS ok: tw/macos/Productivity/top-free entries=99
[2026-09-14T05:54:34.849Z] [DEBUG] Hits: tw/macos/Productivity/top-free 3 app(s) found
[2026-09-14T05:54:35.506Z] [DEBUG] RSS ok: tw/macos/Utilities/top-free entries=100
[2026-09-14T05:54:46.237Z] [DEBUG] RSS ok: hk/macos/Business/top-free entries=100
[2026-09-14T05:54:56.243Z] [DEBUG] Hits: hk/macos/Business/top-free 1 app(s) found
[2026-09-14T05:54:56.837Z] [DEBUG] RSS ok: hk/macos/Productivity/top-free entries=99
[2026-09-14T05:55:06.843Z] [DEBUG] Hits: hk/macos/Productivity/top-free 4 app(s) found
[2026-09-14T05:55:07.525Z] [DEBUG] RSS ok: hk/macos/Utilities/top-free entries=100
[2026-09-14T05:55:17.531Z] [DEBUG] Hits: hk/macos/Utilities/top-free 1 app(s) found
[2026-09-14T05:55:18.318Z] [DEBUG] RSS ok: nz/macos/Business/top-free entries=100
[2026-09-14T05:55:28.321Z] [DEBUG] Hits: nz/macos/Business/top-free 4 app(s) found
[2026-09-14T05:55:29.005Z] [DEBUG] RSS ok: nz/macos/Productivity/top-free entries=99
[2026-09-14T05:55:39.011Z] [DEBUG] Hits: nz/macos/Productivity/top-free 3 app(s) found
[2026-09-14T05:55:39.667Z] [DEBUG] RSS ok: nz/macos/Utilities/top-free entries=100
[2026-09-14T05:55:49.674Z] [DEBUG] Hits: nz/macos/Utilities/top-free 1 app(s) found
[2026-09-14T05:55:50.316Z] [DEBUG] RSS ok: sg/macos/Business/top-free entries=100
[2026-09-14T05:56:00.323Z] [DEBUG] Hits: sg/macos/Business/top-free 4 app(s) found
[2026-09-14T05:56:00.956Z] [DEBUG] RSS ok: sg/macos/Productivity/top-free entries=99
[2026-09-14T05:56:10.961Z] [DEBUG] Hits: sg/macos/Productivity/top-free 3 app(s) found
[2026-09-14T05:56:10.962Z] [INFO] RSS progress: 50/60 (50 ok, 0 error, 144 points)
[2026-09-14T05:56:11.757Z] [DEBUG] RSS ok: sg/macos/Utilities/top-free entries=100
[2026-09-14T05:56:21.763Z] [DEBUG] Hits: sg/macos/Utilities/top-free 2 app(s) found
[2026-09-14T05:56:22.464Z] [DEBUG] RSS ok: in/macos/Business/top-free entries=100
[2026-09-14T05:56:32.471Z] [DEBUG] Hits: in/macos/Business/top-free 3 app(s) found
[2026-09-14T05:56:33.206Z] [DEBUG] RSS ok: in/macos/Productivity/top-free entries=99
[2026-09-14T05:56:43.212Z] [DEBUG] Hits: in/macos/Productivity/top-free 2 app(s) found
[2026-09-14T05:56:43.922Z] [DEBUG] RSS ok: in/macos/Utilities/top-free entries=100
[2026-09-14T05:56:53.929Z] [DEBUG] Hits: in/macos/Utilities/top-free 1 app(s) found
[2026-09-14T05:56:54.810Z] [DEBUG] RSS ok: za/macos/Business/top-free entries=100
[2026-09-14T05:57:04.817Z] [DEBUG] Hits: za/macos/Business/top-free 2 app(s) found
[2026-09-14T05:57:05.692Z] [DEBUG] RSS ok: za/macos/Productivity/top-free entries=99
[2026-09-14T05:57:15.698Z] [DEBUG] Hits: za/macos/Productivity/top-free 4 app(s) found
[2026-09-14T05:57:16.448Z] [DEBUG] RSS ok: za/macos/Utilities/top-free entries=100
[2026-09-14T05:57:26.455Z] [DEBUG] Hits: za/macos/Utilities/top-free 4 app(s) found
[2026-09-14T05:57:27.239Z] [DEBUG] RSS ok: br/macos/Business/top-free entries=99
[2026-09-14T05:57:37.245Z] [DEBUG] Hits: br/macos/Business/top-free 2 app(s) found
[2026-09-14T05:57:37.962Z] [DEBUG] RSS ok: br/macos/Productivity/top-free entries=99
[2026-09-14T05:57:47.965Z] [DEBUG] Hits: br/macos/Productivity/top-free 3 app(s) found
[2026-09-14T05:57:48.644Z] [DEBUG] RSS ok: br/macos/Utilities/top-free entries=100
[2026-09-14T05:57:58.650Z] [INFO] RSS progress: 60/60 (60 ok, 0 error, 167 points)
[2026-09-14T05:57:58.650Z] [INFO] Platform max returned: macos = 100
[2026-09-14T05:57:58.650Z] [INFO] RSS fetch done: 60 ok, 0 error, 167 points
[2026-09-14T05:57:58.651Z] [INFO] RSS results: 60 ok, 0 error, 167 rank points
[2026-09-14T05:57:58.695Z] [INFO] Stored: 60 crawls, 167 points
[2026-09-14T05:57:58.712Z] [INFO] current.json written rows=23
[2026-09-14T05:57:58.713Z] [INFO] Current summary: on_chart=167, not_on_chart=293, depth_limited=0, crawl_error=0, total=460
[2026-09-14T05:57:58.713Z] [INFO] === Crawl complete === 646.6s
[2026-09-14T06:47:10.999Z] [INFO] === Crawl start === ts=2026-09-14T06:00:00Z
[2026-09-14T06:47:11.003Z] [INFO] Config loaded apps=4, platforms=macos, categories=Business,Productivity,Utilities
[2026-09-14T06:47:11.003Z] [INFO] App IDs to track: 23 our=4, competitors=19
[2026-09-14T06:47:11.005Z] [INFO] Lookup cached fetched_at=2026-09-14T00:47:12.247Z, 23 apps
[2026-09-14T06:47:11.005Z] [INFO] RSS requests: 60 countries=20, platforms=macos, categories=Business,Productivity,Utilities
[2026-09-14T06:47:11.006Z] [INFO] RSS fetch start: 60 requests, concurrency=1
[2026-09-14T06:47:11.803Z] [DEBUG] RSS ok: us/macos/Business/top-free entries=100
[2026-09-14T06:47:21.806Z] [DEBUG] Hits: us/macos/Business/top-free 5 app(s) found
[2026-09-14T06:47:22.423Z] [DEBUG] RSS ok: us/macos/Productivity/top-free entries=99
[2026-09-14T06:47:32.424Z] [DEBUG] Hits: us/macos/Productivity/top-free 6 app(s) found
[2026-09-14T06:47:33.386Z] [DEBUG] RSS ok: us/macos/Utilities/top-free entries=100
[2026-09-14T06:47:43.392Z] [DEBUG] Hits: us/macos/Utilities/top-free 1 app(s) found
[2026-09-14T06:47:44.080Z] [DEBUG] RSS ok: gb/macos/Business/top-free entries=100
[2026-09-14T06:47:54.087Z] [DEBUG] Hits: gb/macos/Business/top-free 4 app(s) found
[2026-09-14T06:47:54.836Z] [DEBUG] RSS ok: gb/macos/Productivity/top-free entries=99
[2026-09-14T06:48:04.843Z] [DEBUG] Hits: gb/macos/Productivity/top-free 4 app(s) found
[2026-09-14T06:48:05.630Z] [DEBUG] RSS ok: gb/macos/Utilities/top-free entries=100
[2026-09-14T06:48:15.637Z] [DEBUG] Hits: gb/macos/Utilities/top-free 3 app(s) found
[2026-09-14T06:48:16.384Z] [DEBUG] RSS ok: ca/macos/Business/top-free entries=100
[2026-09-14T06:48:26.390Z] [DEBUG] Hits: ca/macos/Business/top-free 5 app(s) found
[2026-09-14T06:48:27.034Z] [DEBUG] RSS ok: ca/macos/Productivity/top-free entries=99
[2026-09-14T06:48:37.040Z] [DEBUG] Hits: ca/macos/Productivity/top-free 5 app(s) found
[2026-09-14T06:48:38.049Z] [DEBUG] RSS ok: ca/macos/Utilities/top-free entries=100
[2026-09-14T06:48:48.882Z] [DEBUG] RSS ok: fr/macos/Business/top-free entries=99
[2026-09-14T06:48:58.889Z] [DEBUG] Hits: fr/macos/Business/top-free 3 app(s) found
[2026-09-14T06:48:58.890Z] [INFO] RSS progress: 10/60 (10 ok, 0 error, 36 points)
[2026-09-14T06:48:59.598Z] [DEBUG] RSS ok: fr/macos/Productivity/top-free entries=99
[2026-09-14T06:49:09.604Z] [DEBUG] Hits: fr/macos/Productivity/top-free 4 app(s) found
[2026-09-14T06:49:10.329Z] [DEBUG] RSS ok: fr/macos/Utilities/top-free entries=100
[2026-09-14T06:49:20.336Z] [DEBUG] Hits: fr/macos/Utilities/top-free 1 app(s) found
[2026-09-14T06:49:21.393Z] [DEBUG] RSS ok: de/macos/Business/top-free entries=99
[2026-09-14T06:49:31.400Z] [DEBUG] Hits: de/macos/Business/top-free 3 app(s) found
[2026-09-14T06:49:32.141Z] [DEBUG] RSS ok: de/macos/Productivity/top-free entries=99
[2026-09-14T06:49:42.147Z] [DEBUG] Hits: de/macos/Productivity/top-free 4 app(s) found
[2026-09-14T06:49:42.916Z] [DEBUG] RSS ok: de/macos/Utilities/top-free entries=100
[2026-09-14T06:49:52.923Z] [DEBUG] Hits: de/macos/Utilities/top-free 2 app(s) found
[2026-09-14T06:49:53.648Z] [DEBUG] RSS ok: jp/macos/Business/top-free entries=100
[2026-09-14T06:50:03.654Z] [DEBUG] Hits: jp/macos/Business/top-free 2 app(s) found
[2026-09-14T06:50:04.570Z] [DEBUG] RSS ok: jp/macos/Productivity/top-free entries=99
[2026-09-14T06:50:14.576Z] [DEBUG] Hits: jp/macos/Productivity/top-free 3 app(s) found
[2026-09-14T06:50:15.287Z] [DEBUG] RSS ok: jp/macos/Utilities/top-free entries=100
[2026-09-14T06:50:25.294Z] [DEBUG] Hits: jp/macos/Utilities/top-free 3 app(s) found
[2026-09-14T06:50:25.977Z] [DEBUG] RSS ok: au/macos/Business/top-free entries=100
[2026-09-14T06:50:35.983Z] [DEBUG] Hits: au/macos/Business/top-free 3 app(s) found
[2026-09-14T06:50:36.671Z] [DEBUG] RSS ok: au/macos/Productivity/top-free entries=99
[2026-09-14T06:50:46.678Z] [DEBUG] Hits: au/macos/Productivity/top-free 5 app(s) found
[2026-09-14T06:50:46.678Z] [INFO] RSS progress: 20/60 (20 ok, 0 error, 66 points)
[2026-09-14T06:50:47.497Z] [DEBUG] RSS ok: au/macos/Utilities/top-free entries=100
[2026-09-14T06:50:57.503Z] [DEBUG] Hits: au/macos/Utilities/top-free 2 app(s) found
[2026-09-14T06:50:58.151Z] [DEBUG] RSS ok: es/macos/Business/top-free entries=100
[2026-09-14T06:51:08.158Z] [DEBUG] Hits: es/macos/Business/top-free 3 app(s) found
[2026-09-14T06:51:09.099Z] [DEBUG] RSS ok: es/macos/Productivity/top-free entries=99
[2026-09-14T06:51:19.105Z] [DEBUG] Hits: es/macos/Productivity/top-free 5 app(s) found
[2026-09-14T06:51:19.936Z] [DEBUG] RSS ok: es/macos/Utilities/top-free entries=100
[2026-09-14T06:51:30.953Z] [DEBUG] RSS ok: it/macos/Business/top-free entries=99
[2026-09-14T06:51:40.960Z] [DEBUG] Hits: it/macos/Business/top-free 2 app(s) found
[2026-09-14T06:51:41.643Z] [DEBUG] RSS ok: it/macos/Productivity/top-free entries=99
[2026-09-14T06:51:51.649Z] [DEBUG] Hits: it/macos/Productivity/top-free 5 app(s) found
[2026-09-14T06:51:52.509Z] [DEBUG] RSS ok: it/macos/Utilities/top-free entries=100
[2026-09-14T06:52:03.393Z] [DEBUG] RSS ok: pt/macos/Business/top-free entries=100
[2026-09-14T06:52:13.399Z] [DEBUG] Hits: pt/macos/Business/top-free 3 app(s) found
[2026-09-14T06:52:14.164Z] [DEBUG] RSS ok: pt/macos/Productivity/top-free entries=99
[2026-09-14T06:52:24.170Z] [DEBUG] Hits: pt/macos/Productivity/top-free 3 app(s) found
[2026-09-14T06:52:24.840Z] [DEBUG] RSS ok: pt/macos/Utilities/top-free entries=100
[2026-09-14T06:52:34.847Z] [INFO] RSS progress: 30/60 (30 ok, 0 error, 90 points)
[2026-09-14T06:52:34.847Z] [DEBUG] Hits: pt/macos/Utilities/top-free 1 app(s) found
[2026-09-14T06:52:35.812Z] [DEBUG] RSS ok: ch/macos/Business/top-free entries=99
[2026-09-14T06:52:45.818Z] [DEBUG] Hits: ch/macos/Business/top-free 4 app(s) found
[2026-09-14T06:52:46.556Z] [DEBUG] RSS ok: ch/macos/Productivity/top-free entries=99
[2026-09-14T06:52:56.561Z] [DEBUG] Hits: ch/macos/Productivity/top-free 4 app(s) found
[2026-09-14T06:52:57.234Z] [DEBUG] RSS ok: ch/macos/Utilities/top-free entries=100
[2026-09-14T06:53:07.240Z] [DEBUG] Hits: ch/macos/Utilities/top-free 2 app(s) found
[2026-09-14T06:53:07.938Z] [DEBUG] RSS ok: be/macos/Business/top-free entries=100
[2026-09-14T06:53:17.943Z] [DEBUG] Hits: be/macos/Business/top-free 4 app(s) found
[2026-09-14T06:53:18.828Z] [DEBUG] RSS ok: be/macos/Productivity/top-free entries=99
[2026-09-14T06:53:28.834Z] [DEBUG] Hits: be/macos/Productivity/top-free 5 app(s) found
[2026-09-14T06:53:29.638Z] [DEBUG] RSS ok: be/macos/Utilities/top-free entries=100
[2026-09-14T06:53:40.318Z] [DEBUG] RSS ok: nl/macos/Business/top-free entries=100
[2026-09-14T06:53:50.321Z] [DEBUG] Hits: nl/macos/Business/top-free 4 app(s) found
[2026-09-14T06:53:51.186Z] [DEBUG] RSS ok: nl/macos/Productivity/top-free entries=99
[2026-09-14T06:54:01.191Z] [DEBUG] Hits: nl/macos/Productivity/top-free 4 app(s) found
[2026-09-14T06:54:01.821Z] [DEBUG] RSS ok: nl/macos/Utilities/top-free entries=100
[2026-09-14T06:54:12.635Z] [DEBUG] RSS ok: tw/macos/Business/top-free entries=100
[2026-09-14T06:54:22.642Z] [DEBUG] Hits: tw/macos/Business/top-free 3 app(s) found
[2026-09-14T06:54:22.642Z] [INFO] RSS progress: 40/60 (40 ok, 0 error, 120 points)
[2026-09-14T06:54:23.581Z] [DEBUG] RSS ok: tw/macos/Productivity/top-free entries=99
[2026-09-14T06:54:33.587Z] [DEBUG] Hits: tw/macos/Productivity/top-free 3 app(s) found
[2026-09-14T06:54:34.326Z] [DEBUG] RSS ok: tw/macos/Utilities/top-free entries=100
[2026-09-14T06:54:44.988Z] [DEBUG] RSS ok: hk/macos/Business/top-free entries=100
[2026-09-14T06:54:54.994Z] [DEBUG] Hits: hk/macos/Business/top-free 1 app(s) found
[2026-09-14T06:54:55.802Z] [DEBUG] RSS ok: hk/macos/Productivity/top-free entries=99
[2026-09-14T06:55:05.809Z] [DEBUG] Hits: hk/macos/Productivity/top-free 4 app(s) found
[2026-09-14T06:55:06.386Z] [DEBUG] RSS ok: hk/macos/Utilities/top-free entries=100
[2026-09-14T06:55:16.392Z] [DEBUG] Hits: hk/macos/Utilities/top-free 1 app(s) found
[2026-09-14T06:55:17.373Z] [DEBUG] RSS ok: nz/macos/Business/top-free entries=100
[2026-09-14T06:55:27.377Z] [DEBUG] Hits: nz/macos/Business/top-free 4 app(s) found
[2026-09-14T06:55:28.097Z] [DEBUG] RSS ok: nz/macos/Productivity/top-free entries=99
[2026-09-14T06:55:38.100Z] [DEBUG] Hits: nz/macos/Productivity/top-free 3 app(s) found
[2026-09-14T06:55:38.828Z] [DEBUG] RSS ok: nz/macos/Utilities/top-free entries=100
[2026-09-14T06:55:48.834Z] [DEBUG] Hits: nz/macos/Utilities/top-free 1 app(s) found
[2026-09-14T06:55:49.505Z] [DEBUG] RSS ok: sg/macos/Business/top-free entries=100
[2026-09-14T06:55:59.512Z] [DEBUG] Hits: sg/macos/Business/top-free 4 app(s) found
[2026-09-14T06:56:00.365Z] [DEBUG] RSS ok: sg/macos/Productivity/top-free entries=99
[2026-09-14T06:56:10.371Z] [DEBUG] Hits: sg/macos/Productivity/top-free 3 app(s) found
[2026-09-14T06:56:10.372Z] [INFO] RSS progress: 50/60 (50 ok, 0 error, 144 points)
[2026-09-14T06:56:11.199Z] [DEBUG] RSS ok: sg/macos/Utilities/top-free entries=100
[2026-09-14T06:56:21.206Z] [DEBUG] Hits: sg/macos/Utilities/top-free 2 app(s) found
[2026-09-14T06:56:22.146Z] [DEBUG] RSS ok: in/macos/Business/top-free entries=100
[2026-09-14T06:56:32.153Z] [DEBUG] Hits: in/macos/Business/top-free 3 app(s) found
[2026-09-14T06:56:32.812Z] [DEBUG] RSS ok: in/macos/Productivity/top-free entries=99
[2026-09-14T06:56:42.818Z] [DEBUG] Hits: in/macos/Productivity/top-free 2 app(s) found
[2026-09-14T06:56:43.559Z] [DEBUG] RSS ok: in/macos/Utilities/top-free entries=100
[2026-09-14T06:56:53.565Z] [DEBUG] Hits: in/macos/Utilities/top-free 1 app(s) found
[2026-09-14T06:56:54.388Z] [DEBUG] RSS ok: za/macos/Business/top-free entries=100
[2026-09-14T06:57:04.394Z] [DEBUG] Hits: za/macos/Business/top-free 2 app(s) found
[2026-09-14T06:57:05.118Z] [DEBUG] RSS ok: za/macos/Productivity/top-free entries=99
[2026-09-14T06:57:15.125Z] [DEBUG] Hits: za/macos/Productivity/top-free 4 app(s) found
[2026-09-14T06:57:15.797Z] [DEBUG] RSS ok: za/macos/Utilities/top-free entries=100
[2026-09-14T06:57:25.803Z] [DEBUG] Hits: za/macos/Utilities/top-free 4 app(s) found
[2026-09-14T06:57:26.646Z] [DEBUG] RSS ok: br/macos/Business/top-free entries=99
[2026-09-14T06:57:36.652Z] [DEBUG] Hits: br/macos/Business/top-free 2 app(s) found
[2026-09-14T06:57:37.584Z] [DEBUG] RSS ok: br/macos/Productivity/top-free entries=99
[2026-09-14T06:57:47.591Z] [DEBUG] Hits: br/macos/Productivity/top-free 3 app(s) found
[2026-09-14T06:57:48.228Z] [DEBUG] RSS ok: br/macos/Utilities/top-free entries=100
[2026-09-14T06:57:58.235Z] [INFO] RSS progress: 60/60 (60 ok, 0 error, 167 points)
[2026-09-14T06:57:58.235Z] [INFO] RSS fetch done: 60 ok, 0 error, 167 points
[2026-09-14T06:57:58.235Z] [INFO] Platform max returned: macos = 100
[2026-09-14T06:57:58.236Z] [INFO] RSS results: 60 ok, 0 error, 167 rank points
[2026-09-14T06:57:58.269Z] [INFO] Stored: 60 crawls, 167 points
[2026-09-14T06:57:58.286Z] [INFO] current.json written rows=23
[2026-09-14T06:57:58.287Z] [INFO] Current summary: on_chart=167, not_on_chart=293, depth_limited=0, crawl_error=0, total=460
[2026-09-14T06:57:58.287Z] [INFO] === Crawl complete === 647.3s
[2026-09-14T07:47:11.846Z] [INFO] === Crawl start === ts=2026-09-14T07:00:00Z
[2026-09-14T07:47:11.851Z] [INFO] Config loaded apps=4, platforms=macos, categories=Business,Productivity,Utilities
[2026-09-14T07:47:11.851Z] [INFO] App IDs to track: 23 our=4, competitors=19
[2026-09-14T07:47:11.852Z] [INFO] Lookup cached fetched_at=2026-09-14T00:47:12.247Z, 23 apps
[2026-09-14T07:47:11.853Z] [INFO] RSS requests: 60 countries=20, platforms=macos, categories=Business,Productivity,Utilities
[2026-09-14T07:47:11.853Z] [INFO] RSS fetch start: 60 requests, concurrency=1
[2026-09-14T07:47:12.633Z] [DEBUG] RSS ok: us/macos/Business/top-free entries=100
[2026-09-14T07:47:22.636Z] [DEBUG] Hits: us/macos/Business/top-free 4 app(s) found
[2026-09-14T07:47:23.292Z] [DEBUG] RSS ok: us/macos/Productivity/top-free entries=99
[2026-09-14T07:47:33.298Z] [DEBUG] Hits: us/macos/Productivity/top-free 6 app(s) found
[2026-09-14T07:47:33.934Z] [DEBUG] RSS ok: us/macos/Utilities/top-free entries=100
[2026-09-14T07:47:43.941Z] [DEBUG] Hits: us/macos/Utilities/top-free 1 app(s) found
[2026-09-14T07:47:44.610Z] [DEBUG] RSS ok: gb/macos/Business/top-free entries=100
[2026-09-14T07:47:54.616Z] [DEBUG] Hits: gb/macos/Business/top-free 4 app(s) found
[2026-09-14T07:47:55.332Z] [DEBUG] RSS ok: gb/macos/Productivity/top-free entries=99
[2026-09-14T07:48:05.338Z] [DEBUG] Hits: gb/macos/Productivity/top-free 4 app(s) found
[2026-09-14T07:48:06.027Z] [DEBUG] RSS ok: gb/macos/Utilities/top-free entries=100
[2026-09-14T07:48:16.031Z] [DEBUG] Hits: gb/macos/Utilities/top-free 3 app(s) found
[2026-09-14T07:48:16.679Z] [DEBUG] RSS ok: ca/macos/Business/top-free entries=100
[2026-09-14T07:48:26.685Z] [DEBUG] Hits: ca/macos/Business/top-free 5 app(s) found
[2026-09-14T07:48:27.446Z] [DEBUG] RSS ok: ca/macos/Productivity/top-free entries=99
[2026-09-14T07:48:37.449Z] [DEBUG] Hits: ca/macos/Productivity/top-free 5 app(s) found
[2026-09-14T07:48:38.166Z] [DEBUG] RSS ok: ca/macos/Utilities/top-free entries=100
[2026-09-14T07:48:48.987Z] [DEBUG] RSS ok: fr/macos/Business/top-free entries=99
[2026-09-14T07:48:58.994Z] [DEBUG] Hits: fr/macos/Business/top-free 3 app(s) found
[2026-09-14T07:48:58.994Z] [INFO] RSS progress: 10/60 (10 ok, 0 error, 35 points)
[2026-09-14T07:48:59.693Z] [DEBUG] RSS ok: fr/macos/Productivity/top-free entries=99
[2026-09-14T07:49:09.699Z] [DEBUG] Hits: fr/macos/Productivity/top-free 4 app(s) found
[2026-09-14T07:49:10.271Z] [DEBUG] RSS ok: fr/macos/Utilities/top-free entries=100
[2026-09-14T07:49:20.277Z] [DEBUG] Hits: fr/macos/Utilities/top-free 1 app(s) found
[2026-09-14T07:49:20.930Z] [DEBUG] RSS ok: de/macos/Business/top-free entries=99
[2026-09-14T07:49:30.932Z] [DEBUG] Hits: de/macos/Business/top-free 3 app(s) found
[2026-09-14T07:49:31.661Z] [DEBUG] RSS ok: de/macos/Productivity/top-free entries=99
[2026-09-14T07:49:41.663Z] [DEBUG] Hits: de/macos/Productivity/top-free 4 app(s) found
[2026-09-14T07:49:42.277Z] [DEBUG] RSS ok: de/macos/Utilities/top-free entries=100
[2026-09-14T07:49:52.282Z] [DEBUG] Hits: de/macos/Utilities/top-free 2 app(s) found
[2026-09-14T07:49:53.019Z] [DEBUG] RSS ok: jp/macos/Business/top-free entries=100
[2026-09-14T07:50:03.025Z] [DEBUG] Hits: jp/macos/Business/top-free 2 app(s) found
[2026-09-14T07:50:03.684Z] [DEBUG] RSS ok: jp/macos/Productivity/top-free entries=99
[2026-09-14T07:50:13.690Z] [DEBUG] Hits: jp/macos/Productivity/top-free 3 app(s) found
[2026-09-14T07:50:14.589Z] [DEBUG] RSS ok: jp/macos/Utilities/top-free entries=100
[2026-09-14T07:50:24.596Z] [DEBUG] Hits: jp/macos/Utilities/top-free 4 app(s) found
[2026-09-14T07:50:25.294Z] [DEBUG] RSS ok: au/macos/Business/top-free entries=100
[2026-09-14T07:50:35.300Z] [DEBUG] Hits: au/macos/Business/top-free 3 app(s) found
[2026-09-14T07:50:36.097Z] [DEBUG] RSS ok: au/macos/Productivity/top-free entries=99
[2026-09-14T07:50:46.104Z] [DEBUG] Hits: au/macos/Productivity/top-free 5 app(s) found
[2026-09-14T07:50:46.104Z] [INFO] RSS progress: 20/60 (20 ok, 0 error, 66 points)
[2026-09-14T07:50:46.875Z] [DEBUG] RSS ok: au/macos/Utilities/top-free entries=100
[2026-09-14T07:50:56.879Z] [DEBUG] Hits: au/macos/Utilities/top-free 1 app(s) found
[2026-09-14T07:50:57.730Z] [DEBUG] RSS ok: es/macos/Business/top-free entries=100
[2026-09-14T07:51:07.735Z] [DEBUG] Hits: es/macos/Business/top-free 3 app(s) found
[2026-09-14T07:51:08.404Z] [DEBUG] RSS ok: es/macos/Productivity/top-free entries=99
[2026-09-14T07:51:18.410Z] [DEBUG] Hits: es/macos/Productivity/top-free 4 app(s) found
[2026-09-14T07:51:19.090Z] [DEBUG] RSS ok: es/macos/Utilities/top-free entries=100
[2026-09-14T07:51:29.735Z] [DEBUG] RSS ok: it/macos/Business/top-free entries=99
[2026-09-14T07:51:39.740Z] [DEBUG] Hits: it/macos/Business/top-free 2 app(s) found
[2026-09-14T07:51:40.515Z] [DEBUG] RSS ok: it/macos/Productivity/top-free entries=99
[2026-09-14T07:51:50.521Z] [DEBUG] Hits: it/macos/Productivity/top-free 5 app(s) found
[2026-09-14T07:51:51.492Z] [DEBUG] RSS ok: it/macos/Utilities/top-free entries=100
[2026-09-14T07:52:02.296Z] [DEBUG] RSS ok: pt/macos/Business/top-free entries=100
[2026-09-14T07:52:12.302Z] [DEBUG] Hits: pt/macos/Business/top-free 3 app(s) found
[2026-09-14T07:52:13.121Z] [DEBUG] RSS ok: pt/macos/Productivity/top-free entries=99
[2026-09-14T07:52:23.127Z] [DEBUG] Hits: pt/macos/Productivity/top-free 3 app(s) found
[2026-09-14T07:52:23.758Z] [DEBUG] RSS ok: pt/macos/Utilities/top-free entries=100
[2026-09-14T07:52:33.763Z] [DEBUG] Hits: pt/macos/Utilities/top-free 1 app(s) found
[2026-09-14T07:52:33.764Z] [INFO] RSS progress: 30/60 (30 ok, 0 error, 88 points)
[2026-09-14T07:52:34.449Z] [DEBUG] RSS ok: ch/macos/Business/top-free entries=99
[2026-09-14T07:52:44.455Z] [DEBUG] Hits: ch/macos/Business/top-free 4 app(s) found
[2026-09-14T07:52:45.251Z] [DEBUG] RSS ok: ch/macos/Productivity/top-free entries=99
[2026-09-14T07:52:55.258Z] [DEBUG] Hits: ch/macos/Productivity/top-free 4 app(s) found
[2026-09-14T07:52:56.129Z] [DEBUG] RSS ok: ch/macos/Utilities/top-free entries=100
[2026-09-14T07:53:06.135Z] [DEBUG] Hits: ch/macos/Utilities/top-free 2 app(s) found
[2026-09-14T07:53:06.789Z] [DEBUG] RSS ok: be/macos/Business/top-free entries=100
[2026-09-14T07:53:16.795Z] [DEBUG] Hits: be/macos/Business/top-free 4 app(s) found
[2026-09-14T07:53:17.631Z] [DEBUG] RSS ok: be/macos/Productivity/top-free entries=99
[2026-09-14T07:53:27.638Z] [DEBUG] Hits: be/macos/Productivity/top-free 5 app(s) found
[2026-09-14T07:53:28.396Z] [DEBUG] RSS ok: be/macos/Utilities/top-free entries=100
[2026-09-14T07:53:39.185Z] [DEBUG] RSS ok: nl/macos/Business/top-free entries=100
[2026-09-14T07:53:49.189Z] [DEBUG] Hits: nl/macos/Business/top-free 4 app(s) found
[2026-09-14T07:53:49.944Z] [DEBUG] RSS ok: nl/macos/Productivity/top-free entries=99
[2026-09-14T07:53:59.949Z] [DEBUG] Hits: nl/macos/Productivity/top-free 4 app(s) found
[2026-09-14T07:54:00.604Z] [DEBUG] RSS ok: nl/macos/Utilities/top-free entries=100
[2026-09-14T07:54:11.230Z] [DEBUG] RSS ok: tw/macos/Business/top-free entries=100
[2026-09-14T07:54:21.231Z] [INFO] RSS progress: 40/60 (40 ok, 0 error, 118 points)
[2026-09-14T07:54:21.231Z] [DEBUG] Hits: tw/macos/Business/top-free 3 app(s) found
[2026-09-14T07:54:22.049Z] [DEBUG] RSS ok: tw/macos/Productivity/top-free entries=99
[2026-09-14T07:54:32.054Z] [DEBUG] Hits: tw/macos/Productivity/top-free 3 app(s) found
[2026-09-14T07:54:32.924Z] [DEBUG] RSS ok: tw/macos/Utilities/top-free entries=100
[2026-09-14T07:54:43.598Z] [DEBUG] RSS ok: hk/macos/Business/top-free entries=100
[2026-09-14T07:54:53.604Z] [DEBUG] Hits: hk/macos/Business/top-free 1 app(s) found
[2026-09-14T07:54:54.302Z] [DEBUG] RSS ok: hk/macos/Productivity/top-free entries=99
[2026-09-14T07:55:04.303Z] [DEBUG] Hits: hk/macos/Productivity/top-free 4 app(s) found
[2026-09-14T07:55:04.975Z] [DEBUG] RSS ok: hk/macos/Utilities/top-free entries=100
[2026-09-14T07:55:14.975Z] [DEBUG] Hits: hk/macos/Utilities/top-free 1 app(s) found
[2026-09-14T07:55:15.647Z] [DEBUG] RSS ok: nz/macos/Business/top-free entries=100
[2026-09-14T07:55:25.654Z] [DEBUG] Hits: nz/macos/Business/top-free 4 app(s) found
[2026-09-14T07:55:26.255Z] [DEBUG] RSS ok: nz/macos/Productivity/top-free entries=99
[2026-09-14T07:55:36.256Z] [DEBUG] Hits: nz/macos/Productivity/top-free 2 app(s) found
[2026-09-14T07:55:37.183Z] [DEBUG] RSS ok: nz/macos/Utilities/top-free entries=100
[2026-09-14T07:55:47.188Z] [DEBUG] Hits: nz/macos/Utilities/top-free 1 app(s) found
[2026-09-14T07:55:48.048Z] [DEBUG] RSS ok: sg/macos/Business/top-free entries=100
[2026-09-14T07:55:58.055Z] [DEBUG] Hits: sg/macos/Business/top-free 4 app(s) found
[2026-09-14T07:55:58.755Z] [DEBUG] RSS ok: sg/macos/Productivity/top-free entries=99
[2026-09-14T07:56:08.762Z] [DEBUG] Hits: sg/macos/Productivity/top-free 3 app(s) found
[2026-09-14T07:56:08.762Z] [INFO] RSS progress: 50/60 (50 ok, 0 error, 141 points)
[2026-09-14T07:56:09.521Z] [DEBUG] RSS ok: sg/macos/Utilities/top-free entries=100
[2026-09-14T07:56:19.527Z] [DEBUG] Hits: sg/macos/Utilities/top-free 1 app(s) found
[2026-09-14T07:56:20.435Z] [DEBUG] RSS ok: in/macos/Business/top-free entries=99
[2026-09-14T07:56:30.442Z] [DEBUG] Hits: in/macos/Business/top-free 3 app(s) found
[2026-09-14T07:56:31.099Z] [DEBUG] RSS ok: in/macos/Productivity/top-free entries=99
[2026-09-14T07:56:41.106Z] [DEBUG] Hits: in/macos/Productivity/top-free 2 app(s) found
[2026-09-14T07:56:41.870Z] [DEBUG] RSS ok: in/macos/Utilities/top-free entries=100
[2026-09-14T07:56:52.621Z] [DEBUG] RSS ok: za/macos/Business/top-free entries=100
[2026-09-14T07:57:02.623Z] [DEBUG] Hits: za/macos/Business/top-free 2 app(s) found
[2026-09-14T07:57:03.487Z] [DEBUG] RSS ok: za/macos/Productivity/top-free entries=99
[2026-09-14T07:57:13.492Z] [DEBUG] Hits: za/macos/Productivity/top-free 3 app(s) found
[2026-09-14T07:57:14.269Z] [DEBUG] RSS ok: za/macos/Utilities/top-free entries=100
[2026-09-14T07:57:24.275Z] [DEBUG] Hits: za/macos/Utilities/top-free 4 app(s) found
[2026-09-14T07:57:25.069Z] [DEBUG] RSS ok: br/macos/Business/top-free entries=99
[2026-09-14T07:57:35.075Z] [DEBUG] Hits: br/macos/Business/top-free 2 app(s) found
[2026-09-14T07:57:35.829Z] [DEBUG] RSS ok: br/macos/Productivity/top-free entries=99
[2026-09-14T07:57:45.836Z] [DEBUG] Hits: br/macos/Productivity/top-free 3 app(s) found
[2026-09-14T07:57:46.589Z] [DEBUG] RSS ok: br/macos/Utilities/top-free entries=100
[2026-09-14T07:57:56.591Z] [INFO] RSS progress: 60/60 (60 ok, 0 error, 161 points)
[2026-09-14T07:57:56.591Z] [INFO] RSS fetch done: 60 ok, 0 error, 161 points
[2026-09-14T07:57:56.592Z] [INFO] Platform max returned: macos = 100
[2026-09-14T07:57:56.592Z] [INFO] RSS results: 60 ok, 0 error, 161 rank points
[2026-09-14T07:57:56.637Z] [INFO] Stored: 60 crawls, 161 points
[2026-09-14T07:57:56.654Z] [INFO] current.json written rows=23
[2026-09-14T07:57:56.656Z] [INFO] Current summary: on_chart=161, not_on_chart=299, depth_limited=0, crawl_error=0, total=460
[2026-09-14T07:57:56.656Z] [INFO] === Crawl complete === 644.8s
[2026-09-14T08:47:11.523Z] [INFO] === Crawl start === ts=2026-09-14T08:00:00Z
[2026-09-14T08:47:11.527Z] [INFO] Config loaded apps=4, platforms=macos, categories=Business,Productivity,Utilities
[2026-09-14T08:47:11.528Z] [INFO] App IDs to track: 23 our=4, competitors=19
[2026-09-14T08:47:11.529Z] [INFO] Lookup cached fetched_at=2026-09-14T00:47:12.247Z, 23 apps
[2026-09-14T08:47:11.530Z] [INFO] RSS requests: 60 countries=20, platforms=macos, categories=Business,Productivity,Utilities
[2026-09-14T08:47:11.530Z] [INFO] RSS fetch start: 60 requests, concurrency=1
[2026-09-14T08:47:12.597Z] [DEBUG] RSS ok: us/macos/Business/top-free entries=100
[2026-09-14T08:47:22.600Z] [DEBUG] Hits: us/macos/Business/top-free 4 app(s) found
[2026-09-14T08:47:23.220Z] [DEBUG] RSS ok: us/macos/Productivity/top-free entries=99
[2026-09-14T08:47:33.227Z] [DEBUG] Hits: us/macos/Productivity/top-free 6 app(s) found
[2026-09-14T08:47:33.954Z] [DEBUG] RSS ok: us/macos/Utilities/top-free entries=100
[2026-09-14T08:47:43.961Z] [DEBUG] Hits: us/macos/Utilities/top-free 1 app(s) found
[2026-09-14T08:47:44.690Z] [DEBUG] RSS ok: gb/macos/Business/top-free entries=100
[2026-09-14T08:47:54.692Z] [DEBUG] Hits: gb/macos/Business/top-free 4 app(s) found
[2026-09-14T08:47:55.395Z] [DEBUG] RSS ok: gb/macos/Productivity/top-free entries=99
[2026-09-14T08:48:05.402Z] [DEBUG] Hits: gb/macos/Productivity/top-free 4 app(s) found
[2026-09-14T08:48:06.042Z] [DEBUG] RSS ok: gb/macos/Utilities/top-free entries=100
[2026-09-14T08:48:16.047Z] [DEBUG] Hits: gb/macos/Utilities/top-free 3 app(s) found
[2026-09-14T08:48:16.743Z] [DEBUG] RSS ok: ca/macos/Business/top-free entries=100
[2026-09-14T08:48:26.749Z] [DEBUG] Hits: ca/macos/Business/top-free 5 app(s) found
[2026-09-14T08:48:27.400Z] [DEBUG] RSS ok: ca/macos/Productivity/top-free entries=99
[2026-09-14T08:48:37.407Z] [DEBUG] Hits: ca/macos/Productivity/top-free 5 app(s) found
[2026-09-14T08:48:38.182Z] [DEBUG] RSS ok: ca/macos/Utilities/top-free entries=100
[2026-09-14T08:48:48.972Z] [DEBUG] RSS ok: fr/macos/Business/top-free entries=99
[2026-09-14T08:48:58.979Z] [DEBUG] Hits: fr/macos/Business/top-free 3 app(s) found
[2026-09-14T08:48:58.979Z] [INFO] RSS progress: 10/60 (10 ok, 0 error, 35 points)
[2026-09-14T08:48:59.759Z] [DEBUG] RSS ok: fr/macos/Productivity/top-free entries=99
[2026-09-14T08:49:09.766Z] [DEBUG] Hits: fr/macos/Productivity/top-free 4 app(s) found
[2026-09-14T08:49:10.460Z] [DEBUG] RSS ok: fr/macos/Utilities/top-free entries=100
[2026-09-14T08:49:20.466Z] [DEBUG] Hits: fr/macos/Utilities/top-free 1 app(s) found
[2026-09-14T08:49:21.164Z] [DEBUG] RSS ok: de/macos/Business/top-free entries=99
[2026-09-14T08:49:31.171Z] [DEBUG] Hits: de/macos/Business/top-free 3 app(s) found
[2026-09-14T08:49:32.079Z] [DEBUG] RSS ok: de/macos/Productivity/top-free entries=99
[2026-09-14T08:49:42.086Z] [DEBUG] Hits: de/macos/Productivity/top-free 4 app(s) found
[2026-09-14T08:49:42.800Z] [DEBUG] RSS ok: de/macos/Utilities/top-free entries=100
[2026-09-14T08:49:52.805Z] [DEBUG] Hits: de/macos/Utilities/top-free 2 app(s) found
[2026-09-14T08:49:53.585Z] [DEBUG] RSS ok: jp/macos/Business/top-free entries=100
[2026-09-14T08:50:03.591Z] [DEBUG] Hits: jp/macos/Business/top-free 2 app(s) found
[2026-09-14T08:50:04.404Z] [DEBUG] RSS ok: jp/macos/Productivity/top-free entries=99
[2026-09-14T08:50:14.406Z] [DEBUG] Hits: jp/macos/Productivity/top-free 3 app(s) found
[2026-09-14T08:50:15.062Z] [DEBUG] RSS ok: jp/macos/Utilities/top-free entries=100
[2026-09-14T08:50:25.069Z] [DEBUG] Hits: jp/macos/Utilities/top-free 4 app(s) found
[2026-09-14T08:50:25.736Z] [DEBUG] RSS ok: au/macos/Business/top-free entries=100
[2026-09-14T08:50:35.742Z] [DEBUG] Hits: au/macos/Business/top-free 3 app(s) found
[2026-09-14T08:50:36.506Z] [DEBUG] RSS ok: au/macos/Productivity/top-free entries=99
[2026-09-14T08:50:46.513Z] [DEBUG] Hits: au/macos/Productivity/top-free 5 app(s) found
[2026-09-14T08:50:46.513Z] [INFO] RSS progress: 20/60 (20 ok, 0 error, 66 points)
[2026-09-14T08:50:47.207Z] [DEBUG] RSS ok: au/macos/Utilities/top-free entries=100
[2026-09-14T08:50:57.214Z] [DEBUG] Hits: au/macos/Utilities/top-free 1 app(s) found
[2026-09-14T08:50:57.864Z] [DEBUG] RSS ok: es/macos/Business/top-free entries=100
[2026-09-14T08:51:07.871Z] [DEBUG] Hits: es/macos/Business/top-free 3 app(s) found
[2026-09-14T08:51:08.583Z] [DEBUG] RSS ok: es/macos/Productivity/top-free entries=99
[2026-09-14T08:51:18.589Z] [DEBUG] Hits: es/macos/Productivity/top-free 4 app(s) found
[2026-09-14T08:51:19.319Z] [DEBUG] RSS ok: es/macos/Utilities/top-free entries=100
[2026-09-14T08:51:30.008Z] [DEBUG] RSS ok: it/macos/Business/top-free entries=99
[2026-09-14T08:51:40.013Z] [DEBUG] Hits: it/macos/Business/top-free 2 app(s) found
[2026-09-14T08:51:40.727Z] [DEBUG] RSS ok: it/macos/Productivity/top-free entries=99
[2026-09-14T08:51:50.732Z] [DEBUG] Hits: it/macos/Productivity/top-free 5 app(s) found
[2026-09-14T08:51:51.334Z] [DEBUG] RSS ok: it/macos/Utilities/top-free entries=100
[2026-09-14T08:52:02.179Z] [DEBUG] RSS ok: pt/macos/Business/top-free entries=100
[2026-09-14T08:52:12.185Z] [DEBUG] Hits: pt/macos/Business/top-free 3 app(s) found
[2026-09-14T08:52:13.042Z] [DEBUG] RSS ok: pt/macos/Productivity/top-free entries=99
[2026-09-14T08:52:23.048Z] [DEBUG] Hits: pt/macos/Productivity/top-free 3 app(s) found
[2026-09-14T08:52:23.787Z] [DEBUG] RSS ok: pt/macos/Utilities/top-free entries=100
[2026-09-14T08:52:33.794Z] [DEBUG] Hits: pt/macos/Utilities/top-free 1 app(s) found
[2026-09-14T08:52:33.794Z] [INFO] RSS progress: 30/60 (30 ok, 0 error, 88 points)
[2026-09-14T08:52:34.572Z] [DEBUG] RSS ok: ch/macos/Business/top-free entries=99
[2026-09-14T08:52:44.578Z] [DEBUG] Hits: ch/macos/Business/top-free 4 app(s) found
[2026-09-14T08:52:45.285Z] [DEBUG] RSS ok: ch/macos/Productivity/top-free entries=99
[2026-09-14T08:52:55.291Z] [DEBUG] Hits: ch/macos/Productivity/top-free 4 app(s) found
[2026-09-14T08:52:56.086Z] [DEBUG] RSS ok: ch/macos/Utilities/top-free entries=100
[2026-09-14T08:53:06.093Z] [DEBUG] Hits: ch/macos/Utilities/top-free 2 app(s) found
[2026-09-14T08:53:06.676Z] [DEBUG] RSS ok: be/macos/Business/top-free entries=100
[2026-09-14T08:53:16.679Z] [DEBUG] Hits: be/macos/Business/top-free 4 app(s) found
[2026-09-14T08:53:17.520Z] [DEBUG] RSS ok: be/macos/Productivity/top-free entries=99
[2026-09-14T08:53:27.525Z] [DEBUG] Hits: be/macos/Productivity/top-free 5 app(s) found
[2026-09-14T08:53:28.216Z] [DEBUG] RSS ok: be/macos/Utilities/top-free entries=100
[2026-09-14T08:53:38.972Z] [DEBUG] RSS ok: nl/macos/Business/top-free entries=100
[2026-09-14T08:53:48.978Z] [DEBUG] Hits: nl/macos/Business/top-free 4 app(s) found
[2026-09-14T08:53:49.714Z] [DEBUG] RSS ok: nl/macos/Productivity/top-free entries=99
[2026-09-14T08:53:59.720Z] [DEBUG] Hits: nl/macos/Productivity/top-free 4 app(s) found
[2026-09-14T08:54:00.410Z] [DEBUG] RSS ok: nl/macos/Utilities/top-free entries=100
[2026-09-14T08:54:10.977Z] [DEBUG] RSS ok: tw/macos/Business/top-free entries=100
[2026-09-14T08:54:20.983Z] [DEBUG] Hits: tw/macos/Business/top-free 3 app(s) found
[2026-09-14T08:54:20.983Z] [INFO] RSS progress: 40/60 (40 ok, 0 error, 118 points)
[2026-09-14T08:54:21.757Z] [DEBUG] RSS ok: tw/macos/Productivity/top-free entries=99
[2026-09-14T08:54:31.763Z] [DEBUG] Hits: tw/macos/Productivity/top-free 3 app(s) found
[2026-09-14T08:54:32.505Z] [DEBUG] RSS ok: tw/macos/Utilities/top-free entries=100
[2026-09-14T08:54:43.340Z] [DEBUG] RSS ok: hk/macos/Business/top-free entries=100
[2026-09-14T08:54:53.347Z] [DEBUG] Hits: hk/macos/Business/top-free 1 app(s) found
[2026-09-14T08:54:53.992Z] [DEBUG] RSS ok: hk/macos/Productivity/top-free entries=99
[2026-09-14T08:55:03.997Z] [DEBUG] Hits: hk/macos/Productivity/top-free 4 app(s) found
[2026-09-14T08:55:04.573Z] [DEBUG] RSS ok: hk/macos/Utilities/top-free entries=100
[2026-09-14T08:55:14.579Z] [DEBUG] Hits: hk/macos/Utilities/top-free 1 app(s) found
[2026-09-14T08:55:15.313Z] [DEBUG] RSS ok: nz/macos/Business/top-free entries=100
[2026-09-14T08:55:25.318Z] [DEBUG] Hits: nz/macos/Business/top-free 4 app(s) found
[2026-09-14T08:55:26.123Z] [DEBUG] RSS ok: nz/macos/Productivity/top-free entries=99
[2026-09-14T08:55:36.130Z] [DEBUG] Hits: nz/macos/Productivity/top-free 2 app(s) found
[2026-09-14T08:55:37.126Z] [DEBUG] RSS ok: nz/macos/Utilities/top-free entries=100
[2026-09-14T08:55:47.132Z] [DEBUG] Hits: nz/macos/Utilities/top-free 1 app(s) found
[2026-09-14T08:55:47.779Z] [DEBUG] RSS ok: sg/macos/Business/top-free entries=100
[2026-09-14T08:55:57.780Z] [DEBUG] Hits: sg/macos/Business/top-free 4 app(s) found
[2026-09-14T08:55:58.456Z] [DEBUG] RSS ok: sg/macos/Productivity/top-free entries=99
[2026-09-14T08:56:08.457Z] [DEBUG] Hits: sg/macos/Productivity/top-free 3 app(s) found
[2026-09-14T08:56:08.457Z] [INFO] RSS progress: 50/60 (50 ok, 0 error, 141 points)
[2026-09-14T08:56:09.096Z] [DEBUG] RSS ok: sg/macos/Utilities/top-free entries=100
[2026-09-14T08:56:19.103Z] [DEBUG] Hits: sg/macos/Utilities/top-free 1 app(s) found
[2026-09-14T08:56:19.811Z] [DEBUG] RSS ok: in/macos/Business/top-free entries=99
[2026-09-14T08:56:29.817Z] [DEBUG] Hits: in/macos/Business/top-free 3 app(s) found
[2026-09-14T08:56:30.488Z] [DEBUG] RSS ok: in/macos/Productivity/top-free entries=99
[2026-09-14T08:56:40.495Z] [DEBUG] Hits: in/macos/Productivity/top-free 2 app(s) found
[2026-09-14T08:56:41.248Z] [DEBUG] RSS ok: in/macos/Utilities/top-free entries=100
[2026-09-14T08:56:52.024Z] [DEBUG] RSS ok: za/macos/Business/top-free entries=100
[2026-09-14T08:57:02.031Z] [DEBUG] Hits: za/macos/Business/top-free 2 app(s) found
[2026-09-14T08:57:02.767Z] [DEBUG] RSS ok: za/macos/Productivity/top-free entries=99
[2026-09-14T08:57:12.772Z] [DEBUG] Hits: za/macos/Productivity/top-free 3 app(s) found
[2026-09-14T08:57:13.409Z] [DEBUG] RSS ok: za/macos/Utilities/top-free entries=100
[2026-09-14T08:57:23.412Z] [DEBUG] Hits: za/macos/Utilities/top-free 4 app(s) found
[2026-09-14T08:57:24.039Z] [DEBUG] RSS ok: br/macos/Business/top-free entries=99
[2026-09-14T08:57:34.045Z] [DEBUG] Hits: br/macos/Business/top-free 2 app(s) found
[2026-09-14T08:57:35.071Z] [DEBUG] RSS ok: br/macos/Productivity/top-free entries=99
[2026-09-14T08:57:45.078Z] [DEBUG] Hits: br/macos/Productivity/top-free 3 app(s) found
[2026-09-14T08:57:45.793Z] [DEBUG] RSS ok: br/macos/Utilities/top-free entries=100
[2026-09-14T08:57:55.797Z] [INFO] RSS fetch done: 60 ok, 0 error, 161 points
[2026-09-14T08:57:55.796Z] [INFO] RSS progress: 60/60 (60 ok, 0 error, 161 points)
[2026-09-14T08:57:55.797Z] [INFO] Platform max returned: macos = 100
[2026-09-14T08:57:55.797Z] [INFO] RSS results: 60 ok, 0 error, 161 rank points
[2026-09-14T08:57:55.842Z] [INFO] Stored: 60 crawls, 161 points
[2026-09-14T08:57:55.870Z] [INFO] current.json written rows=23
[2026-09-14T08:57:55.872Z] [INFO] Current summary: on_chart=161, not_on_chart=299, depth_limited=0, crawl_error=0, total=460
[2026-09-14T08:57:55.872Z] [INFO] === Crawl complete === 644.3s
[2026-09-14T09:47:11.829Z] [INFO] === Crawl start === ts=2026-09-14T09:00:00Z
[2026-09-14T09:47:11.833Z] [INFO] Config loaded apps=4, platforms=macos, categories=Business,Productivity,Utilities
[2026-09-14T09:47:11.833Z] [INFO] App IDs to track: 23 our=4, competitors=19
[2026-09-14T09:47:11.834Z] [INFO] Lookup cached fetched_at=2026-09-14T00:47:12.247Z, 23 apps
[2026-09-14T09:47:11.835Z] [INFO] RSS requests: 60 countries=20, platforms=macos, categories=Business,Productivity,Utilities
[2026-09-14T09:47:11.835Z] [INFO] RSS fetch start: 60 requests, concurrency=1
[2026-09-14T09:47:13.152Z] [DEBUG] RSS ok: us/macos/Business/top-free entries=100
[2026-09-14T09:47:23.155Z] [DEBUG] Hits: us/macos/Business/top-free 4 app(s) found
[2026-09-14T09:47:23.771Z] [DEBUG] RSS ok: us/macos/Productivity/top-free entries=99
[2026-09-14T09:47:33.777Z] [DEBUG] Hits: us/macos/Productivity/top-free 6 app(s) found
[2026-09-14T09:47:34.700Z] [DEBUG] RSS ok: us/macos/Utilities/top-free entries=100
[2026-09-14T09:47:44.706Z] [DEBUG] Hits: us/macos/Utilities/top-free 1 app(s) found
[2026-09-14T09:47:45.367Z] [DEBUG] RSS ok: gb/macos/Business/top-free entries=100
[2026-09-14T09:47:55.373Z] [DEBUG] Hits: gb/macos/Business/top-free 4 app(s) found
[2026-09-14T09:47:56.195Z] [DEBUG] RSS ok: gb/macos/Productivity/top-free entries=99
[2026-09-14T09:48:06.201Z] [DEBUG] Hits: gb/macos/Productivity/top-free 4 app(s) found
[2026-09-14T09:48:06.934Z] [DEBUG] RSS ok: gb/macos/Utilities/top-free entries=100
[2026-09-14T09:48:16.940Z] [DEBUG] Hits: gb/macos/Utilities/top-free 3 app(s) found
[2026-09-14T09:48:18.082Z] [DEBUG] RSS ok: ca/macos/Business/top-free entries=100
[2026-09-14T09:48:28.087Z] [DEBUG] Hits: ca/macos/Business/top-free 5 app(s) found
[2026-09-14T09:48:28.868Z] [DEBUG] RSS ok: ca/macos/Productivity/top-free entries=99
[2026-09-14T09:48:38.875Z] [DEBUG] Hits: ca/macos/Productivity/top-free 5 app(s) found
[2026-09-14T09:48:39.745Z] [DEBUG] RSS ok: ca/macos/Utilities/top-free entries=100
[2026-09-14T09:48:50.698Z] [DEBUG] RSS ok: fr/macos/Business/top-free entries=99
[2026-09-14T09:49:00.704Z] [DEBUG] Hits: fr/macos/Business/top-free 3 app(s) found
[2026-09-14T09:49:00.705Z] [INFO] RSS progress: 10/60 (10 ok, 0 error, 35 points)
[2026-09-14T09:49:01.550Z] [DEBUG] RSS ok: fr/macos/Productivity/top-free entries=99
[2026-09-14T09:49:11.556Z] [DEBUG] Hits: fr/macos/Productivity/top-free 4 app(s) found
[2026-09-14T09:49:14.636Z] [DEBUG] RSS ok: fr/macos/Utilities/top-free entries=100
[2026-09-14T09:49:24.642Z] [DEBUG] Hits: fr/macos/Utilities/top-free 1 app(s) found
[2026-09-14T09:49:25.672Z] [DEBUG] RSS ok: de/macos/Business/top-free entries=99
[2026-09-14T09:49:35.678Z] [DEBUG] Hits: de/macos/Business/top-free 3 app(s) found
[2026-09-14T09:49:36.505Z] [DEBUG] RSS ok: de/macos/Productivity/top-free entries=99
[2026-09-14T09:49:46.508Z] [DEBUG] Hits: de/macos/Productivity/top-free 4 app(s) found
[2026-09-14T09:49:47.475Z] [DEBUG] RSS ok: de/macos/Utilities/top-free entries=100
[2026-09-14T09:49:57.482Z] [DEBUG] Hits: de/macos/Utilities/top-free 2 app(s) found
[2026-09-14T09:49:58.315Z] [DEBUG] RSS ok: jp/macos/Business/top-free entries=100
[2026-09-14T09:50:08.321Z] [DEBUG] Hits: jp/macos/Business/top-free 2 app(s) found
[2026-09-14T09:50:09.606Z] [DEBUG] RSS ok: jp/macos/Productivity/top-free entries=99
[2026-09-14T09:50:19.612Z] [DEBUG] Hits: jp/macos/Productivity/top-free 3 app(s) found
[2026-09-14T09:50:20.804Z] [DEBUG] RSS ok: jp/macos/Utilities/top-free entries=100
[2026-09-14T09:50:30.810Z] [DEBUG] Hits: jp/macos/Utilities/top-free 4 app(s) found
[2026-09-14T09:50:31.655Z] [DEBUG] RSS ok: au/macos/Business/top-free entries=100
[2026-09-14T09:50:41.662Z] [DEBUG] Hits: au/macos/Business/top-free 3 app(s) found
[2026-09-14T09:50:42.475Z] [DEBUG] RSS ok: au/macos/Productivity/top-free entries=99
[2026-09-14T09:50:52.481Z] [DEBUG] Hits: au/macos/Productivity/top-free 5 app(s) found
[2026-09-14T09:50:52.481Z] [INFO] RSS progress: 20/60 (20 ok, 0 error, 66 points)
[2026-09-14T09:50:53.398Z] [DEBUG] RSS ok: au/macos/Utilities/top-free entries=100
[2026-09-14T09:51:03.404Z] [DEBUG] Hits: au/macos/Utilities/top-free 1 app(s) found
[2026-09-14T09:51:04.246Z] [DEBUG] RSS ok: es/macos/Business/top-free entries=100
[2026-09-14T09:51:14.253Z] [DEBUG] Hits: es/macos/Business/top-free 3 app(s) found
[2026-09-14T09:51:15.193Z] [DEBUG] RSS ok: es/macos/Productivity/top-free entries=99
[2026-09-14T09:51:25.200Z] [DEBUG] Hits: es/macos/Productivity/top-free 4 app(s) found
[2026-09-14T09:51:26.031Z] [DEBUG] RSS ok: es/macos/Utilities/top-free entries=100
[2026-09-14T09:51:37.054Z] [DEBUG] RSS ok: it/macos/Business/top-free entries=99
[2026-09-14T09:51:47.060Z] [DEBUG] Hits: it/macos/Business/top-free 2 app(s) found
[2026-09-14T09:51:47.880Z] [DEBUG] RSS ok: it/macos/Productivity/top-free entries=99
[2026-09-14T09:51:57.886Z] [DEBUG] Hits: it/macos/Productivity/top-free 5 app(s) found
[2026-09-14T09:51:58.695Z] [DEBUG] RSS ok: it/macos/Utilities/top-free entries=100
[2026-09-14T09:52:09.890Z] [DEBUG] RSS ok: pt/macos/Business/top-free entries=100
[2026-09-14T09:52:19.896Z] [DEBUG] Hits: pt/macos/Business/top-free 3 app(s) found
[2026-09-14T09:52:20.740Z] [DEBUG] RSS ok: pt/macos/Productivity/top-free entries=99
[2026-09-14T09:52:30.741Z] [DEBUG] Hits: pt/macos/Productivity/top-free 3 app(s) found
[2026-09-14T09:52:31.494Z] [DEBUG] RSS ok: pt/macos/Utilities/top-free entries=100
[2026-09-14T09:52:41.500Z] [DEBUG] Hits: pt/macos/Utilities/top-free 1 app(s) found
[2026-09-14T09:52:41.500Z] [INFO] RSS progress: 30/60 (30 ok, 0 error, 88 points)
[2026-09-14T09:52:42.555Z] [DEBUG] RSS ok: ch/macos/Business/top-free entries=99
[2026-09-14T09:52:52.557Z] [DEBUG] Hits: ch/macos/Business/top-free 4 app(s) found
[2026-09-14T09:52:53.501Z] [DEBUG] RSS ok: ch/macos/Productivity/top-free entries=99
[2026-09-14T09:53:03.508Z] [DEBUG] Hits: ch/macos/Productivity/top-free 4 app(s) found
[2026-09-14T09:53:04.583Z] [DEBUG] RSS ok: ch/macos/Utilities/top-free entries=100
[2026-09-14T09:53:14.584Z] [DEBUG] Hits: ch/macos/Utilities/top-free 2 app(s) found
[2026-09-14T09:53:17.002Z] [DEBUG] RSS ok: be/macos/Business/top-free entries=100
[2026-09-14T09:53:27.007Z] [DEBUG] Hits: be/macos/Business/top-free 4 app(s) found
[2026-09-14T09:53:27.877Z] [DEBUG] RSS ok: be/macos/Productivity/top-free entries=99
[2026-09-14T09:53:37.883Z] [DEBUG] Hits: be/macos/Productivity/top-free 5 app(s) found
[2026-09-14T09:53:38.748Z] [DEBUG] RSS ok: be/macos/Utilities/top-free entries=100
[2026-09-14T09:53:49.596Z] [DEBUG] RSS ok: nl/macos/Business/top-free entries=100
[2026-09-14T09:53:59.598Z] [DEBUG] Hits: nl/macos/Business/top-free 4 app(s) found
[2026-09-14T09:54:00.356Z] [DEBUG] RSS ok: nl/macos/Productivity/top-free entries=99
[2026-09-14T09:54:10.362Z] [DEBUG] Hits: nl/macos/Productivity/top-free 4 app(s) found
[2026-09-14T09:54:11.415Z] [DEBUG] RSS ok: nl/macos/Utilities/top-free entries=100
[2026-09-14T09:54:22.204Z] [DEBUG] RSS ok: tw/macos/Business/top-free entries=100
[2026-09-14T09:54:32.207Z] [DEBUG] Hits: tw/macos/Business/top-free 3 app(s) found
[2026-09-14T09:54:32.208Z] [INFO] RSS progress: 40/60 (40 ok, 0 error, 118 points)
[2026-09-14T09:54:33.138Z] [DEBUG] RSS ok: tw/macos/Productivity/top-free entries=99
[2026-09-14T09:54:43.144Z] [DEBUG] Hits: tw/macos/Productivity/top-free 3 app(s) found
[2026-09-14T09:54:44.920Z] [DEBUG] RSS ok: tw/macos/Utilities/top-free entries=100
[2026-09-14T09:54:55.811Z] [DEBUG] RSS ok: hk/macos/Business/top-free entries=100
[2026-09-14T09:55:05.818Z] [DEBUG] Hits: hk/macos/Business/top-free 1 app(s) found
[2026-09-14T09:55:06.713Z] [DEBUG] RSS ok: hk/macos/Productivity/top-free entries=99
[2026-09-14T09:55:16.719Z] [DEBUG] Hits: hk/macos/Productivity/top-free 4 app(s) found
[2026-09-14T09:55:17.721Z] [DEBUG] RSS ok: hk/macos/Utilities/top-free entries=100
[2026-09-14T09:55:27.727Z] [DEBUG] Hits: hk/macos/Utilities/top-free 1 app(s) found
[2026-09-14T09:55:28.651Z] [DEBUG] RSS ok: nz/macos/Business/top-free entries=100
[2026-09-14T09:55:38.657Z] [DEBUG] Hits: nz/macos/Business/top-free 4 app(s) found
[2026-09-14T09:55:39.493Z] [DEBUG] RSS ok: nz/macos/Productivity/top-free entries=99
[2026-09-14T09:55:49.499Z] [DEBUG] Hits: nz/macos/Productivity/top-free 2 app(s) found
[2026-09-14T09:55:50.396Z] [DEBUG] RSS ok: nz/macos/Utilities/top-free entries=100
[2026-09-14T09:56:00.401Z] [DEBUG] Hits: nz/macos/Utilities/top-free 1 app(s) found
[2026-09-14T09:56:01.472Z] [DEBUG] RSS ok: sg/macos/Business/top-free entries=100
[2026-09-14T09:56:11.478Z] [DEBUG] Hits: sg/macos/Business/top-free 4 app(s) found
[2026-09-14T09:56:12.204Z] [DEBUG] RSS ok: sg/macos/Productivity/top-free entries=99
[2026-09-14T09:56:22.210Z] [DEBUG] Hits: sg/macos/Productivity/top-free 3 app(s) found
[2026-09-14T09:56:22.210Z] [INFO] RSS progress: 50/60 (50 ok, 0 error, 141 points)
[2026-09-14T09:56:23.028Z] [DEBUG] RSS ok: sg/macos/Utilities/top-free entries=100
[2026-09-14T09:56:33.035Z] [DEBUG] Hits: sg/macos/Utilities/top-free 1 app(s) found
[2026-09-14T09:56:33.816Z] [DEBUG] RSS ok: in/macos/Business/top-free entries=99
[2026-09-14T09:56:43.822Z] [DEBUG] Hits: in/macos/Business/top-free 3 app(s) found
[2026-09-14T09:56:44.680Z] [DEBUG] RSS ok: in/macos/Productivity/top-free entries=99
[2026-09-14T09:56:54.686Z] [DEBUG] Hits: in/macos/Productivity/top-free 2 app(s) found
[2026-09-14T09:56:55.571Z] [DEBUG] RSS ok: in/macos/Utilities/top-free entries=100
[2026-09-14T09:57:06.535Z] [DEBUG] RSS ok: za/macos/Business/top-free entries=100
[2026-09-14T09:57:16.541Z] [DEBUG] Hits: za/macos/Business/top-free 2 app(s) found
[2026-09-14T09:57:17.396Z] [DEBUG] RSS ok: za/macos/Productivity/top-free entries=99
[2026-09-14T09:57:27.402Z] [DEBUG] Hits: za/macos/Productivity/top-free 3 app(s) found
[2026-09-14T09:57:28.354Z] [DEBUG] RSS ok: za/macos/Utilities/top-free entries=100
[2026-09-14T09:57:38.360Z] [DEBUG] Hits: za/macos/Utilities/top-free 4 app(s) found
[2026-09-14T09:57:39.160Z] [DEBUG] RSS ok: br/macos/Business/top-free entries=99
[2026-09-14T09:57:49.166Z] [DEBUG] Hits: br/macos/Business/top-free 2 app(s) found
[2026-09-14T09:57:50.079Z] [DEBUG] RSS ok: br/macos/Productivity/top-free entries=99
[2026-09-14T09:58:00.085Z] [DEBUG] Hits: br/macos/Productivity/top-free 3 app(s) found
[2026-09-14T09:58:01.005Z] [DEBUG] RSS ok: br/macos/Utilities/top-free entries=100
[2026-09-14T09:58:11.011Z] [INFO] RSS progress: 60/60 (60 ok, 0 error, 161 points)
[2026-09-14T09:58:11.011Z] [INFO] RSS fetch done: 60 ok, 0 error, 161 points
[2026-09-14T09:58:11.011Z] [INFO] Platform max returned: macos = 100
[2026-09-14T09:58:11.011Z] [INFO] RSS results: 60 ok, 0 error, 161 rank points
[2026-09-14T09:58:11.043Z] [INFO] Stored: 60 crawls, 161 points
[2026-09-14T09:58:11.070Z] [INFO] current.json written rows=23
[2026-09-14T09:58:11.071Z] [INFO] Current summary: on_chart=161, not_on_chart=299, depth_limited=0, crawl_error=0, total=460
[2026-09-14T09:58:11.071Z] [INFO] === Crawl complete === 659.2s
[2026-09-14T10:47:13.116Z] [INFO] === Crawl start === ts=2026-09-14T10:00:00Z
[2026-09-14T10:47:13.119Z] [INFO] Config loaded apps=4, platforms=macos, categories=Business,Productivity,Utilities
[2026-09-14T10:47:13.119Z] [INFO] App IDs to track: 23 our=4, competitors=19
[2026-09-14T10:47:13.120Z] [INFO] Lookup cached fetched_at=2026-09-14T00:47:12.247Z, 23 apps
[2026-09-14T10:47:13.121Z] [INFO] RSS requests: 60 countries=20, platforms=macos, categories=Business,Productivity,Utilities
[2026-09-14T10:47:13.121Z] [INFO] RSS fetch start: 60 requests, concurrency=1
[2026-09-14T10:47:14.073Z] [DEBUG] RSS ok: us/macos/Business/top-free entries=100
[2026-09-14T10:47:24.077Z] [DEBUG] Hits: us/macos/Business/top-free 4 app(s) found
[2026-09-14T10:47:25.152Z] [DEBUG] RSS ok: us/macos/Productivity/top-free entries=99
[2026-09-14T10:47:35.158Z] [DEBUG] Hits: us/macos/Productivity/top-free 6 app(s) found
[2026-09-14T10:47:35.966Z] [DEBUG] RSS ok: us/macos/Utilities/top-free entries=100
[2026-09-14T10:47:45.967Z] [DEBUG] Hits: us/macos/Utilities/top-free 1 app(s) found
[2026-09-14T10:47:46.747Z] [DEBUG] RSS ok: gb/macos/Business/top-free entries=100
[2026-09-14T10:47:56.753Z] [DEBUG] Hits: gb/macos/Business/top-free 4 app(s) found
[2026-09-14T10:47:57.619Z] [DEBUG] RSS ok: gb/macos/Productivity/top-free entries=99
[2026-09-14T10:48:07.626Z] [DEBUG] Hits: gb/macos/Productivity/top-free 4 app(s) found
[2026-09-14T10:48:08.363Z] [DEBUG] RSS ok: gb/macos/Utilities/top-free entries=100
[2026-09-14T10:48:18.370Z] [DEBUG] Hits: gb/macos/Utilities/top-free 2 app(s) found
[2026-09-14T10:48:19.138Z] [DEBUG] RSS ok: ca/macos/Business/top-free entries=100
[2026-09-14T10:48:29.145Z] [DEBUG] Hits: ca/macos/Business/top-free 5 app(s) found
[2026-09-14T10:48:29.832Z] [DEBUG] RSS ok: ca/macos/Productivity/top-free entries=99
[2026-09-14T10:48:39.839Z] [DEBUG] Hits: ca/macos/Productivity/top-free 4 app(s) found
[2026-09-14T10:48:40.683Z] [DEBUG] RSS ok: ca/macos/Utilities/top-free entries=100
[2026-09-14T10:48:51.453Z] [DEBUG] RSS ok: fr/macos/Business/top-free entries=99
[2026-09-14T10:49:01.460Z] [DEBUG] Hits: fr/macos/Business/top-free 3 app(s) found
[2026-09-14T10:49:01.460Z] [INFO] RSS progress: 10/60 (10 ok, 0 error, 33 points)
[2026-09-14T10:49:02.381Z] [DEBUG] RSS ok: fr/macos/Productivity/top-free entries=99
[2026-09-14T10:49:12.386Z] [DEBUG] Hits: fr/macos/Productivity/top-free 4 app(s) found
[2026-09-14T10:49:13.109Z] [DEBUG] RSS ok: fr/macos/Utilities/top-free entries=100
[2026-09-14T10:49:23.116Z] [DEBUG] Hits: fr/macos/Utilities/top-free 1 app(s) found
[2026-09-14T10:49:24.024Z] [DEBUG] RSS ok: de/macos/Business/top-free entries=100
[2026-09-14T10:49:34.030Z] [DEBUG] Hits: de/macos/Business/top-free 3 app(s) found
[2026-09-14T10:49:34.742Z] [DEBUG] RSS ok: de/macos/Productivity/top-free entries=99
[2026-09-14T10:49:44.749Z] [DEBUG] Hits: de/macos/Productivity/top-free 4 app(s) found
[2026-09-14T10:49:45.540Z] [DEBUG] RSS ok: de/macos/Utilities/top-free entries=100
[2026-09-14T10:49:55.547Z] [DEBUG] Hits: de/macos/Utilities/top-free 2 app(s) found
[2026-09-14T10:49:56.274Z] [DEBUG] RSS ok: jp/macos/Business/top-free entries=100
[2026-09-14T10:50:06.280Z] [DEBUG] Hits: jp/macos/Business/top-free 2 app(s) found
[2026-09-14T10:50:07.237Z] [DEBUG] RSS ok: jp/macos/Productivity/top-free entries=99
[2026-09-14T10:50:17.243Z] [DEBUG] Hits: jp/macos/Productivity/top-free 3 app(s) found
[2026-09-14T10:50:17.923Z] [DEBUG] RSS ok: jp/macos/Utilities/top-free entries=100
[2026-09-14T10:50:27.929Z] [DEBUG] Hits: jp/macos/Utilities/top-free 4 app(s) found
[2026-09-14T10:50:28.689Z] [DEBUG] RSS ok: au/macos/Business/top-free entries=100
[2026-09-14T10:50:38.694Z] [DEBUG] Hits: au/macos/Business/top-free 3 app(s) found
[2026-09-14T10:50:39.466Z] [DEBUG] RSS ok: au/macos/Productivity/top-free entries=99
[2026-09-14T10:50:49.473Z] [DEBUG] Hits: au/macos/Productivity/top-free 5 app(s) found
[2026-09-14T10:50:49.473Z] [INFO] RSS progress: 20/60 (20 ok, 0 error, 64 points)
[2026-09-14T10:50:50.287Z] [DEBUG] RSS ok: au/macos/Utilities/top-free entries=100
[2026-09-14T10:51:01.301Z] [DEBUG] RSS ok: es/macos/Business/top-free entries=100
[2026-09-14T10:51:11.305Z] [DEBUG] Hits: es/macos/Business/top-free 3 app(s) found
[2026-09-14T10:51:12.181Z] [DEBUG] RSS ok: es/macos/Productivity/top-free entries=99
[2026-09-14T10:51:22.184Z] [DEBUG] Hits: es/macos/Productivity/top-free 4 app(s) found
[2026-09-14T10:51:23.069Z] [DEBUG] RSS ok: es/macos/Utilities/top-free entries=100
[2026-09-14T10:51:33.075Z] [DEBUG] Hits: es/macos/Utilities/top-free 1 app(s) found
[2026-09-14T10:51:33.885Z] [DEBUG] RSS ok: it/macos/Business/top-free entries=99
[2026-09-14T10:51:43.892Z] [DEBUG] Hits: it/macos/Business/top-free 2 app(s) found
[2026-09-14T10:51:44.689Z] [DEBUG] RSS ok: it/macos/Productivity/top-free entries=99
[2026-09-14T10:51:54.696Z] [DEBUG] Hits: it/macos/Productivity/top-free 5 app(s) found
[2026-09-14T10:51:55.426Z] [DEBUG] RSS ok: it/macos/Utilities/top-free entries=100
[2026-09-14T10:52:05.432Z] [DEBUG] Hits: it/macos/Utilities/top-free 1 app(s) found
[2026-09-14T10:52:06.387Z] [DEBUG] RSS ok: pt/macos/Business/top-free entries=100
[2026-09-14T10:52:16.394Z] [DEBUG] Hits: pt/macos/Business/top-free 3 app(s) found
[2026-09-14T10:52:17.288Z] [DEBUG] RSS ok: pt/macos/Productivity/top-free entries=99
[2026-09-14T10:52:27.295Z] [DEBUG] Hits: pt/macos/Productivity/top-free 4 app(s) found
[2026-09-14T10:52:28.051Z] [DEBUG] RSS ok: pt/macos/Utilities/top-free entries=100
[2026-09-14T10:52:38.058Z] [INFO] RSS progress: 30/60 (30 ok, 0 error, 88 points)
[2026-09-14T10:52:38.057Z] [DEBUG] Hits: pt/macos/Utilities/top-free 1 app(s) found
[2026-09-14T10:52:38.872Z] [DEBUG] RSS ok: ch/macos/Business/top-free entries=100
[2026-09-14T10:52:48.874Z] [DEBUG] Hits: ch/macos/Business/top-free 3 app(s) found
[2026-09-14T10:52:49.764Z] [DEBUG] RSS ok: ch/macos/Productivity/top-free entries=99
[2026-09-14T10:52:59.769Z] [DEBUG] Hits: ch/macos/Productivity/top-free 3 app(s) found
[2026-09-14T10:53:00.452Z] [DEBUG] RSS ok: ch/macos/Utilities/top-free entries=100
[2026-09-14T10:53:10.459Z] [DEBUG] Hits: ch/macos/Utilities/top-free 2 app(s) found
[2026-09-14T10:53:11.297Z] [DEBUG] RSS ok: be/macos/Business/top-free entries=100
[2026-09-14T10:53:21.303Z] [DEBUG] Hits: be/macos/Business/top-free 4 app(s) found
[2026-09-14T10:53:22.127Z] [DEBUG] RSS ok: be/macos/Productivity/top-free entries=99
[2026-09-14T10:53:32.134Z] [DEBUG] Hits: be/macos/Productivity/top-free 4 app(s) found
[2026-09-14T10:53:32.939Z] [DEBUG] RSS ok: be/macos/Utilities/top-free entries=100
[2026-09-14T10:53:43.789Z] [DEBUG] RSS ok: nl/macos/Business/top-free entries=100
[2026-09-14T10:53:53.795Z] [DEBUG] Hits: nl/macos/Business/top-free 2 app(s) found
[2026-09-14T10:53:54.935Z] [DEBUG] RSS ok: nl/macos/Productivity/top-free entries=99
[2026-09-14T10:54:04.937Z] [DEBUG] Hits: nl/macos/Productivity/top-free 3 app(s) found
[2026-09-14T10:54:05.798Z] [DEBUG] RSS ok: nl/macos/Utilities/top-free entries=100
[2026-09-14T10:54:15.804Z] [DEBUG] Hits: nl/macos/Utilities/top-free 2 app(s) found
[2026-09-14T10:54:16.648Z] [DEBUG] RSS ok: tw/macos/Business/top-free entries=100
[2026-09-14T10:54:26.653Z] [DEBUG] Hits: tw/macos/Business/top-free 3 app(s) found
[2026-09-14T10:54:26.653Z] [INFO] RSS progress: 40/60 (40 ok, 0 error, 114 points)
[2026-09-14T10:54:27.542Z] [DEBUG] RSS ok: tw/macos/Productivity/top-free entries=99
[2026-09-14T10:54:37.548Z] [DEBUG] Hits: tw/macos/Productivity/top-free 2 app(s) found
[2026-09-14T10:54:38.288Z] [DEBUG] RSS ok: tw/macos/Utilities/top-free entries=100
[2026-09-14T10:54:48.295Z] [DEBUG] Hits: tw/macos/Utilities/top-free 2 app(s) found
[2026-09-14T10:54:49.186Z] [DEBUG] RSS ok: hk/macos/Business/top-free entries=100
[2026-09-14T10:54:59.191Z] [DEBUG] Hits: hk/macos/Business/top-free 1 app(s) found
[2026-09-14T10:55:00.128Z] [DEBUG] RSS ok: hk/macos/Productivity/top-free entries=99
[2026-09-14T10:55:10.134Z] [DEBUG] Hits: hk/macos/Productivity/top-free 4 app(s) found
[2026-09-14T10:55:10.847Z] [DEBUG] RSS ok: hk/macos/Utilities/top-free entries=100
[2026-09-14T10:55:21.745Z] [DEBUG] RSS ok: nz/macos/Business/top-free entries=100
[2026-09-14T10:55:31.745Z] [DEBUG] Hits: nz/macos/Business/top-free 4 app(s) found
[2026-09-14T10:55:32.640Z] [DEBUG] RSS ok: nz/macos/Productivity/top-free entries=99
[2026-09-14T10:55:42.646Z] [DEBUG] Hits: nz/macos/Productivity/top-free 2 app(s) found
[2026-09-14T10:55:43.532Z] [DEBUG] RSS ok: nz/macos/Utilities/top-free entries=100
[2026-09-14T10:55:53.538Z] [DEBUG] Hits: nz/macos/Utilities/top-free 2 app(s) found
[2026-09-14T10:55:54.288Z] [DEBUG] RSS ok: sg/macos/Business/top-free entries=100
[2026-09-14T10:56:04.294Z] [DEBUG] Hits: sg/macos/Business/top-free 3 app(s) found
[2026-09-14T10:56:05.051Z] [DEBUG] RSS ok: sg/macos/Productivity/top-free entries=99
[2026-09-14T10:56:15.057Z] [DEBUG] Hits: sg/macos/Productivity/top-free 4 app(s) found
[2026-09-14T10:56:15.058Z] [INFO] RSS progress: 50/60 (50 ok, 0 error, 138 points)
[2026-09-14T10:56:15.933Z] [DEBUG] RSS ok: sg/macos/Utilities/top-free entries=100
[2026-09-14T10:56:26.784Z] [DEBUG] RSS ok: in/macos/Business/top-free entries=100
[2026-09-14T10:56:36.789Z] [DEBUG] Hits: in/macos/Business/top-free 3 app(s) found
[2026-09-14T10:56:37.590Z] [DEBUG] RSS ok: in/macos/Productivity/top-free entries=99
[2026-09-14T10:56:47.596Z] [DEBUG] Hits: in/macos/Productivity/top-free 3 app(s) found
[2026-09-14T10:56:48.525Z] [DEBUG] RSS ok: in/macos/Utilities/top-free entries=100
[2026-09-14T10:56:58.532Z] [DEBUG] Hits: in/macos/Utilities/top-free 1 app(s) found
[2026-09-14T10:56:59.321Z] [DEBUG] RSS ok: za/macos/Business/top-free entries=100
[2026-09-14T10:57:09.327Z] [DEBUG] Hits: za/macos/Business/top-free 3 app(s) found
[2026-09-14T10:57:10.157Z] [DEBUG] RSS ok: za/macos/Productivity/top-free entries=99
[2026-09-14T10:57:20.164Z] [DEBUG] Hits: za/macos/Productivity/top-free 2 app(s) found
[2026-09-14T10:57:21.047Z] [DEBUG] RSS ok: za/macos/Utilities/top-free entries=100
[2026-09-14T10:57:31.053Z] [DEBUG] Hits: za/macos/Utilities/top-free 3 app(s) found
[2026-09-14T10:57:31.967Z] [DEBUG] RSS ok: br/macos/Business/top-free entries=99
[2026-09-14T10:57:41.973Z] [DEBUG] Hits: br/macos/Business/top-free 2 app(s) found
[2026-09-14T10:57:42.844Z] [DEBUG] RSS ok: br/macos/Productivity/top-free entries=99
[2026-09-14T10:57:52.849Z] [DEBUG] Hits: br/macos/Productivity/top-free 3 app(s) found
[2026-09-14T10:57:53.803Z] [DEBUG] RSS ok: br/macos/Utilities/top-free entries=99
[2026-09-14T10:58:03.810Z] [INFO] RSS progress: 60/60 (60 ok, 0 error, 158 points)
[2026-09-14T10:58:03.810Z] [INFO] RSS fetch done: 60 ok, 0 error, 158 points
[2026-09-14T10:58:03.810Z] [INFO] Platform max returned: macos = 100
[2026-09-14T10:58:03.810Z] [INFO] RSS results: 60 ok, 0 error, 158 rank points
[2026-09-14T10:58:03.836Z] [INFO] Stored: 60 crawls, 158 points
[2026-09-14T10:58:03.857Z] [INFO] current.json written rows=23
[2026-09-14T10:58:03.858Z] [INFO] Current summary: on_chart=158, not_on_chart=302, depth_limited=0, crawl_error=0, total=460
[2026-09-14T10:58:03.858Z] [INFO] === Crawl complete === 650.7s
[2026-09-14T11:47:14.470Z] [INFO] === Crawl start === ts=2026-09-14T11:00:00Z
[2026-09-14T11:47:14.474Z] [INFO] Config loaded apps=4, platforms=macos, categories=Business,Productivity,Utilities
[2026-09-14T11:47:14.474Z] [INFO] App IDs to track: 23 our=4, competitors=19
[2026-09-14T11:47:14.476Z] [INFO] Lookup cached fetched_at=2026-09-14T00:47:12.247Z, 23 apps
[2026-09-14T11:47:14.476Z] [INFO] RSS requests: 60 countries=20, platforms=macos, categories=Business,Productivity,Utilities
[2026-09-14T11:47:14.477Z] [INFO] RSS fetch start: 60 requests, concurrency=1
[2026-09-14T11:47:15.245Z] [DEBUG] RSS ok: us/macos/Business/top-free entries=100
[2026-09-14T11:47:25.248Z] [DEBUG] Hits: us/macos/Business/top-free 4 app(s) found
[2026-09-14T11:47:25.966Z] [DEBUG] RSS ok: us/macos/Productivity/top-free entries=99
[2026-09-14T11:47:35.972Z] [DEBUG] Hits: us/macos/Productivity/top-free 6 app(s) found
[2026-09-14T11:47:36.671Z] [DEBUG] RSS ok: us/macos/Utilities/top-free entries=100
[2026-09-14T11:47:46.676Z] [DEBUG] Hits: us/macos/Utilities/top-free 1 app(s) found
[2026-09-14T11:47:47.484Z] [DEBUG] RSS ok: gb/macos/Business/top-free entries=100
[2026-09-14T11:47:57.491Z] [DEBUG] Hits: gb/macos/Business/top-free 4 app(s) found
[2026-09-14T11:47:58.284Z] [DEBUG] RSS ok: gb/macos/Productivity/top-free entries=99
[2026-09-14T11:48:08.290Z] [DEBUG] Hits: gb/macos/Productivity/top-free 4 app(s) found
[2026-09-14T11:48:08.915Z] [DEBUG] RSS ok: gb/macos/Utilities/top-free entries=100
[2026-09-14T11:48:18.921Z] [DEBUG] Hits: gb/macos/Utilities/top-free 2 app(s) found
[2026-09-14T11:48:19.500Z] [DEBUG] RSS ok: ca/macos/Business/top-free entries=100
[2026-09-14T11:48:29.507Z] [DEBUG] Hits: ca/macos/Business/top-free 5 app(s) found
[2026-09-14T11:48:30.311Z] [DEBUG] RSS ok: ca/macos/Productivity/top-free entries=99
[2026-09-14T11:48:40.317Z] [DEBUG] Hits: ca/macos/Productivity/top-free 4 app(s) found
[2026-09-14T11:48:41.137Z] [DEBUG] RSS ok: ca/macos/Utilities/top-free entries=100
[2026-09-14T11:48:51.789Z] [DEBUG] RSS ok: fr/macos/Business/top-free entries=99
[2026-09-14T11:49:01.795Z] [DEBUG] Hits: fr/macos/Business/top-free 3 app(s) found
[2026-09-14T11:49:01.796Z] [INFO] RSS progress: 10/60 (10 ok, 0 error, 33 points)
[2026-09-14T11:49:02.492Z] [DEBUG] RSS ok: fr/macos/Productivity/top-free entries=99
[2026-09-14T11:49:12.496Z] [DEBUG] Hits: fr/macos/Productivity/top-free 4 app(s) found
[2026-09-14T11:49:13.095Z] [DEBUG] RSS ok: fr/macos/Utilities/top-free entries=100
[2026-09-14T11:49:23.101Z] [DEBUG] Hits: fr/macos/Utilities/top-free 1 app(s) found
[2026-09-14T11:49:23.789Z] [DEBUG] RSS ok: de/macos/Business/top-free entries=100
[2026-09-14T11:49:33.794Z] [DEBUG] Hits: de/macos/Business/top-free 3 app(s) found
[2026-09-14T11:49:34.669Z] [DEBUG] RSS ok: de/macos/Productivity/top-free entries=99
[2026-09-14T11:49:44.675Z] [DEBUG] Hits: de/macos/Productivity/top-free 4 app(s) found
[2026-09-14T11:49:45.334Z] [DEBUG] RSS ok: de/macos/Utilities/top-free entries=100
[2026-09-14T11:49:55.340Z] [DEBUG] Hits: de/macos/Utilities/top-free 2 app(s) found
[2026-09-14T11:49:56.082Z] [DEBUG] RSS ok: jp/macos/Business/top-free entries=100
[2026-09-14T11:50:06.089Z] [DEBUG] Hits: jp/macos/Business/top-free 2 app(s) found
[2026-09-14T11:50:06.957Z] [DEBUG] RSS ok: jp/macos/Productivity/top-free entries=99
[2026-09-14T11:50:16.962Z] [DEBUG] Hits: jp/macos/Productivity/top-free 3 app(s) found
[2026-09-14T11:50:17.723Z] [DEBUG] RSS ok: jp/macos/Utilities/top-free entries=100
[2026-09-14T11:50:27.729Z] [DEBUG] Hits: jp/macos/Utilities/top-free 4 app(s) found
[2026-09-14T11:50:28.437Z] [DEBUG] RSS ok: au/macos/Business/top-free entries=100
[2026-09-14T11:50:38.443Z] [DEBUG] Hits: au/macos/Business/top-free 3 app(s) found
[2026-09-14T11:50:39.322Z] [DEBUG] RSS ok: au/macos/Productivity/top-free entries=99
[2026-09-14T11:50:49.328Z] [DEBUG] Hits: au/macos/Productivity/top-free 5 app(s) found
[2026-09-14T11:50:49.328Z] [INFO] RSS progress: 20/60 (20 ok, 0 error, 64 points)
[2026-09-14T11:50:50.072Z] [DEBUG] RSS ok: au/macos/Utilities/top-free entries=100
[2026-09-14T11:51:01.046Z] [DEBUG] RSS ok: es/macos/Business/top-free entries=100
[2026-09-14T11:51:11.053Z] [DEBUG] Hits: es/macos/Business/top-free 3 app(s) found
[2026-09-14T11:51:11.897Z] [DEBUG] RSS ok: es/macos/Productivity/top-free entries=99
[2026-09-14T11:51:21.902Z] [DEBUG] Hits: es/macos/Productivity/top-free 4 app(s) found
[2026-09-14T11:51:22.680Z] [DEBUG] RSS ok: es/macos/Utilities/top-free entries=100
[2026-09-14T11:51:32.686Z] [DEBUG] Hits: es/macos/Utilities/top-free 1 app(s) found
[2026-09-14T11:51:33.513Z] [DEBUG] RSS ok: it/macos/Business/top-free entries=99
[2026-09-14T11:51:43.516Z] [DEBUG] Hits: it/macos/Business/top-free 2 app(s) found
[2026-09-14T11:51:44.217Z] [DEBUG] RSS ok: it/macos/Productivity/top-free entries=99
[2026-09-14T11:51:54.223Z] [DEBUG] Hits: it/macos/Productivity/top-free 5 app(s) found
[2026-09-14T11:51:55.030Z] [DEBUG] RSS ok: it/macos/Utilities/top-free entries=100
[2026-09-14T11:52:05.036Z] [DEBUG] Hits: it/macos/Utilities/top-free 1 app(s) found
[2026-09-14T11:52:05.990Z] [DEBUG] RSS ok: pt/macos/Business/top-free entries=100
[2026-09-14T11:52:15.997Z] [DEBUG] Hits: pt/macos/Business/top-free 3 app(s) found
[2026-09-14T11:52:16.654Z] [DEBUG] RSS ok: pt/macos/Productivity/top-free entries=99
[2026-09-14T11:52:26.660Z] [DEBUG] Hits: pt/macos/Productivity/top-free 4 app(s) found
[2026-09-14T11:52:27.341Z] [DEBUG] RSS ok: pt/macos/Utilities/top-free entries=100
[2026-09-14T11:52:37.347Z] [DEBUG] Hits: pt/macos/Utilities/top-free 1 app(s) found
[2026-09-14T11:52:37.348Z] [INFO] RSS progress: 30/60 (30 ok, 0 error, 88 points)
[2026-09-14T11:52:38.180Z] [DEBUG] RSS ok: ch/macos/Business/top-free entries=100
[2026-09-14T11:52:48.186Z] [DEBUG] Hits: ch/macos/Business/top-free 3 app(s) found
[2026-09-14T11:52:48.906Z] [DEBUG] RSS ok: ch/macos/Productivity/top-free entries=99
[2026-09-14T11:52:58.913Z] [DEBUG] Hits: ch/macos/Productivity/top-free 3 app(s) found
[2026-09-14T11:52:59.565Z] [DEBUG] RSS ok: ch/macos/Utilities/top-free entries=100
[2026-09-14T11:53:09.571Z] [DEBUG] Hits: ch/macos/Utilities/top-free 2 app(s) found
[2026-09-14T11:53:10.187Z] [DEBUG] RSS ok: be/macos/Business/top-free entries=100
[2026-09-14T11:53:20.193Z] [DEBUG] Hits: be/macos/Business/top-free 4 app(s) found
[2026-09-14T11:53:21.069Z] [DEBUG] RSS ok: be/macos/Productivity/top-free entries=99
[2026-09-14T11:53:31.075Z] [DEBUG] Hits: be/macos/Productivity/top-free 4 app(s) found
[2026-09-14T11:53:31.757Z] [DEBUG] RSS ok: be/macos/Utilities/top-free entries=100
[2026-09-14T11:53:42.405Z] [DEBUG] RSS ok: nl/macos/Business/top-free entries=100
[2026-09-14T11:53:52.411Z] [DEBUG] Hits: nl/macos/Business/top-free 2 app(s) found
[2026-09-14T11:53:53.096Z] [DEBUG] RSS ok: nl/macos/Productivity/top-free entries=99
[2026-09-14T11:54:03.102Z] [DEBUG] Hits: nl/macos/Productivity/top-free 3 app(s) found
[2026-09-14T11:54:03.742Z] [DEBUG] RSS ok: nl/macos/Utilities/top-free entries=100
[2026-09-14T11:54:13.749Z] [DEBUG] Hits: nl/macos/Utilities/top-free 2 app(s) found
[2026-09-14T11:54:14.357Z] [DEBUG] RSS ok: tw/macos/Business/top-free entries=100
[2026-09-14T11:54:24.363Z] [DEBUG] Hits: tw/macos/Business/top-free 3 app(s) found
[2026-09-14T11:54:24.363Z] [INFO] RSS progress: 40/60 (40 ok, 0 error, 114 points)
[2026-09-14T11:54:25.118Z] [DEBUG] RSS ok: tw/macos/Productivity/top-free entries=99
[2026-09-14T11:54:35.124Z] [DEBUG] Hits: tw/macos/Productivity/top-free 2 app(s) found
[2026-09-14T11:54:35.841Z] [DEBUG] RSS ok: tw/macos/Utilities/top-free entries=100
[2026-09-14T11:54:45.846Z] [DEBUG] Hits: tw/macos/Utilities/top-free 2 app(s) found
[2026-09-14T11:54:46.476Z] [DEBUG] RSS ok: hk/macos/Business/top-free entries=100
[2026-09-14T11:54:56.483Z] [DEBUG] Hits: hk/macos/Business/top-free 1 app(s) found
[2026-09-14T11:54:57.239Z] [DEBUG] RSS ok: hk/macos/Productivity/top-free entries=99
[2026-09-14T11:55:07.245Z] [DEBUG] Hits: hk/macos/Productivity/top-free 4 app(s) found
[2026-09-14T11:55:07.937Z] [DEBUG] RSS ok: hk/macos/Utilities/top-free entries=100
[2026-09-14T11:55:18.679Z] [DEBUG] RSS ok: nz/macos/Business/top-free entries=100
[2026-09-14T11:55:28.685Z] [DEBUG] Hits: nz/macos/Business/top-free 4 app(s) found
[2026-09-14T11:55:29.551Z] [DEBUG] RSS ok: nz/macos/Productivity/top-free entries=99
[2026-09-14T11:55:39.557Z] [DEBUG] Hits: nz/macos/Productivity/top-free 2 app(s) found
[2026-09-14T11:55:40.390Z] [DEBUG] RSS ok: nz/macos/Utilities/top-free entries=100
[2026-09-14T11:55:50.395Z] [DEBUG] Hits: nz/macos/Utilities/top-free 2 app(s) found
[2026-09-14T11:55:51.367Z] [DEBUG] RSS ok: sg/macos/Business/top-free entries=100
[2026-09-14T11:56:01.372Z] [DEBUG] Hits: sg/macos/Business/top-free 3 app(s) found
[2026-09-14T11:56:02.342Z] [DEBUG] RSS ok: sg/macos/Productivity/top-free entries=99
[2026-09-14T11:56:12.348Z] [DEBUG] Hits: sg/macos/Productivity/top-free 4 app(s) found
[2026-09-14T11:56:12.348Z] [INFO] RSS progress: 50/60 (50 ok, 0 error, 138 points)
[2026-09-14T11:56:13.125Z] [DEBUG] RSS ok: sg/macos/Utilities/top-free entries=100
[2026-09-14T11:56:23.723Z] [DEBUG] RSS ok: in/macos/Business/top-free entries=100
[2026-09-14T11:56:33.729Z] [DEBUG] Hits: in/macos/Business/top-free 3 app(s) found
[2026-09-14T11:56:34.419Z] [DEBUG] RSS ok: in/macos/Productivity/top-free entries=99
[2026-09-14T11:56:44.425Z] [DEBUG] Hits: in/macos/Productivity/top-free 3 app(s) found
[2026-09-14T11:56:45.119Z] [DEBUG] RSS ok: in/macos/Utilities/top-free entries=100
[2026-09-14T11:56:55.126Z] [DEBUG] Hits: in/macos/Utilities/top-free 1 app(s) found
[2026-09-14T11:56:55.893Z] [DEBUG] RSS ok: za/macos/Business/top-free entries=100
[2026-09-14T11:57:05.900Z] [DEBUG] Hits: za/macos/Business/top-free 3 app(s) found
[2026-09-14T11:57:06.630Z] [DEBUG] RSS ok: za/macos/Productivity/top-free entries=99
[2026-09-14T11:57:16.637Z] [DEBUG] Hits: za/macos/Productivity/top-free 2 app(s) found
[2026-09-14T11:57:17.389Z] [DEBUG] RSS ok: za/macos/Utilities/top-free entries=100
[2026-09-14T11:57:27.396Z] [DEBUG] Hits: za/macos/Utilities/top-free 3 app(s) found
[2026-09-14T11:57:28.135Z] [DEBUG] RSS ok: br/macos/Business/top-free entries=99
[2026-09-14T11:57:38.142Z] [DEBUG] Hits: br/macos/Business/top-free 2 app(s) found
[2026-09-14T11:57:38.912Z] [DEBUG] RSS ok: br/macos/Productivity/top-free entries=99
[2026-09-14T11:57:48.918Z] [DEBUG] Hits: br/macos/Productivity/top-free 3 app(s) found
[2026-09-14T11:57:49.877Z] [DEBUG] RSS ok: br/macos/Utilities/top-free entries=99
[2026-09-14T11:57:59.883Z] [INFO] RSS progress: 60/60 (60 ok, 0 error, 158 points)
[2026-09-14T11:57:59.883Z] [INFO] Platform max returned: macos = 100
[2026-09-14T11:57:59.884Z] [INFO] RSS results: 60 ok, 0 error, 158 rank points
[2026-09-14T11:57:59.883Z] [INFO] RSS fetch done: 60 ok, 0 error, 158 points
[2026-09-14T11:57:59.926Z] [INFO] Stored: 60 crawls, 158 points
[2026-09-14T11:57:59.944Z] [INFO] current.json written rows=23
[2026-09-14T11:57:59.945Z] [INFO] Current summary: on_chart=158, not_on_chart=302, depth_limited=0, crawl_error=0, total=460
[2026-09-14T11:57:59.945Z] [INFO] === Crawl complete === 645.5s
[2026-09-14T12:47:11.245Z] [INFO] === Crawl start === ts=2026-09-14T12:00:00Z
[2026-09-14T12:47:11.249Z] [INFO] Config loaded apps=4, platforms=macos, categories=Business,Productivity,Utilities
[2026-09-14T12:47:11.250Z] [INFO] App IDs to track: 23 our=4, competitors=19
[2026-09-14T12:47:11.251Z] [INFO] Lookup cached fetched_at=2026-09-14T00:47:12.247Z, 23 apps
[2026-09-14T12:47:11.252Z] [INFO] RSS requests: 60 countries=20, platforms=macos, categories=Business,Productivity,Utilities
[2026-09-14T12:47:11.252Z] [INFO] RSS fetch start: 60 requests, concurrency=1
[2026-09-14T12:47:12.175Z] [DEBUG] RSS ok: us/macos/Business/top-free entries=100
[2026-09-14T12:47:22.178Z] [DEBUG] Hits: us/macos/Business/top-free 4 app(s) found
[2026-09-14T12:47:23.290Z] [DEBUG] RSS ok: us/macos/Productivity/top-free entries=99
[2026-09-14T12:47:33.296Z] [DEBUG] Hits: us/macos/Productivity/top-free 6 app(s) found
[2026-09-14T12:47:34.410Z] [DEBUG] RSS ok: us/macos/Utilities/top-free entries=100
[2026-09-14T12:47:44.413Z] [DEBUG] Hits: us/macos/Utilities/top-free 1 app(s) found
[2026-09-14T12:47:45.932Z] [DEBUG] RSS ok: gb/macos/Business/top-free entries=100
[2026-09-14T12:47:55.938Z] [DEBUG] Hits: gb/macos/Business/top-free 4 app(s) found
[2026-09-14T12:47:56.807Z] [DEBUG] RSS ok: gb/macos/Productivity/top-free entries=99
[2026-09-14T12:48:06.814Z] [DEBUG] Hits: gb/macos/Productivity/top-free 4 app(s) found
[2026-09-14T12:48:07.483Z] [DEBUG] RSS ok: gb/macos/Utilities/top-free entries=100
[2026-09-14T12:48:17.485Z] [DEBUG] Hits: gb/macos/Utilities/top-free 2 app(s) found
[2026-09-14T12:48:18.441Z] [DEBUG] RSS ok: ca/macos/Business/top-free entries=100
[2026-09-14T12:48:28.447Z] [DEBUG] Hits: ca/macos/Business/top-free 5 app(s) found
[2026-09-14T12:48:29.375Z] [DEBUG] RSS ok: ca/macos/Productivity/top-free entries=99
[2026-09-14T12:48:39.381Z] [DEBUG] Hits: ca/macos/Productivity/top-free 4 app(s) found
[2026-09-14T12:48:40.127Z] [DEBUG] RSS ok: ca/macos/Utilities/top-free entries=100
[2026-09-14T12:48:50.851Z] [DEBUG] RSS ok: fr/macos/Business/top-free entries=99
[2026-09-14T12:49:00.857Z] [DEBUG] Hits: fr/macos/Business/top-free 3 app(s) found
[2026-09-14T12:49:00.857Z] [INFO] RSS progress: 10/60 (10 ok, 0 error, 33 points)
[2026-09-14T12:49:01.705Z] [DEBUG] RSS ok: fr/macos/Productivity/top-free entries=99
[2026-09-14T12:49:11.711Z] [DEBUG] Hits: fr/macos/Productivity/top-free 4 app(s) found
[2026-09-14T12:49:12.496Z] [DEBUG] RSS ok: fr/macos/Utilities/top-free entries=100
[2026-09-14T12:49:22.503Z] [DEBUG] Hits: fr/macos/Utilities/top-free 1 app(s) found
[2026-09-14T12:49:23.353Z] [DEBUG] RSS ok: de/macos/Business/top-free entries=100
[2026-09-14T12:49:33.359Z] [DEBUG] Hits: de/macos/Business/top-free 3 app(s) found
[2026-09-14T12:49:34.139Z] [DEBUG] RSS ok: de/macos/Productivity/top-free entries=99
[2026-09-14T12:49:44.145Z] [DEBUG] Hits: de/macos/Productivity/top-free 4 app(s) found
[2026-09-14T12:49:45.163Z] [DEBUG] RSS ok: de/macos/Utilities/top-free entries=100
[2026-09-14T12:49:55.169Z] [DEBUG] Hits: de/macos/Utilities/top-free 2 app(s) found
[2026-09-14T12:49:55.983Z] [DEBUG] RSS ok: jp/macos/Business/top-free entries=100
[2026-09-14T12:50:05.989Z] [DEBUG] Hits: jp/macos/Business/top-free 2 app(s) found
[2026-09-14T12:50:06.730Z] [DEBUG] RSS ok: jp/macos/Productivity/top-free entries=99
[2026-09-14T12:50:16.736Z] [DEBUG] Hits: jp/macos/Productivity/top-free 3 app(s) found
[2026-09-14T12:50:17.457Z] [DEBUG] RSS ok: jp/macos/Utilities/top-free entries=100
[2026-09-14T12:50:27.463Z] [DEBUG] Hits: jp/macos/Utilities/top-free 4 app(s) found
[2026-09-14T12:50:28.236Z] [DEBUG] RSS ok: au/macos/Business/top-free entries=100
[2026-09-14T12:50:38.243Z] [DEBUG] Hits: au/macos/Business/top-free 3 app(s) found
[2026-09-14T12:50:39.020Z] [DEBUG] RSS ok: au/macos/Productivity/top-free entries=99
[2026-09-14T12:50:49.026Z] [DEBUG] Hits: au/macos/Productivity/top-free 5 app(s) found
[2026-09-14T12:50:49.027Z] [INFO] RSS progress: 20/60 (20 ok, 0 error, 64 points)
[2026-09-14T12:50:49.968Z] [DEBUG] RSS ok: au/macos/Utilities/top-free entries=100
[2026-09-14T12:51:00.660Z] [DEBUG] RSS ok: es/macos/Business/top-free entries=100
[2026-09-14T12:51:10.666Z] [DEBUG] Hits: es/macos/Business/top-free 3 app(s) found
[2026-09-14T12:51:11.430Z] [DEBUG] RSS ok: es/macos/Productivity/top-free entries=99
[2026-09-14T12:51:21.436Z] [DEBUG] Hits: es/macos/Productivity/top-free 4 app(s) found
[2026-09-14T12:51:22.351Z] [DEBUG] RSS ok: es/macos/Utilities/top-free entries=100
[2026-09-14T12:51:32.358Z] [DEBUG] Hits: es/macos/Utilities/top-free 1 app(s) found
[2026-09-14T12:51:33.361Z] [DEBUG] RSS ok: it/macos/Business/top-free entries=99
[2026-09-14T12:51:43.367Z] [DEBUG] Hits: it/macos/Business/top-free 2 app(s) found
[2026-09-14T12:51:44.297Z] [DEBUG] RSS ok: it/macos/Productivity/top-free entries=99
[2026-09-14T12:51:54.303Z] [DEBUG] Hits: it/macos/Productivity/top-free 5 app(s) found
[2026-09-14T12:51:55.247Z] [DEBUG] RSS ok: it/macos/Utilities/top-free entries=100
[2026-09-14T12:52:05.253Z] [DEBUG] Hits: it/macos/Utilities/top-free 1 app(s) found
[2026-09-14T12:52:06.203Z] [DEBUG] RSS ok: pt/macos/Business/top-free entries=100
[2026-09-14T12:52:16.209Z] [DEBUG] Hits: pt/macos/Business/top-free 3 app(s) found
[2026-09-14T12:52:17.042Z] [DEBUG] RSS ok: pt/macos/Productivity/top-free entries=99
[2026-09-14T12:52:27.045Z] [DEBUG] Hits: pt/macos/Productivity/top-free 4 app(s) found
[2026-09-14T12:52:27.777Z] [DEBUG] RSS ok: pt/macos/Utilities/top-free entries=100
[2026-09-14T12:52:37.783Z] [DEBUG] Hits: pt/macos/Utilities/top-free 1 app(s) found
[2026-09-14T12:52:37.784Z] [INFO] RSS progress: 30/60 (30 ok, 0 error, 88 points)
[2026-09-14T12:52:38.846Z] [DEBUG] RSS ok: ch/macos/Business/top-free entries=100
[2026-09-14T12:52:48.853Z] [DEBUG] Hits: ch/macos/Business/top-free 3 app(s) found
[2026-09-14T12:52:49.706Z] [DEBUG] RSS ok: ch/macos/Productivity/top-free entries=99
[2026-09-14T12:52:59.712Z] [DEBUG] Hits: ch/macos/Productivity/top-free 3 app(s) found
[2026-09-14T12:53:00.605Z] [DEBUG] RSS ok: ch/macos/Utilities/top-free entries=100
[2026-09-14T12:53:10.611Z] [DEBUG] Hits: ch/macos/Utilities/top-free 2 app(s) found
[2026-09-14T12:53:11.336Z] [DEBUG] RSS ok: be/macos/Business/top-free entries=100
[2026-09-14T12:53:21.342Z] [DEBUG] Hits: be/macos/Business/top-free 4 app(s) found
[2026-09-14T12:53:22.134Z] [DEBUG] RSS ok: be/macos/Productivity/top-free entries=99
[2026-09-14T12:53:32.141Z] [DEBUG] Hits: be/macos/Productivity/top-free 4 app(s) found
[2026-09-14T12:53:32.884Z] [DEBUG] RSS ok: be/macos/Utilities/top-free entries=100
[2026-09-14T12:53:43.790Z] [DEBUG] RSS ok: nl/macos/Business/top-free entries=100
[2026-09-14T12:53:53.797Z] [DEBUG] Hits: nl/macos/Business/top-free 2 app(s) found
[2026-09-14T12:53:54.486Z] [DEBUG] RSS ok: nl/macos/Productivity/top-free entries=99
[2026-09-14T12:54:04.492Z] [DEBUG] Hits: nl/macos/Productivity/top-free 3 app(s) found
[2026-09-14T12:54:05.213Z] [DEBUG] RSS ok: nl/macos/Utilities/top-free entries=100
[2026-09-14T12:54:15.219Z] [DEBUG] Hits: nl/macos/Utilities/top-free 2 app(s) found
[2026-09-14T12:54:16.059Z] [DEBUG] RSS ok: tw/macos/Business/top-free entries=100
[2026-09-14T12:54:26.061Z] [DEBUG] Hits: tw/macos/Business/top-free 3 app(s) found
[2026-09-14T12:54:26.061Z] [INFO] RSS progress: 40/60 (40 ok, 0 error, 114 points)
[2026-09-14T12:54:26.898Z] [DEBUG] RSS ok: tw/macos/Productivity/top-free entries=99
[2026-09-14T12:54:36.904Z] [DEBUG] Hits: tw/macos/Productivity/top-free 2 app(s) found
[2026-09-14T12:54:37.620Z] [DEBUG] RSS ok: tw/macos/Utilities/top-free entries=100
[2026-09-14T12:54:47.626Z] [DEBUG] Hits: tw/macos/Utilities/top-free 2 app(s) found
[2026-09-14T12:54:48.511Z] [DEBUG] RSS ok: hk/macos/Business/top-free entries=100
[2026-09-14T12:54:58.517Z] [DEBUG] Hits: hk/macos/Business/top-free 1 app(s) found
[2026-09-14T12:54:59.264Z] [DEBUG] RSS ok: hk/macos/Productivity/top-free entries=99
[2026-09-14T12:55:09.271Z] [DEBUG] Hits: hk/macos/Productivity/top-free 4 app(s) found
[2026-09-14T12:55:10.076Z] [DEBUG] RSS ok: hk/macos/Utilities/top-free entries=100
[2026-09-14T12:55:20.880Z] [DEBUG] RSS ok: nz/macos/Business/top-free entries=100
[2026-09-14T12:55:30.887Z] [DEBUG] Hits: nz/macos/Business/top-free 4 app(s) found
[2026-09-14T12:55:31.794Z] [DEBUG] RSS ok: nz/macos/Productivity/top-free entries=99
[2026-09-14T12:55:41.801Z] [DEBUG] Hits: nz/macos/Productivity/top-free 2 app(s) found
[2026-09-14T12:55:42.782Z] [DEBUG] RSS ok: nz/macos/Utilities/top-free entries=100
[2026-09-14T12:55:52.789Z] [DEBUG] Hits: nz/macos/Utilities/top-free 2 app(s) found
[2026-09-14T12:55:53.457Z] [DEBUG] RSS ok: sg/macos/Business/top-free entries=100
[2026-09-14T12:56:03.464Z] [DEBUG] Hits: sg/macos/Business/top-free 3 app(s) found
[2026-09-14T12:56:04.155Z] [DEBUG] RSS ok: sg/macos/Productivity/top-free entries=99
[2026-09-14T12:56:14.157Z] [DEBUG] Hits: sg/macos/Productivity/top-free 4 app(s) found
[2026-09-14T12:56:14.157Z] [INFO] RSS progress: 50/60 (50 ok, 0 error, 138 points)
[2026-09-14T12:56:14.954Z] [DEBUG] RSS ok: sg/macos/Utilities/top-free entries=100
[2026-09-14T12:56:25.572Z] [DEBUG] RSS ok: in/macos/Business/top-free entries=100
[2026-09-14T12:56:35.578Z] [DEBUG] Hits: in/macos/Business/top-free 3 app(s) found
[2026-09-14T12:56:36.286Z] [DEBUG] RSS ok: in/macos/Productivity/top-free entries=99
[2026-09-14T12:56:46.292Z] [DEBUG] Hits: in/macos/Productivity/top-free 3 app(s) found
[2026-09-14T12:56:47.434Z] [DEBUG] RSS ok: in/macos/Utilities/top-free entries=100
[2026-09-14T12:56:57.440Z] [DEBUG] Hits: in/macos/Utilities/top-free 1 app(s) found
[2026-09-14T12:56:58.163Z] [DEBUG] RSS ok: za/macos/Business/top-free entries=100
[2026-09-14T12:57:08.170Z] [DEBUG] Hits: za/macos/Business/top-free 3 app(s) found
[2026-09-14T12:57:09.067Z] [DEBUG] RSS ok: za/macos/Productivity/top-free entries=99
[2026-09-14T12:57:19.074Z] [DEBUG] Hits: za/macos/Productivity/top-free 2 app(s) found
[2026-09-14T12:57:19.949Z] [DEBUG] RSS ok: za/macos/Utilities/top-free entries=100
[2026-09-14T12:57:29.955Z] [DEBUG] Hits: za/macos/Utilities/top-free 3 app(s) found
[2026-09-14T12:57:30.942Z] [DEBUG] RSS ok: br/macos/Business/top-free entries=99
[2026-09-14T12:57:40.948Z] [DEBUG] Hits: br/macos/Business/top-free 2 app(s) found
[2026-09-14T12:57:41.993Z] [DEBUG] RSS ok: br/macos/Productivity/top-free entries=99
[2026-09-14T12:57:52.000Z] [DEBUG] Hits: br/macos/Productivity/top-free 3 app(s) found
[2026-09-14T12:57:52.660Z] [DEBUG] RSS ok: br/macos/Utilities/top-free entries=99
[2026-09-14T12:58:02.667Z] [INFO] RSS progress: 60/60 (60 ok, 0 error, 158 points)
[2026-09-14T12:58:02.667Z] [INFO] RSS fetch done: 60 ok, 0 error, 158 points
[2026-09-14T12:58:02.667Z] [INFO] Platform max returned: macos = 100
[2026-09-14T12:58:02.667Z] [INFO] RSS results: 60 ok, 0 error, 158 rank points
[2026-09-14T12:58:02.697Z] [INFO] Stored: 60 crawls, 158 points
[2026-09-14T12:58:02.729Z] [INFO] current.json written rows=23
[2026-09-14T12:58:02.730Z] [INFO] Current summary: on_chart=158, not_on_chart=302, depth_limited=0, crawl_error=0, total=460
[2026-09-14T12:58:02.730Z] [INFO] === Crawl complete === 651.5s
[2026-09-14T13:47:12.637Z] [INFO] === Crawl start === ts=2026-09-14T13:00:00Z
[2026-09-14T13:47:12.642Z] [INFO] Config loaded apps=4, platforms=macos, categories=Business,Productivity,Utilities
[2026-09-14T13:47:12.642Z] [INFO] App IDs to track: 23 our=4, competitors=19
[2026-09-14T13:47:12.643Z] [INFO] Lookup cached fetched_at=2026-09-14T00:47:12.247Z, 23 apps
[2026-09-14T13:47:12.644Z] [INFO] RSS requests: 60 countries=20, platforms=macos, categories=Business,Productivity,Utilities
[2026-09-14T13:47:12.644Z] [INFO] RSS fetch start: 60 requests, concurrency=1
[2026-09-14T13:47:13.512Z] [DEBUG] RSS ok: us/macos/Business/top-free entries=100
[2026-09-14T13:47:23.516Z] [DEBUG] Hits: us/macos/Business/top-free 4 app(s) found
[2026-09-14T13:47:24.167Z] [DEBUG] RSS ok: us/macos/Productivity/top-free entries=99
[2026-09-14T13:47:34.172Z] [DEBUG] Hits: us/macos/Productivity/top-free 6 app(s) found
[2026-09-14T13:47:34.946Z] [DEBUG] RSS ok: us/macos/Utilities/top-free entries=100
[2026-09-14T13:47:44.952Z] [DEBUG] Hits: us/macos/Utilities/top-free 1 app(s) found
[2026-09-14T13:47:45.707Z] [DEBUG] RSS ok: gb/macos/Business/top-free entries=100
[2026-09-14T13:47:55.713Z] [DEBUG] Hits: gb/macos/Business/top-free 4 app(s) found
[2026-09-14T13:47:56.476Z] [DEBUG] RSS ok: gb/macos/Productivity/top-free entries=99
[2026-09-14T13:48:06.482Z] [DEBUG] Hits: gb/macos/Productivity/top-free 4 app(s) found
[2026-09-14T13:48:07.248Z] [DEBUG] RSS ok: gb/macos/Utilities/top-free entries=100
[2026-09-14T13:48:17.254Z] [DEBUG] Hits: gb/macos/Utilities/top-free 3 app(s) found
[2026-09-14T13:48:17.965Z] [DEBUG] RSS ok: ca/macos/Business/top-free entries=100
[2026-09-14T13:48:27.967Z] [DEBUG] Hits: ca/macos/Business/top-free 5 app(s) found
[2026-09-14T13:48:28.774Z] [DEBUG] RSS ok: ca/macos/Productivity/top-free entries=99
[2026-09-14T13:48:38.779Z] [DEBUG] Hits: ca/macos/Productivity/top-free 4 app(s) found
[2026-09-14T13:48:39.683Z] [DEBUG] RSS ok: ca/macos/Utilities/top-free entries=100
[2026-09-14T13:48:50.481Z] [DEBUG] RSS ok: fr/macos/Business/top-free entries=99
[2026-09-14T13:49:00.488Z] [DEBUG] Hits: fr/macos/Business/top-free 4 app(s) found
[2026-09-14T13:49:00.488Z] [INFO] RSS progress: 10/60 (10 ok, 0 error, 35 points)
[2026-09-14T13:49:01.219Z] [DEBUG] RSS ok: fr/macos/Productivity/top-free entries=99
[2026-09-14T13:49:11.225Z] [DEBUG] Hits: fr/macos/Productivity/top-free 5 app(s) found
[2026-09-14T13:49:11.850Z] [DEBUG] RSS ok: fr/macos/Utilities/top-free entries=100
[2026-09-14T13:49:22.584Z] [DEBUG] RSS ok: de/macos/Business/top-free entries=99
[2026-09-14T13:49:32.591Z] [DEBUG] Hits: de/macos/Business/top-free 1 app(s) found
[2026-09-14T13:49:33.449Z] [DEBUG] RSS ok: de/macos/Productivity/top-free entries=99
[2026-09-14T13:49:43.455Z] [DEBUG] Hits: de/macos/Productivity/top-free 4 app(s) found
[2026-09-14T13:49:44.194Z] [DEBUG] RSS ok: de/macos/Utilities/top-free entries=100
[2026-09-14T13:49:54.199Z] [DEBUG] Hits: de/macos/Utilities/top-free 3 app(s) found
[2026-09-14T13:49:55.000Z] [DEBUG] RSS ok: jp/macos/Business/top-free entries=100
[2026-09-14T13:50:05.006Z] [DEBUG] Hits: jp/macos/Business/top-free 2 app(s) found
[2026-09-14T13:50:06.046Z] [DEBUG] RSS ok: jp/macos/Productivity/top-free entries=99
[2026-09-14T13:50:16.047Z] [DEBUG] Hits: jp/macos/Productivity/top-free 4 app(s) found
[2026-09-14T13:50:16.690Z] [DEBUG] RSS ok: jp/macos/Utilities/top-free entries=100
[2026-09-14T13:50:26.697Z] [DEBUG] Hits: jp/macos/Utilities/top-free 5 app(s) found
[2026-09-14T13:50:27.955Z] [DEBUG] RSS ok: au/macos/Business/top-free entries=100
[2026-09-14T13:50:37.959Z] [DEBUG] Hits: au/macos/Business/top-free 3 app(s) found
[2026-09-14T13:50:38.676Z] [DEBUG] RSS ok: au/macos/Productivity/top-free entries=99
[2026-09-14T13:50:48.682Z] [DEBUG] Hits: au/macos/Productivity/top-free 5 app(s) found
[2026-09-14T13:50:48.682Z] [INFO] RSS progress: 20/60 (20 ok, 0 error, 67 points)
[2026-09-14T13:50:49.577Z] [DEBUG] RSS ok: au/macos/Utilities/top-free entries=100
[2026-09-14T13:50:59.584Z] [DEBUG] Hits: au/macos/Utilities/top-free 1 app(s) found
[2026-09-14T13:51:00.241Z] [DEBUG] RSS ok: es/macos/Business/top-free entries=100
[2026-09-14T13:51:10.247Z] [DEBUG] Hits: es/macos/Business/top-free 3 app(s) found
[2026-09-14T13:51:11.069Z] [DEBUG] RSS ok: es/macos/Productivity/top-free entries=99
[2026-09-14T13:51:21.071Z] [DEBUG] Hits: es/macos/Productivity/top-free 5 app(s) found
[2026-09-14T13:51:21.881Z] [DEBUG] RSS ok: es/macos/Utilities/top-free entries=100
[2026-09-14T13:51:32.781Z] [DEBUG] RSS ok: it/macos/Business/top-free entries=99
[2026-09-14T13:51:42.783Z] [DEBUG] Hits: it/macos/Business/top-free 2 app(s) found
[2026-09-14T13:51:43.498Z] [DEBUG] RSS ok: it/macos/Productivity/top-free entries=99
[2026-09-14T13:51:53.501Z] [DEBUG] Hits: it/macos/Productivity/top-free 5 app(s) found
[2026-09-14T13:51:54.273Z] [DEBUG] RSS ok: it/macos/Utilities/top-free entries=100
[2026-09-14T13:52:04.280Z] [DEBUG] Hits: it/macos/Utilities/top-free 2 app(s) found
[2026-09-14T13:52:05.158Z] [DEBUG] RSS ok: pt/macos/Business/top-free entries=100
[2026-09-14T13:52:15.165Z] [DEBUG] Hits: pt/macos/Business/top-free 3 app(s) found
[2026-09-14T13:52:15.967Z] [DEBUG] RSS ok: pt/macos/Productivity/top-free entries=99
[2026-09-14T13:52:25.973Z] [DEBUG] Hits: pt/macos/Productivity/top-free 3 app(s) found
[2026-09-14T13:52:26.787Z] [DEBUG] RSS ok: pt/macos/Utilities/top-free entries=99
[2026-09-14T13:52:36.793Z] [INFO] RSS progress: 30/60 (30 ok, 0 error, 91 points)
[2026-09-14T13:52:37.541Z] [DEBUG] RSS ok: ch/macos/Business/top-free entries=100
[2026-09-14T13:52:47.547Z] [DEBUG] Hits: ch/macos/Business/top-free 3 app(s) found
[2026-09-14T13:52:48.338Z] [DEBUG] RSS ok: ch/macos/Productivity/top-free entries=99
[2026-09-14T13:52:58.345Z] [DEBUG] Hits: ch/macos/Productivity/top-free 3 app(s) found
[2026-09-14T13:52:59.023Z] [DEBUG] RSS ok: ch/macos/Utilities/top-free entries=100
[2026-09-14T13:53:09.029Z] [DEBUG] Hits: ch/macos/Utilities/top-free 3 app(s) found
[2026-09-14T13:53:09.884Z] [DEBUG] RSS ok: be/macos/Business/top-free entries=100
[2026-09-14T13:53:19.891Z] [DEBUG] Hits: be/macos/Business/top-free 4 app(s) found
[2026-09-14T13:53:20.763Z] [DEBUG] RSS ok: be/macos/Productivity/top-free entries=99
[2026-09-14T13:53:30.770Z] [DEBUG] Hits: be/macos/Productivity/top-free 4 app(s) found
[2026-09-14T13:53:31.416Z] [DEBUG] RSS ok: be/macos/Utilities/top-free entries=100
[2026-09-14T13:53:42.130Z] [DEBUG] RSS ok: nl/macos/Business/top-free entries=100
[2026-09-14T13:53:52.137Z] [DEBUG] Hits: nl/macos/Business/top-free 1 app(s) found
[2026-09-14T13:53:53.178Z] [DEBUG] RSS ok: nl/macos/Productivity/top-free entries=99
[2026-09-14T13:54:03.184Z] [DEBUG] Hits: nl/macos/Productivity/top-free 5 app(s) found
[2026-09-14T13:54:03.816Z] [DEBUG] RSS ok: nl/macos/Utilities/top-free entries=100
[2026-09-14T13:54:14.462Z] [DEBUG] RSS ok: tw/macos/Business/top-free entries=100
[2026-09-14T13:54:24.463Z] [DEBUG] Hits: tw/macos/Business/top-free 3 app(s) found
[2026-09-14T13:54:24.463Z] [INFO] RSS progress: 40/60 (40 ok, 0 error, 117 points)
[2026-09-14T13:54:25.381Z] [DEBUG] RSS ok: tw/macos/Productivity/top-free entries=99
[2026-09-14T13:54:35.388Z] [DEBUG] Hits: tw/macos/Productivity/top-free 3 app(s) found
[2026-09-14T13:54:36.102Z] [DEBUG] RSS ok: tw/macos/Utilities/top-free entries=100
[2026-09-14T13:54:47.146Z] [DEBUG] RSS ok: hk/macos/Business/top-free entries=100
[2026-09-14T13:54:57.152Z] [DEBUG] Hits: hk/macos/Business/top-free 1 app(s) found
[2026-09-14T13:54:58.036Z] [DEBUG] RSS ok: hk/macos/Productivity/top-free entries=99
[2026-09-14T13:55:08.042Z] [DEBUG] Hits: hk/macos/Productivity/top-free 4 app(s) found
[2026-09-14T13:55:08.771Z] [DEBUG] RSS ok: hk/macos/Utilities/top-free entries=100
[2026-09-14T13:55:19.554Z] [DEBUG] RSS ok: nz/macos/Business/top-free entries=100
[2026-09-14T13:55:29.561Z] [DEBUG] Hits: nz/macos/Business/top-free 4 app(s) found
[2026-09-14T13:55:30.356Z] [DEBUG] RSS ok: nz/macos/Productivity/top-free entries=99
[2026-09-14T13:55:40.359Z] [DEBUG] Hits: nz/macos/Productivity/top-free 3 app(s) found
[2026-09-14T13:55:41.386Z] [DEBUG] RSS ok: nz/macos/Utilities/top-free entries=100
[2026-09-14T13:55:51.392Z] [DEBUG] Hits: nz/macos/Utilities/top-free 2 app(s) found
[2026-09-14T13:55:52.151Z] [DEBUG] RSS ok: sg/macos/Business/top-free entries=100
[2026-09-14T13:56:02.158Z] [DEBUG] Hits: sg/macos/Business/top-free 3 app(s) found
[2026-09-14T13:56:03.046Z] [DEBUG] RSS ok: sg/macos/Productivity/top-free entries=99
[2026-09-14T13:56:13.052Z] [DEBUG] Hits: sg/macos/Productivity/top-free 4 app(s) found
[2026-09-14T13:56:13.052Z] [INFO] RSS progress: 50/60 (50 ok, 0 error, 141 points)
[2026-09-14T13:56:13.775Z] [DEBUG] RSS ok: sg/macos/Utilities/top-free entries=100
[2026-09-14T13:56:24.522Z] [DEBUG] RSS ok: in/macos/Business/top-free entries=100
[2026-09-14T13:56:34.529Z] [DEBUG] Hits: in/macos/Business/top-free 3 app(s) found
[2026-09-14T13:56:35.299Z] [DEBUG] RSS ok: in/macos/Productivity/top-free entries=99
[2026-09-14T13:56:45.306Z] [DEBUG] Hits: in/macos/Productivity/top-free 3 app(s) found
[2026-09-14T13:56:46.754Z] [DEBUG] RSS ok: in/macos/Utilities/top-free entries=100
[2026-09-14T13:56:56.761Z] [DEBUG] Hits: in/macos/Utilities/top-free 1 app(s) found
[2026-09-14T13:56:57.513Z] [DEBUG] RSS ok: za/macos/Business/top-free entries=100
[2026-09-14T13:57:07.520Z] [DEBUG] Hits: za/macos/Business/top-free 3 app(s) found
[2026-09-14T13:57:08.277Z] [DEBUG] RSS ok: za/macos/Productivity/top-free entries=99
[2026-09-14T13:57:18.285Z] [DEBUG] Hits: za/macos/Productivity/top-free 3 app(s) found
[2026-09-14T13:57:19.465Z] [DEBUG] RSS ok: za/macos/Utilities/top-free entries=100
[2026-09-14T13:57:29.471Z] [DEBUG] Hits: za/macos/Utilities/top-free 3 app(s) found
[2026-09-14T13:57:30.294Z] [DEBUG] RSS ok: br/macos/Business/top-free entries=99
[2026-09-14T13:57:40.299Z] [DEBUG] Hits: br/macos/Business/top-free 2 app(s) found
[2026-09-14T13:57:41.067Z] [DEBUG] RSS ok: br/macos/Productivity/top-free entries=99
[2026-09-14T13:57:51.073Z] [DEBUG] Hits: br/macos/Productivity/top-free 3 app(s) found
[2026-09-14T13:57:51.969Z] [DEBUG] RSS ok: br/macos/Utilities/top-free entries=100
[2026-09-14T13:58:01.975Z] [INFO] RSS progress: 60/60 (60 ok, 0 error, 162 points)
[2026-09-14T13:58:01.976Z] [INFO] RSS results: 60 ok, 0 error, 162 rank points
[2026-09-14T13:58:01.975Z] [INFO] Platform max returned: macos = 100
[2026-09-14T13:58:01.975Z] [INFO] RSS fetch done: 60 ok, 0 error, 162 points
[2026-09-14T13:58:02.020Z] [INFO] Stored: 60 crawls, 162 points
[2026-09-14T13:58:02.051Z] [INFO] current.json written rows=23
[2026-09-14T13:58:02.052Z] [INFO] Current summary: on_chart=162, not_on_chart=298, depth_limited=0, crawl_error=0, total=460
[2026-09-14T13:58:02.052Z] [INFO] === Crawl complete === 649.4s
[2026-09-14T14:47:13.491Z] [INFO] === Crawl start === ts=2026-09-14T14:00:00Z
[2026-09-14T14:47:13.495Z] [INFO] Config loaded apps=4, platforms=macos, categories=Business,Productivity,Utilities
[2026-09-14T14:47:13.495Z] [INFO] App IDs to track: 23 our=4, competitors=19
[2026-09-14T14:47:13.497Z] [INFO] Lookup cached fetched_at=2026-09-14T00:47:12.247Z, 23 apps
[2026-09-14T14:47:13.497Z] [INFO] RSS requests: 60 countries=20, platforms=macos, categories=Business,Productivity,Utilities
[2026-09-14T14:47:13.498Z] [INFO] RSS fetch start: 60 requests, concurrency=1
[2026-09-14T14:47:14.691Z] [DEBUG] RSS ok: us/macos/Business/top-free entries=100
[2026-09-14T14:47:24.695Z] [DEBUG] Hits: us/macos/Business/top-free 4 app(s) found
[2026-09-14T14:47:25.515Z] [DEBUG] RSS ok: us/macos/Productivity/top-free entries=99
[2026-09-14T14:47:35.521Z] [DEBUG] Hits: us/macos/Productivity/top-free 6 app(s) found
[2026-09-14T14:47:36.447Z] [DEBUG] RSS ok: us/macos/Utilities/top-free entries=100
[2026-09-14T14:47:46.449Z] [DEBUG] Hits: us/macos/Utilities/top-free 1 app(s) found
[2026-09-14T14:47:47.319Z] [DEBUG] RSS ok: gb/macos/Business/top-free entries=100
[2026-09-14T14:47:57.325Z] [DEBUG] Hits: gb/macos/Business/top-free 4 app(s) found
[2026-09-14T14:47:58.323Z] [DEBUG] RSS ok: gb/macos/Productivity/top-free entries=99
[2026-09-14T14:48:08.330Z] [DEBUG] Hits: gb/macos/Productivity/top-free 4 app(s) found
[2026-09-14T14:48:09.202Z] [DEBUG] RSS ok: gb/macos/Utilities/top-free entries=100
[2026-09-14T14:48:19.209Z] [DEBUG] Hits: gb/macos/Utilities/top-free 3 app(s) found
[2026-09-14T14:48:20.109Z] [DEBUG] RSS ok: ca/macos/Business/top-free entries=100
[2026-09-14T14:48:30.115Z] [DEBUG] Hits: ca/macos/Business/top-free 5 app(s) found
[2026-09-14T14:48:31.041Z] [DEBUG] RSS ok: ca/macos/Productivity/top-free entries=99
[2026-09-14T14:48:41.047Z] [DEBUG] Hits: ca/macos/Productivity/top-free 4 app(s) found
[2026-09-14T14:48:41.794Z] [DEBUG] RSS ok: ca/macos/Utilities/top-free entries=100
[2026-09-14T14:48:52.715Z] [DEBUG] RSS ok: fr/macos/Business/top-free entries=98
[2026-09-14T14:49:02.722Z] [DEBUG] Hits: fr/macos/Business/top-free 4 app(s) found
[2026-09-14T14:49:02.723Z] [INFO] RSS progress: 10/60 (10 ok, 0 error, 35 points)
[2026-09-14T14:49:03.657Z] [DEBUG] RSS ok: fr/macos/Productivity/top-free entries=99
[2026-09-14T14:49:13.664Z] [DEBUG] Hits: fr/macos/Productivity/top-free 5 app(s) found
[2026-09-14T14:49:14.573Z] [DEBUG] RSS ok: fr/macos/Utilities/top-free entries=100
[2026-09-14T14:49:25.486Z] [DEBUG] RSS ok: de/macos/Business/top-free entries=99
[2026-09-14T14:49:35.492Z] [DEBUG] Hits: de/macos/Business/top-free 1 app(s) found
[2026-09-14T14:49:36.436Z] [DEBUG] RSS ok: de/macos/Productivity/top-free entries=99
[2026-09-14T14:49:46.442Z] [DEBUG] Hits: de/macos/Productivity/top-free 4 app(s) found
[2026-09-14T14:49:47.393Z] [DEBUG] RSS ok: de/macos/Utilities/top-free entries=100
[2026-09-14T14:49:57.398Z] [DEBUG] Hits: de/macos/Utilities/top-free 3 app(s) found
[2026-09-14T14:49:58.455Z] [DEBUG] RSS ok: jp/macos/Business/top-free entries=100
[2026-09-14T14:50:08.461Z] [DEBUG] Hits: jp/macos/Business/top-free 2 app(s) found
[2026-09-14T14:50:09.429Z] [DEBUG] RSS ok: jp/macos/Productivity/top-free entries=99
[2026-09-14T14:50:19.432Z] [DEBUG] Hits: jp/macos/Productivity/top-free 4 app(s) found
[2026-09-14T14:50:20.246Z] [DEBUG] RSS ok: jp/macos/Utilities/top-free entries=100
[2026-09-14T14:50:30.252Z] [DEBUG] Hits: jp/macos/Utilities/top-free 5 app(s) found
[2026-09-14T14:50:31.039Z] [DEBUG] RSS ok: au/macos/Business/top-free entries=100
[2026-09-14T14:50:41.043Z] [DEBUG] Hits: au/macos/Business/top-free 3 app(s) found
[2026-09-14T14:50:41.929Z] [DEBUG] RSS ok: au/macos/Productivity/top-free entries=99
[2026-09-14T14:50:51.935Z] [DEBUG] Hits: au/macos/Productivity/top-free 5 app(s) found
[2026-09-14T14:50:51.935Z] [INFO] RSS progress: 20/60 (20 ok, 0 error, 67 points)
[2026-09-14T14:50:52.779Z] [DEBUG] RSS ok: au/macos/Utilities/top-free entries=100
[2026-09-14T14:51:02.785Z] [DEBUG] Hits: au/macos/Utilities/top-free 1 app(s) found
[2026-09-14T14:51:03.580Z] [DEBUG] RSS ok: es/macos/Business/top-free entries=99
[2026-09-14T14:51:13.585Z] [DEBUG] Hits: es/macos/Business/top-free 3 app(s) found
[2026-09-14T14:51:14.474Z] [DEBUG] RSS ok: es/macos/Productivity/top-free entries=99
[2026-09-14T14:51:24.480Z] [DEBUG] Hits: es/macos/Productivity/top-free 5 app(s) found
[2026-09-14T14:51:25.310Z] [DEBUG] RSS ok: es/macos/Utilities/top-free entries=100
[2026-09-14T14:51:36.239Z] [DEBUG] RSS ok: it/macos/Business/top-free entries=99
[2026-09-14T14:51:46.246Z] [DEBUG] Hits: it/macos/Business/top-free 2 app(s) found
[2026-09-14T14:51:47.163Z] [DEBUG] RSS ok: it/macos/Productivity/top-free entries=99
[2026-09-14T14:51:57.169Z] [DEBUG] Hits: it/macos/Productivity/top-free 5 app(s) found
[2026-09-14T14:51:58.203Z] [DEBUG] RSS ok: it/macos/Utilities/top-free entries=100
[2026-09-14T14:52:08.204Z] [DEBUG] Hits: it/macos/Utilities/top-free 2 app(s) found
[2026-09-14T14:52:09.146Z] [DEBUG] RSS ok: pt/macos/Business/top-free entries=100
[2026-09-14T14:52:19.153Z] [DEBUG] Hits: pt/macos/Business/top-free 3 app(s) found
[2026-09-14T14:52:20.113Z] [DEBUG] RSS ok: pt/macos/Productivity/top-free entries=99
[2026-09-14T14:52:30.120Z] [DEBUG] Hits: pt/macos/Productivity/top-free 3 app(s) found
[2026-09-14T14:52:30.962Z] [DEBUG] RSS ok: pt/macos/Utilities/top-free entries=99
[2026-09-14T14:52:40.968Z] [INFO] RSS progress: 30/60 (30 ok, 0 error, 91 points)
[2026-09-14T14:52:41.983Z] [DEBUG] RSS ok: ch/macos/Business/top-free entries=99
[2026-09-14T14:52:51.989Z] [DEBUG] Hits: ch/macos/Business/top-free 3 app(s) found
[2026-09-14T14:52:52.868Z] [DEBUG] RSS ok: ch/macos/Productivity/top-free entries=99
[2026-09-14T14:53:02.874Z] [DEBUG] Hits: ch/macos/Productivity/top-free 3 app(s) found
[2026-09-14T14:53:03.689Z] [DEBUG] RSS ok: ch/macos/Utilities/top-free entries=100
[2026-09-14T14:53:13.694Z] [DEBUG] Hits: ch/macos/Utilities/top-free 3 app(s) found
[2026-09-14T14:53:14.669Z] [DEBUG] RSS ok: be/macos/Business/top-free entries=100
[2026-09-14T14:53:24.675Z] [DEBUG] Hits: be/macos/Business/top-free 4 app(s) found
[2026-09-14T14:53:25.573Z] [DEBUG] RSS ok: be/macos/Productivity/top-free entries=99
[2026-09-14T14:53:35.576Z] [DEBUG] Hits: be/macos/Productivity/top-free 4 app(s) found
[2026-09-14T14:53:36.511Z] [DEBUG] RSS ok: be/macos/Utilities/top-free entries=100
[2026-09-14T14:53:47.251Z] [DEBUG] RSS ok: nl/macos/Business/top-free entries=99
[2026-09-14T14:53:57.257Z] [DEBUG] Hits: nl/macos/Business/top-free 1 app(s) found
[2026-09-14T14:53:58.035Z] [DEBUG] RSS ok: nl/macos/Productivity/top-free entries=99
[2026-09-14T14:54:08.040Z] [DEBUG] Hits: nl/macos/Productivity/top-free 5 app(s) found
[2026-09-14T14:54:08.893Z] [DEBUG] RSS ok: nl/macos/Utilities/top-free entries=100
[2026-09-14T14:54:19.765Z] [DEBUG] RSS ok: tw/macos/Business/top-free entries=100
[2026-09-14T14:54:29.771Z] [DEBUG] Hits: tw/macos/Business/top-free 3 app(s) found
[2026-09-14T14:54:29.771Z] [INFO] RSS progress: 40/60 (40 ok, 0 error, 117 points)
[2026-09-14T14:54:30.948Z] [DEBUG] RSS ok: tw/macos/Productivity/top-free entries=99
[2026-09-14T14:54:40.954Z] [DEBUG] Hits: tw/macos/Productivity/top-free 3 app(s) found
[2026-09-14T14:54:41.957Z] [DEBUG] RSS ok: tw/macos/Utilities/top-free entries=100
[2026-09-14T14:54:52.911Z] [DEBUG] RSS ok: hk/macos/Business/top-free entries=100
[2026-09-14T14:55:02.918Z] [DEBUG] Hits: hk/macos/Business/top-free 1 app(s) found
[2026-09-14T14:55:03.918Z] [DEBUG] RSS ok: hk/macos/Productivity/top-free entries=99
[2026-09-14T14:55:13.921Z] [DEBUG] Hits: hk/macos/Productivity/top-free 4 app(s) found
[2026-09-14T14:55:14.747Z] [DEBUG] RSS ok: hk/macos/Utilities/top-free entries=100
[2026-09-14T14:55:25.663Z] [DEBUG] RSS ok: nz/macos/Business/top-free entries=100
[2026-09-14T14:55:35.664Z] [DEBUG] Hits: nz/macos/Business/top-free 4 app(s) found
[2026-09-14T14:55:36.571Z] [DEBUG] RSS ok: nz/macos/Productivity/top-free entries=99
[2026-09-14T14:55:46.578Z] [DEBUG] Hits: nz/macos/Productivity/top-free 3 app(s) found
[2026-09-14T14:55:47.570Z] [DEBUG] RSS ok: nz/macos/Utilities/top-free entries=100
[2026-09-14T14:55:57.576Z] [DEBUG] Hits: nz/macos/Utilities/top-free 2 app(s) found
[2026-09-14T14:55:58.438Z] [DEBUG] RSS ok: sg/macos/Business/top-free entries=100
[2026-09-14T14:56:08.443Z] [DEBUG] Hits: sg/macos/Business/top-free 3 app(s) found
[2026-09-14T14:56:09.180Z] [DEBUG] RSS ok: sg/macos/Productivity/top-free entries=99
[2026-09-14T14:56:19.187Z] [INFO] RSS progress: 50/60 (50 ok, 0 error, 141 points)
[2026-09-14T14:56:19.187Z] [DEBUG] Hits: sg/macos/Productivity/top-free 4 app(s) found
[2026-09-14T14:56:20.079Z] [DEBUG] RSS ok: sg/macos/Utilities/top-free entries=100
[2026-09-14T14:56:30.835Z] [DEBUG] RSS ok: in/macos/Business/top-free entries=100
[2026-09-14T14:56:40.842Z] [DEBUG] Hits: in/macos/Business/top-free 3 app(s) found
[2026-09-14T14:56:41.730Z] [DEBUG] RSS ok: in/macos/Productivity/top-free entries=99
[2026-09-14T14:56:51.736Z] [DEBUG] Hits: in/macos/Productivity/top-free 3 app(s) found
[2026-09-14T14:56:52.654Z] [DEBUG] RSS ok: in/macos/Utilities/top-free entries=100
[2026-09-14T14:57:02.660Z] [DEBUG] Hits: in/macos/Utilities/top-free 1 app(s) found
[2026-09-14T14:57:03.555Z] [DEBUG] RSS ok: za/macos/Business/top-free entries=100
[2026-09-14T14:57:13.562Z] [DEBUG] Hits: za/macos/Business/top-free 3 app(s) found
[2026-09-14T14:57:14.586Z] [DEBUG] RSS ok: za/macos/Productivity/top-free entries=99
[2026-09-14T14:57:24.592Z] [DEBUG] Hits: za/macos/Productivity/top-free 3 app(s) found
[2026-09-14T14:57:25.497Z] [DEBUG] RSS ok: za/macos/Utilities/top-free entries=100
[2026-09-14T14:57:35.503Z] [DEBUG] Hits: za/macos/Utilities/top-free 3 app(s) found
[2026-09-14T14:57:36.304Z] [DEBUG] RSS ok: br/macos/Business/top-free entries=99
[2026-09-14T14:57:46.309Z] [DEBUG] Hits: br/macos/Business/top-free 2 app(s) found
[2026-09-14T14:57:47.173Z] [DEBUG] RSS ok: br/macos/Productivity/top-free entries=99
[2026-09-14T14:57:57.179Z] [DEBUG] Hits: br/macos/Productivity/top-free 3 app(s) found
[2026-09-14T14:57:58.177Z] [DEBUG] RSS ok: br/macos/Utilities/top-free entries=100
[2026-09-14T14:58:08.184Z] [INFO] RSS progress: 60/60 (60 ok, 0 error, 162 points)
[2026-09-14T14:58:08.184Z] [INFO] Platform max returned: macos = 100
[2026-09-14T14:58:08.184Z] [INFO] RSS results: 60 ok, 0 error, 162 rank points
[2026-09-14T14:58:08.184Z] [INFO] RSS fetch done: 60 ok, 0 error, 162 points
[2026-09-14T14:58:08.227Z] [INFO] Stored: 60 crawls, 162 points
[2026-09-14T14:58:08.256Z] [INFO] current.json written rows=23
[2026-09-14T14:58:08.257Z] [INFO] === Crawl complete === 654.8s
[2026-09-14T14:58:08.257Z] [INFO] Current summary: on_chart=162, not_on_chart=298, depth_limited=0, crawl_error=0, total=460
[2026-09-14T15:47:15.721Z] [INFO] === Crawl start === ts=2026-09-14T15:00:00Z
[2026-09-14T15:47:15.724Z] [INFO] Config loaded apps=4, platforms=macos, categories=Business,Productivity,Utilities
[2026-09-14T15:47:15.724Z] [INFO] App IDs to track: 23 our=4, competitors=19
[2026-09-14T15:47:15.725Z] [INFO] Lookup cached fetched_at=2026-09-14T00:47:12.247Z, 23 apps
[2026-09-14T15:47:15.726Z] [INFO] RSS requests: 60 countries=20, platforms=macos, categories=Business,Productivity,Utilities
[2026-09-14T15:47:15.726Z] [INFO] RSS fetch start: 60 requests, concurrency=1
[2026-09-14T15:47:16.483Z] [DEBUG] RSS ok: us/macos/Business/top-free entries=100
[2026-09-14T15:47:26.484Z] [DEBUG] Hits: us/macos/Business/top-free 4 app(s) found
[2026-09-14T15:47:27.218Z] [DEBUG] RSS ok: us/macos/Productivity/top-free entries=99
[2026-09-14T15:47:37.224Z] [DEBUG] Hits: us/macos/Productivity/top-free 6 app(s) found
[2026-09-14T15:47:38.164Z] [DEBUG] RSS ok: us/macos/Utilities/top-free entries=100
[2026-09-14T15:47:48.169Z] [DEBUG] Hits: us/macos/Utilities/top-free 1 app(s) found
[2026-09-14T15:47:48.894Z] [DEBUG] RSS ok: gb/macos/Business/top-free entries=99
[2026-09-14T15:47:58.899Z] [DEBUG] Hits: gb/macos/Business/top-free 4 app(s) found
[2026-09-14T15:47:59.597Z] [DEBUG] RSS ok: gb/macos/Productivity/top-free entries=99
[2026-09-14T15:48:09.602Z] [DEBUG] Hits: gb/macos/Productivity/top-free 4 app(s) found
[2026-09-14T15:48:10.591Z] [DEBUG] RSS ok: gb/macos/Utilities/top-free entries=100
[2026-09-14T15:48:20.597Z] [DEBUG] Hits: gb/macos/Utilities/top-free 3 app(s) found
[2026-09-14T15:48:21.575Z] [DEBUG] RSS ok: ca/macos/Business/top-free entries=100
[2026-09-14T15:48:31.576Z] [DEBUG] Hits: ca/macos/Business/top-free 5 app(s) found
[2026-09-14T15:48:32.416Z] [DEBUG] RSS ok: ca/macos/Productivity/top-free entries=99
[2026-09-14T15:48:42.423Z] [DEBUG] Hits: ca/macos/Productivity/top-free 4 app(s) found
[2026-09-14T15:48:43.309Z] [DEBUG] RSS ok: ca/macos/Utilities/top-free entries=100
[2026-09-14T15:48:54.000Z] [DEBUG] RSS ok: fr/macos/Business/top-free entries=98
[2026-09-14T15:49:04.007Z] [DEBUG] Hits: fr/macos/Business/top-free 4 app(s) found
[2026-09-14T15:49:04.007Z] [INFO] RSS progress: 10/60 (10 ok, 0 error, 35 points)
[2026-09-14T15:49:05.090Z] [DEBUG] RSS ok: fr/macos/Productivity/top-free entries=99
[2026-09-14T15:49:15.096Z] [DEBUG] Hits: fr/macos/Productivity/top-free 5 app(s) found
[2026-09-14T15:49:16.103Z] [DEBUG] RSS ok: fr/macos/Utilities/top-free entries=100
[2026-09-14T15:49:26.924Z] [DEBUG] RSS ok: de/macos/Business/top-free entries=99
[2026-09-14T15:49:36.931Z] [DEBUG] Hits: de/macos/Business/top-free 1 app(s) found
[2026-09-14T15:49:37.684Z] [DEBUG] RSS ok: de/macos/Productivity/top-free entries=99
[2026-09-14T15:49:47.691Z] [DEBUG] Hits: de/macos/Productivity/top-free 4 app(s) found
[2026-09-14T15:49:48.802Z] [DEBUG] RSS ok: de/macos/Utilities/top-free entries=100
[2026-09-14T15:49:58.809Z] [DEBUG] Hits: de/macos/Utilities/top-free 3 app(s) found
[2026-09-14T15:49:59.654Z] [DEBUG] RSS ok: jp/macos/Business/top-free entries=100
[2026-09-14T15:50:09.661Z] [DEBUG] Hits: jp/macos/Business/top-free 2 app(s) found
[2026-09-14T15:50:10.343Z] [DEBUG] RSS ok: jp/macos/Productivity/top-free entries=99
[2026-09-14T15:50:20.344Z] [DEBUG] Hits: jp/macos/Productivity/top-free 4 app(s) found
[2026-09-14T15:50:21.216Z] [DEBUG] RSS ok: jp/macos/Utilities/top-free entries=100
[2026-09-14T15:50:31.222Z] [DEBUG] Hits: jp/macos/Utilities/top-free 5 app(s) found
[2026-09-14T15:50:31.939Z] [DEBUG] RSS ok: au/macos/Business/top-free entries=100
[2026-09-14T15:50:41.946Z] [DEBUG] Hits: au/macos/Business/top-free 3 app(s) found
[2026-09-14T15:50:42.849Z] [DEBUG] RSS ok: au/macos/Productivity/top-free entries=99
[2026-09-14T15:50:52.851Z] [DEBUG] Hits: au/macos/Productivity/top-free 5 app(s) found
[2026-09-14T15:50:52.852Z] [INFO] RSS progress: 20/60 (20 ok, 0 error, 67 points)
[2026-09-14T15:50:53.558Z] [DEBUG] RSS ok: au/macos/Utilities/top-free entries=100
[2026-09-14T15:51:03.565Z] [DEBUG] Hits: au/macos/Utilities/top-free 1 app(s) found
[2026-09-14T15:51:04.362Z] [DEBUG] RSS ok: es/macos/Business/top-free entries=99
[2026-09-14T15:51:14.369Z] [DEBUG] Hits: es/macos/Business/top-free 3 app(s) found
[2026-09-14T15:51:15.186Z] [DEBUG] RSS ok: es/macos/Productivity/top-free entries=99
[2026-09-14T15:51:25.192Z] [DEBUG] Hits: es/macos/Productivity/top-free 5 app(s) found
[2026-09-14T15:51:25.958Z] [DEBUG] RSS ok: es/macos/Utilities/top-free entries=100
[2026-09-14T15:51:36.876Z] [DEBUG] RSS ok: it/macos/Business/top-free entries=99
[2026-09-14T15:51:46.880Z] [DEBUG] Hits: it/macos/Business/top-free 2 app(s) found
[2026-09-14T15:51:47.653Z] [DEBUG] RSS ok: it/macos/Productivity/top-free entries=99
[2026-09-14T15:51:57.660Z] [DEBUG] Hits: it/macos/Productivity/top-free 5 app(s) found
[2026-09-14T15:51:58.364Z] [DEBUG] RSS ok: it/macos/Utilities/top-free entries=100
[2026-09-14T15:52:08.367Z] [DEBUG] Hits: it/macos/Utilities/top-free 2 app(s) found
[2026-09-14T15:52:09.079Z] [DEBUG] RSS ok: pt/macos/Business/top-free entries=100
[2026-09-14T15:52:19.085Z] [DEBUG] Hits: pt/macos/Business/top-free 3 app(s) found
[2026-09-14T15:52:19.873Z] [DEBUG] RSS ok: pt/macos/Productivity/top-free entries=99
[2026-09-14T15:52:29.880Z] [DEBUG] Hits: pt/macos/Productivity/top-free 3 app(s) found
[2026-09-14T15:52:30.597Z] [DEBUG] RSS ok: pt/macos/Utilities/top-free entries=99
[2026-09-14T15:52:40.602Z] [INFO] RSS progress: 30/60 (30 ok, 0 error, 91 points)
[2026-09-14T15:52:41.298Z] [DEBUG] RSS ok: ch/macos/Business/top-free entries=99
[2026-09-14T15:52:51.304Z] [DEBUG] Hits: ch/macos/Business/top-free 3 app(s) found
[2026-09-14T15:52:51.992Z] [DEBUG] RSS ok: ch/macos/Productivity/top-free entries=99
[2026-09-14T15:53:01.997Z] [DEBUG] Hits: ch/macos/Productivity/top-free 3 app(s) found
[2026-09-14T15:53:02.782Z] [DEBUG] RSS ok: ch/macos/Utilities/top-free entries=100
[2026-09-14T15:53:12.788Z] [DEBUG] Hits: ch/macos/Utilities/top-free 3 app(s) found
[2026-09-14T15:53:13.595Z] [DEBUG] RSS ok: be/macos/Business/top-free entries=100
[2026-09-14T15:53:23.602Z] [DEBUG] Hits: be/macos/Business/top-free 4 app(s) found
[2026-09-14T15:53:24.516Z] [DEBUG] RSS ok: be/macos/Productivity/top-free entries=99
[2026-09-14T15:53:34.521Z] [DEBUG] Hits: be/macos/Productivity/top-free 4 app(s) found
[2026-09-14T15:53:35.188Z] [DEBUG] RSS ok: be/macos/Utilities/top-free entries=100
[2026-09-14T15:53:45.860Z] [DEBUG] RSS ok: nl/macos/Business/top-free entries=99
[2026-09-14T15:53:55.866Z] [DEBUG] Hits: nl/macos/Business/top-free 1 app(s) found
[2026-09-14T15:53:56.763Z] [DEBUG] RSS ok: nl/macos/Productivity/top-free entries=99
[2026-09-14T15:54:06.769Z] [DEBUG] Hits: nl/macos/Productivity/top-free 5 app(s) found
[2026-09-14T15:54:07.555Z] [DEBUG] RSS ok: nl/macos/Utilities/top-free entries=100
[2026-09-14T15:54:18.216Z] [DEBUG] RSS ok: tw/macos/Business/top-free entries=100
[2026-09-14T15:54:28.223Z] [INFO] RSS progress: 40/60 (40 ok, 0 error, 117 points)
[2026-09-14T15:54:28.223Z] [DEBUG] Hits: tw/macos/Business/top-free 3 app(s) found
[2026-09-14T15:54:29.103Z] [DEBUG] RSS ok: tw/macos/Productivity/top-free entries=99
[2026-09-14T15:54:39.110Z] [DEBUG] Hits: tw/macos/Productivity/top-free 3 app(s) found
[2026-09-14T15:54:39.790Z] [DEBUG] RSS ok: tw/macos/Utilities/top-free entries=100
[2026-09-14T15:54:50.624Z] [DEBUG] RSS ok: hk/macos/Business/top-free entries=100
[2026-09-14T15:55:00.623Z] [DEBUG] Hits: hk/macos/Business/top-free 1 app(s) found
[2026-09-14T15:55:01.600Z] [DEBUG] RSS ok: hk/macos/Productivity/top-free entries=99
[2026-09-14T15:55:11.606Z] [DEBUG] Hits: hk/macos/Productivity/top-free 4 app(s) found
[2026-09-14T15:55:12.441Z] [DEBUG] RSS ok: hk/macos/Utilities/top-free entries=100
[2026-09-14T15:55:23.389Z] [DEBUG] RSS ok: nz/macos/Business/top-free entries=100
[2026-09-14T15:55:33.396Z] [DEBUG] Hits: nz/macos/Business/top-free 4 app(s) found
[2026-09-14T15:55:34.322Z] [DEBUG] RSS ok: nz/macos/Productivity/top-free entries=99
[2026-09-14T15:55:44.327Z] [DEBUG] Hits: nz/macos/Productivity/top-free 3 app(s) found
[2026-09-14T15:55:45.155Z] [DEBUG] RSS ok: nz/macos/Utilities/top-free entries=100
[2026-09-14T15:55:55.161Z] [DEBUG] Hits: nz/macos/Utilities/top-free 2 app(s) found
[2026-09-14T15:55:55.841Z] [DEBUG] RSS ok: sg/macos/Business/top-free entries=100
[2026-09-14T15:56:05.847Z] [DEBUG] Hits: sg/macos/Business/top-free 3 app(s) found
[2026-09-14T15:56:06.561Z] [DEBUG] RSS ok: sg/macos/Productivity/top-free entries=99
[2026-09-14T15:56:16.567Z] [DEBUG] Hits: sg/macos/Productivity/top-free 4 app(s) found
[2026-09-14T15:56:16.567Z] [INFO] RSS progress: 50/60 (50 ok, 0 error, 141 points)
[2026-09-14T15:56:17.191Z] [DEBUG] RSS ok: sg/macos/Utilities/top-free entries=100
[2026-09-14T15:56:28.062Z] [DEBUG] RSS ok: in/macos/Business/top-free entries=100
[2026-09-14T15:56:38.068Z] [DEBUG] Hits: in/macos/Business/top-free 3 app(s) found
[2026-09-14T15:56:38.926Z] [DEBUG] RSS ok: in/macos/Productivity/top-free entries=99
[2026-09-14T15:56:48.932Z] [DEBUG] Hits: in/macos/Productivity/top-free 3 app(s) found
[2026-09-14T15:56:49.624Z] [DEBUG] RSS ok: in/macos/Utilities/top-free entries=100
[2026-09-14T15:56:59.630Z] [DEBUG] Hits: in/macos/Utilities/top-free 1 app(s) found
[2026-09-14T15:57:00.495Z] [DEBUG] RSS ok: za/macos/Business/top-free entries=100
[2026-09-14T15:57:10.500Z] [DEBUG] Hits: za/macos/Business/top-free 3 app(s) found
[2026-09-14T15:57:11.148Z] [DEBUG] RSS ok: za/macos/Productivity/top-free entries=99
[2026-09-14T15:57:21.153Z] [DEBUG] Hits: za/macos/Productivity/top-free 3 app(s) found
[2026-09-14T15:57:21.939Z] [DEBUG] RSS ok: za/macos/Utilities/top-free entries=100
[2026-09-14T15:57:31.945Z] [DEBUG] Hits: za/macos/Utilities/top-free 3 app(s) found
[2026-09-14T15:57:32.878Z] [DEBUG] RSS ok: br/macos/Business/top-free entries=99
[2026-09-14T15:57:42.885Z] [DEBUG] Hits: br/macos/Business/top-free 2 app(s) found
[2026-09-14T15:57:43.822Z] [DEBUG] RSS ok: br/macos/Productivity/top-free entries=99
[2026-09-14T15:57:53.828Z] [DEBUG] Hits: br/macos/Productivity/top-free 3 app(s) found
[2026-09-14T15:57:54.648Z] [DEBUG] RSS ok: br/macos/Utilities/top-free entries=100
[2026-09-14T15:58:04.655Z] [INFO] RSS progress: 60/60 (60 ok, 0 error, 162 points)
[2026-09-14T15:58:04.655Z] [INFO] RSS fetch done: 60 ok, 0 error, 162 points
[2026-09-14T15:58:04.655Z] [INFO] Platform max returned: macos = 100
[2026-09-14T15:58:04.655Z] [INFO] RSS results: 60 ok, 0 error, 162 rank points
[2026-09-14T15:58:04.681Z] [INFO] Stored: 60 crawls, 162 points
[2026-09-14T15:58:04.704Z] [INFO] current.json written rows=23
[2026-09-14T15:58:04.705Z] [INFO] Current summary: on_chart=162, not_on_chart=298, depth_limited=0, crawl_error=0, total=460
[2026-09-14T15:58:04.705Z] [INFO] === Crawl complete === 649.0s
[2026-09-14T16:47:14.488Z] [INFO] === Crawl start === ts=2026-09-14T16:00:00Z
[2026-09-14T16:47:14.492Z] [INFO] Config loaded apps=4, platforms=macos, categories=Business,Productivity,Utilities
[2026-09-14T16:47:14.492Z] [INFO] App IDs to track: 23 our=4, competitors=19
[2026-09-14T16:47:14.494Z] [INFO] Lookup cached fetched_at=2026-09-14T00:47:12.247Z, 23 apps
[2026-09-14T16:47:14.494Z] [INFO] RSS requests: 60 countries=20, platforms=macos, categories=Business,Productivity,Utilities
[2026-09-14T16:47:14.495Z] [INFO] RSS fetch start: 60 requests, concurrency=1
[2026-09-14T16:47:15.437Z] [DEBUG] RSS ok: us/macos/Business/top-free entries=100
[2026-09-14T16:47:25.440Z] [DEBUG] Hits: us/macos/Business/top-free 4 app(s) found
[2026-09-14T16:47:26.248Z] [DEBUG] RSS ok: us/macos/Productivity/top-free entries=99
[2026-09-14T16:47:36.255Z] [DEBUG] Hits: us/macos/Productivity/top-free 6 app(s) found
[2026-09-14T16:47:37.521Z] [DEBUG] RSS ok: us/macos/Utilities/top-free entries=100
[2026-09-14T16:47:47.524Z] [DEBUG] Hits: us/macos/Utilities/top-free 1 app(s) found
[2026-09-14T16:47:48.220Z] [DEBUG] RSS ok: gb/macos/Business/top-free entries=98
[2026-09-14T16:47:58.226Z] [DEBUG] Hits: gb/macos/Business/top-free 4 app(s) found
[2026-09-14T16:47:59.327Z] [DEBUG] RSS ok: gb/macos/Productivity/top-free entries=99
[2026-09-14T16:48:09.330Z] [DEBUG] Hits: gb/macos/Productivity/top-free 4 app(s) found
[2026-09-14T16:48:10.043Z] [DEBUG] RSS ok: gb/macos/Utilities/top-free entries=100
[2026-09-14T16:48:20.046Z] [DEBUG] Hits: gb/macos/Utilities/top-free 2 app(s) found
[2026-09-14T16:48:20.767Z] [DEBUG] RSS ok: ca/macos/Business/top-free entries=100
[2026-09-14T16:48:30.773Z] [DEBUG] Hits: ca/macos/Business/top-free 5 app(s) found
[2026-09-14T16:48:31.616Z] [DEBUG] RSS ok: ca/macos/Productivity/top-free entries=99
[2026-09-14T16:48:41.623Z] [DEBUG] Hits: ca/macos/Productivity/top-free 5 app(s) found
[2026-09-14T16:48:42.382Z] [DEBUG] RSS ok: ca/macos/Utilities/top-free entries=100
[2026-09-14T16:48:53.152Z] [DEBUG] RSS ok: fr/macos/Business/top-free entries=98
[2026-09-14T16:49:03.158Z] [DEBUG] Hits: fr/macos/Business/top-free 3 app(s) found
[2026-09-14T16:49:03.158Z] [INFO] RSS progress: 10/60 (10 ok, 0 error, 34 points)
[2026-09-14T16:49:04.017Z] [DEBUG] RSS ok: fr/macos/Productivity/top-free entries=99
[2026-09-14T16:49:14.023Z] [DEBUG] Hits: fr/macos/Productivity/top-free 5 app(s) found
[2026-09-14T16:49:14.831Z] [DEBUG] RSS ok: fr/macos/Utilities/top-free entries=100
[2026-09-14T16:49:25.870Z] [DEBUG] RSS ok: de/macos/Business/top-free entries=99
[2026-09-14T16:49:35.876Z] [DEBUG] Hits: de/macos/Business/top-free 3 app(s) found
[2026-09-14T16:49:36.834Z] [DEBUG] RSS ok: de/macos/Productivity/top-free entries=99
[2026-09-14T16:49:46.840Z] [DEBUG] Hits: de/macos/Productivity/top-free 4 app(s) found
[2026-09-14T16:49:47.739Z] [DEBUG] RSS ok: de/macos/Utilities/top-free entries=100
[2026-09-14T16:49:57.746Z] [DEBUG] Hits: de/macos/Utilities/top-free 3 app(s) found
[2026-09-14T16:49:58.483Z] [DEBUG] RSS ok: jp/macos/Business/top-free entries=100
[2026-09-14T16:50:08.490Z] [DEBUG] Hits: jp/macos/Business/top-free 2 app(s) found
[2026-09-14T16:50:09.422Z] [DEBUG] RSS ok: jp/macos/Productivity/top-free entries=99
[2026-09-14T16:50:19.429Z] [DEBUG] Hits: jp/macos/Productivity/top-free 3 app(s) found
[2026-09-14T16:50:20.165Z] [DEBUG] RSS ok: jp/macos/Utilities/top-free entries=100
[2026-09-14T16:50:30.170Z] [DEBUG] Hits: jp/macos/Utilities/top-free 5 app(s) found
[2026-09-14T16:50:31.045Z] [DEBUG] RSS ok: au/macos/Business/top-free entries=100
[2026-09-14T16:50:41.052Z] [DEBUG] Hits: au/macos/Business/top-free 3 app(s) found
[2026-09-14T16:50:41.690Z] [DEBUG] RSS ok: au/macos/Productivity/top-free entries=99
[2026-09-14T16:50:51.695Z] [DEBUG] Hits: au/macos/Productivity/top-free 5 app(s) found
[2026-09-14T16:50:51.696Z] [INFO] RSS progress: 20/60 (20 ok, 0 error, 67 points)
[2026-09-14T16:50:52.692Z] [DEBUG] RSS ok: au/macos/Utilities/top-free entries=100
[2026-09-14T16:51:02.698Z] [DEBUG] Hits: au/macos/Utilities/top-free 1 app(s) found
[2026-09-14T16:51:03.690Z] [DEBUG] RSS ok: es/macos/Business/top-free entries=99
[2026-09-14T16:51:13.697Z] [DEBUG] Hits: es/macos/Business/top-free 3 app(s) found
[2026-09-14T16:51:14.532Z] [DEBUG] RSS ok: es/macos/Productivity/top-free entries=99
[2026-09-14T16:51:24.538Z] [DEBUG] Hits: es/macos/Productivity/top-free 5 app(s) found
[2026-09-14T16:51:25.335Z] [DEBUG] RSS ok: es/macos/Utilities/top-free entries=100
[2026-09-14T16:51:35.342Z] [DEBUG] Hits: es/macos/Utilities/top-free 1 app(s) found
[2026-09-14T16:51:36.064Z] [DEBUG] RSS ok: it/macos/Business/top-free entries=99
[2026-09-14T16:51:46.071Z] [DEBUG] Hits: it/macos/Business/top-free 3 app(s) found
[2026-09-14T16:51:47.215Z] [DEBUG] RSS ok: it/macos/Productivity/top-free entries=99
[2026-09-14T16:51:57.220Z] [DEBUG] Hits: it/macos/Productivity/top-free 5 app(s) found
[2026-09-14T16:51:58.263Z] [DEBUG] RSS ok: it/macos/Utilities/top-free entries=100
[2026-09-14T16:52:08.270Z] [DEBUG] Hits: it/macos/Utilities/top-free 2 app(s) found
[2026-09-14T16:52:09.086Z] [DEBUG] RSS ok: pt/macos/Business/top-free entries=100
[2026-09-14T16:52:19.092Z] [DEBUG] Hits: pt/macos/Business/top-free 3 app(s) found
[2026-09-14T16:52:20.118Z] [DEBUG] RSS ok: pt/macos/Productivity/top-free entries=99
[2026-09-14T16:52:30.125Z] [DEBUG] Hits: pt/macos/Productivity/top-free 3 app(s) found
[2026-09-14T16:52:31.007Z] [DEBUG] RSS ok: pt/macos/Utilities/top-free entries=99
[2026-09-14T16:52:41.013Z] [INFO] RSS progress: 30/60 (30 ok, 0 error, 93 points)
[2026-09-14T16:52:42.220Z] [DEBUG] RSS ok: ch/macos/Business/top-free entries=100
[2026-09-14T16:52:52.226Z] [DEBUG] Hits: ch/macos/Business/top-free 3 app(s) found
[2026-09-14T16:52:53.062Z] [DEBUG] RSS ok: ch/macos/Productivity/top-free entries=99
[2026-09-14T16:53:03.069Z] [DEBUG] Hits: ch/macos/Productivity/top-free 3 app(s) found
[2026-09-14T16:53:04.152Z] [DEBUG] RSS ok: ch/macos/Utilities/top-free entries=100
[2026-09-14T16:53:14.156Z] [DEBUG] Hits: ch/macos/Utilities/top-free 3 app(s) found
[2026-09-14T16:53:15.036Z] [DEBUG] RSS ok: be/macos/Business/top-free entries=100
[2026-09-14T16:53:25.042Z] [DEBUG] Hits: be/macos/Business/top-free 4 app(s) found
[2026-09-14T16:53:25.818Z] [DEBUG] RSS ok: be/macos/Productivity/top-free entries=99
[2026-09-14T16:53:35.824Z] [DEBUG] Hits: be/macos/Productivity/top-free 5 app(s) found
[2026-09-14T16:53:36.512Z] [DEBUG] RSS ok: be/macos/Utilities/top-free entries=100
[2026-09-14T16:53:47.421Z] [DEBUG] RSS ok: nl/macos/Business/top-free entries=99
[2026-09-14T16:53:57.427Z] [DEBUG] Hits: nl/macos/Business/top-free 1 app(s) found
[2026-09-14T16:53:58.083Z] [DEBUG] RSS ok: nl/macos/Productivity/top-free entries=99
[2026-09-14T16:54:08.089Z] [DEBUG] Hits: nl/macos/Productivity/top-free 4 app(s) found
[2026-09-14T16:54:09.029Z] [DEBUG] RSS ok: nl/macos/Utilities/top-free entries=100
[2026-09-14T16:54:19.035Z] [DEBUG] Hits: nl/macos/Utilities/top-free 1 app(s) found
[2026-09-14T16:54:19.908Z] [DEBUG] RSS ok: tw/macos/Business/top-free entries=100
[2026-09-14T16:54:29.914Z] [DEBUG] Hits: tw/macos/Business/top-free 3 app(s) found
[2026-09-14T16:54:29.914Z] [INFO] RSS progress: 40/60 (40 ok, 0 error, 120 points)
[2026-09-14T16:54:30.845Z] [DEBUG] RSS ok: tw/macos/Productivity/top-free entries=99
[2026-09-14T16:54:40.848Z] [DEBUG] Hits: tw/macos/Productivity/top-free 3 app(s) found
[2026-09-14T16:54:41.634Z] [DEBUG] RSS ok: tw/macos/Utilities/top-free entries=100
[2026-09-14T16:54:52.735Z] [DEBUG] RSS ok: hk/macos/Business/top-free entries=100
[2026-09-14T16:55:02.741Z] [DEBUG] Hits: hk/macos/Business/top-free 1 app(s) found
[2026-09-14T16:55:03.612Z] [DEBUG] RSS ok: hk/macos/Productivity/top-free entries=99
[2026-09-14T16:55:13.617Z] [DEBUG] Hits: hk/macos/Productivity/top-free 4 app(s) found
[2026-09-14T16:55:14.351Z] [DEBUG] RSS ok: hk/macos/Utilities/top-free entries=100
[2026-09-14T16:55:25.399Z] [DEBUG] RSS ok: nz/macos/Business/top-free entries=100
[2026-09-14T16:55:35.405Z] [DEBUG] Hits: nz/macos/Business/top-free 4 app(s) found
[2026-09-14T16:55:36.315Z] [DEBUG] RSS ok: nz/macos/Productivity/top-free entries=99
[2026-09-14T16:55:46.321Z] [DEBUG] Hits: nz/macos/Productivity/top-free 3 app(s) found
[2026-09-14T16:55:47.113Z] [DEBUG] RSS ok: nz/macos/Utilities/top-free entries=100
[2026-09-14T16:55:57.119Z] [DEBUG] Hits: nz/macos/Utilities/top-free 2 app(s) found
[2026-09-14T16:55:57.943Z] [DEBUG] RSS ok: sg/macos/Business/top-free entries=100
[2026-09-14T16:56:07.950Z] [DEBUG] Hits: sg/macos/Business/top-free 3 app(s) found
[2026-09-14T16:56:08.756Z] [DEBUG] RSS ok: sg/macos/Productivity/top-free entries=99
[2026-09-14T16:56:18.761Z] [DEBUG] Hits: sg/macos/Productivity/top-free 4 app(s) found
[2026-09-14T16:56:18.761Z] [INFO] RSS progress: 50/60 (50 ok, 0 error, 144 points)
[2026-09-14T16:56:20.273Z] [DEBUG] RSS ok: sg/macos/Utilities/top-free entries=100
[2026-09-14T16:56:31.074Z] [DEBUG] RSS ok: in/macos/Business/top-free entries=100
[2026-09-14T16:56:41.079Z] [DEBUG] Hits: in/macos/Business/top-free 2 app(s) found
[2026-09-14T16:56:41.853Z] [DEBUG] RSS ok: in/macos/Productivity/top-free entries=99
[2026-09-14T16:56:51.857Z] [DEBUG] Hits: in/macos/Productivity/top-free 3 app(s) found
[2026-09-14T16:56:52.637Z] [DEBUG] RSS ok: in/macos/Utilities/top-free entries=100
[2026-09-14T16:57:03.683Z] [DEBUG] RSS ok: za/macos/Business/top-free entries=100
[2026-09-14T16:57:13.690Z] [DEBUG] Hits: za/macos/Business/top-free 3 app(s) found
[2026-09-14T16:57:14.598Z] [DEBUG] RSS ok: za/macos/Productivity/top-free entries=99
[2026-09-14T16:57:24.605Z] [DEBUG] Hits: za/macos/Productivity/top-free 3 app(s) found
[2026-09-14T16:57:25.563Z] [DEBUG] RSS ok: za/macos/Utilities/top-free entries=100
[2026-09-14T16:57:35.569Z] [DEBUG] Hits: za/macos/Utilities/top-free 2 app(s) found
[2026-09-14T16:57:36.484Z] [DEBUG] RSS ok: br/macos/Business/top-free entries=100
[2026-09-14T16:57:46.490Z] [DEBUG] Hits: br/macos/Business/top-free 2 app(s) found
[2026-09-14T16:57:47.408Z] [DEBUG] RSS ok: br/macos/Productivity/top-free entries=99
[2026-09-14T16:57:57.413Z] [DEBUG] Hits: br/macos/Productivity/top-free 3 app(s) found
[2026-09-14T16:57:58.514Z] [DEBUG] RSS ok: br/macos/Utilities/top-free entries=100
[2026-09-14T16:58:08.521Z] [INFO] RSS progress: 60/60 (60 ok, 0 error, 162 points)
[2026-09-14T16:58:08.521Z] [INFO] RSS fetch done: 60 ok, 0 error, 162 points
[2026-09-14T16:58:08.521Z] [INFO] Platform max returned: macos = 100
[2026-09-14T16:58:08.521Z] [INFO] RSS results: 60 ok, 0 error, 162 rank points
[2026-09-14T16:58:08.565Z] [INFO] Stored: 60 crawls, 162 points
[2026-09-14T16:58:08.586Z] [INFO] current.json written rows=23
[2026-09-14T16:58:08.587Z] [INFO] Current summary: on_chart=162, not_on_chart=298, depth_limited=0, crawl_error=0, total=460
[2026-09-14T16:58:08.587Z] [INFO] === Crawl complete === 654.1s
[2026-09-14T17:47:11.766Z] [INFO] === Crawl start === ts=2026-09-14T17:00:00Z
[2026-09-14T17:47:11.770Z] [INFO] Config loaded apps=4, platforms=macos, categories=Business,Productivity,Utilities
[2026-09-14T17:47:11.770Z] [INFO] App IDs to track: 23 our=4, competitors=19
[2026-09-14T17:47:11.773Z] [INFO] Lookup cached fetched_at=2026-09-14T00:47:12.247Z, 23 apps
[2026-09-14T17:47:11.774Z] [INFO] RSS requests: 60 countries=20, platforms=macos, categories=Business,Productivity,Utilities
[2026-09-14T17:47:11.774Z] [INFO] RSS fetch start: 60 requests, concurrency=1
[2026-09-14T17:47:12.639Z] [DEBUG] RSS ok: us/macos/Business/top-free entries=100
[2026-09-14T17:47:22.642Z] [DEBUG] Hits: us/macos/Business/top-free 4 app(s) found
[2026-09-14T17:47:23.402Z] [DEBUG] RSS ok: us/macos/Productivity/top-free entries=99
[2026-09-14T17:47:33.409Z] [DEBUG] Hits: us/macos/Productivity/top-free 6 app(s) found
[2026-09-14T17:47:34.175Z] [DEBUG] RSS ok: us/macos/Utilities/top-free entries=100
[2026-09-14T17:47:44.181Z] [DEBUG] Hits: us/macos/Utilities/top-free 1 app(s) found
[2026-09-14T17:47:45.047Z] [DEBUG] RSS ok: gb/macos/Business/top-free entries=98
[2026-09-14T17:47:55.053Z] [DEBUG] Hits: gb/macos/Business/top-free 4 app(s) found
[2026-09-14T17:47:55.818Z] [DEBUG] RSS ok: gb/macos/Productivity/top-free entries=99
[2026-09-14T17:48:05.824Z] [DEBUG] Hits: gb/macos/Productivity/top-free 4 app(s) found
[2026-09-14T17:48:06.508Z] [DEBUG] RSS ok: gb/macos/Utilities/top-free entries=100
[2026-09-14T17:48:16.515Z] [DEBUG] Hits: gb/macos/Utilities/top-free 2 app(s) found
[2026-09-14T17:48:17.172Z] [DEBUG] RSS ok: ca/macos/Business/top-free entries=100
[2026-09-14T17:48:27.178Z] [DEBUG] Hits: ca/macos/Business/top-free 5 app(s) found
[2026-09-14T17:48:27.875Z] [DEBUG] RSS ok: ca/macos/Productivity/top-free entries=99
[2026-09-14T17:48:37.882Z] [DEBUG] Hits: ca/macos/Productivity/top-free 5 app(s) found
[2026-09-14T17:48:38.708Z] [DEBUG] RSS ok: ca/macos/Utilities/top-free entries=100
[2026-09-14T17:48:49.553Z] [DEBUG] RSS ok: fr/macos/Business/top-free entries=98
[2026-09-14T17:48:59.559Z] [DEBUG] Hits: fr/macos/Business/top-free 3 app(s) found
[2026-09-14T17:48:59.559Z] [INFO] RSS progress: 10/60 (10 ok, 0 error, 34 points)
[2026-09-14T17:49:00.608Z] [DEBUG] RSS ok: fr/macos/Productivity/top-free entries=99
[2026-09-14T17:49:10.610Z] [DEBUG] Hits: fr/macos/Productivity/top-free 5 app(s) found
[2026-09-14T17:49:11.358Z] [DEBUG] RSS ok: fr/macos/Utilities/top-free entries=100
[2026-09-14T17:49:22.242Z] [DEBUG] RSS ok: de/macos/Business/top-free entries=99
[2026-09-14T17:49:32.249Z] [DEBUG] Hits: de/macos/Business/top-free 3 app(s) found
[2026-09-14T17:49:33.447Z] [DEBUG] RSS ok: de/macos/Productivity/top-free entries=99
[2026-09-14T17:49:43.454Z] [DEBUG] Hits: de/macos/Productivity/top-free 4 app(s) found
[2026-09-14T17:49:44.360Z] [DEBUG] RSS ok: de/macos/Utilities/top-free entries=100
[2026-09-14T17:49:54.363Z] [DEBUG] Hits: de/macos/Utilities/top-free 3 app(s) found
[2026-09-14T17:49:55.045Z] [DEBUG] RSS ok: jp/macos/Business/top-free entries=100
[2026-09-14T17:50:05.051Z] [DEBUG] Hits: jp/macos/Business/top-free 2 app(s) found
[2026-09-14T17:50:05.843Z] [DEBUG] RSS ok: jp/macos/Productivity/top-free entries=99
[2026-09-14T17:50:15.849Z] [DEBUG] Hits: jp/macos/Productivity/top-free 3 app(s) found
[2026-09-14T17:50:16.535Z] [DEBUG] RSS ok: jp/macos/Utilities/top-free entries=100
[2026-09-14T17:50:26.541Z] [DEBUG] Hits: jp/macos/Utilities/top-free 5 app(s) found
[2026-09-14T17:50:27.247Z] [DEBUG] RSS ok: au/macos/Business/top-free entries=100
[2026-09-14T17:50:37.253Z] [DEBUG] Hits: au/macos/Business/top-free 3 app(s) found
[2026-09-14T17:50:37.981Z] [DEBUG] RSS ok: au/macos/Productivity/top-free entries=99
[2026-09-14T17:50:47.987Z] [DEBUG] Hits: au/macos/Productivity/top-free 5 app(s) found
[2026-09-14T17:50:47.987Z] [INFO] RSS progress: 20/60 (20 ok, 0 error, 67 points)
[2026-09-14T17:50:48.961Z] [DEBUG] RSS ok: au/macos/Utilities/top-free entries=100
[2026-09-14T17:50:58.964Z] [DEBUG] Hits: au/macos/Utilities/top-free 1 app(s) found
[2026-09-14T17:50:59.736Z] [DEBUG] RSS ok: es/macos/Business/top-free entries=99
[2026-09-14T17:51:09.742Z] [DEBUG] Hits: es/macos/Business/top-free 3 app(s) found
[2026-09-14T17:51:10.491Z] [DEBUG] RSS ok: es/macos/Productivity/top-free entries=99
[2026-09-14T17:51:20.497Z] [DEBUG] Hits: es/macos/Productivity/top-free 5 app(s) found
[2026-09-14T17:51:21.438Z] [DEBUG] RSS ok: es/macos/Utilities/top-free entries=100
[2026-09-14T17:51:31.444Z] [DEBUG] Hits: es/macos/Utilities/top-free 1 app(s) found
[2026-09-14T17:51:32.261Z] [DEBUG] RSS ok: it/macos/Business/top-free entries=99
[2026-09-14T17:51:42.267Z] [DEBUG] Hits: it/macos/Business/top-free 3 app(s) found
[2026-09-14T17:51:42.923Z] [DEBUG] RSS ok: it/macos/Productivity/top-free entries=99
[2026-09-14T17:51:52.929Z] [DEBUG] Hits: it/macos/Productivity/top-free 5 app(s) found
[2026-09-14T17:51:53.783Z] [DEBUG] RSS ok: it/macos/Utilities/top-free entries=100
[2026-09-14T17:52:03.790Z] [DEBUG] Hits: it/macos/Utilities/top-free 2 app(s) found
[2026-09-14T17:52:05.460Z] [DEBUG] RSS ok: pt/macos/Business/top-free entries=100
[2026-09-14T17:52:15.467Z] [DEBUG] Hits: pt/macos/Business/top-free 3 app(s) found
[2026-09-14T17:52:16.197Z] [DEBUG] RSS ok: pt/macos/Productivity/top-free entries=99
[2026-09-14T17:52:26.203Z] [DEBUG] Hits: pt/macos/Productivity/top-free 3 app(s) found
[2026-09-14T17:52:26.968Z] [DEBUG] RSS ok: pt/macos/Utilities/top-free entries=99
[2026-09-14T17:52:36.974Z] [INFO] RSS progress: 30/60 (30 ok, 0 error, 93 points)
[2026-09-14T17:52:38.000Z] [DEBUG] RSS ok: ch/macos/Business/top-free entries=100
[2026-09-14T17:52:48.006Z] [DEBUG] Hits: ch/macos/Business/top-free 3 app(s) found
[2026-09-14T17:52:48.656Z] [DEBUG] RSS ok: ch/macos/Productivity/top-free entries=99
[2026-09-14T17:52:58.659Z] [DEBUG] Hits: ch/macos/Productivity/top-free 3 app(s) found
[2026-09-14T17:52:59.370Z] [DEBUG] RSS ok: ch/macos/Utilities/top-free entries=100
[2026-09-14T17:53:09.376Z] [DEBUG] Hits: ch/macos/Utilities/top-free 3 app(s) found
[2026-09-14T17:53:09.972Z] [DEBUG] RSS ok: be/macos/Business/top-free entries=100
[2026-09-14T17:53:19.979Z] [DEBUG] Hits: be/macos/Business/top-free 4 app(s) found
[2026-09-14T17:53:20.813Z] [DEBUG] RSS ok: be/macos/Productivity/top-free entries=99
[2026-09-14T17:53:30.820Z] [DEBUG] Hits: be/macos/Productivity/top-free 5 app(s) found
[2026-09-14T17:53:31.634Z] [DEBUG] RSS ok: be/macos/Utilities/top-free entries=100
[2026-09-14T17:53:42.482Z] [DEBUG] RSS ok: nl/macos/Business/top-free entries=99
[2026-09-14T17:53:52.488Z] [DEBUG] Hits: nl/macos/Business/top-free 1 app(s) found
[2026-09-14T17:53:53.117Z] [DEBUG] RSS ok: nl/macos/Productivity/top-free entries=99
[2026-09-14T17:54:03.123Z] [DEBUG] Hits: nl/macos/Productivity/top-free 4 app(s) found
[2026-09-14T17:54:04.190Z] [DEBUG] RSS ok: nl/macos/Utilities/top-free entries=100
[2026-09-14T17:54:14.195Z] [DEBUG] Hits: nl/macos/Utilities/top-free 1 app(s) found
[2026-09-14T17:54:14.907Z] [DEBUG] RSS ok: tw/macos/Business/top-free entries=100
[2026-09-14T17:54:24.914Z] [DEBUG] Hits: tw/macos/Business/top-free 3 app(s) found
[2026-09-14T17:54:24.914Z] [INFO] RSS progress: 40/60 (40 ok, 0 error, 120 points)
[2026-09-14T17:54:26.729Z] [DEBUG] RSS ok: tw/macos/Productivity/top-free entries=99
[2026-09-14T17:54:36.735Z] [DEBUG] Hits: tw/macos/Productivity/top-free 3 app(s) found
[2026-09-14T17:54:37.366Z] [DEBUG] RSS ok: tw/macos/Utilities/top-free entries=100
[2026-09-14T17:54:48.085Z] [DEBUG] RSS ok: hk/macos/Business/top-free entries=100
[2026-09-14T17:54:58.091Z] [DEBUG] Hits: hk/macos/Business/top-free 1 app(s) found
[2026-09-14T17:54:58.852Z] [DEBUG] RSS ok: hk/macos/Productivity/top-free entries=99
[2026-09-14T17:55:08.858Z] [DEBUG] Hits: hk/macos/Productivity/top-free 4 app(s) found
[2026-09-14T17:55:09.549Z] [DEBUG] RSS ok: hk/macos/Utilities/top-free entries=100
[2026-09-14T17:55:20.305Z] [DEBUG] RSS ok: nz/macos/Business/top-free entries=100
[2026-09-14T17:55:30.311Z] [DEBUG] Hits: nz/macos/Business/top-free 4 app(s) found
[2026-09-14T17:55:31.098Z] [DEBUG] RSS ok: nz/macos/Productivity/top-free entries=99
[2026-09-14T17:55:41.104Z] [DEBUG] Hits: nz/macos/Productivity/top-free 3 app(s) found
[2026-09-14T17:55:42.018Z] [DEBUG] RSS ok: nz/macos/Utilities/top-free entries=100
[2026-09-14T17:55:52.024Z] [DEBUG] Hits: nz/macos/Utilities/top-free 2 app(s) found
[2026-09-14T17:55:52.929Z] [DEBUG] RSS ok: sg/macos/Business/top-free entries=100
[2026-09-14T17:56:02.931Z] [DEBUG] Hits: sg/macos/Business/top-free 3 app(s) found
[2026-09-14T17:56:04.186Z] [DEBUG] RSS ok: sg/macos/Productivity/top-free entries=99
[2026-09-14T17:56:14.192Z] [DEBUG] Hits: sg/macos/Productivity/top-free 4 app(s) found
[2026-09-14T17:56:14.193Z] [INFO] RSS progress: 50/60 (50 ok, 0 error, 144 points)
[2026-09-14T17:56:15.036Z] [DEBUG] RSS ok: sg/macos/Utilities/top-free entries=100
[2026-09-14T17:56:25.796Z] [DEBUG] RSS ok: in/macos/Business/top-free entries=100
[2026-09-14T17:56:35.802Z] [DEBUG] Hits: in/macos/Business/top-free 2 app(s) found
[2026-09-14T17:56:36.639Z] [DEBUG] RSS ok: in/macos/Productivity/top-free entries=99
[2026-09-14T17:56:46.646Z] [DEBUG] Hits: in/macos/Productivity/top-free 3 app(s) found
[2026-09-14T17:56:47.593Z] [DEBUG] RSS ok: in/macos/Utilities/top-free entries=100
[2026-09-14T17:56:58.466Z] [DEBUG] RSS ok: za/macos/Business/top-free entries=100
[2026-09-14T17:57:08.473Z] [DEBUG] Hits: za/macos/Business/top-free 3 app(s) found
[2026-09-14T17:57:09.241Z] [DEBUG] RSS ok: za/macos/Productivity/top-free entries=99
[2026-09-14T17:57:19.246Z] [DEBUG] Hits: za/macos/Productivity/top-free 3 app(s) found
[2026-09-14T17:57:20.273Z] [DEBUG] RSS ok: za/macos/Utilities/top-free entries=100
[2026-09-14T17:57:30.279Z] [DEBUG] Hits: za/macos/Utilities/top-free 2 app(s) found
[2026-09-14T17:57:31.415Z] [DEBUG] RSS ok: br/macos/Business/top-free entries=100
[2026-09-14T17:57:41.421Z] [DEBUG] Hits: br/macos/Business/top-free 2 app(s) found
[2026-09-14T17:57:42.264Z] [DEBUG] RSS ok: br/macos/Productivity/top-free entries=99
[2026-09-14T17:57:52.270Z] [DEBUG] Hits: br/macos/Productivity/top-free 3 app(s) found
[2026-09-14T17:57:53.071Z] [DEBUG] RSS ok: br/macos/Utilities/top-free entries=100
[2026-09-14T17:58:03.075Z] [INFO] RSS progress: 60/60 (60 ok, 0 error, 162 points)
[2026-09-14T17:58:03.075Z] [INFO] RSS fetch done: 60 ok, 0 error, 162 points
[2026-09-14T17:58:03.075Z] [INFO] Platform max returned: macos = 100
[2026-09-14T17:58:03.076Z] [INFO] RSS results: 60 ok, 0 error, 162 rank points
[2026-09-14T17:58:03.118Z] [INFO] Stored: 60 crawls, 162 points
[2026-09-14T17:58:03.148Z] [INFO] current.json written rows=23
[2026-09-14T17:58:03.149Z] [INFO] Current summary: on_chart=162, not_on_chart=298, depth_limited=0, crawl_error=0, total=460
[2026-09-14T17:58:03.149Z] [INFO] === Crawl complete === 651.4s
[2026-09-14T18:47:12.686Z] [INFO] === Crawl start === ts=2026-09-14T18:00:00Z
[2026-09-14T18:47:12.691Z] [INFO] Config loaded apps=4, platforms=macos, categories=Business,Productivity,Utilities
[2026-09-14T18:47:12.691Z] [INFO] App IDs to track: 23 our=4, competitors=19
[2026-09-14T18:47:12.692Z] [INFO] Lookup cached fetched_at=2026-09-14T00:47:12.247Z, 23 apps
[2026-09-14T18:47:12.693Z] [INFO] RSS requests: 60 countries=20, platforms=macos, categories=Business,Productivity,Utilities
[2026-09-14T18:47:12.693Z] [INFO] RSS fetch start: 60 requests, concurrency=1
[2026-09-14T18:47:13.543Z] [DEBUG] RSS ok: us/macos/Business/top-free entries=100
[2026-09-14T18:47:23.547Z] [DEBUG] Hits: us/macos/Business/top-free 4 app(s) found
[2026-09-14T18:47:24.303Z] [DEBUG] RSS ok: us/macos/Productivity/top-free entries=99
[2026-09-14T18:47:34.309Z] [DEBUG] Hits: us/macos/Productivity/top-free 6 app(s) found
[2026-09-14T18:47:35.186Z] [DEBUG] RSS ok: us/macos/Utilities/top-free entries=100
[2026-09-14T18:47:45.192Z] [DEBUG] Hits: us/macos/Utilities/top-free 1 app(s) found
[2026-09-14T18:47:45.996Z] [DEBUG] RSS ok: gb/macos/Business/top-free entries=98
[2026-09-14T18:47:56.002Z] [DEBUG] Hits: gb/macos/Business/top-free 4 app(s) found
[2026-09-14T18:47:56.874Z] [DEBUG] RSS ok: gb/macos/Productivity/top-free entries=99
[2026-09-14T18:48:06.876Z] [DEBUG] Hits: gb/macos/Productivity/top-free 4 app(s) found
[2026-09-14T18:48:07.916Z] [DEBUG] RSS ok: gb/macos/Utilities/top-free entries=100
[2026-09-14T18:48:17.923Z] [DEBUG] Hits: gb/macos/Utilities/top-free 2 app(s) found
[2026-09-14T18:48:18.914Z] [DEBUG] RSS ok: ca/macos/Business/top-free entries=100
[2026-09-14T18:48:28.921Z] [DEBUG] Hits: ca/macos/Business/top-free 5 app(s) found
[2026-09-14T18:48:29.756Z] [DEBUG] RSS ok: ca/macos/Productivity/top-free entries=99
[2026-09-14T18:48:39.763Z] [DEBUG] Hits: ca/macos/Productivity/top-free 5 app(s) found
[2026-09-14T18:48:40.715Z] [DEBUG] RSS ok: ca/macos/Utilities/top-free entries=100
[2026-09-14T18:48:51.735Z] [DEBUG] RSS ok: fr/macos/Business/top-free entries=98
[2026-09-14T18:49:01.741Z] [DEBUG] Hits: fr/macos/Business/top-free 3 app(s) found
[2026-09-14T18:49:01.742Z] [INFO] RSS progress: 10/60 (10 ok, 0 error, 34 points)
[2026-09-14T18:49:02.820Z] [DEBUG] RSS ok: fr/macos/Productivity/top-free entries=99
[2026-09-14T18:49:12.826Z] [DEBUG] Hits: fr/macos/Productivity/top-free 5 app(s) found
[2026-09-14T18:49:13.819Z] [DEBUG] RSS ok: fr/macos/Utilities/top-free entries=100
[2026-09-14T18:49:24.542Z] [DEBUG] RSS ok: de/macos/Business/top-free entries=99
[2026-09-14T18:49:34.549Z] [DEBUG] Hits: de/macos/Business/top-free 3 app(s) found
[2026-09-14T18:49:35.451Z] [DEBUG] RSS ok: de/macos/Productivity/top-free entries=99
[2026-09-14T18:49:45.458Z] [DEBUG] Hits: de/macos/Productivity/top-free 4 app(s) found
[2026-09-14T18:49:46.463Z] [DEBUG] RSS ok: de/macos/Utilities/top-free entries=100
[2026-09-14T18:49:56.469Z] [DEBUG] Hits: de/macos/Utilities/top-free 3 app(s) found
[2026-09-14T18:49:57.149Z] [DEBUG] RSS ok: jp/macos/Business/top-free entries=100
[2026-09-14T18:50:07.155Z] [DEBUG] Hits: jp/macos/Business/top-free 2 app(s) found
[2026-09-14T18:50:08.098Z] [DEBUG] RSS ok: jp/macos/Productivity/top-free entries=99
[2026-09-14T18:50:18.105Z] [DEBUG] Hits: jp/macos/Productivity/top-free 3 app(s) found
[2026-09-14T18:50:19.087Z] [DEBUG] RSS ok: jp/macos/Utilities/top-free entries=100
[2026-09-14T18:50:29.093Z] [DEBUG] Hits: jp/macos/Utilities/top-free 5 app(s) found
[2026-09-14T18:50:30.078Z] [DEBUG] RSS ok: au/macos/Business/top-free entries=100
[2026-09-14T18:50:40.085Z] [DEBUG] Hits: au/macos/Business/top-free 3 app(s) found
[2026-09-14T18:50:40.913Z] [DEBUG] RSS ok: au/macos/Productivity/top-free entries=99
[2026-09-14T18:50:50.920Z] [DEBUG] Hits: au/macos/Productivity/top-free 5 app(s) found
[2026-09-14T18:50:50.920Z] [INFO] RSS progress: 20/60 (20 ok, 0 error, 67 points)
[2026-09-14T18:50:51.725Z] [DEBUG] RSS ok: au/macos/Utilities/top-free entries=100
[2026-09-14T18:51:01.731Z] [DEBUG] Hits: au/macos/Utilities/top-free 1 app(s) found
[2026-09-14T18:51:02.432Z] [DEBUG] RSS ok: es/macos/Business/top-free entries=99
[2026-09-14T18:51:12.437Z] [DEBUG] Hits: es/macos/Business/top-free 3 app(s) found
[2026-09-14T18:51:13.372Z] [DEBUG] RSS ok: es/macos/Productivity/top-free entries=99
[2026-09-14T18:51:23.378Z] [DEBUG] Hits: es/macos/Productivity/top-free 5 app(s) found
[2026-09-14T18:51:24.187Z] [DEBUG] RSS ok: es/macos/Utilities/top-free entries=100
[2026-09-14T18:51:34.192Z] [DEBUG] Hits: es/macos/Utilities/top-free 1 app(s) found
[2026-09-14T18:51:35.072Z] [DEBUG] RSS ok: it/macos/Business/top-free entries=99
[2026-09-14T18:51:45.078Z] [DEBUG] Hits: it/macos/Business/top-free 3 app(s) found
[2026-09-14T18:51:45.945Z] [DEBUG] RSS ok: it/macos/Productivity/top-free entries=99
[2026-09-14T18:51:55.951Z] [DEBUG] Hits: it/macos/Productivity/top-free 5 app(s) found
[2026-09-14T18:51:56.706Z] [DEBUG] RSS ok: it/macos/Utilities/top-free entries=100
[2026-09-14T18:52:06.712Z] [DEBUG] Hits: it/macos/Utilities/top-free 2 app(s) found
[2026-09-14T18:52:07.921Z] [DEBUG] RSS ok: pt/macos/Business/top-free entries=100
[2026-09-14T18:52:17.927Z] [DEBUG] Hits: pt/macos/Business/top-free 3 app(s) found
[2026-09-14T18:52:18.927Z] [DEBUG] RSS ok: pt/macos/Productivity/top-free entries=99
[2026-09-14T18:52:28.933Z] [DEBUG] Hits: pt/macos/Productivity/top-free 3 app(s) found
[2026-09-14T18:52:29.789Z] [DEBUG] RSS ok: pt/macos/Utilities/top-free entries=99
[2026-09-14T18:52:39.795Z] [INFO] RSS progress: 30/60 (30 ok, 0 error, 93 points)
[2026-09-14T18:52:40.821Z] [DEBUG] RSS ok: ch/macos/Business/top-free entries=100
[2026-09-14T18:52:50.827Z] [DEBUG] Hits: ch/macos/Business/top-free 3 app(s) found
[2026-09-14T18:52:51.739Z] [DEBUG] RSS ok: ch/macos/Productivity/top-free entries=99
[2026-09-14T18:53:01.745Z] [DEBUG] Hits: ch/macos/Productivity/top-free 3 app(s) found
[2026-09-14T18:53:02.617Z] [DEBUG] RSS ok: ch/macos/Utilities/top-free entries=100
[2026-09-14T18:53:12.623Z] [DEBUG] Hits: ch/macos/Utilities/top-free 3 app(s) found
[2026-09-14T18:53:13.347Z] [DEBUG] RSS ok: be/macos/Business/top-free entries=100
[2026-09-14T18:53:23.353Z] [DEBUG] Hits: be/macos/Business/top-free 4 app(s) found
[2026-09-14T18:53:24.231Z] [DEBUG] RSS ok: be/macos/Productivity/top-free entries=99
[2026-09-14T18:53:34.237Z] [DEBUG] Hits: be/macos/Productivity/top-free 5 app(s) found
[2026-09-14T18:53:35.183Z] [DEBUG] RSS ok: be/macos/Utilities/top-free entries=100
[2026-09-14T18:53:46.028Z] [DEBUG] RSS ok: nl/macos/Business/top-free entries=99
[2026-09-14T18:53:56.034Z] [DEBUG] Hits: nl/macos/Business/top-free 1 app(s) found
[2026-09-14T18:53:56.806Z] [DEBUG] RSS ok: nl/macos/Productivity/top-free entries=99
[2026-09-14T18:54:06.813Z] [DEBUG] Hits: nl/macos/Productivity/top-free 4 app(s) found
[2026-09-14T18:54:07.754Z] [DEBUG] RSS ok: nl/macos/Utilities/top-free entries=100
[2026-09-14T18:54:17.760Z] [DEBUG] Hits: nl/macos/Utilities/top-free 1 app(s) found
[2026-09-14T18:54:18.662Z] [DEBUG] RSS ok: tw/macos/Business/top-free entries=100
[2026-09-14T18:54:28.669Z] [DEBUG] Hits: tw/macos/Business/top-free 3 app(s) found
[2026-09-14T18:54:28.669Z] [INFO] RSS progress: 40/60 (40 ok, 0 error, 120 points)
[2026-09-14T18:54:29.570Z] [DEBUG] RSS ok: tw/macos/Productivity/top-free entries=99
[2026-09-14T18:54:39.576Z] [DEBUG] Hits: tw/macos/Productivity/top-free 3 app(s) found
[2026-09-14T18:54:40.434Z] [DEBUG] RSS ok: tw/macos/Utilities/top-free entries=100
[2026-09-14T18:54:52.118Z] [DEBUG] RSS ok: hk/macos/Business/top-free entries=100
[2026-09-14T18:55:02.124Z] [DEBUG] Hits: hk/macos/Business/top-free 1 app(s) found
[2026-09-14T18:55:02.892Z] [DEBUG] RSS ok: hk/macos/Productivity/top-free entries=99
[2026-09-14T18:55:12.898Z] [DEBUG] Hits: hk/macos/Productivity/top-free 4 app(s) found
[2026-09-14T18:55:13.678Z] [DEBUG] RSS ok: hk/macos/Utilities/top-free entries=100
[2026-09-14T18:55:24.601Z] [DEBUG] RSS ok: nz/macos/Business/top-free entries=100
[2026-09-14T18:55:34.603Z] [DEBUG] Hits: nz/macos/Business/top-free 4 app(s) found
[2026-09-14T18:55:35.468Z] [DEBUG] RSS ok: nz/macos/Productivity/top-free entries=99
[2026-09-14T18:55:45.475Z] [DEBUG] Hits: nz/macos/Productivity/top-free 3 app(s) found
[2026-09-14T18:55:46.446Z] [DEBUG] RSS ok: nz/macos/Utilities/top-free entries=100
[2026-09-14T18:55:56.452Z] [DEBUG] Hits: nz/macos/Utilities/top-free 2 app(s) found
[2026-09-14T18:55:57.299Z] [DEBUG] RSS ok: sg/macos/Business/top-free entries=100
[2026-09-14T18:56:07.306Z] [DEBUG] Hits: sg/macos/Business/top-free 3 app(s) found
[2026-09-14T18:56:08.468Z] [DEBUG] RSS ok: sg/macos/Productivity/top-free entries=99
[2026-09-14T18:56:18.474Z] [DEBUG] Hits: sg/macos/Productivity/top-free 4 app(s) found
[2026-09-14T18:56:18.475Z] [INFO] RSS progress: 50/60 (50 ok, 0 error, 144 points)
[2026-09-14T18:56:19.333Z] [DEBUG] RSS ok: sg/macos/Utilities/top-free entries=100
[2026-09-14T18:56:30.016Z] [DEBUG] RSS ok: in/macos/Business/top-free entries=100
[2026-09-14T18:56:40.023Z] [DEBUG] Hits: in/macos/Business/top-free 2 app(s) found
[2026-09-14T18:56:40.820Z] [DEBUG] RSS ok: in/macos/Productivity/top-free entries=99
[2026-09-14T18:56:50.827Z] [DEBUG] Hits: in/macos/Productivity/top-free 3 app(s) found
[2026-09-14T18:56:51.763Z] [DEBUG] RSS ok: in/macos/Utilities/top-free entries=100
[2026-09-14T18:57:02.923Z] [DEBUG] RSS ok: za/macos/Business/top-free entries=100
[2026-09-14T18:57:12.929Z] [DEBUG] Hits: za/macos/Business/top-free 3 app(s) found
[2026-09-14T18:57:13.751Z] [DEBUG] RSS ok: za/macos/Productivity/top-free entries=99
[2026-09-14T18:57:23.758Z] [DEBUG] Hits: za/macos/Productivity/top-free 3 app(s) found
[2026-09-14T18:57:25.398Z] [DEBUG] RSS ok: za/macos/Utilities/top-free entries=100
[2026-09-14T18:57:35.404Z] [DEBUG] Hits: za/macos/Utilities/top-free 2 app(s) found
[2026-09-14T18:57:36.413Z] [DEBUG] RSS ok: br/macos/Business/top-free entries=100
[2026-09-14T18:57:46.419Z] [DEBUG] Hits: br/macos/Business/top-free 2 app(s) found
[2026-09-14T18:57:47.571Z] [DEBUG] RSS ok: br/macos/Productivity/top-free entries=99
[2026-09-14T18:57:57.577Z] [DEBUG] Hits: br/macos/Productivity/top-free 3 app(s) found
[2026-09-14T18:57:58.657Z] [DEBUG] RSS ok: br/macos/Utilities/top-free entries=100
[2026-09-14T18:58:08.659Z] [INFO] RSS progress: 60/60 (60 ok, 0 error, 162 points)
[2026-09-14T18:58:08.659Z] [INFO] RSS fetch done: 60 ok, 0 error, 162 points
[2026-09-14T18:58:08.659Z] [INFO] Platform max returned: macos = 100
[2026-09-14T18:58:08.660Z] [INFO] RSS results: 60 ok, 0 error, 162 rank points
[2026-09-14T18:58:08.693Z] [INFO] Stored: 60 crawls, 162 points
[2026-09-14T18:58:08.725Z] [INFO] current.json written rows=23
[2026-09-14T18:58:08.726Z] [INFO] Current summary: on_chart=162, not_on_chart=298, depth_limited=0, crawl_error=0, total=460
[2026-09-14T18:58:08.727Z] [INFO] === Crawl complete === 656.0s
[2026-09-14T19:47:14.094Z] [INFO] === Crawl start === ts=2026-09-14T19:00:00Z
[2026-09-14T19:47:14.097Z] [INFO] App IDs to track: 23 our=4, competitors=19
[2026-09-14T19:47:14.097Z] [INFO] Config loaded apps=4, platforms=macos, categories=Business,Productivity,Utilities
[2026-09-14T19:47:14.098Z] [INFO] Lookup cached fetched_at=2026-09-14T00:47:12.247Z, 23 apps
[2026-09-14T19:47:14.099Z] [INFO] RSS requests: 60 countries=20, platforms=macos, categories=Business,Productivity,Utilities
[2026-09-14T19:47:14.099Z] [INFO] RSS fetch start: 60 requests, concurrency=1
[2026-09-14T19:47:15.557Z] [DEBUG] RSS ok: us/macos/Business/top-free entries=100
[2026-09-14T19:47:25.561Z] [DEBUG] Hits: us/macos/Business/top-free 4 app(s) found
[2026-09-14T19:47:26.317Z] [DEBUG] RSS ok: us/macos/Productivity/top-free entries=99
[2026-09-14T19:47:36.323Z] [DEBUG] Hits: us/macos/Productivity/top-free 6 app(s) found
[2026-09-14T19:47:37.308Z] [DEBUG] RSS ok: us/macos/Utilities/top-free entries=100
[2026-09-14T19:47:47.314Z] [DEBUG] Hits: us/macos/Utilities/top-free 1 app(s) found
[2026-09-14T19:47:48.182Z] [DEBUG] RSS ok: gb/macos/Business/top-free entries=98
[2026-09-14T19:47:58.189Z] [DEBUG] Hits: gb/macos/Business/top-free 4 app(s) found
[2026-09-14T19:47:59.009Z] [DEBUG] RSS ok: gb/macos/Productivity/top-free entries=99
[2026-09-14T19:48:09.015Z] [DEBUG] Hits: gb/macos/Productivity/top-free 5 app(s) found
[2026-09-14T19:48:10.093Z] [DEBUG] RSS ok: gb/macos/Utilities/top-free entries=100
[2026-09-14T19:48:20.099Z] [DEBUG] Hits: gb/macos/Utilities/top-free 3 app(s) found
[2026-09-14T19:48:20.836Z] [DEBUG] RSS ok: ca/macos/Business/top-free entries=100
[2026-09-14T19:48:30.842Z] [DEBUG] Hits: ca/macos/Business/top-free 5 app(s) found
[2026-09-14T19:48:31.509Z] [DEBUG] RSS ok: ca/macos/Productivity/top-free entries=99
[2026-09-14T19:48:41.515Z] [DEBUG] Hits: ca/macos/Productivity/top-free 5 app(s) found
[2026-09-14T19:48:42.396Z] [DEBUG] RSS ok: ca/macos/Utilities/top-free entries=100
[2026-09-14T19:48:53.268Z] [DEBUG] RSS ok: fr/macos/Business/top-free entries=98
[2026-09-14T19:49:03.270Z] [DEBUG] Hits: fr/macos/Business/top-free 3 app(s) found
[2026-09-14T19:49:03.270Z] [INFO] RSS progress: 10/60 (10 ok, 0 error, 36 points)
[2026-09-14T19:49:04.444Z] [DEBUG] RSS ok: fr/macos/Productivity/top-free entries=99
[2026-09-14T19:49:14.451Z] [DEBUG] Hits: fr/macos/Productivity/top-free 4 app(s) found
[2026-09-14T19:49:15.518Z] [DEBUG] RSS ok: fr/macos/Utilities/top-free entries=100
[2026-09-14T19:49:25.520Z] [DEBUG] Hits: fr/macos/Utilities/top-free 1 app(s) found
[2026-09-14T19:49:26.342Z] [DEBUG] RSS ok: de/macos/Business/top-free entries=99
[2026-09-14T19:49:36.348Z] [DEBUG] Hits: de/macos/Business/top-free 2 app(s) found
[2026-09-14T19:49:37.287Z] [DEBUG] RSS ok: de/macos/Productivity/top-free entries=99
[2026-09-14T19:49:47.293Z] [DEBUG] Hits: de/macos/Productivity/top-free 4 app(s) found
[2026-09-14T19:49:48.901Z] [DEBUG] RSS ok: de/macos/Utilities/top-free entries=100
[2026-09-14T19:49:58.908Z] [DEBUG] Hits: de/macos/Utilities/top-free 4 app(s) found
[2026-09-14T19:49:59.980Z] [DEBUG] RSS ok: jp/macos/Business/top-free entries=100
[2026-09-14T19:50:09.986Z] [DEBUG] Hits: jp/macos/Business/top-free 2 app(s) found
[2026-09-14T19:50:10.888Z] [DEBUG] RSS ok: jp/macos/Productivity/top-free entries=99
[2026-09-14T19:50:20.894Z] [DEBUG] Hits: jp/macos/Productivity/top-free 3 app(s) found
[2026-09-14T19:50:21.781Z] [DEBUG] RSS ok: jp/macos/Utilities/top-free entries=100
[2026-09-14T19:50:31.782Z] [DEBUG] Hits: jp/macos/Utilities/top-free 5 app(s) found
[2026-09-14T19:50:32.514Z] [DEBUG] RSS ok: au/macos/Business/top-free entries=100
[2026-09-14T19:50:42.521Z] [DEBUG] Hits: au/macos/Business/top-free 3 app(s) found
[2026-09-14T19:50:43.296Z] [DEBUG] RSS ok: au/macos/Productivity/top-free entries=99
[2026-09-14T19:50:53.302Z] [DEBUG] Hits: au/macos/Productivity/top-free 4 app(s) found
[2026-09-14T19:50:53.302Z] [INFO] RSS progress: 20/60 (20 ok, 0 error, 68 points)
[2026-09-14T19:50:54.108Z] [DEBUG] RSS ok: au/macos/Utilities/top-free entries=100
[2026-09-14T19:51:04.114Z] [DEBUG] Hits: au/macos/Utilities/top-free 1 app(s) found
[2026-09-14T19:51:04.996Z] [DEBUG] RSS ok: es/macos/Business/top-free entries=99
[2026-09-14T19:51:15.001Z] [DEBUG] Hits: es/macos/Business/top-free 3 app(s) found
[2026-09-14T19:51:16.024Z] [DEBUG] RSS ok: es/macos/Productivity/top-free entries=99
[2026-09-14T19:51:26.030Z] [DEBUG] Hits: es/macos/Productivity/top-free 5 app(s) found
[2026-09-14T19:51:26.832Z] [DEBUG] RSS ok: es/macos/Utilities/top-free entries=100
[2026-09-14T19:51:36.838Z] [DEBUG] Hits: es/macos/Utilities/top-free 1 app(s) found
[2026-09-14T19:51:37.716Z] [DEBUG] RSS ok: it/macos/Business/top-free entries=99
[2026-09-14T19:51:47.720Z] [DEBUG] Hits: it/macos/Business/top-free 2 app(s) found
[2026-09-14T19:51:48.578Z] [DEBUG] RSS ok: it/macos/Productivity/top-free entries=99
[2026-09-14T19:51:58.585Z] [DEBUG] Hits: it/macos/Productivity/top-free 5 app(s) found
[2026-09-14T19:51:59.496Z] [DEBUG] RSS ok: it/macos/Utilities/top-free entries=100
[2026-09-14T19:52:09.501Z] [DEBUG] Hits: it/macos/Utilities/top-free 1 app(s) found
[2026-09-14T19:52:10.386Z] [DEBUG] RSS ok: pt/macos/Business/top-free entries=100
[2026-09-14T19:52:20.390Z] [DEBUG] Hits: pt/macos/Business/top-free 3 app(s) found
[2026-09-14T19:52:21.234Z] [DEBUG] RSS ok: pt/macos/Productivity/top-free entries=99
[2026-09-14T19:52:31.238Z] [DEBUG] Hits: pt/macos/Productivity/top-free 3 app(s) found
[2026-09-14T19:52:32.046Z] [DEBUG] RSS ok: pt/macos/Utilities/top-free entries=100
[2026-09-14T19:52:42.052Z] [INFO] RSS progress: 30/60 (30 ok, 0 error, 92 points)
[2026-09-14T19:52:42.927Z] [DEBUG] RSS ok: ch/macos/Business/top-free entries=100
[2026-09-14T19:52:52.930Z] [DEBUG] Hits: ch/macos/Business/top-free 3 app(s) found
[2026-09-14T19:52:53.682Z] [DEBUG] RSS ok: ch/macos/Productivity/top-free entries=99
[2026-09-14T19:53:03.688Z] [DEBUG] Hits: ch/macos/Productivity/top-free 4 app(s) found
[2026-09-14T19:53:04.608Z] [DEBUG] RSS ok: ch/macos/Utilities/top-free entries=100
[2026-09-14T19:53:14.615Z] [DEBUG] Hits: ch/macos/Utilities/top-free 3 app(s) found
[2026-09-14T19:53:16.070Z] [DEBUG] RSS ok: be/macos/Business/top-free entries=100
[2026-09-14T19:53:26.076Z] [DEBUG] Hits: be/macos/Business/top-free 4 app(s) found
[2026-09-14T19:53:27.041Z] [DEBUG] RSS ok: be/macos/Productivity/top-free entries=99
[2026-09-14T19:53:37.047Z] [DEBUG] Hits: be/macos/Productivity/top-free 5 app(s) found
[2026-09-14T19:53:38.198Z] [DEBUG] RSS ok: be/macos/Utilities/top-free entries=100
[2026-09-14T19:53:49.012Z] [DEBUG] RSS ok: nl/macos/Business/top-free entries=99
[2026-09-14T19:53:59.018Z] [DEBUG] Hits: nl/macos/Business/top-free 1 app(s) found
[2026-09-14T19:53:59.919Z] [DEBUG] RSS ok: nl/macos/Productivity/top-free entries=99
[2026-09-14T19:54:09.922Z] [DEBUG] Hits: nl/macos/Productivity/top-free 4 app(s) found
[2026-09-14T19:54:10.904Z] [DEBUG] RSS ok: nl/macos/Utilities/top-free entries=100
[2026-09-14T19:54:20.910Z] [DEBUG] Hits: nl/macos/Utilities/top-free 1 app(s) found
[2026-09-14T19:54:25.456Z] [DEBUG] RSS ok: tw/macos/Business/top-free entries=100
[2026-09-14T19:54:35.458Z] [DEBUG] Hits: tw/macos/Business/top-free 2 app(s) found
[2026-09-14T19:54:35.458Z] [INFO] RSS progress: 40/60 (40 ok, 0 error, 119 points)
[2026-09-14T19:54:40.790Z] [DEBUG] RSS ok: tw/macos/Productivity/top-free entries=99
[2026-09-14T19:54:50.797Z] [DEBUG] Hits: tw/macos/Productivity/top-free 3 app(s) found
[2026-09-14T19:54:58.694Z] [DEBUG] RSS ok: tw/macos/Utilities/top-free entries=100
[2026-09-14T19:55:19.507Z] [DEBUG] RSS ok: hk/macos/Business/top-free entries=100
[2026-09-14T19:55:29.510Z] [DEBUG] Hits: hk/macos/Business/top-free 1 app(s) found
[2026-09-14T19:55:40.006Z] [WARN] RSS attempt 1/2 error: hk/macos/Productivity/top-free fetch failed
[2026-09-14T19:55:51.631Z] [DEBUG] RSS ok: hk/macos/Productivity/top-free entries=99
[2026-09-14T19:56:01.638Z] [DEBUG] Hits: hk/macos/Productivity/top-free 4 app(s) found
[2026-09-14T19:56:02.644Z] [DEBUG] RSS ok: hk/macos/Utilities/top-free entries=100
[2026-09-14T19:56:13.465Z] [DEBUG] RSS ok: nz/macos/Business/top-free entries=100
[2026-09-14T19:56:23.471Z] [DEBUG] Hits: nz/macos/Business/top-free 4 app(s) found
[2026-09-14T19:56:24.805Z] [DEBUG] RSS ok: nz/macos/Productivity/top-free entries=99
[2026-09-14T19:56:34.810Z] [DEBUG] Hits: nz/macos/Productivity/top-free 3 app(s) found
[2026-09-14T19:56:35.925Z] [DEBUG] RSS ok: nz/macos/Utilities/top-free entries=100
[2026-09-14T19:56:45.926Z] [DEBUG] Hits: nz/macos/Utilities/top-free 2 app(s) found
[2026-09-14T19:56:46.830Z] [DEBUG] RSS ok: sg/macos/Business/top-free entries=100
[2026-09-14T19:56:56.837Z] [DEBUG] Hits: sg/macos/Business/top-free 3 app(s) found
[2026-09-14T19:56:57.731Z] [DEBUG] RSS ok: sg/macos/Productivity/top-free entries=99
[2026-09-14T19:57:07.737Z] [INFO] RSS progress: 50/60 (50 ok, 0 error, 143 points)
[2026-09-14T19:57:07.737Z] [DEBUG] Hits: sg/macos/Productivity/top-free 4 app(s) found
[2026-09-14T19:57:08.497Z] [DEBUG] RSS ok: sg/macos/Utilities/top-free entries=100
[2026-09-14T19:57:19.346Z] [DEBUG] RSS ok: in/macos/Business/top-free entries=100
[2026-09-14T19:57:29.352Z] [DEBUG] Hits: in/macos/Business/top-free 2 app(s) found
[2026-09-14T19:57:30.261Z] [DEBUG] RSS ok: in/macos/Productivity/top-free entries=99
[2026-09-14T19:57:40.267Z] [DEBUG] Hits: in/macos/Productivity/top-free 3 app(s) found
[2026-09-14T19:57:41.387Z] [DEBUG] RSS ok: in/macos/Utilities/top-free entries=100
[2026-09-14T19:57:52.197Z] [DEBUG] RSS ok: za/macos/Business/top-free entries=100
[2026-09-14T19:58:02.200Z] [DEBUG] Hits: za/macos/Business/top-free 3 app(s) found
[2026-09-14T19:58:03.094Z] [DEBUG] RSS ok: za/macos/Productivity/top-free entries=99
[2026-09-14T19:58:13.100Z] [DEBUG] Hits: za/macos/Productivity/top-free 3 app(s) found
[2026-09-14T19:58:14.025Z] [DEBUG] RSS ok: za/macos/Utilities/top-free entries=100
[2026-09-14T19:58:24.031Z] [DEBUG] Hits: za/macos/Utilities/top-free 2 app(s) found
[2026-09-14T19:58:24.949Z] [DEBUG] RSS ok: br/macos/Business/top-free entries=100
[2026-09-14T19:58:34.955Z] [DEBUG] Hits: br/macos/Business/top-free 2 app(s) found
[2026-09-14T19:58:36.007Z] [DEBUG] RSS ok: br/macos/Productivity/top-free entries=99
[2026-09-14T19:58:46.013Z] [DEBUG] Hits: br/macos/Productivity/top-free 2 app(s) found
[2026-09-14T19:58:46.945Z] [DEBUG] RSS ok: br/macos/Utilities/top-free entries=100
[2026-09-14T19:58:56.952Z] [INFO] RSS progress: 60/60 (60 ok, 0 error, 160 points)
[2026-09-14T19:58:56.952Z] [INFO] RSS fetch done: 60 ok, 0 error, 160 points
[2026-09-14T19:58:56.952Z] [INFO] Platform max returned: macos = 100
[2026-09-14T19:58:56.952Z] [INFO] RSS results: 60 ok, 0 error, 160 rank points
[2026-09-14T19:58:56.977Z] [INFO] Stored: 60 crawls, 160 points
[2026-09-14T19:58:57.002Z] [INFO] current.json written rows=23
[2026-09-14T19:58:57.003Z] [INFO] Current summary: on_chart=160, not_on_chart=300, depth_limited=0, crawl_error=0, total=460
[2026-09-14T19:58:57.003Z] [INFO] === Crawl complete === 702.9s
[2026-09-14T20:47:13.093Z] [INFO] === Crawl start === ts=2026-09-14T20:00:00Z
[2026-09-14T20:47:13.097Z] [INFO] Config loaded apps=4, platforms=macos, categories=Business,Productivity,Utilities
[2026-09-14T20:47:13.097Z] [INFO] App IDs to track: 23 our=4, competitors=19
[2026-09-14T20:47:13.099Z] [INFO] Lookup cached fetched_at=2026-09-14T00:47:12.247Z, 23 apps
[2026-09-14T20:47:13.099Z] [INFO] RSS requests: 60 countries=20, platforms=macos, categories=Business,Productivity,Utilities
[2026-09-14T20:47:13.099Z] [INFO] RSS fetch start: 60 requests, concurrency=1
[2026-09-14T20:47:13.998Z] [DEBUG] RSS ok: us/macos/Business/top-free entries=100
[2026-09-14T20:47:24.001Z] [DEBUG] Hits: us/macos/Business/top-free 4 app(s) found
[2026-09-14T20:47:24.777Z] [DEBUG] RSS ok: us/macos/Productivity/top-free entries=99
[2026-09-14T20:47:34.783Z] [DEBUG] Hits: us/macos/Productivity/top-free 6 app(s) found
[2026-09-14T20:47:35.644Z] [DEBUG] RSS ok: us/macos/Utilities/top-free entries=100
[2026-09-14T20:47:45.650Z] [DEBUG] Hits: us/macos/Utilities/top-free 1 app(s) found
[2026-09-14T20:47:46.548Z] [DEBUG] RSS ok: gb/macos/Business/top-free entries=98
[2026-09-14T20:47:56.554Z] [DEBUG] Hits: gb/macos/Business/top-free 4 app(s) found
[2026-09-14T20:47:57.723Z] [DEBUG] RSS ok: gb/macos/Productivity/top-free entries=99
[2026-09-14T20:48:07.729Z] [DEBUG] Hits: gb/macos/Productivity/top-free 5 app(s) found
[2026-09-14T20:48:08.545Z] [DEBUG] RSS ok: gb/macos/Utilities/top-free entries=100
[2026-09-14T20:48:18.547Z] [DEBUG] Hits: gb/macos/Utilities/top-free 3 app(s) found
[2026-09-14T20:48:19.255Z] [DEBUG] RSS ok: ca/macos/Business/top-free entries=100
[2026-09-14T20:48:29.261Z] [DEBUG] Hits: ca/macos/Business/top-free 5 app(s) found
[2026-09-14T20:48:30.107Z] [DEBUG] RSS ok: ca/macos/Productivity/top-free entries=99
[2026-09-14T20:48:40.113Z] [DEBUG] Hits: ca/macos/Productivity/top-free 5 app(s) found
[2026-09-14T20:48:40.921Z] [DEBUG] RSS ok: ca/macos/Utilities/top-free entries=100
[2026-09-14T20:48:51.737Z] [DEBUG] RSS ok: fr/macos/Business/top-free entries=98
[2026-09-14T20:49:01.745Z] [INFO] RSS progress: 10/60 (10 ok, 0 error, 36 points)
[2026-09-14T20:49:01.745Z] [DEBUG] Hits: fr/macos/Business/top-free 3 app(s) found
[2026-09-14T20:49:02.643Z] [DEBUG] RSS ok: fr/macos/Productivity/top-free entries=99
[2026-09-14T20:49:12.648Z] [DEBUG] Hits: fr/macos/Productivity/top-free 4 app(s) found
[2026-09-14T20:49:13.500Z] [DEBUG] RSS ok: fr/macos/Utilities/top-free entries=100
[2026-09-14T20:49:23.506Z] [DEBUG] Hits: fr/macos/Utilities/top-free 1 app(s) found
[2026-09-14T20:49:24.423Z] [DEBUG] RSS ok: de/macos/Business/top-free entries=99
[2026-09-14T20:49:34.430Z] [DEBUG] Hits: de/macos/Business/top-free 2 app(s) found
[2026-09-14T20:49:35.373Z] [DEBUG] RSS ok: de/macos/Productivity/top-free entries=99
[2026-09-14T20:49:45.379Z] [DEBUG] Hits: de/macos/Productivity/top-free 4 app(s) found
[2026-09-14T20:49:46.262Z] [DEBUG] RSS ok: de/macos/Utilities/top-free entries=100
[2026-09-14T20:49:56.268Z] [DEBUG] Hits: de/macos/Utilities/top-free 4 app(s) found
[2026-09-14T20:49:57.238Z] [DEBUG] RSS ok: jp/macos/Business/top-free entries=100
[2026-09-14T20:50:07.243Z] [DEBUG] Hits: jp/macos/Business/top-free 2 app(s) found
[2026-09-14T20:50:08.123Z] [DEBUG] RSS ok: jp/macos/Productivity/top-free entries=99
[2026-09-14T20:50:18.128Z] [DEBUG] Hits: jp/macos/Productivity/top-free 3 app(s) found
[2026-09-14T20:50:18.872Z] [DEBUG] RSS ok: jp/macos/Utilities/top-free entries=99
[2026-09-14T20:50:28.878Z] [DEBUG] Hits: jp/macos/Utilities/top-free 5 app(s) found
[2026-09-14T20:50:29.819Z] [DEBUG] RSS ok: au/macos/Business/top-free entries=100
[2026-09-14T20:50:39.825Z] [DEBUG] Hits: au/macos/Business/top-free 3 app(s) found
[2026-09-14T20:50:40.680Z] [DEBUG] RSS ok: au/macos/Productivity/top-free entries=99
[2026-09-14T20:50:50.682Z] [DEBUG] Hits: au/macos/Productivity/top-free 4 app(s) found
[2026-09-14T20:50:50.682Z] [INFO] RSS progress: 20/60 (20 ok, 0 error, 68 points)
[2026-09-14T20:50:51.598Z] [DEBUG] RSS ok: au/macos/Utilities/top-free entries=100
[2026-09-14T20:51:01.604Z] [DEBUG] Hits: au/macos/Utilities/top-free 1 app(s) found
[2026-09-14T20:51:02.377Z] [DEBUG] RSS ok: es/macos/Business/top-free entries=99
[2026-09-14T20:51:12.384Z] [DEBUG] Hits: es/macos/Business/top-free 3 app(s) found
[2026-09-14T20:51:13.380Z] [DEBUG] RSS ok: es/macos/Productivity/top-free entries=99
[2026-09-14T20:51:23.387Z] [DEBUG] Hits: es/macos/Productivity/top-free 5 app(s) found
[2026-09-14T20:51:24.142Z] [DEBUG] RSS ok: es/macos/Utilities/top-free entries=100
[2026-09-14T20:51:34.149Z] [DEBUG] Hits: es/macos/Utilities/top-free 1 app(s) found
[2026-09-14T20:51:35.044Z] [DEBUG] RSS ok: it/macos/Business/top-free entries=99
[2026-09-14T20:51:45.050Z] [DEBUG] Hits: it/macos/Business/top-free 2 app(s) found
[2026-09-14T20:51:45.898Z] [DEBUG] RSS ok: it/macos/Productivity/top-free entries=99
[2026-09-14T20:51:55.904Z] [DEBUG] Hits: it/macos/Productivity/top-free 5 app(s) found
[2026-09-14T20:51:57.121Z] [DEBUG] RSS ok: it/macos/Utilities/top-free entries=100
[2026-09-14T20:52:07.126Z] [DEBUG] Hits: it/macos/Utilities/top-free 1 app(s) found
[2026-09-14T20:52:07.851Z] [DEBUG] RSS ok: pt/macos/Business/top-free entries=100
[2026-09-14T20:52:17.857Z] [DEBUG] Hits: pt/macos/Business/top-free 3 app(s) found
[2026-09-14T20:52:18.724Z] [DEBUG] RSS ok: pt/macos/Productivity/top-free entries=99
[2026-09-14T20:52:28.729Z] [DEBUG] Hits: pt/macos/Productivity/top-free 3 app(s) found
[2026-09-14T20:52:29.518Z] [DEBUG] RSS ok: pt/macos/Utilities/top-free entries=100
[2026-09-14T20:52:39.525Z] [INFO] RSS progress: 30/60 (30 ok, 0 error, 92 points)
[2026-09-14T20:52:40.455Z] [DEBUG] RSS ok: ch/macos/Business/top-free entries=100
[2026-09-14T20:52:50.461Z] [DEBUG] Hits: ch/macos/Business/top-free 3 app(s) found
[2026-09-14T20:52:51.941Z] [DEBUG] RSS ok: ch/macos/Productivity/top-free entries=99
[2026-09-14T20:53:01.946Z] [DEBUG] Hits: ch/macos/Productivity/top-free 4 app(s) found
[2026-09-14T20:53:02.846Z] [DEBUG] RSS ok: ch/macos/Utilities/top-free entries=100
[2026-09-14T20:53:12.853Z] [DEBUG] Hits: ch/macos/Utilities/top-free 3 app(s) found
[2026-09-14T20:53:14.046Z] [DEBUG] RSS ok: be/macos/Business/top-free entries=100
[2026-09-14T20:53:24.052Z] [DEBUG] Hits: be/macos/Business/top-free 4 app(s) found
[2026-09-14T20:53:24.821Z] [DEBUG] RSS ok: be/macos/Productivity/top-free entries=99
[2026-09-14T20:53:34.828Z] [DEBUG] Hits: be/macos/Productivity/top-free 5 app(s) found
[2026-09-14T20:53:35.818Z] [DEBUG] RSS ok: be/macos/Utilities/top-free entries=100
[2026-09-14T20:53:46.483Z] [DEBUG] RSS ok: nl/macos/Business/top-free entries=99
[2026-09-14T20:53:56.490Z] [DEBUG] Hits: nl/macos/Business/top-free 1 app(s) found
[2026-09-14T20:53:57.118Z] [DEBUG] RSS ok: nl/macos/Productivity/top-free entries=99
[2026-09-14T20:54:07.125Z] [DEBUG] Hits: nl/macos/Productivity/top-free 4 app(s) found
[2026-09-14T20:54:07.929Z] [DEBUG] RSS ok: nl/macos/Utilities/top-free entries=100
[2026-09-14T20:54:17.935Z] [DEBUG] Hits: nl/macos/Utilities/top-free 1 app(s) found
[2026-09-14T20:54:18.791Z] [DEBUG] RSS ok: tw/macos/Business/top-free entries=100
[2026-09-14T20:54:28.797Z] [DEBUG] Hits: tw/macos/Business/top-free 2 app(s) found
[2026-09-14T20:54:28.797Z] [INFO] RSS progress: 40/60 (40 ok, 0 error, 119 points)
[2026-09-14T20:54:29.870Z] [DEBUG] RSS ok: tw/macos/Productivity/top-free entries=99
[2026-09-14T20:54:39.876Z] [DEBUG] Hits: tw/macos/Productivity/top-free 3 app(s) found
[2026-09-14T20:54:40.838Z] [DEBUG] RSS ok: tw/macos/Utilities/top-free entries=100
[2026-09-14T20:54:51.807Z] [DEBUG] RSS ok: hk/macos/Business/top-free entries=100
[2026-09-14T20:55:01.809Z] [DEBUG] Hits: hk/macos/Business/top-free 1 app(s) found
[2026-09-14T20:55:02.942Z] [DEBUG] RSS ok: hk/macos/Productivity/top-free entries=99
[2026-09-14T20:55:12.948Z] [DEBUG] Hits: hk/macos/Productivity/top-free 4 app(s) found
[2026-09-14T20:55:13.832Z] [DEBUG] RSS ok: hk/macos/Utilities/top-free entries=100
[2026-09-14T20:55:25.014Z] [DEBUG] RSS ok: nz/macos/Business/top-free entries=100
[2026-09-14T20:55:35.020Z] [DEBUG] Hits: nz/macos/Business/top-free 4 app(s) found
[2026-09-14T20:55:35.709Z] [DEBUG] RSS ok: nz/macos/Productivity/top-free entries=99
[2026-09-14T20:55:45.715Z] [DEBUG] Hits: nz/macos/Productivity/top-free 3 app(s) found
[2026-09-14T20:55:46.629Z] [DEBUG] RSS ok: nz/macos/Utilities/top-free entries=100
[2026-09-14T20:55:56.636Z] [DEBUG] Hits: nz/macos/Utilities/top-free 2 app(s) found
[2026-09-14T20:55:57.345Z] [DEBUG] RSS ok: sg/macos/Business/top-free entries=100
[2026-09-14T20:56:07.352Z] [DEBUG] Hits: sg/macos/Business/top-free 3 app(s) found
[2026-09-14T20:56:08.306Z] [DEBUG] RSS ok: sg/macos/Productivity/top-free entries=99
[2026-09-14T20:56:18.312Z] [DEBUG] Hits: sg/macos/Productivity/top-free 4 app(s) found
[2026-09-14T20:56:18.312Z] [INFO] RSS progress: 50/60 (50 ok, 0 error, 143 points)
[2026-09-14T20:56:19.208Z] [DEBUG] RSS ok: sg/macos/Utilities/top-free entries=100
[2026-09-14T20:56:29.966Z] [DEBUG] RSS ok: in/macos/Business/top-free entries=100
[2026-09-14T20:56:39.971Z] [DEBUG] Hits: in/macos/Business/top-free 2 app(s) found
[2026-09-14T20:56:40.730Z] [DEBUG] RSS ok: in/macos/Productivity/top-free entries=99
[2026-09-14T20:56:50.736Z] [DEBUG] Hits: in/macos/Productivity/top-free 3 app(s) found
[2026-09-14T20:56:51.628Z] [DEBUG] RSS ok: in/macos/Utilities/top-free entries=100
[2026-09-14T20:57:02.541Z] [DEBUG] RSS ok: za/macos/Business/top-free entries=100
[2026-09-14T20:57:12.545Z] [DEBUG] Hits: za/macos/Business/top-free 3 app(s) found
[2026-09-14T20:57:13.329Z] [DEBUG] RSS ok: za/macos/Productivity/top-free entries=99
[2026-09-14T20:57:23.334Z] [DEBUG] Hits: za/macos/Productivity/top-free 3 app(s) found
[2026-09-14T20:57:24.188Z] [DEBUG] RSS ok: za/macos/Utilities/top-free entries=100
[2026-09-14T20:57:34.195Z] [DEBUG] Hits: za/macos/Utilities/top-free 2 app(s) found
[2026-09-14T20:57:34.927Z] [DEBUG] RSS ok: br/macos/Business/top-free entries=100
[2026-09-14T20:57:44.933Z] [DEBUG] Hits: br/macos/Business/top-free 2 app(s) found
[2026-09-14T20:57:45.808Z] [DEBUG] RSS ok: br/macos/Productivity/top-free entries=99
[2026-09-14T20:57:55.815Z] [DEBUG] Hits: br/macos/Productivity/top-free 2 app(s) found
[2026-09-14T20:57:56.705Z] [DEBUG] RSS ok: br/macos/Utilities/top-free entries=100
[2026-09-14T20:58:06.711Z] [INFO] RSS progress: 60/60 (60 ok, 0 error, 160 points)
[2026-09-14T20:58:06.711Z] [INFO] RSS fetch done: 60 ok, 0 error, 160 points
[2026-09-14T20:58:06.711Z] [INFO] Platform max returned: macos = 100
[2026-09-14T20:58:06.711Z] [INFO] RSS results: 60 ok, 0 error, 160 rank points
[2026-09-14T20:58:06.754Z] [INFO] Stored: 60 crawls, 160 points
[2026-09-14T20:58:06.786Z] [INFO] current.json written rows=23
[2026-09-14T20:58:06.787Z] [INFO] Current summary: on_chart=160, not_on_chart=300, depth_limited=0, crawl_error=0, total=460
[2026-09-14T20:58:06.787Z] [INFO] === Crawl complete === 653.7s
[2026-09-14T21:47:11.960Z] [INFO] === Crawl start === ts=2026-09-14T21:00:00Z
[2026-09-14T21:47:11.964Z] [INFO] Config loaded apps=4, platforms=macos, categories=Business,Productivity,Utilities
[2026-09-14T21:47:11.964Z] [INFO] App IDs to track: 23 our=4, competitors=19
[2026-09-14T21:47:11.965Z] [INFO] Lookup cached fetched_at=2026-09-14T00:47:12.247Z, 23 apps
[2026-09-14T21:47:11.966Z] [INFO] RSS requests: 60 countries=20, platforms=macos, categories=Business,Productivity,Utilities
[2026-09-14T21:47:11.966Z] [INFO] RSS fetch start: 60 requests, concurrency=1
[2026-09-14T21:47:12.784Z] [DEBUG] RSS ok: us/macos/Business/top-free entries=100
[2026-09-14T21:47:22.788Z] [DEBUG] Hits: us/macos/Business/top-free 4 app(s) found
[2026-09-14T21:47:23.530Z] [DEBUG] RSS ok: us/macos/Productivity/top-free entries=99
[2026-09-14T21:47:33.537Z] [DEBUG] Hits: us/macos/Productivity/top-free 6 app(s) found
[2026-09-14T21:47:34.383Z] [DEBUG] RSS ok: us/macos/Utilities/top-free entries=100
[2026-09-14T21:47:44.389Z] [DEBUG] Hits: us/macos/Utilities/top-free 1 app(s) found
[2026-09-14T21:47:45.113Z] [DEBUG] RSS ok: gb/macos/Business/top-free entries=98
[2026-09-14T21:47:55.119Z] [DEBUG] Hits: gb/macos/Business/top-free 4 app(s) found
[2026-09-14T21:47:56.067Z] [DEBUG] RSS ok: gb/macos/Productivity/top-free entries=99
[2026-09-14T21:48:06.073Z] [DEBUG] Hits: gb/macos/Productivity/top-free 5 app(s) found
[2026-09-14T21:48:06.872Z] [DEBUG] RSS ok: gb/macos/Utilities/top-free entries=100
[2026-09-14T21:48:16.879Z] [DEBUG] Hits: gb/macos/Utilities/top-free 3 app(s) found
[2026-09-14T21:48:17.550Z] [DEBUG] RSS ok: ca/macos/Business/top-free entries=100
[2026-09-14T21:48:27.556Z] [DEBUG] Hits: ca/macos/Business/top-free 5 app(s) found
[2026-09-14T21:48:28.580Z] [DEBUG] RSS ok: ca/macos/Productivity/top-free entries=99
[2026-09-14T21:48:38.584Z] [DEBUG] Hits: ca/macos/Productivity/top-free 5 app(s) found
[2026-09-14T21:48:39.896Z] [DEBUG] RSS ok: ca/macos/Utilities/top-free entries=100
[2026-09-14T21:48:50.719Z] [DEBUG] RSS ok: fr/macos/Business/top-free entries=98
[2026-09-14T21:49:00.722Z] [DEBUG] Hits: fr/macos/Business/top-free 3 app(s) found
[2026-09-14T21:49:00.722Z] [INFO] RSS progress: 10/60 (10 ok, 0 error, 36 points)
[2026-09-14T21:49:01.637Z] [DEBUG] RSS ok: fr/macos/Productivity/top-free entries=99
[2026-09-14T21:49:11.639Z] [DEBUG] Hits: fr/macos/Productivity/top-free 4 app(s) found
[2026-09-14T21:49:12.697Z] [DEBUG] RSS ok: fr/macos/Utilities/top-free entries=100
[2026-09-14T21:49:22.703Z] [DEBUG] Hits: fr/macos/Utilities/top-free 1 app(s) found
[2026-09-14T21:49:23.425Z] [DEBUG] RSS ok: de/macos/Business/top-free entries=99
[2026-09-14T21:49:33.432Z] [DEBUG] Hits: de/macos/Business/top-free 2 app(s) found
[2026-09-14T21:49:34.286Z] [DEBUG] RSS ok: de/macos/Productivity/top-free entries=99
[2026-09-14T21:49:44.293Z] [DEBUG] Hits: de/macos/Productivity/top-free 4 app(s) found
[2026-09-14T21:49:45.093Z] [DEBUG] RSS ok: de/macos/Utilities/top-free entries=100
[2026-09-14T21:49:55.099Z] [DEBUG] Hits: de/macos/Utilities/top-free 4 app(s) found
[2026-09-14T21:49:55.830Z] [DEBUG] RSS ok: jp/macos/Business/top-free entries=100
[2026-09-14T21:50:05.837Z] [DEBUG] Hits: jp/macos/Business/top-free 2 app(s) found
[2026-09-14T21:50:06.747Z] [DEBUG] RSS ok: jp/macos/Productivity/top-free entries=99
[2026-09-14T21:50:16.748Z] [DEBUG] Hits: jp/macos/Productivity/top-free 3 app(s) found
[2026-09-14T21:50:17.775Z] [DEBUG] RSS ok: jp/macos/Utilities/top-free entries=99
[2026-09-14T21:50:27.782Z] [DEBUG] Hits: jp/macos/Utilities/top-free 5 app(s) found
[2026-09-14T21:50:28.710Z] [DEBUG] RSS ok: au/macos/Business/top-free entries=100
[2026-09-14T21:50:38.712Z] [DEBUG] Hits: au/macos/Business/top-free 3 app(s) found
[2026-09-14T21:50:39.594Z] [DEBUG] RSS ok: au/macos/Productivity/top-free entries=99
[2026-09-14T21:50:49.601Z] [DEBUG] Hits: au/macos/Productivity/top-free 4 app(s) found
[2026-09-14T21:50:49.601Z] [INFO] RSS progress: 20/60 (20 ok, 0 error, 68 points)
[2026-09-14T21:50:50.436Z] [DEBUG] RSS ok: au/macos/Utilities/top-free entries=100
[2026-09-14T21:51:00.440Z] [DEBUG] Hits: au/macos/Utilities/top-free 1 app(s) found
[2026-09-14T21:51:01.365Z] [DEBUG] RSS ok: es/macos/Business/top-free entries=99
[2026-09-14T21:51:11.370Z] [DEBUG] Hits: es/macos/Business/top-free 3 app(s) found
[2026-09-14T21:51:12.260Z] [DEBUG] RSS ok: es/macos/Productivity/top-free entries=99
[2026-09-14T21:51:22.267Z] [DEBUG] Hits: es/macos/Productivity/top-free 5 app(s) found
[2026-09-14T21:51:23.114Z] [DEBUG] RSS ok: es/macos/Utilities/top-free entries=100
[2026-09-14T21:51:33.121Z] [DEBUG] Hits: es/macos/Utilities/top-free 1 app(s) found
[2026-09-14T21:51:34.000Z] [DEBUG] RSS ok: it/macos/Business/top-free entries=99
[2026-09-14T21:51:44.006Z] [DEBUG] Hits: it/macos/Business/top-free 2 app(s) found
[2026-09-14T21:51:44.847Z] [DEBUG] RSS ok: it/macos/Productivity/top-free entries=99
[2026-09-14T21:51:54.854Z] [DEBUG] Hits: it/macos/Productivity/top-free 5 app(s) found
[2026-09-14T21:51:55.844Z] [DEBUG] RSS ok: it/macos/Utilities/top-free entries=100
[2026-09-14T21:52:05.851Z] [DEBUG] Hits: it/macos/Utilities/top-free 1 app(s) found
[2026-09-14T21:52:06.797Z] [DEBUG] RSS ok: pt/macos/Business/top-free entries=100
[2026-09-14T21:52:16.804Z] [DEBUG] Hits: pt/macos/Business/top-free 3 app(s) found
[2026-09-14T21:52:17.704Z] [DEBUG] RSS ok: pt/macos/Productivity/top-free entries=99
[2026-09-14T21:52:27.710Z] [DEBUG] Hits: pt/macos/Productivity/top-free 3 app(s) found
[2026-09-14T21:52:28.697Z] [DEBUG] RSS ok: pt/macos/Utilities/top-free entries=100
[2026-09-14T21:52:38.703Z] [INFO] RSS progress: 30/60 (30 ok, 0 error, 92 points)
[2026-09-14T21:52:39.592Z] [DEBUG] RSS ok: ch/macos/Business/top-free entries=100
[2026-09-14T21:52:49.598Z] [DEBUG] Hits: ch/macos/Business/top-free 3 app(s) found
[2026-09-14T21:52:50.967Z] [DEBUG] RSS ok: ch/macos/Productivity/top-free entries=99
[2026-09-14T21:53:00.968Z] [DEBUG] Hits: ch/macos/Productivity/top-free 4 app(s) found
[2026-09-14T21:53:01.892Z] [DEBUG] RSS ok: ch/macos/Utilities/top-free entries=100
[2026-09-14T21:53:11.896Z] [DEBUG] Hits: ch/macos/Utilities/top-free 3 app(s) found
[2026-09-14T21:53:12.719Z] [DEBUG] RSS ok: be/macos/Business/top-free entries=100
[2026-09-14T21:53:22.722Z] [DEBUG] Hits: be/macos/Business/top-free 4 app(s) found
[2026-09-14T21:53:23.598Z] [DEBUG] RSS ok: be/macos/Productivity/top-free entries=99
[2026-09-14T21:53:33.599Z] [DEBUG] Hits: be/macos/Productivity/top-free 5 app(s) found
[2026-09-14T21:53:34.603Z] [DEBUG] RSS ok: be/macos/Utilities/top-free entries=100
[2026-09-14T21:53:45.466Z] [DEBUG] RSS ok: nl/macos/Business/top-free entries=99
[2026-09-14T21:53:55.472Z] [DEBUG] Hits: nl/macos/Business/top-free 1 app(s) found
[2026-09-14T21:53:56.277Z] [DEBUG] RSS ok: nl/macos/Productivity/top-free entries=99
[2026-09-14T21:54:06.283Z] [DEBUG] Hits: nl/macos/Productivity/top-free 4 app(s) found
[2026-09-14T21:54:07.113Z] [DEBUG] RSS ok: nl/macos/Utilities/top-free entries=100
[2026-09-14T21:54:17.120Z] [DEBUG] Hits: nl/macos/Utilities/top-free 1 app(s) found
[2026-09-14T21:54:18.601Z] [DEBUG] RSS ok: tw/macos/Business/top-free entries=100
[2026-09-14T21:54:28.607Z] [DEBUG] Hits: tw/macos/Business/top-free 2 app(s) found
[2026-09-14T21:54:28.608Z] [INFO] RSS progress: 40/60 (40 ok, 0 error, 119 points)
[2026-09-14T21:54:29.490Z] [DEBUG] RSS ok: tw/macos/Productivity/top-free entries=99
[2026-09-14T21:54:39.496Z] [DEBUG] Hits: tw/macos/Productivity/top-free 3 app(s) found
[2026-09-14T21:54:40.290Z] [DEBUG] RSS ok: tw/macos/Utilities/top-free entries=100
[2026-09-14T21:54:51.250Z] [DEBUG] RSS ok: hk/macos/Business/top-free entries=100
[2026-09-14T21:55:01.255Z] [DEBUG] Hits: hk/macos/Business/top-free 1 app(s) found
[2026-09-14T21:55:02.163Z] [DEBUG] RSS ok: hk/macos/Productivity/top-free entries=99
[2026-09-14T21:55:12.169Z] [DEBUG] Hits: hk/macos/Productivity/top-free 4 app(s) found
[2026-09-14T21:55:13.026Z] [DEBUG] RSS ok: hk/macos/Utilities/top-free entries=100
[2026-09-14T21:55:24.010Z] [DEBUG] RSS ok: nz/macos/Business/top-free entries=100
[2026-09-14T21:55:34.017Z] [DEBUG] Hits: nz/macos/Business/top-free 4 app(s) found
[2026-09-14T21:55:36.478Z] [DEBUG] RSS ok: nz/macos/Productivity/top-free entries=99
[2026-09-14T21:55:46.483Z] [DEBUG] Hits: nz/macos/Productivity/top-free 3 app(s) found
[2026-09-14T21:55:47.338Z] [DEBUG] RSS ok: nz/macos/Utilities/top-free entries=100
[2026-09-14T21:55:57.344Z] [DEBUG] Hits: nz/macos/Utilities/top-free 2 app(s) found
[2026-09-14T21:55:58.125Z] [DEBUG] RSS ok: sg/macos/Business/top-free entries=100
[2026-09-14T21:56:08.132Z] [DEBUG] Hits: sg/macos/Business/top-free 3 app(s) found
[2026-09-14T21:56:09.036Z] [DEBUG] RSS ok: sg/macos/Productivity/top-free entries=99
[2026-09-14T21:56:19.042Z] [DEBUG] Hits: sg/macos/Productivity/top-free 4 app(s) found
[2026-09-14T21:56:19.043Z] [INFO] RSS progress: 50/60 (50 ok, 0 error, 143 points)
[2026-09-14T21:56:19.911Z] [DEBUG] RSS ok: sg/macos/Utilities/top-free entries=100
[2026-09-14T21:56:30.733Z] [DEBUG] RSS ok: in/macos/Business/top-free entries=100
[2026-09-14T21:56:40.739Z] [DEBUG] Hits: in/macos/Business/top-free 2 app(s) found
[2026-09-14T21:56:41.456Z] [DEBUG] RSS ok: in/macos/Productivity/top-free entries=99
[2026-09-14T21:56:51.463Z] [DEBUG] Hits: in/macos/Productivity/top-free 3 app(s) found
[2026-09-14T21:56:52.321Z] [DEBUG] RSS ok: in/macos/Utilities/top-free entries=100
[2026-09-14T21:57:03.166Z] [DEBUG] RSS ok: za/macos/Business/top-free entries=100
[2026-09-14T21:57:13.169Z] [DEBUG] Hits: za/macos/Business/top-free 3 app(s) found
[2026-09-14T21:57:14.019Z] [DEBUG] RSS ok: za/macos/Productivity/top-free entries=99
[2026-09-14T21:57:24.025Z] [DEBUG] Hits: za/macos/Productivity/top-free 3 app(s) found
[2026-09-14T21:57:24.903Z] [DEBUG] RSS ok: za/macos/Utilities/top-free entries=100
[2026-09-14T21:57:34.909Z] [DEBUG] Hits: za/macos/Utilities/top-free 2 app(s) found
[2026-09-14T21:57:35.804Z] [DEBUG] RSS ok: br/macos/Business/top-free entries=100
[2026-09-14T21:57:45.811Z] [DEBUG] Hits: br/macos/Business/top-free 2 app(s) found
[2026-09-14T21:57:46.619Z] [DEBUG] RSS ok: br/macos/Productivity/top-free entries=99
[2026-09-14T21:57:56.626Z] [DEBUG] Hits: br/macos/Productivity/top-free 2 app(s) found
[2026-09-14T21:57:57.401Z] [DEBUG] RSS ok: br/macos/Utilities/top-free entries=100
[2026-09-14T21:58:07.407Z] [INFO] RSS progress: 60/60 (60 ok, 0 error, 160 points)
[2026-09-14T21:58:07.407Z] [INFO] RSS fetch done: 60 ok, 0 error, 160 points
[2026-09-14T21:58:07.408Z] [INFO] Platform max returned: macos = 100
[2026-09-14T21:58:07.408Z] [INFO] RSS results: 60 ok, 0 error, 160 rank points
[2026-09-14T21:58:07.438Z] [INFO] Stored: 60 crawls, 160 points
[2026-09-14T21:58:07.474Z] [INFO] current.json written rows=23
[2026-09-14T21:58:07.475Z] [INFO] Current summary: on_chart=160, not_on_chart=300, depth_limited=0, crawl_error=0, total=460
[2026-09-14T21:58:07.475Z] [INFO] === Crawl complete === 655.5s
[2026-09-14T22:47:10.371Z] [INFO] === Crawl start === ts=2026-09-14T22:00:00Z
[2026-09-14T22:47:10.376Z] [INFO] App IDs to track: 23 our=4, competitors=19
[2026-09-14T22:47:10.375Z] [INFO] Config loaded apps=4, platforms=macos, categories=Business,Productivity,Utilities
[2026-09-14T22:47:10.377Z] [INFO] Lookup cached fetched_at=2026-09-14T00:47:12.247Z, 23 apps
[2026-09-14T22:47:10.378Z] [INFO] RSS requests: 60 countries=20, platforms=macos, categories=Business,Productivity,Utilities
[2026-09-14T22:47:10.378Z] [INFO] RSS fetch start: 60 requests, concurrency=1
[2026-09-14T22:47:11.277Z] [DEBUG] RSS ok: us/macos/Business/top-free entries=100
[2026-09-14T22:47:21.279Z] [DEBUG] Hits: us/macos/Business/top-free 3 app(s) found
[2026-09-14T22:47:22.046Z] [DEBUG] RSS ok: us/macos/Productivity/top-free entries=99
[2026-09-14T22:47:32.053Z] [DEBUG] Hits: us/macos/Productivity/top-free 6 app(s) found
[2026-09-14T22:47:32.777Z] [DEBUG] RSS ok: us/macos/Utilities/top-free entries=100
[2026-09-14T22:47:42.784Z] [DEBUG] Hits: us/macos/Utilities/top-free 1 app(s) found
[2026-09-14T22:47:43.520Z] [DEBUG] RSS ok: gb/macos/Business/top-free entries=98
[2026-09-14T22:47:53.525Z] [DEBUG] Hits: gb/macos/Business/top-free 4 app(s) found
[2026-09-14T22:47:54.312Z] [DEBUG] RSS ok: gb/macos/Productivity/top-free entries=99
[2026-09-14T22:48:04.319Z] [DEBUG] Hits: gb/macos/Productivity/top-free 5 app(s) found
[2026-09-14T22:48:05.060Z] [DEBUG] RSS ok: gb/macos/Utilities/top-free entries=100
[2026-09-14T22:48:15.066Z] [DEBUG] Hits: gb/macos/Utilities/top-free 3 app(s) found
[2026-09-14T22:48:15.818Z] [DEBUG] RSS ok: ca/macos/Business/top-free entries=100
[2026-09-14T22:48:25.821Z] [DEBUG] Hits: ca/macos/Business/top-free 5 app(s) found
[2026-09-14T22:48:26.706Z] [DEBUG] RSS ok: ca/macos/Productivity/top-free entries=99
[2026-09-14T22:48:36.712Z] [DEBUG] Hits: ca/macos/Productivity/top-free 5 app(s) found
[2026-09-14T22:48:37.704Z] [DEBUG] RSS ok: ca/macos/Utilities/top-free entries=100
[2026-09-14T22:48:47.710Z] [DEBUG] Hits: ca/macos/Utilities/top-free 1 app(s) found
[2026-09-14T22:48:48.493Z] [DEBUG] RSS ok: fr/macos/Business/top-free entries=98
[2026-09-14T22:48:58.500Z] [DEBUG] Hits: fr/macos/Business/top-free 3 app(s) found
[2026-09-14T22:48:58.500Z] [INFO] RSS progress: 10/60 (10 ok, 0 error, 36 points)
[2026-09-14T22:48:59.365Z] [DEBUG] RSS ok: fr/macos/Productivity/top-free entries=99
[2026-09-14T22:49:09.372Z] [DEBUG] Hits: fr/macos/Productivity/top-free 5 app(s) found
[2026-09-14T22:49:10.093Z] [DEBUG] RSS ok: fr/macos/Utilities/top-free entries=100
[2026-09-14T22:49:20.100Z] [DEBUG] Hits: fr/macos/Utilities/top-free 1 app(s) found
[2026-09-14T22:49:20.934Z] [DEBUG] RSS ok: de/macos/Business/top-free entries=99
[2026-09-14T22:49:30.940Z] [DEBUG] Hits: de/macos/Business/top-free 2 app(s) found
[2026-09-14T22:49:31.641Z] [DEBUG] RSS ok: de/macos/Productivity/top-free entries=99
[2026-09-14T22:49:41.648Z] [DEBUG] Hits: de/macos/Productivity/top-free 4 app(s) found
[2026-09-14T22:49:42.387Z] [DEBUG] RSS ok: de/macos/Utilities/top-free entries=100
[2026-09-14T22:49:52.393Z] [DEBUG] Hits: de/macos/Utilities/top-free 4 app(s) found
[2026-09-14T22:49:53.071Z] [DEBUG] RSS ok: jp/macos/Business/top-free entries=100
[2026-09-14T22:50:03.076Z] [DEBUG] Hits: jp/macos/Business/top-free 2 app(s) found
[2026-09-14T22:50:03.903Z] [DEBUG] RSS ok: jp/macos/Productivity/top-free entries=99
[2026-09-14T22:50:13.910Z] [DEBUG] Hits: jp/macos/Productivity/top-free 3 app(s) found
[2026-09-14T22:50:14.621Z] [DEBUG] RSS ok: jp/macos/Utilities/top-free entries=99
[2026-09-14T22:50:24.627Z] [DEBUG] Hits: jp/macos/Utilities/top-free 5 app(s) found
[2026-09-14T22:50:25.396Z] [DEBUG] RSS ok: au/macos/Business/top-free entries=100
[2026-09-14T22:50:35.402Z] [DEBUG] Hits: au/macos/Business/top-free 4 app(s) found
[2026-09-14T22:50:36.145Z] [DEBUG] RSS ok: au/macos/Productivity/top-free entries=99
[2026-09-14T22:50:46.151Z] [DEBUG] Hits: au/macos/Productivity/top-free 4 app(s) found
[2026-09-14T22:50:46.151Z] [INFO] RSS progress: 20/60 (20 ok, 0 error, 70 points)
[2026-09-14T22:50:46.955Z] [DEBUG] RSS ok: au/macos/Utilities/top-free entries=100
[2026-09-14T22:50:56.961Z] [DEBUG] Hits: au/macos/Utilities/top-free 1 app(s) found
[2026-09-14T22:50:57.789Z] [DEBUG] RSS ok: es/macos/Business/top-free entries=99
[2026-09-14T22:51:07.795Z] [DEBUG] Hits: es/macos/Business/top-free 3 app(s) found
[2026-09-14T22:51:08.446Z] [DEBUG] RSS ok: es/macos/Productivity/top-free entries=99
[2026-09-14T22:51:18.452Z] [DEBUG] Hits: es/macos/Productivity/top-free 5 app(s) found
[2026-09-14T22:51:19.132Z] [DEBUG] RSS ok: es/macos/Utilities/top-free entries=100
[2026-09-14T22:51:29.139Z] [DEBUG] Hits: es/macos/Utilities/top-free 1 app(s) found
[2026-09-14T22:51:30.005Z] [DEBUG] RSS ok: it/macos/Business/top-free entries=99
[2026-09-14T22:51:40.012Z] [DEBUG] Hits: it/macos/Business/top-free 3 app(s) found
[2026-09-14T22:51:40.879Z] [DEBUG] RSS ok: it/macos/Productivity/top-free entries=99
[2026-09-14T22:51:50.885Z] [DEBUG] Hits: it/macos/Productivity/top-free 5 app(s) found
[2026-09-14T22:51:51.575Z] [DEBUG] RSS ok: it/macos/Utilities/top-free entries=100
[2026-09-14T22:52:01.578Z] [DEBUG] Hits: it/macos/Utilities/top-free 1 app(s) found
[2026-09-14T22:52:02.238Z] [DEBUG] RSS ok: pt/macos/Business/top-free entries=100
[2026-09-14T22:52:12.246Z] [DEBUG] Hits: pt/macos/Business/top-free 3 app(s) found
[2026-09-14T22:52:13.057Z] [DEBUG] RSS ok: pt/macos/Productivity/top-free entries=99
[2026-09-14T22:52:23.064Z] [DEBUG] Hits: pt/macos/Productivity/top-free 4 app(s) found
[2026-09-14T22:52:24.032Z] [DEBUG] RSS ok: pt/macos/Utilities/top-free entries=100
[2026-09-14T22:52:34.034Z] [INFO] RSS progress: 30/60 (30 ok, 0 error, 96 points)
[2026-09-14T22:52:34.914Z] [DEBUG] RSS ok: ch/macos/Business/top-free entries=98
[2026-09-14T22:52:44.921Z] [DEBUG] Hits: ch/macos/Business/top-free 3 app(s) found
[2026-09-14T22:52:45.713Z] [DEBUG] RSS ok: ch/macos/Productivity/top-free entries=99
[2026-09-14T22:52:55.720Z] [DEBUG] Hits: ch/macos/Productivity/top-free 4 app(s) found
[2026-09-14T22:52:56.476Z] [DEBUG] RSS ok: ch/macos/Utilities/top-free entries=100
[2026-09-14T22:53:06.483Z] [DEBUG] Hits: ch/macos/Utilities/top-free 2 app(s) found
[2026-09-14T22:53:07.244Z] [DEBUG] RSS ok: be/macos/Business/top-free entries=100
[2026-09-14T22:53:17.250Z] [DEBUG] Hits: be/macos/Business/top-free 2 app(s) found
[2026-09-14T22:53:17.961Z] [DEBUG] RSS ok: be/macos/Productivity/top-free entries=99
[2026-09-14T22:53:27.968Z] [DEBUG] Hits: be/macos/Productivity/top-free 5 app(s) found
[2026-09-14T22:53:28.724Z] [DEBUG] RSS ok: be/macos/Utilities/top-free entries=100
[2026-09-14T22:53:39.578Z] [DEBUG] RSS ok: nl/macos/Business/top-free entries=99
[2026-09-14T22:53:49.584Z] [DEBUG] Hits: nl/macos/Business/top-free 1 app(s) found
[2026-09-14T22:53:50.543Z] [DEBUG] RSS ok: nl/macos/Productivity/top-free entries=99
[2026-09-14T22:54:00.549Z] [DEBUG] Hits: nl/macos/Productivity/top-free 4 app(s) found
[2026-09-14T22:54:01.328Z] [DEBUG] RSS ok: nl/macos/Utilities/top-free entries=100
[2026-09-14T22:54:12.033Z] [DEBUG] RSS ok: tw/macos/Business/top-free entries=100
[2026-09-14T22:54:22.040Z] [DEBUG] Hits: tw/macos/Business/top-free 2 app(s) found
[2026-09-14T22:54:22.040Z] [INFO] RSS progress: 40/60 (40 ok, 0 error, 119 points)
[2026-09-14T22:54:22.736Z] [DEBUG] RSS ok: tw/macos/Productivity/top-free entries=99
[2026-09-14T22:54:32.740Z] [DEBUG] Hits: tw/macos/Productivity/top-free 3 app(s) found
[2026-09-14T22:54:33.332Z] [DEBUG] RSS ok: tw/macos/Utilities/top-free entries=100
[2026-09-14T22:54:44.061Z] [DEBUG] RSS ok: hk/macos/Business/top-free entries=100
[2026-09-14T22:54:54.067Z] [DEBUG] Hits: hk/macos/Business/top-free 1 app(s) found
[2026-09-14T22:54:54.789Z] [DEBUG] RSS ok: hk/macos/Productivity/top-free entries=99
[2026-09-14T22:55:04.794Z] [DEBUG] Hits: hk/macos/Productivity/top-free 4 app(s) found
[2026-09-14T22:55:05.515Z] [DEBUG] RSS ok: hk/macos/Utilities/top-free entries=100
[2026-09-14T22:55:16.437Z] [DEBUG] RSS ok: nz/macos/Business/top-free entries=100
[2026-09-14T22:55:26.444Z] [DEBUG] Hits: nz/macos/Business/top-free 4 app(s) found
[2026-09-14T22:55:27.244Z] [DEBUG] RSS ok: nz/macos/Productivity/top-free entries=99
[2026-09-14T22:55:37.251Z] [DEBUG] Hits: nz/macos/Productivity/top-free 4 app(s) found
[2026-09-14T22:55:38.015Z] [DEBUG] RSS ok: nz/macos/Utilities/top-free entries=100
[2026-09-14T22:55:48.017Z] [DEBUG] Hits: nz/macos/Utilities/top-free 2 app(s) found
[2026-09-14T22:55:48.726Z] [DEBUG] RSS ok: sg/macos/Business/top-free entries=100
[2026-09-14T22:55:58.731Z] [DEBUG] Hits: sg/macos/Business/top-free 2 app(s) found
[2026-09-14T22:55:59.369Z] [DEBUG] RSS ok: sg/macos/Productivity/top-free entries=99
[2026-09-14T22:56:09.375Z] [DEBUG] Hits: sg/macos/Productivity/top-free 4 app(s) found
[2026-09-14T22:56:09.375Z] [INFO] RSS progress: 50/60 (50 ok, 0 error, 143 points)
[2026-09-14T22:56:10.081Z] [DEBUG] RSS ok: sg/macos/Utilities/top-free entries=100
[2026-09-14T22:56:20.750Z] [DEBUG] RSS ok: in/macos/Business/top-free entries=100
[2026-09-14T22:56:30.755Z] [DEBUG] Hits: in/macos/Business/top-free 2 app(s) found
[2026-09-14T22:56:31.411Z] [DEBUG] RSS ok: in/macos/Productivity/top-free entries=99
[2026-09-14T22:56:41.417Z] [DEBUG] Hits: in/macos/Productivity/top-free 2 app(s) found
[2026-09-14T22:56:42.176Z] [DEBUG] RSS ok: in/macos/Utilities/top-free entries=100
[2026-09-14T22:56:53.011Z] [DEBUG] RSS ok: za/macos/Business/top-free entries=100
[2026-09-14T22:57:03.016Z] [DEBUG] Hits: za/macos/Business/top-free 3 app(s) found
[2026-09-14T22:57:03.715Z] [DEBUG] RSS ok: za/macos/Productivity/top-free entries=99
[2026-09-14T22:57:13.721Z] [DEBUG] Hits: za/macos/Productivity/top-free 3 app(s) found
[2026-09-14T22:57:14.639Z] [DEBUG] RSS ok: za/macos/Utilities/top-free entries=100
[2026-09-14T22:57:24.646Z] [DEBUG] Hits: za/macos/Utilities/top-free 3 app(s) found
[2026-09-14T22:57:25.372Z] [DEBUG] RSS ok: br/macos/Business/top-free entries=100
[2026-09-14T22:57:35.377Z] [DEBUG] Hits: br/macos/Business/top-free 2 app(s) found
[2026-09-14T22:57:36.303Z] [DEBUG] RSS ok: br/macos/Productivity/top-free entries=99
[2026-09-14T22:57:46.309Z] [DEBUG] Hits: br/macos/Productivity/top-free 2 app(s) found
[2026-09-14T22:57:47.179Z] [DEBUG] RSS ok: br/macos/Utilities/top-free entries=100
[2026-09-14T22:57:57.186Z] [INFO] RSS progress: 60/60 (60 ok, 0 error, 160 points)
[2026-09-14T22:57:57.186Z] [INFO] RSS fetch done: 60 ok, 0 error, 160 points
[2026-09-14T22:57:57.186Z] [INFO] Platform max returned: macos = 100
[2026-09-14T22:57:57.187Z] [INFO] RSS results: 60 ok, 0 error, 160 rank points
[2026-09-14T22:57:57.232Z] [INFO] Stored: 60 crawls, 160 points
[2026-09-14T22:57:57.270Z] [INFO] current.json written rows=23
[2026-09-14T22:57:57.271Z] [INFO] Current summary: on_chart=160, not_on_chart=300, depth_limited=0, crawl_error=0, total=460
[2026-09-14T22:57:57.271Z] [INFO] === Crawl complete === 646.9s
[2026-09-14T23:47:12.833Z] [INFO] === Crawl start === ts=2026-09-14T23:00:00Z
[2026-09-14T23:47:12.836Z] [INFO] Config loaded apps=4, platforms=macos, categories=Business,Productivity,Utilities
[2026-09-14T23:47:12.836Z] [INFO] App IDs to track: 23 our=4, competitors=19
[2026-09-14T23:47:12.837Z] [INFO] Lookup cached fetched_at=2026-09-14T00:47:12.247Z, 23 apps
[2026-09-14T23:47:12.838Z] [INFO] RSS requests: 60 countries=20, platforms=macos, categories=Business,Productivity,Utilities
[2026-09-14T23:47:12.838Z] [INFO] RSS fetch start: 60 requests, concurrency=1
[2026-09-14T23:47:13.681Z] [DEBUG] RSS ok: us/macos/Business/top-free entries=100
[2026-09-14T23:47:23.684Z] [DEBUG] Hits: us/macos/Business/top-free 3 app(s) found
[2026-09-14T23:47:24.517Z] [DEBUG] RSS ok: us/macos/Productivity/top-free entries=99
[2026-09-14T23:47:34.524Z] [DEBUG] Hits: us/macos/Productivity/top-free 6 app(s) found
[2026-09-14T23:47:35.419Z] [DEBUG] RSS ok: us/macos/Utilities/top-free entries=100
[2026-09-14T23:47:45.425Z] [DEBUG] Hits: us/macos/Utilities/top-free 1 app(s) found
[2026-09-14T23:47:46.294Z] [DEBUG] RSS ok: gb/macos/Business/top-free entries=98
[2026-09-14T23:47:56.300Z] [DEBUG] Hits: gb/macos/Business/top-free 4 app(s) found
[2026-09-14T23:47:57.215Z] [DEBUG] RSS ok: gb/macos/Productivity/top-free entries=99
[2026-09-14T23:48:07.216Z] [DEBUG] Hits: gb/macos/Productivity/top-free 5 app(s) found
[2026-09-14T23:48:08.131Z] [DEBUG] RSS ok: gb/macos/Utilities/top-free entries=100
[2026-09-14T23:48:18.136Z] [DEBUG] Hits: gb/macos/Utilities/top-free 3 app(s) found
[2026-09-14T23:48:18.836Z] [DEBUG] RSS ok: ca/macos/Business/top-free entries=100
[2026-09-14T23:48:28.842Z] [DEBUG] Hits: ca/macos/Business/top-free 5 app(s) found
[2026-09-14T23:48:29.711Z] [DEBUG] RSS ok: ca/macos/Productivity/top-free entries=99
[2026-09-14T23:48:39.718Z] [DEBUG] Hits: ca/macos/Productivity/top-free 5 app(s) found
[2026-09-14T23:48:40.673Z] [DEBUG] RSS ok: ca/macos/Utilities/top-free entries=100
[2026-09-14T23:48:50.680Z] [DEBUG] Hits: ca/macos/Utilities/top-free 1 app(s) found
[2026-09-14T23:48:51.566Z] [DEBUG] RSS ok: fr/macos/Business/top-free entries=98
[2026-09-14T23:49:01.573Z] [DEBUG] Hits: fr/macos/Business/top-free 3 app(s) found
[2026-09-14T23:49:01.573Z] [INFO] RSS progress: 10/60 (10 ok, 0 error, 36 points)
[2026-09-14T23:49:02.453Z] [DEBUG] RSS ok: fr/macos/Productivity/top-free entries=99
[2026-09-14T23:49:12.459Z] [DEBUG] Hits: fr/macos/Productivity/top-free 5 app(s) found
[2026-09-14T23:49:13.316Z] [DEBUG] RSS ok: fr/macos/Utilities/top-free entries=100
[2026-09-14T23:49:23.323Z] [DEBUG] Hits: fr/macos/Utilities/top-free 1 app(s) found
[2026-09-14T23:49:24.046Z] [DEBUG] RSS ok: de/macos/Business/top-free entries=99
[2026-09-14T23:49:34.053Z] [DEBUG] Hits: de/macos/Business/top-free 2 app(s) found
[2026-09-14T23:49:34.973Z] [DEBUG] RSS ok: de/macos/Productivity/top-free entries=99
[2026-09-14T23:49:44.979Z] [DEBUG] Hits: de/macos/Productivity/top-free 4 app(s) found
[2026-09-14T23:49:45.941Z] [DEBUG] RSS ok: de/macos/Utilities/top-free entries=100
[2026-09-14T23:49:55.947Z] [DEBUG] Hits: de/macos/Utilities/top-free 4 app(s) found
[2026-09-14T23:49:56.892Z] [DEBUG] RSS ok: jp/macos/Business/top-free entries=100
[2026-09-14T23:50:06.898Z] [DEBUG] Hits: jp/macos/Business/top-free 2 app(s) found
[2026-09-14T23:50:07.998Z] [DEBUG] RSS ok: jp/macos/Productivity/top-free entries=99
[2026-09-14T23:50:18.004Z] [DEBUG] Hits: jp/macos/Productivity/top-free 3 app(s) found
[2026-09-14T23:50:19.088Z] [DEBUG] RSS ok: jp/macos/Utilities/top-free entries=99
[2026-09-14T23:50:29.095Z] [DEBUG] Hits: jp/macos/Utilities/top-free 5 app(s) found
[2026-09-14T23:50:29.843Z] [DEBUG] RSS ok: au/macos/Business/top-free entries=100
[2026-09-14T23:50:39.850Z] [DEBUG] Hits: au/macos/Business/top-free 4 app(s) found
[2026-09-14T23:50:40.726Z] [DEBUG] RSS ok: au/macos/Productivity/top-free entries=99
[2026-09-14T23:50:50.730Z] [DEBUG] Hits: au/macos/Productivity/top-free 4 app(s) found
[2026-09-14T23:50:50.730Z] [INFO] RSS progress: 20/60 (20 ok, 0 error, 70 points)
[2026-09-14T23:50:51.556Z] [DEBUG] RSS ok: au/macos/Utilities/top-free entries=100
[2026-09-14T23:51:01.562Z] [DEBUG] Hits: au/macos/Utilities/top-free 1 app(s) found
[2026-09-14T23:51:02.568Z] [DEBUG] RSS ok: es/macos/Business/top-free entries=99
[2026-09-14T23:51:12.574Z] [DEBUG] Hits: es/macos/Business/top-free 3 app(s) found
[2026-09-14T23:51:13.534Z] [DEBUG] RSS ok: es/macos/Productivity/top-free entries=99
[2026-09-14T23:51:23.541Z] [DEBUG] Hits: es/macos/Productivity/top-free 5 app(s) found
[2026-09-14T23:51:24.341Z] [DEBUG] RSS ok: es/macos/Utilities/top-free entries=100
[2026-09-14T23:51:34.347Z] [DEBUG] Hits: es/macos/Utilities/top-free 1 app(s) found
[2026-09-14T23:51:35.181Z] [DEBUG] RSS ok: it/macos/Business/top-free entries=99
[2026-09-14T23:51:45.184Z] [DEBUG] Hits: it/macos/Business/top-free 3 app(s) found
[2026-09-14T23:51:46.363Z] [DEBUG] RSS ok: it/macos/Productivity/top-free entries=99
[2026-09-14T23:51:56.370Z] [DEBUG] Hits: it/macos/Productivity/top-free 5 app(s) found
[2026-09-14T23:51:57.147Z] [DEBUG] RSS ok: it/macos/Utilities/top-free entries=100
[2026-09-14T23:52:07.154Z] [DEBUG] Hits: it/macos/Utilities/top-free 1 app(s) found
[2026-09-14T23:52:08.269Z] [DEBUG] RSS ok: pt/macos/Business/top-free entries=100
[2026-09-14T23:52:18.276Z] [DEBUG] Hits: pt/macos/Business/top-free 3 app(s) found
[2026-09-14T23:52:19.306Z] [DEBUG] RSS ok: pt/macos/Productivity/top-free entries=99
[2026-09-14T23:52:29.312Z] [DEBUG] Hits: pt/macos/Productivity/top-free 4 app(s) found
[2026-09-14T23:52:30.330Z] [DEBUG] RSS ok: pt/macos/Utilities/top-free entries=100
[2026-09-14T23:52:40.336Z] [INFO] RSS progress: 30/60 (30 ok, 0 error, 96 points)
[2026-09-14T23:52:41.207Z] [DEBUG] RSS ok: ch/macos/Business/top-free entries=98
[2026-09-14T23:52:51.214Z] [DEBUG] Hits: ch/macos/Business/top-free 3 app(s) found
[2026-09-14T23:52:52.162Z] [DEBUG] RSS ok: ch/macos/Productivity/top-free entries=99
[2026-09-14T23:53:02.169Z] [DEBUG] Hits: ch/macos/Productivity/top-free 4 app(s) found
[2026-09-14T23:53:03.169Z] [DEBUG] RSS ok: ch/macos/Utilities/top-free entries=100
[2026-09-14T23:53:13.175Z] [DEBUG] Hits: ch/macos/Utilities/top-free 2 app(s) found
[2026-09-14T23:53:14.101Z] [DEBUG] RSS ok: be/macos/Business/top-free entries=100
[2026-09-14T23:53:24.107Z] [DEBUG] Hits: be/macos/Business/top-free 2 app(s) found
[2026-09-14T23:53:25.091Z] [DEBUG] RSS ok: be/macos/Productivity/top-free entries=99
[2026-09-14T23:53:35.098Z] [DEBUG] Hits: be/macos/Productivity/top-free 5 app(s) found
[2026-09-14T23:53:36.033Z] [DEBUG] RSS ok: be/macos/Utilities/top-free entries=100
[2026-09-14T23:53:46.919Z] [DEBUG] RSS ok: nl/macos/Business/top-free entries=99
[2026-09-14T23:53:56.925Z] [DEBUG] Hits: nl/macos/Business/top-free 1 app(s) found
[2026-09-14T23:53:57.807Z] [DEBUG] RSS ok: nl/macos/Productivity/top-free entries=99
[2026-09-14T23:54:07.813Z] [DEBUG] Hits: nl/macos/Productivity/top-free 4 app(s) found
[2026-09-14T23:54:08.559Z] [DEBUG] RSS ok: nl/macos/Utilities/top-free entries=100
[2026-09-14T23:54:19.406Z] [DEBUG] RSS ok: tw/macos/Business/top-free entries=100
[2026-09-14T23:54:29.412Z] [DEBUG] Hits: tw/macos/Business/top-free 2 app(s) found
[2026-09-14T23:54:29.412Z] [INFO] RSS progress: 40/60 (40 ok, 0 error, 119 points)
[2026-09-14T23:54:30.243Z] [DEBUG] RSS ok: tw/macos/Productivity/top-free entries=99
[2026-09-14T23:54:40.247Z] [DEBUG] Hits: tw/macos/Productivity/top-free 3 app(s) found
[2026-09-14T23:54:41.263Z] [DEBUG] RSS ok: tw/macos/Utilities/top-free entries=100
[2026-09-14T23:54:52.171Z] [DEBUG] RSS ok: hk/macos/Business/top-free entries=100
[2026-09-14T23:55:02.176Z] [DEBUG] Hits: hk/macos/Business/top-free 1 app(s) found
[2026-09-14T23:55:03.092Z] [DEBUG] RSS ok: hk/macos/Productivity/top-free entries=99
[2026-09-14T23:55:13.098Z] [DEBUG] Hits: hk/macos/Productivity/top-free 4 app(s) found
[2026-09-14T23:55:13.940Z] [DEBUG] RSS ok: hk/macos/Utilities/top-free entries=100
[2026-09-14T23:55:24.784Z] [DEBUG] RSS ok: nz/macos/Business/top-free entries=100
[2026-09-14T23:55:34.790Z] [DEBUG] Hits: nz/macos/Business/top-free 4 app(s) found
[2026-09-14T23:55:35.562Z] [DEBUG] RSS ok: nz/macos/Productivity/top-free entries=99
[2026-09-14T23:55:45.568Z] [DEBUG] Hits: nz/macos/Productivity/top-free 4 app(s) found
[2026-09-14T23:55:46.488Z] [DEBUG] RSS ok: nz/macos/Utilities/top-free entries=100
[2026-09-14T23:55:56.494Z] [DEBUG] Hits: nz/macos/Utilities/top-free 2 app(s) found
[2026-09-14T23:55:57.309Z] [DEBUG] RSS ok: sg/macos/Business/top-free entries=100
[2026-09-14T23:56:07.316Z] [DEBUG] Hits: sg/macos/Business/top-free 2 app(s) found
[2026-09-14T23:56:08.254Z] [DEBUG] RSS ok: sg/macos/Productivity/top-free entries=99
[2026-09-14T23:56:18.261Z] [DEBUG] Hits: sg/macos/Productivity/top-free 4 app(s) found
[2026-09-14T23:56:18.261Z] [INFO] RSS progress: 50/60 (50 ok, 0 error, 143 points)
[2026-09-14T23:56:19.027Z] [DEBUG] RSS ok: sg/macos/Utilities/top-free entries=100
[2026-09-14T23:56:30.253Z] [DEBUG] RSS ok: in/macos/Business/top-free entries=100
[2026-09-14T23:56:40.256Z] [DEBUG] Hits: in/macos/Business/top-free 2 app(s) found
[2026-09-14T23:56:41.135Z] [DEBUG] RSS ok: in/macos/Productivity/top-free entries=99
[2026-09-14T23:56:51.142Z] [DEBUG] Hits: in/macos/Productivity/top-free 2 app(s) found
[2026-09-14T23:56:52.024Z] [DEBUG] RSS ok: in/macos/Utilities/top-free entries=100
[2026-09-14T23:57:03.121Z] [DEBUG] RSS ok: za/macos/Business/top-free entries=100
[2026-09-14T23:57:13.128Z] [DEBUG] Hits: za/macos/Business/top-free 3 app(s) found
[2026-09-14T23:57:13.914Z] [DEBUG] RSS ok: za/macos/Productivity/top-free entries=99
[2026-09-14T23:57:23.920Z] [DEBUG] Hits: za/macos/Productivity/top-free 3 app(s) found
[2026-09-14T23:57:24.847Z] [DEBUG] RSS ok: za/macos/Utilities/top-free entries=100
[2026-09-14T23:57:34.854Z] [DEBUG] Hits: za/macos/Utilities/top-free 3 app(s) found
[2026-09-14T23:57:35.736Z] [DEBUG] RSS ok: br/macos/Business/top-free entries=100
[2026-09-14T23:57:45.742Z] [DEBUG] Hits: br/macos/Business/top-free 2 app(s) found
[2026-09-14T23:57:46.857Z] [DEBUG] RSS ok: br/macos/Productivity/top-free entries=99
[2026-09-14T23:57:56.864Z] [DEBUG] Hits: br/macos/Productivity/top-free 2 app(s) found
[2026-09-14T23:57:57.882Z] [DEBUG] RSS ok: br/macos/Utilities/top-free entries=100
[2026-09-14T23:58:07.889Z] [INFO] RSS progress: 60/60 (60 ok, 0 error, 160 points)
[2026-09-14T23:58:07.889Z] [INFO] Platform max returned: macos = 100
[2026-09-14T23:58:07.889Z] [INFO] RSS results: 60 ok, 0 error, 160 rank points
[2026-09-14T23:58:07.889Z] [INFO] RSS fetch done: 60 ok, 0 error, 160 points
[2026-09-14T23:58:07.909Z] [INFO] Stored: 60 crawls, 160 points
[2026-09-14T23:58:07.930Z] [INFO] current.json written rows=23
[2026-09-14T23:58:07.930Z] [INFO] Current summary: on_chart=160, not_on_chart=300, depth_limited=0, crawl_error=0, total=460
[2026-09-14T23:58:07.931Z] [INFO] === Crawl complete === 655.1s
