[2026-09-29T00:17:16.232Z] [INFO] === Crawl start === ts=2026-09-29T00:00:00Z
[2026-09-29T00:17:16.236Z] [INFO] Config loaded apps=4, platforms=macos, categories=Business,Productivity,Utilities
[2026-09-29T00:17:16.236Z] [INFO] App IDs to track: 23 our=4, competitors=19
[2026-09-29T00:17:16.237Z] [INFO] Lookup needed (daily refresh), fetching 23 apps...
[2026-09-29T00:17:16.238Z] [DEBUG] Lookup batch 1/1: 23 IDs
[2026-09-29T00:17:16.238Z] [INFO] Lookup: 23 unique IDs in 1 batch(es)
[2026-09-29T00:17:16.927Z] [DEBUG] Lookup batch 1: 23 results
[2026-09-29T00:17:16.928Z] [INFO] Lookup result: 23/23 apps found
[2026-09-29T00:17:16.930Z] [INFO] Lookup done: 23/23 results
[2026-09-29T00:17:16.931Z] [INFO] RSS requests: 60 countries=20, platforms=macos, categories=Business,Productivity,Utilities
[2026-09-29T00:17:16.931Z] [INFO] RSS fetch start: 60 requests, concurrency=1
[2026-09-29T00:17:18.040Z] [DEBUG] RSS ok: us/macos/Business/top-free entries=100
[2026-09-29T00:17:28.044Z] [DEBUG] Hits: us/macos/Business/top-free 2 app(s) found
[2026-09-29T00:17:28.938Z] [DEBUG] RSS ok: us/macos/Productivity/top-free entries=97
[2026-09-29T00:17:38.940Z] [DEBUG] Hits: us/macos/Productivity/top-free 6 app(s) found
[2026-09-29T00:17:39.736Z] [DEBUG] RSS ok: us/macos/Utilities/top-free entries=100
[2026-09-29T00:17:49.742Z] [DEBUG] Hits: us/macos/Utilities/top-free 1 app(s) found
[2026-09-29T00:17:50.569Z] [DEBUG] RSS ok: gb/macos/Business/top-free entries=100
[2026-09-29T00:18:00.575Z] [DEBUG] Hits: gb/macos/Business/top-free 3 app(s) found
[2026-09-29T00:18:01.299Z] [DEBUG] RSS ok: gb/macos/Productivity/top-free entries=98
[2026-09-29T00:18:11.305Z] [DEBUG] Hits: gb/macos/Productivity/top-free 5 app(s) found
[2026-09-29T00:18:12.036Z] [DEBUG] RSS ok: gb/macos/Utilities/top-free entries=100
[2026-09-29T00:18:22.043Z] [DEBUG] Hits: gb/macos/Utilities/top-free 3 app(s) found
[2026-09-29T00:18:22.861Z] [DEBUG] RSS ok: ca/macos/Business/top-free entries=100
[2026-09-29T00:18:32.867Z] [DEBUG] Hits: ca/macos/Business/top-free 4 app(s) found
[2026-09-29T00:18:33.547Z] [DEBUG] RSS ok: ca/macos/Productivity/top-free entries=97
[2026-09-29T00:18:43.554Z] [DEBUG] Hits: ca/macos/Productivity/top-free 5 app(s) found
[2026-09-29T00:18:44.511Z] [DEBUG] RSS ok: ca/macos/Utilities/top-free entries=100
[2026-09-29T00:18:54.521Z] [DEBUG] Hits: ca/macos/Utilities/top-free 1 app(s) found
[2026-09-29T00:18:55.553Z] [DEBUG] RSS ok: fr/macos/Business/top-free entries=98
[2026-09-29T00:19:05.553Z] [DEBUG] Hits: fr/macos/Business/top-free 3 app(s) found
[2026-09-29T00:19:05.554Z] [INFO] RSS progress: 10/60 (10 ok, 0 error, 33 points)
[2026-09-29T00:19:06.685Z] [DEBUG] RSS ok: fr/macos/Productivity/top-free entries=98
[2026-09-29T00:19:16.692Z] [DEBUG] Hits: fr/macos/Productivity/top-free 4 app(s) found
[2026-09-29T00:19:17.750Z] [DEBUG] RSS ok: fr/macos/Utilities/top-free entries=100
[2026-09-29T00:19:27.757Z] [DEBUG] Hits: fr/macos/Utilities/top-free 2 app(s) found
[2026-09-29T00:19:29.649Z] [DEBUG] RSS ok: de/macos/Business/top-free entries=99
[2026-09-29T00:19:39.655Z] [DEBUG] Hits: de/macos/Business/top-free 1 app(s) found
[2026-09-29T00:19:40.545Z] [DEBUG] RSS ok: de/macos/Productivity/top-free entries=98
[2026-09-29T00:19:50.551Z] [DEBUG] Hits: de/macos/Productivity/top-free 4 app(s) found
[2026-09-29T00:19:51.476Z] [DEBUG] RSS ok: de/macos/Utilities/top-free entries=100
[2026-09-29T00:20:01.482Z] [DEBUG] Hits: de/macos/Utilities/top-free 3 app(s) found
[2026-09-29T00:20:02.320Z] [DEBUG] RSS ok: jp/macos/Business/top-free entries=99
[2026-09-29T00:20:12.322Z] [DEBUG] Hits: jp/macos/Business/top-free 2 app(s) found
[2026-09-29T00:20:13.175Z] [DEBUG] RSS ok: jp/macos/Productivity/top-free entries=98
[2026-09-29T00:20:23.182Z] [DEBUG] Hits: jp/macos/Productivity/top-free 3 app(s) found
[2026-09-29T00:20:23.984Z] [DEBUG] RSS ok: jp/macos/Utilities/top-free entries=100
[2026-09-29T00:20:33.991Z] [DEBUG] Hits: jp/macos/Utilities/top-free 3 app(s) found
[2026-09-29T00:20:34.998Z] [DEBUG] RSS ok: au/macos/Business/top-free entries=100
[2026-09-29T00:20:45.002Z] [DEBUG] Hits: au/macos/Business/top-free 3 app(s) found
[2026-09-29T00:20:46.316Z] [DEBUG] RSS ok: au/macos/Productivity/top-free entries=98
[2026-09-29T00:20:56.322Z] [DEBUG] Hits: au/macos/Productivity/top-free 5 app(s) found
[2026-09-29T00:20:56.322Z] [INFO] RSS progress: 20/60 (20 ok, 0 error, 63 points)
[2026-09-29T00:20:57.096Z] [DEBUG] RSS ok: au/macos/Utilities/top-free entries=100
[2026-09-29T00:21:07.098Z] [DEBUG] Hits: au/macos/Utilities/top-free 2 app(s) found
[2026-09-29T00:21:08.830Z] [DEBUG] RSS ok: es/macos/Business/top-free entries=98
[2026-09-29T00:21:18.835Z] [DEBUG] Hits: es/macos/Business/top-free 3 app(s) found
[2026-09-29T00:21:19.567Z] [DEBUG] RSS ok: es/macos/Productivity/top-free entries=98
[2026-09-29T00:21:29.572Z] [DEBUG] Hits: es/macos/Productivity/top-free 5 app(s) found
[2026-09-29T00:21:30.436Z] [DEBUG] RSS ok: es/macos/Utilities/top-free entries=100
[2026-09-29T00:21:41.328Z] [DEBUG] RSS ok: it/macos/Business/top-free entries=99
[2026-09-29T00:21:51.330Z] [DEBUG] Hits: it/macos/Business/top-free 2 app(s) found
[2026-09-29T00:21:52.131Z] [DEBUG] RSS ok: it/macos/Productivity/top-free entries=98
[2026-09-29T00:22:02.138Z] [DEBUG] Hits: it/macos/Productivity/top-free 4 app(s) found
[2026-09-29T00:22:03.069Z] [DEBUG] RSS ok: it/macos/Utilities/top-free entries=100
[2026-09-29T00:22:13.076Z] [DEBUG] Hits: it/macos/Utilities/top-free 1 app(s) found
[2026-09-29T00:22:13.809Z] [DEBUG] RSS ok: pt/macos/Business/top-free entries=99
[2026-09-29T00:22:23.815Z] [DEBUG] Hits: pt/macos/Business/top-free 2 app(s) found
[2026-09-29T00:22:24.639Z] [DEBUG] RSS ok: pt/macos/Productivity/top-free entries=98
[2026-09-29T00:22:34.646Z] [DEBUG] Hits: pt/macos/Productivity/top-free 3 app(s) found
[2026-09-29T00:22:35.583Z] [DEBUG] RSS ok: pt/macos/Utilities/top-free entries=100
[2026-09-29T00:22:45.590Z] [DEBUG] Hits: pt/macos/Utilities/top-free 2 app(s) found
[2026-09-29T00:22:45.590Z] [INFO] RSS progress: 30/60 (30 ok, 0 error, 87 points)
[2026-09-29T00:22:46.470Z] [DEBUG] RSS ok: ch/macos/Business/top-free entries=100
[2026-09-29T00:22:56.475Z] [DEBUG] Hits: ch/macos/Business/top-free 1 app(s) found
[2026-09-29T00:22:57.428Z] [DEBUG] RSS ok: ch/macos/Productivity/top-free entries=98
[2026-09-29T00:23:07.434Z] [DEBUG] Hits: ch/macos/Productivity/top-free 3 app(s) found
[2026-09-29T00:23:08.657Z] [DEBUG] RSS ok: ch/macos/Utilities/top-free entries=100
[2026-09-29T00:23:18.664Z] [DEBUG] Hits: ch/macos/Utilities/top-free 3 app(s) found
[2026-09-29T00:23:19.648Z] [DEBUG] RSS ok: be/macos/Business/top-free entries=100
[2026-09-29T00:23:29.655Z] [DEBUG] Hits: be/macos/Business/top-free 2 app(s) found
[2026-09-29T00:23:30.552Z] [DEBUG] RSS ok: be/macos/Productivity/top-free entries=98
[2026-09-29T00:23:40.558Z] [DEBUG] Hits: be/macos/Productivity/top-free 6 app(s) found
[2026-09-29T00:23:41.510Z] [DEBUG] RSS ok: be/macos/Utilities/top-free entries=100
[2026-09-29T00:23:51.515Z] [DEBUG] Hits: be/macos/Utilities/top-free 1 app(s) found
[2026-09-29T00:23:52.307Z] [DEBUG] RSS ok: nl/macos/Business/top-free entries=100
[2026-09-29T00:24:02.314Z] [DEBUG] Hits: nl/macos/Business/top-free 2 app(s) found
[2026-09-29T00:24:03.123Z] [DEBUG] RSS ok: nl/macos/Productivity/top-free entries=98
[2026-09-29T00:24:13.128Z] [DEBUG] Hits: nl/macos/Productivity/top-free 5 app(s) found
[2026-09-29T00:24:14.105Z] [DEBUG] RSS ok: nl/macos/Utilities/top-free entries=100
[2026-09-29T00:24:24.112Z] [DEBUG] Hits: nl/macos/Utilities/top-free 1 app(s) found
[2026-09-29T00:24:24.929Z] [DEBUG] RSS ok: tw/macos/Business/top-free entries=99
[2026-09-29T00:24:34.936Z] [DEBUG] Hits: tw/macos/Business/top-free 2 app(s) found
[2026-09-29T00:24:34.936Z] [INFO] RSS progress: 40/60 (40 ok, 0 error, 113 points)
[2026-09-29T00:24:35.694Z] [DEBUG] RSS ok: tw/macos/Productivity/top-free entries=97
[2026-09-29T00:24:45.700Z] [DEBUG] Hits: tw/macos/Productivity/top-free 2 app(s) found
[2026-09-29T00:24:46.464Z] [DEBUG] RSS ok: tw/macos/Utilities/top-free entries=100
[2026-09-29T00:24:56.470Z] [DEBUG] Hits: tw/macos/Utilities/top-free 1 app(s) found
[2026-09-29T00:24:57.307Z] [DEBUG] RSS ok: hk/macos/Business/top-free entries=99
[2026-09-29T00:25:07.312Z] [DEBUG] Hits: hk/macos/Business/top-free 2 app(s) found
[2026-09-29T00:25:08.035Z] [DEBUG] RSS ok: hk/macos/Productivity/top-free entries=97
[2026-09-29T00:25:18.041Z] [DEBUG] Hits: hk/macos/Productivity/top-free 5 app(s) found
[2026-09-29T00:25:18.976Z] [DEBUG] RSS ok: hk/macos/Utilities/top-free entries=100
[2026-09-29T00:25:28.982Z] [DEBUG] Hits: hk/macos/Utilities/top-free 1 app(s) found
[2026-09-29T00:25:29.781Z] [DEBUG] RSS ok: nz/macos/Business/top-free entries=100
[2026-09-29T00:25:39.786Z] [DEBUG] Hits: nz/macos/Business/top-free 1 app(s) found
[2026-09-29T00:25:40.698Z] [DEBUG] RSS ok: nz/macos/Productivity/top-free entries=98
[2026-09-29T00:25:50.704Z] [DEBUG] Hits: nz/macos/Productivity/top-free 3 app(s) found
[2026-09-29T00:25:51.405Z] [DEBUG] RSS ok: nz/macos/Utilities/top-free entries=100
[2026-09-29T00:26:01.410Z] [DEBUG] Hits: nz/macos/Utilities/top-free 1 app(s) found
[2026-09-29T00:26:02.884Z] [DEBUG] RSS ok: sg/macos/Business/top-free entries=100
[2026-09-29T00:26:12.891Z] [DEBUG] Hits: sg/macos/Business/top-free 2 app(s) found
[2026-09-29T00:26:13.840Z] [DEBUG] RSS ok: sg/macos/Productivity/top-free entries=97
[2026-09-29T00:26:23.842Z] [DEBUG] Hits: sg/macos/Productivity/top-free 2 app(s) found
[2026-09-29T00:26:23.842Z] [INFO] RSS progress: 50/60 (50 ok, 0 error, 133 points)
[2026-09-29T00:26:24.725Z] [DEBUG] RSS ok: sg/macos/Utilities/top-free entries=100
[2026-09-29T00:26:34.730Z] [DEBUG] Hits: sg/macos/Utilities/top-free 1 app(s) found
[2026-09-29T00:26:35.848Z] [DEBUG] RSS ok: in/macos/Business/top-free entries=100
[2026-09-29T00:26:45.855Z] [DEBUG] Hits: in/macos/Business/top-free 2 app(s) found
[2026-09-29T00:26:46.827Z] [DEBUG] RSS ok: in/macos/Productivity/top-free entries=98
[2026-09-29T00:26:56.834Z] [DEBUG] Hits: in/macos/Productivity/top-free 3 app(s) found
[2026-09-29T00:26:57.730Z] [DEBUG] RSS ok: in/macos/Utilities/top-free entries=100
[2026-09-29T00:27:07.736Z] [DEBUG] Hits: in/macos/Utilities/top-free 1 app(s) found
[2026-09-29T00:27:08.699Z] [DEBUG] RSS ok: za/macos/Business/top-free entries=100
[2026-09-29T00:27:18.705Z] [DEBUG] Hits: za/macos/Business/top-free 3 app(s) found
[2026-09-29T00:27:19.861Z] [DEBUG] RSS ok: za/macos/Productivity/top-free entries=99
[2026-09-29T00:27:29.867Z] [DEBUG] Hits: za/macos/Productivity/top-free 3 app(s) found
[2026-09-29T00:27:30.818Z] [DEBUG] RSS ok: za/macos/Utilities/top-free entries=100
[2026-09-29T00:27:40.824Z] [DEBUG] Hits: za/macos/Utilities/top-free 3 app(s) found
[2026-09-29T00:27:41.617Z] [DEBUG] RSS ok: br/macos/Business/top-free entries=100
[2026-09-29T00:27:51.623Z] [DEBUG] Hits: br/macos/Business/top-free 2 app(s) found
[2026-09-29T00:27:52.343Z] [DEBUG] RSS ok: br/macos/Productivity/top-free entries=98
[2026-09-29T00:28:02.346Z] [DEBUG] Hits: br/macos/Productivity/top-free 3 app(s) found
[2026-09-29T00:28:03.091Z] [DEBUG] RSS ok: br/macos/Utilities/top-free entries=100
[2026-09-29T00:28:13.097Z] [INFO] RSS progress: 60/60 (60 ok, 0 error, 154 points)
[2026-09-29T00:28:13.097Z] [INFO] RSS fetch done: 60 ok, 0 error, 154 points
[2026-09-29T00:28:13.097Z] [INFO] Platform max returned: macos = 100
[2026-09-29T00:28:13.098Z] [INFO] RSS results: 60 ok, 0 error, 154 rank points
[2026-09-29T00:28:13.123Z] [INFO] Stored: 60 crawls, 154 points
[2026-09-29T00:28:13.142Z] [INFO] current.json written rows=23
[2026-09-29T00:28:13.143Z] [INFO] Current summary: on_chart=154, not_on_chart=286, depth_limited=20, crawl_error=0, total=460
[2026-09-29T00:28:13.143Z] [INFO] === Crawl complete === 656.9s
[2026-09-29T01:17:16.102Z] [INFO] === Crawl start === ts=2026-09-29T01:00:00Z
[2026-09-29T01:17:16.106Z] [INFO] Config loaded apps=4, platforms=macos, categories=Business,Productivity,Utilities
[2026-09-29T01:17:16.106Z] [INFO] App IDs to track: 23 our=4, competitors=19
[2026-09-29T01:17:16.107Z] [INFO] Lookup cached fetched_at=2026-09-29T00:17:16.928Z, 23 apps
[2026-09-29T01:17:16.108Z] [INFO] RSS requests: 60 countries=20, platforms=macos, categories=Business,Productivity,Utilities
[2026-09-29T01:17:16.108Z] [INFO] RSS fetch start: 60 requests, concurrency=1
[2026-09-29T01:17:16.886Z] [DEBUG] RSS ok: us/macos/Business/top-free entries=100
[2026-09-29T01:17:26.888Z] [DEBUG] Hits: us/macos/Business/top-free 3 app(s) found
[2026-09-29T01:17:27.969Z] [DEBUG] RSS ok: us/macos/Productivity/top-free entries=98
[2026-09-29T01:17:37.975Z] [DEBUG] Hits: us/macos/Productivity/top-free 6 app(s) found
[2026-09-29T01:17:38.816Z] [DEBUG] RSS ok: us/macos/Utilities/top-free entries=100
[2026-09-29T01:17:48.822Z] [DEBUG] Hits: us/macos/Utilities/top-free 1 app(s) found
[2026-09-29T01:17:49.556Z] [DEBUG] RSS ok: gb/macos/Business/top-free entries=100
[2026-09-29T01:17:59.563Z] [DEBUG] Hits: gb/macos/Business/top-free 3 app(s) found
[2026-09-29T01:18:00.268Z] [DEBUG] RSS ok: gb/macos/Productivity/top-free entries=98
[2026-09-29T01:18:10.275Z] [DEBUG] Hits: gb/macos/Productivity/top-free 5 app(s) found
[2026-09-29T01:18:11.088Z] [DEBUG] RSS ok: gb/macos/Utilities/top-free entries=100
[2026-09-29T01:18:21.094Z] [DEBUG] Hits: gb/macos/Utilities/top-free 3 app(s) found
[2026-09-29T01:18:21.692Z] [DEBUG] RSS ok: ca/macos/Business/top-free entries=100
[2026-09-29T01:18:31.698Z] [DEBUG] Hits: ca/macos/Business/top-free 4 app(s) found
[2026-09-29T01:18:32.423Z] [DEBUG] RSS ok: ca/macos/Productivity/top-free entries=98
[2026-09-29T01:18:42.429Z] [DEBUG] Hits: ca/macos/Productivity/top-free 5 app(s) found
[2026-09-29T01:18:43.912Z] [DEBUG] RSS ok: ca/macos/Utilities/top-free entries=100
[2026-09-29T01:18:53.919Z] [DEBUG] Hits: ca/macos/Utilities/top-free 1 app(s) found
[2026-09-29T01:18:54.767Z] [DEBUG] RSS ok: fr/macos/Business/top-free entries=98
[2026-09-29T01:19:04.773Z] [INFO] RSS progress: 10/60 (10 ok, 0 error, 34 points)
[2026-09-29T01:19:04.773Z] [DEBUG] Hits: fr/macos/Business/top-free 3 app(s) found
[2026-09-29T01:19:05.606Z] [DEBUG] RSS ok: fr/macos/Productivity/top-free entries=98
[2026-09-29T01:19:15.612Z] [DEBUG] Hits: fr/macos/Productivity/top-free 4 app(s) found
[2026-09-29T01:19:16.986Z] [DEBUG] RSS ok: fr/macos/Utilities/top-free entries=100
[2026-09-29T01:19:26.992Z] [DEBUG] Hits: fr/macos/Utilities/top-free 2 app(s) found
[2026-09-29T01:19:28.228Z] [DEBUG] RSS ok: de/macos/Business/top-free entries=99
[2026-09-29T01:19:38.234Z] [DEBUG] Hits: de/macos/Business/top-free 1 app(s) found
[2026-09-29T01:19:40.533Z] [DEBUG] RSS ok: de/macos/Productivity/top-free entries=98
[2026-09-29T01:19:50.540Z] [DEBUG] Hits: de/macos/Productivity/top-free 4 app(s) found
[2026-09-29T01:19:51.423Z] [DEBUG] RSS ok: de/macos/Utilities/top-free entries=100
[2026-09-29T01:20:01.430Z] [DEBUG] Hits: de/macos/Utilities/top-free 3 app(s) found
[2026-09-29T01:20:02.552Z] [DEBUG] RSS ok: jp/macos/Business/top-free entries=99
[2026-09-29T01:20:12.558Z] [DEBUG] Hits: jp/macos/Business/top-free 2 app(s) found
[2026-09-29T01:20:13.330Z] [DEBUG] RSS ok: jp/macos/Productivity/top-free entries=98
[2026-09-29T01:20:23.330Z] [DEBUG] Hits: jp/macos/Productivity/top-free 3 app(s) found
[2026-09-29T01:20:24.150Z] [DEBUG] RSS ok: jp/macos/Utilities/top-free entries=100
[2026-09-29T01:20:34.157Z] [DEBUG] Hits: jp/macos/Utilities/top-free 4 app(s) found
[2026-09-29T01:20:35.114Z] [DEBUG] RSS ok: au/macos/Business/top-free entries=100
[2026-09-29T01:20:45.115Z] [DEBUG] Hits: au/macos/Business/top-free 3 app(s) found
[2026-09-29T01:20:45.869Z] [DEBUG] RSS ok: au/macos/Productivity/top-free entries=98
[2026-09-29T01:20:55.876Z] [DEBUG] Hits: au/macos/Productivity/top-free 5 app(s) found
[2026-09-29T01:20:55.876Z] [INFO] RSS progress: 20/60 (20 ok, 0 error, 65 points)
[2026-09-29T01:20:56.471Z] [DEBUG] RSS ok: au/macos/Utilities/top-free entries=100
[2026-09-29T01:21:06.476Z] [DEBUG] Hits: au/macos/Utilities/top-free 2 app(s) found
[2026-09-29T01:21:08.034Z] [DEBUG] RSS ok: es/macos/Business/top-free entries=98
[2026-09-29T01:21:18.036Z] [DEBUG] Hits: es/macos/Business/top-free 3 app(s) found
[2026-09-29T01:21:18.788Z] [DEBUG] RSS ok: es/macos/Productivity/top-free entries=98
[2026-09-29T01:21:28.794Z] [DEBUG] Hits: es/macos/Productivity/top-free 5 app(s) found
[2026-09-29T01:21:29.623Z] [DEBUG] RSS ok: es/macos/Utilities/top-free entries=100
[2026-09-29T01:21:40.876Z] [DEBUG] RSS ok: it/macos/Business/top-free entries=99
[2026-09-29T01:21:50.881Z] [DEBUG] Hits: it/macos/Business/top-free 2 app(s) found
[2026-09-29T01:21:52.321Z] [DEBUG] RSS ok: it/macos/Productivity/top-free entries=98
[2026-09-29T01:22:02.327Z] [DEBUG] Hits: it/macos/Productivity/top-free 4 app(s) found
[2026-09-29T01:22:03.019Z] [DEBUG] RSS ok: it/macos/Utilities/top-free entries=100
[2026-09-29T01:22:13.026Z] [DEBUG] Hits: it/macos/Utilities/top-free 1 app(s) found
[2026-09-29T01:22:13.784Z] [DEBUG] RSS ok: pt/macos/Business/top-free entries=99
[2026-09-29T01:22:23.787Z] [DEBUG] Hits: pt/macos/Business/top-free 2 app(s) found
[2026-09-29T01:22:24.809Z] [DEBUG] RSS ok: pt/macos/Productivity/top-free entries=98
[2026-09-29T01:22:34.814Z] [DEBUG] Hits: pt/macos/Productivity/top-free 3 app(s) found
[2026-09-29T01:22:35.775Z] [DEBUG] RSS ok: pt/macos/Utilities/top-free entries=100
[2026-09-29T01:22:45.782Z] [DEBUG] Hits: pt/macos/Utilities/top-free 1 app(s) found
[2026-09-29T01:22:45.782Z] [INFO] RSS progress: 30/60 (30 ok, 0 error, 88 points)
[2026-09-29T01:22:46.867Z] [DEBUG] RSS ok: ch/macos/Business/top-free entries=100
[2026-09-29T01:22:56.873Z] [DEBUG] Hits: ch/macos/Business/top-free 1 app(s) found
[2026-09-29T01:22:57.693Z] [DEBUG] RSS ok: ch/macos/Productivity/top-free entries=98
[2026-09-29T01:23:07.698Z] [DEBUG] Hits: ch/macos/Productivity/top-free 3 app(s) found
[2026-09-29T01:23:08.467Z] [DEBUG] RSS ok: ch/macos/Utilities/top-free entries=100
[2026-09-29T01:23:18.473Z] [DEBUG] Hits: ch/macos/Utilities/top-free 3 app(s) found
[2026-09-29T01:23:19.257Z] [DEBUG] RSS ok: be/macos/Business/top-free entries=100
[2026-09-29T01:23:29.263Z] [DEBUG] Hits: be/macos/Business/top-free 2 app(s) found
[2026-09-29T01:23:30.180Z] [DEBUG] RSS ok: be/macos/Productivity/top-free entries=98
[2026-09-29T01:23:40.186Z] [DEBUG] Hits: be/macos/Productivity/top-free 6 app(s) found
[2026-09-29T01:23:41.059Z] [DEBUG] RSS ok: be/macos/Utilities/top-free entries=100
[2026-09-29T01:23:51.066Z] [DEBUG] Hits: be/macos/Utilities/top-free 1 app(s) found
[2026-09-29T01:23:52.069Z] [DEBUG] RSS ok: nl/macos/Business/top-free entries=100
[2026-09-29T01:24:02.076Z] [DEBUG] Hits: nl/macos/Business/top-free 2 app(s) found
[2026-09-29T01:24:02.779Z] [DEBUG] RSS ok: nl/macos/Productivity/top-free entries=98
[2026-09-29T01:24:12.786Z] [DEBUG] Hits: nl/macos/Productivity/top-free 4 app(s) found
[2026-09-29T01:24:14.025Z] [DEBUG] RSS ok: nl/macos/Utilities/top-free entries=100
[2026-09-29T01:24:24.027Z] [DEBUG] Hits: nl/macos/Utilities/top-free 2 app(s) found
[2026-09-29T01:24:24.801Z] [DEBUG] RSS ok: tw/macos/Business/top-free entries=99
[2026-09-29T01:24:34.808Z] [DEBUG] Hits: tw/macos/Business/top-free 2 app(s) found
[2026-09-29T01:24:34.808Z] [INFO] RSS progress: 40/60 (40 ok, 0 error, 114 points)
[2026-09-29T01:24:35.632Z] [DEBUG] RSS ok: tw/macos/Productivity/top-free entries=98
[2026-09-29T01:24:45.638Z] [DEBUG] Hits: tw/macos/Productivity/top-free 2 app(s) found
[2026-09-29T01:24:46.390Z] [DEBUG] RSS ok: tw/macos/Utilities/top-free entries=100
[2026-09-29T01:24:56.397Z] [DEBUG] Hits: tw/macos/Utilities/top-free 1 app(s) found
[2026-09-29T01:24:57.435Z] [DEBUG] RSS ok: hk/macos/Business/top-free entries=99
[2026-09-29T01:25:07.441Z] [DEBUG] Hits: hk/macos/Business/top-free 2 app(s) found
[2026-09-29T01:25:08.192Z] [DEBUG] RSS ok: hk/macos/Productivity/top-free entries=98
[2026-09-29T01:25:18.198Z] [DEBUG] Hits: hk/macos/Productivity/top-free 5 app(s) found
[2026-09-29T01:25:18.876Z] [DEBUG] RSS ok: hk/macos/Utilities/top-free entries=100
[2026-09-29T01:25:28.882Z] [DEBUG] Hits: hk/macos/Utilities/top-free 1 app(s) found
[2026-09-29T01:25:29.821Z] [DEBUG] RSS ok: nz/macos/Business/top-free entries=100
[2026-09-29T01:25:39.827Z] [DEBUG] Hits: nz/macos/Business/top-free 2 app(s) found
[2026-09-29T01:25:40.545Z] [DEBUG] RSS ok: nz/macos/Productivity/top-free entries=98
[2026-09-29T01:25:50.552Z] [DEBUG] Hits: nz/macos/Productivity/top-free 4 app(s) found
[2026-09-29T01:25:51.492Z] [DEBUG] RSS ok: nz/macos/Utilities/top-free entries=100
[2026-09-29T01:26:01.496Z] [DEBUG] Hits: nz/macos/Utilities/top-free 1 app(s) found
[2026-09-29T01:26:02.135Z] [DEBUG] RSS ok: sg/macos/Business/top-free entries=100
[2026-09-29T01:26:12.141Z] [DEBUG] Hits: sg/macos/Business/top-free 2 app(s) found
[2026-09-29T01:26:13.460Z] [DEBUG] RSS ok: sg/macos/Productivity/top-free entries=98
[2026-09-29T01:26:23.467Z] [DEBUG] Hits: sg/macos/Productivity/top-free 2 app(s) found
[2026-09-29T01:26:23.467Z] [INFO] RSS progress: 50/60 (50 ok, 0 error, 136 points)
[2026-09-29T01:26:24.407Z] [DEBUG] RSS ok: sg/macos/Utilities/top-free entries=100
[2026-09-29T01:26:34.413Z] [DEBUG] Hits: sg/macos/Utilities/top-free 1 app(s) found
[2026-09-29T01:26:35.219Z] [DEBUG] RSS ok: in/macos/Business/top-free entries=100
[2026-09-29T01:26:45.226Z] [DEBUG] Hits: in/macos/Business/top-free 2 app(s) found
[2026-09-29T01:26:47.668Z] [DEBUG] RSS ok: in/macos/Productivity/top-free entries=98
[2026-09-29T01:26:57.674Z] [DEBUG] Hits: in/macos/Productivity/top-free 3 app(s) found
[2026-09-29T01:26:58.456Z] [DEBUG] RSS ok: in/macos/Utilities/top-free entries=100
[2026-09-29T01:27:08.463Z] [DEBUG] Hits: in/macos/Utilities/top-free 1 app(s) found
[2026-09-29T01:27:09.191Z] [DEBUG] RSS ok: za/macos/Business/top-free entries=100
[2026-09-29T01:27:19.197Z] [DEBUG] Hits: za/macos/Business/top-free 3 app(s) found
[2026-09-29T01:27:20.143Z] [DEBUG] RSS ok: za/macos/Productivity/top-free entries=99
[2026-09-29T01:27:30.149Z] [DEBUG] Hits: za/macos/Productivity/top-free 5 app(s) found
[2026-09-29T01:27:31.159Z] [DEBUG] RSS ok: za/macos/Utilities/top-free entries=100
[2026-09-29T01:27:41.166Z] [DEBUG] Hits: za/macos/Utilities/top-free 3 app(s) found
[2026-09-29T01:27:42.142Z] [DEBUG] RSS ok: br/macos/Business/top-free entries=99
[2026-09-29T01:27:52.146Z] [DEBUG] Hits: br/macos/Business/top-free 2 app(s) found
[2026-09-29T01:27:53.274Z] [DEBUG] RSS ok: br/macos/Productivity/top-free entries=98
[2026-09-29T01:28:03.279Z] [DEBUG] Hits: br/macos/Productivity/top-free 3 app(s) found
[2026-09-29T01:28:04.373Z] [DEBUG] RSS ok: br/macos/Utilities/top-free entries=100
[2026-09-29T01:28:14.379Z] [INFO] RSS progress: 60/60 (60 ok, 0 error, 159 points)
[2026-09-29T01:28:14.379Z] [INFO] RSS fetch done: 60 ok, 0 error, 159 points
[2026-09-29T01:28:14.379Z] [INFO] RSS results: 60 ok, 0 error, 159 rank points
[2026-09-29T01:28:14.379Z] [INFO] Platform max returned: macos = 100
[2026-09-29T01:28:14.414Z] [INFO] Stored: 60 crawls, 159 points
[2026-09-29T01:28:14.432Z] [INFO] current.json written rows=23
[2026-09-29T01:28:14.432Z] [INFO] Current summary: on_chart=159, not_on_chart=301, depth_limited=0, crawl_error=0, total=460
[2026-09-29T01:28:14.433Z] [INFO] === Crawl complete === 658.3s
[2026-09-29T02:17:19.513Z] [INFO] === Crawl start === ts=2026-09-29T02:00:00Z
[2026-09-29T02:17:19.517Z] [INFO] Config loaded apps=4, platforms=macos, categories=Business,Productivity,Utilities
[2026-09-29T02:17:19.517Z] [INFO] App IDs to track: 23 our=4, competitors=19
[2026-09-29T02:17:19.519Z] [INFO] Lookup cached fetched_at=2026-09-29T00:17:16.928Z, 23 apps
[2026-09-29T02:17:19.519Z] [INFO] RSS requests: 60 countries=20, platforms=macos, categories=Business,Productivity,Utilities
[2026-09-29T02:17:19.519Z] [INFO] RSS fetch start: 60 requests, concurrency=1
[2026-09-29T02:17:21.528Z] [DEBUG] RSS ok: us/macos/Business/top-free entries=100
[2026-09-29T02:17:31.533Z] [DEBUG] Hits: us/macos/Business/top-free 3 app(s) found
[2026-09-29T02:17:32.290Z] [DEBUG] RSS ok: us/macos/Productivity/top-free entries=98
[2026-09-29T02:17:42.292Z] [DEBUG] Hits: us/macos/Productivity/top-free 6 app(s) found
[2026-09-29T02:17:43.092Z] [DEBUG] RSS ok: us/macos/Utilities/top-free entries=100
[2026-09-29T02:17:53.098Z] [DEBUG] Hits: us/macos/Utilities/top-free 1 app(s) found
[2026-09-29T02:17:53.880Z] [DEBUG] RSS ok: gb/macos/Business/top-free entries=100
[2026-09-29T02:18:03.886Z] [DEBUG] Hits: gb/macos/Business/top-free 3 app(s) found
[2026-09-29T02:18:14.317Z] [DEBUG] RSS ok: gb/macos/Productivity/top-free entries=98
[2026-09-29T02:18:24.323Z] [DEBUG] Hits: gb/macos/Productivity/top-free 5 app(s) found
[2026-09-29T02:18:25.175Z] [DEBUG] RSS ok: gb/macos/Utilities/top-free entries=100
[2026-09-29T02:18:35.181Z] [DEBUG] Hits: gb/macos/Utilities/top-free 3 app(s) found
[2026-09-29T02:18:35.909Z] [DEBUG] RSS ok: ca/macos/Business/top-free entries=100
[2026-09-29T02:18:45.915Z] [DEBUG] Hits: ca/macos/Business/top-free 4 app(s) found
[2026-09-29T02:18:46.678Z] [DEBUG] RSS ok: ca/macos/Productivity/top-free entries=98
[2026-09-29T02:18:56.685Z] [DEBUG] Hits: ca/macos/Productivity/top-free 5 app(s) found
[2026-09-29T02:18:57.686Z] [DEBUG] RSS ok: ca/macos/Utilities/top-free entries=100
[2026-09-29T02:19:07.692Z] [DEBUG] Hits: ca/macos/Utilities/top-free 1 app(s) found
[2026-09-29T02:19:08.520Z] [DEBUG] RSS ok: fr/macos/Business/top-free entries=98
[2026-09-29T02:19:18.527Z] [DEBUG] Hits: fr/macos/Business/top-free 3 app(s) found
[2026-09-29T02:19:18.527Z] [INFO] RSS progress: 10/60 (10 ok, 0 error, 34 points)
[2026-09-29T02:19:19.504Z] [DEBUG] RSS ok: fr/macos/Productivity/top-free entries=98
[2026-09-29T02:19:29.510Z] [DEBUG] Hits: fr/macos/Productivity/top-free 4 app(s) found
[2026-09-29T02:19:30.621Z] [DEBUG] RSS ok: fr/macos/Utilities/top-free entries=100
[2026-09-29T02:19:40.627Z] [DEBUG] Hits: fr/macos/Utilities/top-free 2 app(s) found
[2026-09-29T02:19:41.515Z] [DEBUG] RSS ok: de/macos/Business/top-free entries=99
[2026-09-29T02:19:51.521Z] [DEBUG] Hits: de/macos/Business/top-free 1 app(s) found
[2026-09-29T02:19:52.595Z] [DEBUG] RSS ok: de/macos/Productivity/top-free entries=98
[2026-09-29T02:20:02.601Z] [DEBUG] Hits: de/macos/Productivity/top-free 4 app(s) found
[2026-09-29T02:20:03.389Z] [DEBUG] RSS ok: de/macos/Utilities/top-free entries=100
[2026-09-29T02:20:13.395Z] [DEBUG] Hits: de/macos/Utilities/top-free 3 app(s) found
[2026-09-29T02:20:14.414Z] [DEBUG] RSS ok: jp/macos/Business/top-free entries=99
[2026-09-29T02:20:24.420Z] [DEBUG] Hits: jp/macos/Business/top-free 2 app(s) found
[2026-09-29T02:20:25.442Z] [DEBUG] RSS ok: jp/macos/Productivity/top-free entries=98
[2026-09-29T02:20:35.448Z] [DEBUG] Hits: jp/macos/Productivity/top-free 3 app(s) found
[2026-09-29T02:20:36.190Z] [DEBUG] RSS ok: jp/macos/Utilities/top-free entries=100
[2026-09-29T02:20:46.196Z] [DEBUG] Hits: jp/macos/Utilities/top-free 4 app(s) found
[2026-09-29T02:20:47.002Z] [DEBUG] RSS ok: au/macos/Business/top-free entries=100
[2026-09-29T02:20:57.008Z] [DEBUG] Hits: au/macos/Business/top-free 3 app(s) found
[2026-09-29T02:20:57.817Z] [DEBUG] RSS ok: au/macos/Productivity/top-free entries=98
[2026-09-29T02:21:07.823Z] [DEBUG] Hits: au/macos/Productivity/top-free 5 app(s) found
[2026-09-29T02:21:07.823Z] [INFO] RSS progress: 20/60 (20 ok, 0 error, 65 points)
[2026-09-29T02:21:08.745Z] [DEBUG] RSS ok: au/macos/Utilities/top-free entries=100
[2026-09-29T02:21:18.751Z] [DEBUG] Hits: au/macos/Utilities/top-free 2 app(s) found
[2026-09-29T02:21:19.710Z] [DEBUG] RSS ok: es/macos/Business/top-free entries=98
[2026-09-29T02:21:29.717Z] [DEBUG] Hits: es/macos/Business/top-free 3 app(s) found
[2026-09-29T02:21:30.744Z] [DEBUG] RSS ok: es/macos/Productivity/top-free entries=98
[2026-09-29T02:21:40.748Z] [DEBUG] Hits: es/macos/Productivity/top-free 5 app(s) found
[2026-09-29T02:21:41.557Z] [DEBUG] RSS ok: es/macos/Utilities/top-free entries=100
[2026-09-29T02:21:52.469Z] [DEBUG] RSS ok: it/macos/Business/top-free entries=99
[2026-09-29T02:22:02.475Z] [DEBUG] Hits: it/macos/Business/top-free 2 app(s) found
[2026-09-29T02:22:03.307Z] [DEBUG] RSS ok: it/macos/Productivity/top-free entries=98
[2026-09-29T02:22:13.313Z] [DEBUG] Hits: it/macos/Productivity/top-free 4 app(s) found
[2026-09-29T02:22:14.109Z] [DEBUG] RSS ok: it/macos/Utilities/top-free entries=100
[2026-09-29T02:22:24.114Z] [DEBUG] Hits: it/macos/Utilities/top-free 1 app(s) found
[2026-09-29T02:22:24.944Z] [DEBUG] RSS ok: pt/macos/Business/top-free entries=99
[2026-09-29T02:22:34.950Z] [DEBUG] Hits: pt/macos/Business/top-free 2 app(s) found
[2026-09-29T02:22:35.959Z] [DEBUG] RSS ok: pt/macos/Productivity/top-free entries=98
[2026-09-29T02:22:45.966Z] [DEBUG] Hits: pt/macos/Productivity/top-free 3 app(s) found
[2026-09-29T02:22:46.794Z] [DEBUG] RSS ok: pt/macos/Utilities/top-free entries=100
[2026-09-29T02:22:56.801Z] [DEBUG] Hits: pt/macos/Utilities/top-free 1 app(s) found
[2026-09-29T02:22:56.801Z] [INFO] RSS progress: 30/60 (30 ok, 0 error, 88 points)
[2026-09-29T02:22:57.756Z] [DEBUG] RSS ok: ch/macos/Business/top-free entries=100
[2026-09-29T02:23:07.762Z] [DEBUG] Hits: ch/macos/Business/top-free 1 app(s) found
[2026-09-29T02:23:08.681Z] [DEBUG] RSS ok: ch/macos/Productivity/top-free entries=98
[2026-09-29T02:23:18.687Z] [DEBUG] Hits: ch/macos/Productivity/top-free 3 app(s) found
[2026-09-29T02:23:19.654Z] [DEBUG] RSS ok: ch/macos/Utilities/top-free entries=100
[2026-09-29T02:23:29.660Z] [DEBUG] Hits: ch/macos/Utilities/top-free 3 app(s) found
[2026-09-29T02:23:30.525Z] [DEBUG] RSS ok: be/macos/Business/top-free entries=100
[2026-09-29T02:23:40.531Z] [DEBUG] Hits: be/macos/Business/top-free 2 app(s) found
[2026-09-29T02:23:41.359Z] [DEBUG] RSS ok: be/macos/Productivity/top-free entries=98
[2026-09-29T02:23:51.365Z] [DEBUG] Hits: be/macos/Productivity/top-free 6 app(s) found
[2026-09-29T02:23:52.549Z] [DEBUG] RSS ok: be/macos/Utilities/top-free entries=100
[2026-09-29T02:24:02.555Z] [DEBUG] Hits: be/macos/Utilities/top-free 1 app(s) found
[2026-09-29T02:24:03.367Z] [DEBUG] RSS ok: nl/macos/Business/top-free entries=100
[2026-09-29T02:24:13.373Z] [DEBUG] Hits: nl/macos/Business/top-free 2 app(s) found
[2026-09-29T02:24:14.094Z] [DEBUG] RSS ok: nl/macos/Productivity/top-free entries=98
[2026-09-29T02:24:24.100Z] [DEBUG] Hits: nl/macos/Productivity/top-free 4 app(s) found
[2026-09-29T02:24:24.895Z] [DEBUG] RSS ok: nl/macos/Utilities/top-free entries=100
[2026-09-29T02:24:34.901Z] [DEBUG] Hits: nl/macos/Utilities/top-free 2 app(s) found
[2026-09-29T02:24:35.861Z] [DEBUG] RSS ok: tw/macos/Business/top-free entries=99
[2026-09-29T02:24:45.867Z] [DEBUG] Hits: tw/macos/Business/top-free 2 app(s) found
[2026-09-29T02:24:45.868Z] [INFO] RSS progress: 40/60 (40 ok, 0 error, 114 points)
[2026-09-29T02:24:46.871Z] [DEBUG] RSS ok: tw/macos/Productivity/top-free entries=98
[2026-09-29T02:24:56.877Z] [DEBUG] Hits: tw/macos/Productivity/top-free 2 app(s) found
[2026-09-29T02:24:57.678Z] [DEBUG] RSS ok: tw/macos/Utilities/top-free entries=100
[2026-09-29T02:25:07.684Z] [DEBUG] Hits: tw/macos/Utilities/top-free 1 app(s) found
[2026-09-29T02:25:08.555Z] [DEBUG] RSS ok: hk/macos/Business/top-free entries=99
[2026-09-29T02:25:18.562Z] [DEBUG] Hits: hk/macos/Business/top-free 2 app(s) found
[2026-09-29T02:25:19.420Z] [DEBUG] RSS ok: hk/macos/Productivity/top-free entries=98
[2026-09-29T02:25:29.425Z] [DEBUG] Hits: hk/macos/Productivity/top-free 5 app(s) found
[2026-09-29T02:25:30.328Z] [DEBUG] RSS ok: hk/macos/Utilities/top-free entries=100
[2026-09-29T02:25:40.334Z] [DEBUG] Hits: hk/macos/Utilities/top-free 1 app(s) found
[2026-09-29T02:25:41.116Z] [DEBUG] RSS ok: nz/macos/Business/top-free entries=100
[2026-09-29T02:25:51.122Z] [DEBUG] Hits: nz/macos/Business/top-free 2 app(s) found
[2026-09-29T02:25:52.038Z] [DEBUG] RSS ok: nz/macos/Productivity/top-free entries=98
[2026-09-29T02:26:02.044Z] [DEBUG] Hits: nz/macos/Productivity/top-free 4 app(s) found
[2026-09-29T02:26:02.847Z] [DEBUG] RSS ok: nz/macos/Utilities/top-free entries=100
[2026-09-29T02:26:12.854Z] [DEBUG] Hits: nz/macos/Utilities/top-free 1 app(s) found
[2026-09-29T02:26:13.602Z] [DEBUG] RSS ok: sg/macos/Business/top-free entries=100
[2026-09-29T02:26:23.608Z] [DEBUG] Hits: sg/macos/Business/top-free 2 app(s) found
[2026-09-29T02:26:24.492Z] [DEBUG] RSS ok: sg/macos/Productivity/top-free entries=98
[2026-09-29T02:26:34.498Z] [DEBUG] Hits: sg/macos/Productivity/top-free 2 app(s) found
[2026-09-29T02:26:34.498Z] [INFO] RSS progress: 50/60 (50 ok, 0 error, 136 points)
[2026-09-29T02:26:35.475Z] [DEBUG] RSS ok: sg/macos/Utilities/top-free entries=100
[2026-09-29T02:26:45.478Z] [DEBUG] Hits: sg/macos/Utilities/top-free 1 app(s) found
[2026-09-29T02:26:46.340Z] [DEBUG] RSS ok: in/macos/Business/top-free entries=100
[2026-09-29T02:26:56.347Z] [DEBUG] Hits: in/macos/Business/top-free 2 app(s) found
[2026-09-29T02:26:57.155Z] [DEBUG] RSS ok: in/macos/Productivity/top-free entries=98
[2026-09-29T02:27:07.161Z] [DEBUG] Hits: in/macos/Productivity/top-free 3 app(s) found
[2026-09-29T02:27:08.095Z] [DEBUG] RSS ok: in/macos/Utilities/top-free entries=100
[2026-09-29T02:27:18.101Z] [DEBUG] Hits: in/macos/Utilities/top-free 1 app(s) found
[2026-09-29T02:27:19.152Z] [DEBUG] RSS ok: za/macos/Business/top-free entries=100
[2026-09-29T02:27:29.159Z] [DEBUG] Hits: za/macos/Business/top-free 3 app(s) found
[2026-09-29T02:27:30.363Z] [DEBUG] RSS ok: za/macos/Productivity/top-free entries=99
[2026-09-29T02:27:40.369Z] [DEBUG] Hits: za/macos/Productivity/top-free 5 app(s) found
[2026-09-29T02:27:41.201Z] [DEBUG] RSS ok: za/macos/Utilities/top-free entries=100
[2026-09-29T02:27:51.205Z] [DEBUG] Hits: za/macos/Utilities/top-free 3 app(s) found
[2026-09-29T02:27:51.913Z] [DEBUG] RSS ok: br/macos/Business/top-free entries=99
[2026-09-29T02:28:01.920Z] [DEBUG] Hits: br/macos/Business/top-free 2 app(s) found
[2026-09-29T02:28:02.758Z] [DEBUG] RSS ok: br/macos/Productivity/top-free entries=98
[2026-09-29T02:28:12.765Z] [DEBUG] Hits: br/macos/Productivity/top-free 3 app(s) found
[2026-09-29T02:28:13.697Z] [DEBUG] RSS ok: br/macos/Utilities/top-free entries=100
[2026-09-29T02:28:23.703Z] [INFO] RSS progress: 60/60 (60 ok, 0 error, 159 points)
[2026-09-29T02:28:23.703Z] [INFO] RSS fetch done: 60 ok, 0 error, 159 points
[2026-09-29T02:28:23.703Z] [INFO] Platform max returned: macos = 100
[2026-09-29T02:28:23.703Z] [INFO] RSS results: 60 ok, 0 error, 159 rank points
[2026-09-29T02:28:23.740Z] [INFO] Stored: 60 crawls, 159 points
[2026-09-29T02:28:23.754Z] [INFO] current.json written rows=23
[2026-09-29T02:28:23.754Z] [INFO] Current summary: on_chart=159, not_on_chart=301, depth_limited=0, crawl_error=0, total=460
[2026-09-29T02:28:23.755Z] [INFO] === Crawl complete === 664.2s
[2026-09-29T03:17:17.043Z] [INFO] === Crawl start === ts=2026-09-29T03:00:00Z
[2026-09-29T03:17:17.047Z] [INFO] Config loaded apps=4, platforms=macos, categories=Business,Productivity,Utilities
[2026-09-29T03:17:17.047Z] [INFO] App IDs to track: 23 our=4, competitors=19
[2026-09-29T03:17:17.048Z] [INFO] Lookup cached fetched_at=2026-09-29T00:17:16.928Z, 23 apps
[2026-09-29T03:17:17.049Z] [INFO] RSS requests: 60 countries=20, platforms=macos, categories=Business,Productivity,Utilities
[2026-09-29T03:17:17.049Z] [INFO] RSS fetch start: 60 requests, concurrency=1
[2026-09-29T03:17:17.638Z] [DEBUG] RSS ok: us/macos/Business/top-free entries=100
[2026-09-29T03:17:27.639Z] [DEBUG] Hits: us/macos/Business/top-free 3 app(s) found
[2026-09-29T03:17:28.405Z] [DEBUG] RSS ok: us/macos/Productivity/top-free entries=98
[2026-09-29T03:17:38.412Z] [DEBUG] Hits: us/macos/Productivity/top-free 6 app(s) found
[2026-09-29T03:17:39.031Z] [DEBUG] RSS ok: us/macos/Utilities/top-free entries=100
[2026-09-29T03:17:49.037Z] [DEBUG] Hits: us/macos/Utilities/top-free 1 app(s) found
[2026-09-29T03:17:49.685Z] [DEBUG] RSS ok: gb/macos/Business/top-free entries=100
[2026-09-29T03:17:59.688Z] [DEBUG] Hits: gb/macos/Business/top-free 3 app(s) found
[2026-09-29T03:18:00.344Z] [DEBUG] RSS ok: gb/macos/Productivity/top-free entries=98
[2026-09-29T03:18:10.351Z] [DEBUG] Hits: gb/macos/Productivity/top-free 5 app(s) found
[2026-09-29T03:18:11.119Z] [DEBUG] RSS ok: gb/macos/Utilities/top-free entries=100
[2026-09-29T03:18:21.124Z] [DEBUG] Hits: gb/macos/Utilities/top-free 3 app(s) found
[2026-09-29T03:18:22.052Z] [DEBUG] RSS ok: ca/macos/Business/top-free entries=100
[2026-09-29T03:18:32.058Z] [DEBUG] Hits: ca/macos/Business/top-free 4 app(s) found
[2026-09-29T03:18:32.709Z] [DEBUG] RSS ok: ca/macos/Productivity/top-free entries=98
[2026-09-29T03:18:42.715Z] [DEBUG] Hits: ca/macos/Productivity/top-free 5 app(s) found
[2026-09-29T03:18:43.312Z] [DEBUG] RSS ok: ca/macos/Utilities/top-free entries=100
[2026-09-29T03:18:53.319Z] [DEBUG] Hits: ca/macos/Utilities/top-free 1 app(s) found
[2026-09-29T03:18:54.008Z] [DEBUG] RSS ok: fr/macos/Business/top-free entries=98
[2026-09-29T03:19:04.014Z] [DEBUG] Hits: fr/macos/Business/top-free 3 app(s) found
[2026-09-29T03:19:04.014Z] [INFO] RSS progress: 10/60 (10 ok, 0 error, 34 points)
[2026-09-29T03:19:05.034Z] [DEBUG] RSS ok: fr/macos/Productivity/top-free entries=98
[2026-09-29T03:19:15.041Z] [DEBUG] Hits: fr/macos/Productivity/top-free 4 app(s) found
[2026-09-29T03:19:15.649Z] [DEBUG] RSS ok: fr/macos/Utilities/top-free entries=100
[2026-09-29T03:19:25.656Z] [DEBUG] Hits: fr/macos/Utilities/top-free 2 app(s) found
[2026-09-29T03:19:26.412Z] [DEBUG] RSS ok: de/macos/Business/top-free entries=99
[2026-09-29T03:19:36.419Z] [DEBUG] Hits: de/macos/Business/top-free 1 app(s) found
[2026-09-29T03:19:37.128Z] [DEBUG] RSS ok: de/macos/Productivity/top-free entries=98
[2026-09-29T03:19:47.134Z] [DEBUG] Hits: de/macos/Productivity/top-free 4 app(s) found
[2026-09-29T03:19:47.746Z] [DEBUG] RSS ok: de/macos/Utilities/top-free entries=100
[2026-09-29T03:19:57.753Z] [DEBUG] Hits: de/macos/Utilities/top-free 3 app(s) found
[2026-09-29T03:19:58.408Z] [DEBUG] RSS ok: jp/macos/Business/top-free entries=99
[2026-09-29T03:20:08.412Z] [DEBUG] Hits: jp/macos/Business/top-free 2 app(s) found
[2026-09-29T03:20:09.180Z] [DEBUG] RSS ok: jp/macos/Productivity/top-free entries=98
[2026-09-29T03:20:19.185Z] [DEBUG] Hits: jp/macos/Productivity/top-free 3 app(s) found
[2026-09-29T03:20:19.921Z] [DEBUG] RSS ok: jp/macos/Utilities/top-free entries=100
[2026-09-29T03:20:29.926Z] [DEBUG] Hits: jp/macos/Utilities/top-free 4 app(s) found
[2026-09-29T03:20:30.739Z] [DEBUG] RSS ok: au/macos/Business/top-free entries=100
[2026-09-29T03:20:40.745Z] [DEBUG] Hits: au/macos/Business/top-free 3 app(s) found
[2026-09-29T03:20:41.508Z] [DEBUG] RSS ok: au/macos/Productivity/top-free entries=98
[2026-09-29T03:20:51.514Z] [DEBUG] Hits: au/macos/Productivity/top-free 5 app(s) found
[2026-09-29T03:20:51.515Z] [INFO] RSS progress: 20/60 (20 ok, 0 error, 65 points)
[2026-09-29T03:20:52.229Z] [DEBUG] RSS ok: au/macos/Utilities/top-free entries=100
[2026-09-29T03:21:02.235Z] [DEBUG] Hits: au/macos/Utilities/top-free 2 app(s) found
[2026-09-29T03:21:03.238Z] [DEBUG] RSS ok: es/macos/Business/top-free entries=98
[2026-09-29T03:21:13.244Z] [DEBUG] Hits: es/macos/Business/top-free 3 app(s) found
[2026-09-29T03:21:13.977Z] [DEBUG] RSS ok: es/macos/Productivity/top-free entries=98
[2026-09-29T03:21:23.984Z] [DEBUG] Hits: es/macos/Productivity/top-free 5 app(s) found
[2026-09-29T03:21:24.884Z] [DEBUG] RSS ok: es/macos/Utilities/top-free entries=100
[2026-09-29T03:21:35.669Z] [DEBUG] RSS ok: it/macos/Business/top-free entries=99
[2026-09-29T03:21:45.675Z] [DEBUG] Hits: it/macos/Business/top-free 2 app(s) found
[2026-09-29T03:21:46.355Z] [DEBUG] RSS ok: it/macos/Productivity/top-free entries=98
[2026-09-29T03:21:56.361Z] [DEBUG] Hits: it/macos/Productivity/top-free 4 app(s) found
[2026-09-29T03:21:57.046Z] [DEBUG] RSS ok: it/macos/Utilities/top-free entries=100
[2026-09-29T03:22:07.053Z] [DEBUG] Hits: it/macos/Utilities/top-free 1 app(s) found
[2026-09-29T03:22:07.806Z] [DEBUG] RSS ok: pt/macos/Business/top-free entries=99
[2026-09-29T03:22:17.812Z] [DEBUG] Hits: pt/macos/Business/top-free 2 app(s) found
[2026-09-29T03:22:18.508Z] [DEBUG] RSS ok: pt/macos/Productivity/top-free entries=98
[2026-09-29T03:22:28.511Z] [DEBUG] Hits: pt/macos/Productivity/top-free 3 app(s) found
[2026-09-29T03:22:29.343Z] [DEBUG] RSS ok: pt/macos/Utilities/top-free entries=100
[2026-09-29T03:22:39.349Z] [DEBUG] Hits: pt/macos/Utilities/top-free 1 app(s) found
[2026-09-29T03:22:39.349Z] [INFO] RSS progress: 30/60 (30 ok, 0 error, 88 points)
[2026-09-29T03:22:40.197Z] [DEBUG] RSS ok: ch/macos/Business/top-free entries=100
[2026-09-29T03:22:50.204Z] [DEBUG] Hits: ch/macos/Business/top-free 1 app(s) found
[2026-09-29T03:22:51.003Z] [DEBUG] RSS ok: ch/macos/Productivity/top-free entries=98
[2026-09-29T03:23:01.008Z] [DEBUG] Hits: ch/macos/Productivity/top-free 3 app(s) found
[2026-09-29T03:23:01.739Z] [DEBUG] RSS ok: ch/macos/Utilities/top-free entries=100
[2026-09-29T03:23:11.744Z] [DEBUG] Hits: ch/macos/Utilities/top-free 3 app(s) found
[2026-09-29T03:23:12.335Z] [DEBUG] RSS ok: be/macos/Business/top-free entries=100
[2026-09-29T03:23:22.340Z] [DEBUG] Hits: be/macos/Business/top-free 2 app(s) found
[2026-09-29T03:23:22.983Z] [DEBUG] RSS ok: be/macos/Productivity/top-free entries=98
[2026-09-29T03:23:32.990Z] [DEBUG] Hits: be/macos/Productivity/top-free 6 app(s) found
[2026-09-29T03:23:33.729Z] [DEBUG] RSS ok: be/macos/Utilities/top-free entries=100
[2026-09-29T03:23:43.736Z] [DEBUG] Hits: be/macos/Utilities/top-free 1 app(s) found
[2026-09-29T03:23:44.392Z] [DEBUG] RSS ok: nl/macos/Business/top-free entries=100
[2026-09-29T03:23:54.398Z] [DEBUG] Hits: nl/macos/Business/top-free 2 app(s) found
[2026-09-29T03:23:55.038Z] [DEBUG] RSS ok: nl/macos/Productivity/top-free entries=98
[2026-09-29T03:24:05.044Z] [DEBUG] Hits: nl/macos/Productivity/top-free 4 app(s) found
[2026-09-29T03:24:05.783Z] [DEBUG] RSS ok: nl/macos/Utilities/top-free entries=100
[2026-09-29T03:24:15.790Z] [DEBUG] Hits: nl/macos/Utilities/top-free 2 app(s) found
[2026-09-29T03:24:16.571Z] [DEBUG] RSS ok: tw/macos/Business/top-free entries=99
[2026-09-29T03:24:26.577Z] [DEBUG] Hits: tw/macos/Business/top-free 2 app(s) found
[2026-09-29T03:24:26.577Z] [INFO] RSS progress: 40/60 (40 ok, 0 error, 114 points)
[2026-09-29T03:24:27.229Z] [DEBUG] RSS ok: tw/macos/Productivity/top-free entries=98
[2026-09-29T03:24:37.234Z] [DEBUG] Hits: tw/macos/Productivity/top-free 2 app(s) found
[2026-09-29T03:24:37.809Z] [DEBUG] RSS ok: tw/macos/Utilities/top-free entries=100
[2026-09-29T03:24:47.815Z] [DEBUG] Hits: tw/macos/Utilities/top-free 1 app(s) found
[2026-09-29T03:24:48.519Z] [DEBUG] RSS ok: hk/macos/Business/top-free entries=99
[2026-09-29T03:24:58.525Z] [DEBUG] Hits: hk/macos/Business/top-free 2 app(s) found
[2026-09-29T03:24:59.092Z] [DEBUG] RSS ok: hk/macos/Productivity/top-free entries=98
[2026-09-29T03:25:09.098Z] [DEBUG] Hits: hk/macos/Productivity/top-free 5 app(s) found
[2026-09-29T03:25:09.840Z] [DEBUG] RSS ok: hk/macos/Utilities/top-free entries=100
[2026-09-29T03:25:19.847Z] [DEBUG] Hits: hk/macos/Utilities/top-free 1 app(s) found
[2026-09-29T03:25:20.461Z] [DEBUG] RSS ok: nz/macos/Business/top-free entries=100
[2026-09-29T03:25:30.467Z] [DEBUG] Hits: nz/macos/Business/top-free 2 app(s) found
[2026-09-29T03:25:31.831Z] [DEBUG] RSS ok: nz/macos/Productivity/top-free entries=98
[2026-09-29T03:25:41.837Z] [DEBUG] Hits: nz/macos/Productivity/top-free 4 app(s) found
[2026-09-29T03:25:42.478Z] [DEBUG] RSS ok: nz/macos/Utilities/top-free entries=100
[2026-09-29T03:25:52.483Z] [DEBUG] Hits: nz/macos/Utilities/top-free 1 app(s) found
[2026-09-29T03:25:53.170Z] [DEBUG] RSS ok: sg/macos/Business/top-free entries=100
[2026-09-29T03:26:03.177Z] [DEBUG] Hits: sg/macos/Business/top-free 2 app(s) found
[2026-09-29T03:26:03.805Z] [DEBUG] RSS ok: sg/macos/Productivity/top-free entries=98
[2026-09-29T03:26:13.812Z] [DEBUG] Hits: sg/macos/Productivity/top-free 2 app(s) found
[2026-09-29T03:26:13.812Z] [INFO] RSS progress: 50/60 (50 ok, 0 error, 136 points)
[2026-09-29T03:26:14.704Z] [DEBUG] RSS ok: sg/macos/Utilities/top-free entries=100
[2026-09-29T03:26:24.710Z] [DEBUG] Hits: sg/macos/Utilities/top-free 1 app(s) found
[2026-09-29T03:26:25.401Z] [DEBUG] RSS ok: in/macos/Business/top-free entries=100
[2026-09-29T03:26:35.408Z] [DEBUG] Hits: in/macos/Business/top-free 2 app(s) found
[2026-09-29T03:26:36.300Z] [DEBUG] RSS ok: in/macos/Productivity/top-free entries=98
[2026-09-29T03:26:46.307Z] [DEBUG] Hits: in/macos/Productivity/top-free 3 app(s) found
[2026-09-29T03:26:47.027Z] [DEBUG] RSS ok: in/macos/Utilities/top-free entries=100
[2026-09-29T03:26:57.032Z] [DEBUG] Hits: in/macos/Utilities/top-free 1 app(s) found
[2026-09-29T03:26:57.823Z] [DEBUG] RSS ok: za/macos/Business/top-free entries=100
[2026-09-29T03:27:07.828Z] [DEBUG] Hits: za/macos/Business/top-free 3 app(s) found
[2026-09-29T03:27:08.560Z] [DEBUG] RSS ok: za/macos/Productivity/top-free entries=99
[2026-09-29T03:27:18.566Z] [DEBUG] Hits: za/macos/Productivity/top-free 5 app(s) found
[2026-09-29T03:27:19.312Z] [DEBUG] RSS ok: za/macos/Utilities/top-free entries=100
[2026-09-29T03:27:29.316Z] [DEBUG] Hits: za/macos/Utilities/top-free 3 app(s) found
[2026-09-29T03:27:29.950Z] [DEBUG] RSS ok: br/macos/Business/top-free entries=99
[2026-09-29T03:27:39.957Z] [DEBUG] Hits: br/macos/Business/top-free 2 app(s) found
[2026-09-29T03:27:40.649Z] [DEBUG] RSS ok: br/macos/Productivity/top-free entries=98
[2026-09-29T03:27:50.654Z] [DEBUG] Hits: br/macos/Productivity/top-free 3 app(s) found
[2026-09-29T03:27:51.375Z] [DEBUG] RSS ok: br/macos/Utilities/top-free entries=100
[2026-09-29T03:28:01.380Z] [INFO] RSS progress: 60/60 (60 ok, 0 error, 159 points)
[2026-09-29T03:28:01.381Z] [INFO] RSS fetch done: 60 ok, 0 error, 159 points
[2026-09-29T03:28:01.381Z] [INFO] RSS results: 60 ok, 0 error, 159 rank points
[2026-09-29T03:28:01.381Z] [INFO] Platform max returned: macos = 100
[2026-09-29T03:28:01.420Z] [INFO] Stored: 60 crawls, 159 points
[2026-09-29T03:28:01.438Z] [INFO] current.json written rows=23
[2026-09-29T03:28:01.439Z] [INFO] Current summary: on_chart=159, not_on_chart=301, depth_limited=0, crawl_error=0, total=460
[2026-09-29T03:28:01.439Z] [INFO] === Crawl complete === 644.4s
[2026-09-29T04:17:22.797Z] [INFO] === Crawl start === ts=2026-09-29T04:00:00Z
[2026-09-29T04:17:22.800Z] [INFO] Config loaded apps=4, platforms=macos, categories=Business,Productivity,Utilities
[2026-09-29T04:17:22.800Z] [INFO] App IDs to track: 23 our=4, competitors=19
[2026-09-29T04:17:22.801Z] [INFO] Lookup cached fetched_at=2026-09-29T00:17:16.928Z, 23 apps
[2026-09-29T04:17:22.801Z] [INFO] RSS requests: 60 countries=20, platforms=macos, categories=Business,Productivity,Utilities
[2026-09-29T04:17:22.801Z] [INFO] RSS fetch start: 60 requests, concurrency=1
[2026-09-29T04:17:24.664Z] [DEBUG] RSS ok: us/macos/Business/top-free entries=100
[2026-09-29T04:17:34.667Z] [DEBUG] Hits: us/macos/Business/top-free 3 app(s) found
[2026-09-29T04:17:35.482Z] [DEBUG] RSS ok: us/macos/Productivity/top-free entries=98
[2026-09-29T04:17:45.487Z] [DEBUG] Hits: us/macos/Productivity/top-free 6 app(s) found
[2026-09-29T04:17:46.267Z] [DEBUG] RSS ok: us/macos/Utilities/top-free entries=100
[2026-09-29T04:17:56.272Z] [DEBUG] Hits: us/macos/Utilities/top-free 1 app(s) found
[2026-09-29T04:17:57.029Z] [DEBUG] RSS ok: gb/macos/Business/top-free entries=100
[2026-09-29T04:18:07.034Z] [DEBUG] Hits: gb/macos/Business/top-free 3 app(s) found
[2026-09-29T04:18:07.697Z] [DEBUG] RSS ok: gb/macos/Productivity/top-free entries=98
[2026-09-29T04:18:17.703Z] [DEBUG] Hits: gb/macos/Productivity/top-free 5 app(s) found
[2026-09-29T04:18:18.749Z] [DEBUG] RSS ok: gb/macos/Utilities/top-free entries=100
[2026-09-29T04:18:28.755Z] [DEBUG] Hits: gb/macos/Utilities/top-free 3 app(s) found
[2026-09-29T04:18:29.487Z] [DEBUG] RSS ok: ca/macos/Business/top-free entries=100
[2026-09-29T04:18:39.492Z] [DEBUG] Hits: ca/macos/Business/top-free 3 app(s) found
[2026-09-29T04:18:40.196Z] [DEBUG] RSS ok: ca/macos/Productivity/top-free entries=99
[2026-09-29T04:18:50.203Z] [DEBUG] Hits: ca/macos/Productivity/top-free 5 app(s) found
[2026-09-29T04:18:51.151Z] [DEBUG] RSS ok: ca/macos/Utilities/top-free entries=100
[2026-09-29T04:19:01.158Z] [DEBUG] Hits: ca/macos/Utilities/top-free 1 app(s) found
[2026-09-29T04:19:01.892Z] [DEBUG] RSS ok: fr/macos/Business/top-free entries=98
[2026-09-29T04:19:11.894Z] [DEBUG] Hits: fr/macos/Business/top-free 3 app(s) found
[2026-09-29T04:19:11.894Z] [INFO] RSS progress: 10/60 (10 ok, 0 error, 33 points)
[2026-09-29T04:19:12.660Z] [DEBUG] RSS ok: fr/macos/Productivity/top-free entries=98
[2026-09-29T04:19:22.666Z] [DEBUG] Hits: fr/macos/Productivity/top-free 4 app(s) found
[2026-09-29T04:19:23.364Z] [DEBUG] RSS ok: fr/macos/Utilities/top-free entries=100
[2026-09-29T04:19:33.371Z] [DEBUG] Hits: fr/macos/Utilities/top-free 2 app(s) found
[2026-09-29T04:19:34.118Z] [DEBUG] RSS ok: de/macos/Business/top-free entries=99
[2026-09-29T04:19:44.125Z] [DEBUG] Hits: de/macos/Business/top-free 1 app(s) found
[2026-09-29T04:19:44.909Z] [DEBUG] RSS ok: de/macos/Productivity/top-free entries=98
[2026-09-29T04:19:54.916Z] [DEBUG] Hits: de/macos/Productivity/top-free 4 app(s) found
[2026-09-29T04:19:55.703Z] [DEBUG] RSS ok: de/macos/Utilities/top-free entries=100
[2026-09-29T04:20:05.709Z] [DEBUG] Hits: de/macos/Utilities/top-free 2 app(s) found
[2026-09-29T04:20:06.466Z] [DEBUG] RSS ok: jp/macos/Business/top-free entries=98
[2026-09-29T04:20:16.471Z] [DEBUG] Hits: jp/macos/Business/top-free 2 app(s) found
[2026-09-29T04:20:17.401Z] [DEBUG] RSS ok: jp/macos/Productivity/top-free entries=99
[2026-09-29T04:20:27.407Z] [DEBUG] Hits: jp/macos/Productivity/top-free 3 app(s) found
[2026-09-29T04:20:28.190Z] [DEBUG] RSS ok: jp/macos/Utilities/top-free entries=100
[2026-09-29T04:20:38.197Z] [DEBUG] Hits: jp/macos/Utilities/top-free 4 app(s) found
[2026-09-29T04:20:39.162Z] [DEBUG] RSS ok: au/macos/Business/top-free entries=100
[2026-09-29T04:20:49.166Z] [DEBUG] Hits: au/macos/Business/top-free 3 app(s) found
[2026-09-29T04:20:50.012Z] [DEBUG] RSS ok: au/macos/Productivity/top-free entries=99
[2026-09-29T04:21:00.018Z] [DEBUG] Hits: au/macos/Productivity/top-free 5 app(s) found
[2026-09-29T04:21:00.019Z] [INFO] RSS progress: 20/60 (20 ok, 0 error, 63 points)
[2026-09-29T04:21:00.911Z] [DEBUG] RSS ok: au/macos/Utilities/top-free entries=100
[2026-09-29T04:21:10.917Z] [DEBUG] Hits: au/macos/Utilities/top-free 1 app(s) found
[2026-09-29T04:21:11.656Z] [DEBUG] RSS ok: es/macos/Business/top-free entries=98
[2026-09-29T04:21:21.658Z] [DEBUG] Hits: es/macos/Business/top-free 3 app(s) found
[2026-09-29T04:21:22.586Z] [DEBUG] RSS ok: es/macos/Productivity/top-free entries=98
[2026-09-29T04:21:32.593Z] [DEBUG] Hits: es/macos/Productivity/top-free 5 app(s) found
[2026-09-29T04:21:33.323Z] [DEBUG] RSS ok: es/macos/Utilities/top-free entries=100
[2026-09-29T04:21:44.490Z] [DEBUG] RSS ok: it/macos/Business/top-free entries=99
[2026-09-29T04:21:54.496Z] [DEBUG] Hits: it/macos/Business/top-free 2 app(s) found
[2026-09-29T04:21:56.066Z] [DEBUG] RSS ok: it/macos/Productivity/top-free entries=99
[2026-09-29T04:22:06.070Z] [DEBUG] Hits: it/macos/Productivity/top-free 5 app(s) found
[2026-09-29T04:22:06.958Z] [DEBUG] RSS ok: it/macos/Utilities/top-free entries=100
[2026-09-29T04:22:16.964Z] [DEBUG] Hits: it/macos/Utilities/top-free 1 app(s) found
[2026-09-29T04:22:17.791Z] [DEBUG] RSS ok: pt/macos/Business/top-free entries=99
[2026-09-29T04:22:27.798Z] [DEBUG] Hits: pt/macos/Business/top-free 2 app(s) found
[2026-09-29T04:22:28.620Z] [DEBUG] RSS ok: pt/macos/Productivity/top-free entries=99
[2026-09-29T04:22:38.626Z] [DEBUG] Hits: pt/macos/Productivity/top-free 3 app(s) found
[2026-09-29T04:22:39.308Z] [DEBUG] RSS ok: pt/macos/Utilities/top-free entries=100
[2026-09-29T04:22:49.315Z] [INFO] RSS progress: 30/60 (30 ok, 0 error, 85 points)
[2026-09-29T04:22:50.047Z] [DEBUG] RSS ok: ch/macos/Business/top-free entries=100
[2026-09-29T04:23:00.053Z] [DEBUG] Hits: ch/macos/Business/top-free 1 app(s) found
[2026-09-29T04:23:01.067Z] [DEBUG] RSS ok: ch/macos/Productivity/top-free entries=99
[2026-09-29T04:23:11.073Z] [DEBUG] Hits: ch/macos/Productivity/top-free 3 app(s) found
[2026-09-29T04:23:11.752Z] [DEBUG] RSS ok: ch/macos/Utilities/top-free entries=100
[2026-09-29T04:23:21.759Z] [DEBUG] Hits: ch/macos/Utilities/top-free 3 app(s) found
[2026-09-29T04:23:22.405Z] [DEBUG] RSS ok: be/macos/Business/top-free entries=100
[2026-09-29T04:23:32.411Z] [DEBUG] Hits: be/macos/Business/top-free 2 app(s) found
[2026-09-29T04:23:33.103Z] [DEBUG] RSS ok: be/macos/Productivity/top-free entries=99
[2026-09-29T04:23:43.108Z] [DEBUG] Hits: be/macos/Productivity/top-free 6 app(s) found
[2026-09-29T04:23:43.768Z] [DEBUG] RSS ok: be/macos/Utilities/top-free entries=100
[2026-09-29T04:23:53.775Z] [DEBUG] Hits: be/macos/Utilities/top-free 1 app(s) found
[2026-09-29T04:23:54.442Z] [DEBUG] RSS ok: nl/macos/Business/top-free entries=100
[2026-09-29T04:24:04.449Z] [DEBUG] Hits: nl/macos/Business/top-free 2 app(s) found
[2026-09-29T04:24:05.250Z] [DEBUG] RSS ok: nl/macos/Productivity/top-free entries=99
[2026-09-29T04:24:15.254Z] [DEBUG] Hits: nl/macos/Productivity/top-free 4 app(s) found
[2026-09-29T04:24:16.211Z] [DEBUG] RSS ok: nl/macos/Utilities/top-free entries=100
[2026-09-29T04:24:26.217Z] [DEBUG] Hits: nl/macos/Utilities/top-free 2 app(s) found
[2026-09-29T04:24:28.358Z] [DEBUG] RSS ok: tw/macos/Business/top-free entries=99
[2026-09-29T04:24:38.364Z] [DEBUG] Hits: tw/macos/Business/top-free 2 app(s) found
[2026-09-29T04:24:38.365Z] [INFO] RSS progress: 40/60 (40 ok, 0 error, 111 points)
[2026-09-29T04:24:39.754Z] [DEBUG] RSS ok: tw/macos/Productivity/top-free entries=99
[2026-09-29T04:24:49.761Z] [DEBUG] Hits: tw/macos/Productivity/top-free 2 app(s) found
[2026-09-29T04:24:50.658Z] [DEBUG] RSS ok: tw/macos/Utilities/top-free entries=100
[2026-09-29T04:25:00.664Z] [DEBUG] Hits: tw/macos/Utilities/top-free 2 app(s) found
[2026-09-29T04:25:01.402Z] [DEBUG] RSS ok: hk/macos/Business/top-free entries=99
[2026-09-29T04:25:11.408Z] [DEBUG] Hits: hk/macos/Business/top-free 2 app(s) found
[2026-09-29T04:25:12.127Z] [DEBUG] RSS ok: hk/macos/Productivity/top-free entries=99
[2026-09-29T04:25:22.132Z] [DEBUG] Hits: hk/macos/Productivity/top-free 5 app(s) found
[2026-09-29T04:25:23.259Z] [DEBUG] RSS ok: hk/macos/Utilities/top-free entries=100
[2026-09-29T04:25:33.266Z] [DEBUG] Hits: hk/macos/Utilities/top-free 1 app(s) found
[2026-09-29T04:25:34.032Z] [DEBUG] RSS ok: nz/macos/Business/top-free entries=100
[2026-09-29T04:25:44.038Z] [DEBUG] Hits: nz/macos/Business/top-free 2 app(s) found
[2026-09-29T04:25:44.832Z] [DEBUG] RSS ok: nz/macos/Productivity/top-free entries=99
[2026-09-29T04:25:54.838Z] [DEBUG] Hits: nz/macos/Productivity/top-free 4 app(s) found
[2026-09-29T04:25:55.678Z] [DEBUG] RSS ok: nz/macos/Utilities/top-free entries=100
[2026-09-29T04:26:05.683Z] [DEBUG] Hits: nz/macos/Utilities/top-free 1 app(s) found
[2026-09-29T04:26:06.394Z] [DEBUG] RSS ok: sg/macos/Business/top-free entries=100
[2026-09-29T04:26:16.401Z] [DEBUG] Hits: sg/macos/Business/top-free 2 app(s) found
[2026-09-29T04:26:17.428Z] [DEBUG] RSS ok: sg/macos/Productivity/top-free entries=99
[2026-09-29T04:26:27.434Z] [DEBUG] Hits: sg/macos/Productivity/top-free 2 app(s) found
[2026-09-29T04:26:27.435Z] [INFO] RSS progress: 50/60 (50 ok, 0 error, 134 points)
[2026-09-29T04:26:28.277Z] [DEBUG] RSS ok: sg/macos/Utilities/top-free entries=100
[2026-09-29T04:26:38.283Z] [DEBUG] Hits: sg/macos/Utilities/top-free 1 app(s) found
[2026-09-29T04:26:39.044Z] [DEBUG] RSS ok: in/macos/Business/top-free entries=100
[2026-09-29T04:26:49.050Z] [DEBUG] Hits: in/macos/Business/top-free 2 app(s) found
[2026-09-29T04:26:50.222Z] [DEBUG] RSS ok: in/macos/Productivity/top-free entries=99
[2026-09-29T04:27:00.229Z] [DEBUG] Hits: in/macos/Productivity/top-free 3 app(s) found
[2026-09-29T04:27:00.941Z] [DEBUG] RSS ok: in/macos/Utilities/top-free entries=100
[2026-09-29T04:27:10.942Z] [DEBUG] Hits: in/macos/Utilities/top-free 1 app(s) found
[2026-09-29T04:27:11.731Z] [DEBUG] RSS ok: za/macos/Business/top-free entries=100
[2026-09-29T04:27:21.737Z] [DEBUG] Hits: za/macos/Business/top-free 3 app(s) found
[2026-09-29T04:27:22.561Z] [DEBUG] RSS ok: za/macos/Productivity/top-free entries=99
[2026-09-29T04:27:32.568Z] [DEBUG] Hits: za/macos/Productivity/top-free 5 app(s) found
[2026-09-29T04:27:34.054Z] [DEBUG] RSS ok: za/macos/Utilities/top-free entries=100
[2026-09-29T04:27:44.060Z] [DEBUG] Hits: za/macos/Utilities/top-free 3 app(s) found
[2026-09-29T04:27:44.945Z] [DEBUG] RSS ok: br/macos/Business/top-free entries=100
[2026-09-29T04:27:54.951Z] [DEBUG] Hits: br/macos/Business/top-free 2 app(s) found
[2026-09-29T04:27:56.173Z] [DEBUG] RSS ok: br/macos/Productivity/top-free entries=99
[2026-09-29T04:28:06.179Z] [DEBUG] Hits: br/macos/Productivity/top-free 2 app(s) found
[2026-09-29T04:28:06.946Z] [DEBUG] RSS ok: br/macos/Utilities/top-free entries=100
[2026-09-29T04:28:16.952Z] [INFO] RSS progress: 60/60 (60 ok, 0 error, 156 points)
[2026-09-29T04:28:16.953Z] [INFO] Platform max returned: macos = 100
[2026-09-29T04:28:16.953Z] [INFO] RSS fetch done: 60 ok, 0 error, 156 points
[2026-09-29T04:28:16.953Z] [INFO] RSS results: 60 ok, 0 error, 156 rank points
[2026-09-29T04:28:16.976Z] [INFO] Stored: 60 crawls, 156 points
[2026-09-29T04:28:16.992Z] [INFO] current.json written rows=23
[2026-09-29T04:28:16.993Z] [INFO] Current summary: on_chart=156, not_on_chart=304, depth_limited=0, crawl_error=0, total=460
[2026-09-29T04:28:16.993Z] [INFO] === Crawl complete === 654.2s
[2026-09-29T05:17:17.781Z] [INFO] === Crawl start === ts=2026-09-29T05:00:00Z
[2026-09-29T05:17:17.784Z] [INFO] Config loaded apps=4, platforms=macos, categories=Business,Productivity,Utilities
[2026-09-29T05:17:17.784Z] [INFO] App IDs to track: 23 our=4, competitors=19
[2026-09-29T05:17:17.786Z] [INFO] Lookup cached fetched_at=2026-09-29T00:17:16.928Z, 23 apps
[2026-09-29T05:17:17.786Z] [INFO] RSS requests: 60 countries=20, platforms=macos, categories=Business,Productivity,Utilities
[2026-09-29T05:17:17.786Z] [INFO] RSS fetch start: 60 requests, concurrency=1
[2026-09-29T05:17:18.680Z] [DEBUG] RSS ok: us/macos/Business/top-free entries=100
[2026-09-29T05:17:28.682Z] [DEBUG] Hits: us/macos/Business/top-free 3 app(s) found
[2026-09-29T05:17:29.415Z] [DEBUG] RSS ok: us/macos/Productivity/top-free entries=99
[2026-09-29T05:17:39.421Z] [DEBUG] Hits: us/macos/Productivity/top-free 6 app(s) found
[2026-09-29T05:17:40.161Z] [DEBUG] RSS ok: us/macos/Utilities/top-free entries=100
[2026-09-29T05:17:50.167Z] [DEBUG] Hits: us/macos/Utilities/top-free 1 app(s) found
[2026-09-29T05:17:50.803Z] [DEBUG] RSS ok: gb/macos/Business/top-free entries=100
[2026-09-29T05:18:00.808Z] [DEBUG] Hits: gb/macos/Business/top-free 3 app(s) found
[2026-09-29T05:18:01.578Z] [DEBUG] RSS ok: gb/macos/Productivity/top-free entries=99
[2026-09-29T05:18:11.583Z] [DEBUG] Hits: gb/macos/Productivity/top-free 5 app(s) found
[2026-09-29T05:18:12.283Z] [DEBUG] RSS ok: gb/macos/Utilities/top-free entries=100
[2026-09-29T05:18:22.289Z] [DEBUG] Hits: gb/macos/Utilities/top-free 3 app(s) found
[2026-09-29T05:18:23.001Z] [DEBUG] RSS ok: ca/macos/Business/top-free entries=100
[2026-09-29T05:18:33.002Z] [DEBUG] Hits: ca/macos/Business/top-free 3 app(s) found
[2026-09-29T05:18:33.717Z] [DEBUG] RSS ok: ca/macos/Productivity/top-free entries=99
[2026-09-29T05:18:43.724Z] [DEBUG] Hits: ca/macos/Productivity/top-free 5 app(s) found
[2026-09-29T05:18:44.655Z] [DEBUG] RSS ok: ca/macos/Utilities/top-free entries=100
[2026-09-29T05:18:54.661Z] [DEBUG] Hits: ca/macos/Utilities/top-free 1 app(s) found
[2026-09-29T05:18:55.372Z] [DEBUG] RSS ok: fr/macos/Business/top-free entries=98
[2026-09-29T05:19:05.376Z] [DEBUG] Hits: fr/macos/Business/top-free 3 app(s) found
[2026-09-29T05:19:05.376Z] [INFO] RSS progress: 10/60 (10 ok, 0 error, 33 points)
[2026-09-29T05:19:06.299Z] [DEBUG] RSS ok: fr/macos/Productivity/top-free entries=99
[2026-09-29T05:19:16.306Z] [DEBUG] Hits: fr/macos/Productivity/top-free 4 app(s) found
[2026-09-29T05:19:17.045Z] [DEBUG] RSS ok: fr/macos/Utilities/top-free entries=100
[2026-09-29T05:19:27.051Z] [DEBUG] Hits: fr/macos/Utilities/top-free 2 app(s) found
[2026-09-29T05:19:27.950Z] [DEBUG] RSS ok: de/macos/Business/top-free entries=99
[2026-09-29T05:19:37.952Z] [DEBUG] Hits: de/macos/Business/top-free 1 app(s) found
[2026-09-29T05:19:38.722Z] [DEBUG] RSS ok: de/macos/Productivity/top-free entries=99
[2026-09-29T05:19:48.728Z] [DEBUG] Hits: de/macos/Productivity/top-free 4 app(s) found
[2026-09-29T05:19:49.447Z] [DEBUG] RSS ok: de/macos/Utilities/top-free entries=100
[2026-09-29T05:19:59.453Z] [DEBUG] Hits: de/macos/Utilities/top-free 2 app(s) found
[2026-09-29T05:20:00.399Z] [DEBUG] RSS ok: jp/macos/Business/top-free entries=98
[2026-09-29T05:20:10.405Z] [DEBUG] Hits: jp/macos/Business/top-free 2 app(s) found
[2026-09-29T05:20:11.431Z] [DEBUG] RSS ok: jp/macos/Productivity/top-free entries=99
[2026-09-29T05:20:21.437Z] [DEBUG] Hits: jp/macos/Productivity/top-free 3 app(s) found
[2026-09-29T05:20:22.189Z] [DEBUG] RSS ok: jp/macos/Utilities/top-free entries=100
[2026-09-29T05:20:32.195Z] [DEBUG] Hits: jp/macos/Utilities/top-free 4 app(s) found
[2026-09-29T05:20:32.964Z] [DEBUG] RSS ok: au/macos/Business/top-free entries=100
[2026-09-29T05:20:42.970Z] [DEBUG] Hits: au/macos/Business/top-free 3 app(s) found
[2026-09-29T05:20:43.758Z] [DEBUG] RSS ok: au/macos/Productivity/top-free entries=99
[2026-09-29T05:20:53.760Z] [DEBUG] Hits: au/macos/Productivity/top-free 5 app(s) found
[2026-09-29T05:20:53.760Z] [INFO] RSS progress: 20/60 (20 ok, 0 error, 63 points)
[2026-09-29T05:20:54.491Z] [DEBUG] RSS ok: au/macos/Utilities/top-free entries=100
[2026-09-29T05:21:04.497Z] [DEBUG] Hits: au/macos/Utilities/top-free 1 app(s) found
[2026-09-29T05:21:05.302Z] [DEBUG] RSS ok: es/macos/Business/top-free entries=98
[2026-09-29T05:21:15.305Z] [DEBUG] Hits: es/macos/Business/top-free 3 app(s) found
[2026-09-29T05:21:16.013Z] [DEBUG] RSS ok: es/macos/Productivity/top-free entries=99
[2026-09-29T05:21:26.019Z] [DEBUG] Hits: es/macos/Productivity/top-free 5 app(s) found
[2026-09-29T05:21:26.959Z] [DEBUG] RSS ok: es/macos/Utilities/top-free entries=100
[2026-09-29T05:21:37.819Z] [DEBUG] RSS ok: it/macos/Business/top-free entries=99
[2026-09-29T05:21:47.825Z] [DEBUG] Hits: it/macos/Business/top-free 2 app(s) found
[2026-09-29T05:21:48.600Z] [DEBUG] RSS ok: it/macos/Productivity/top-free entries=99
[2026-09-29T05:21:58.606Z] [DEBUG] Hits: it/macos/Productivity/top-free 5 app(s) found
[2026-09-29T05:21:59.540Z] [DEBUG] RSS ok: it/macos/Utilities/top-free entries=100
[2026-09-29T05:22:09.545Z] [DEBUG] Hits: it/macos/Utilities/top-free 1 app(s) found
[2026-09-29T05:22:10.367Z] [DEBUG] RSS ok: pt/macos/Business/top-free entries=99
[2026-09-29T05:22:20.373Z] [DEBUG] Hits: pt/macos/Business/top-free 2 app(s) found
[2026-09-29T05:22:21.310Z] [DEBUG] RSS ok: pt/macos/Productivity/top-free entries=99
[2026-09-29T05:22:31.311Z] [DEBUG] Hits: pt/macos/Productivity/top-free 3 app(s) found
[2026-09-29T05:22:32.158Z] [DEBUG] RSS ok: pt/macos/Utilities/top-free entries=100
[2026-09-29T05:22:42.164Z] [INFO] RSS progress: 30/60 (30 ok, 0 error, 85 points)
[2026-09-29T05:22:42.981Z] [DEBUG] RSS ok: ch/macos/Business/top-free entries=100
[2026-09-29T05:22:52.987Z] [DEBUG] Hits: ch/macos/Business/top-free 1 app(s) found
[2026-09-29T05:22:53.767Z] [DEBUG] RSS ok: ch/macos/Productivity/top-free entries=99
[2026-09-29T05:23:03.773Z] [DEBUG] Hits: ch/macos/Productivity/top-free 3 app(s) found
[2026-09-29T05:23:04.557Z] [DEBUG] RSS ok: ch/macos/Utilities/top-free entries=100
[2026-09-29T05:23:14.563Z] [DEBUG] Hits: ch/macos/Utilities/top-free 3 app(s) found
[2026-09-29T05:23:15.477Z] [DEBUG] RSS ok: be/macos/Business/top-free entries=100
[2026-09-29T05:23:25.483Z] [DEBUG] Hits: be/macos/Business/top-free 2 app(s) found
[2026-09-29T05:23:26.277Z] [DEBUG] RSS ok: be/macos/Productivity/top-free entries=99
[2026-09-29T05:23:36.284Z] [DEBUG] Hits: be/macos/Productivity/top-free 6 app(s) found
[2026-09-29T05:23:36.945Z] [DEBUG] RSS ok: be/macos/Utilities/top-free entries=100
[2026-09-29T05:23:46.951Z] [DEBUG] Hits: be/macos/Utilities/top-free 1 app(s) found
[2026-09-29T05:23:47.621Z] [DEBUG] RSS ok: nl/macos/Business/top-free entries=100
[2026-09-29T05:23:57.627Z] [DEBUG] Hits: nl/macos/Business/top-free 2 app(s) found
[2026-09-29T05:23:58.449Z] [DEBUG] RSS ok: nl/macos/Productivity/top-free entries=99
[2026-09-29T05:24:08.456Z] [DEBUG] Hits: nl/macos/Productivity/top-free 4 app(s) found
[2026-09-29T05:24:09.252Z] [DEBUG] RSS ok: nl/macos/Utilities/top-free entries=100
[2026-09-29T05:24:19.258Z] [DEBUG] Hits: nl/macos/Utilities/top-free 2 app(s) found
[2026-09-29T05:24:20.268Z] [DEBUG] RSS ok: tw/macos/Business/top-free entries=99
[2026-09-29T05:24:30.274Z] [DEBUG] Hits: tw/macos/Business/top-free 2 app(s) found
[2026-09-29T05:24:30.274Z] [INFO] RSS progress: 40/60 (40 ok, 0 error, 111 points)
[2026-09-29T05:24:31.398Z] [DEBUG] RSS ok: tw/macos/Productivity/top-free entries=99
[2026-09-29T05:24:41.404Z] [DEBUG] Hits: tw/macos/Productivity/top-free 2 app(s) found
[2026-09-29T05:24:42.155Z] [DEBUG] RSS ok: tw/macos/Utilities/top-free entries=100
[2026-09-29T05:24:52.160Z] [DEBUG] Hits: tw/macos/Utilities/top-free 2 app(s) found
[2026-09-29T05:24:53.100Z] [DEBUG] RSS ok: hk/macos/Business/top-free entries=99
[2026-09-29T05:25:03.106Z] [DEBUG] Hits: hk/macos/Business/top-free 2 app(s) found
[2026-09-29T05:25:03.948Z] [DEBUG] RSS ok: hk/macos/Productivity/top-free entries=99
[2026-09-29T05:25:13.954Z] [DEBUG] Hits: hk/macos/Productivity/top-free 5 app(s) found
[2026-09-29T05:25:14.888Z] [DEBUG] RSS ok: hk/macos/Utilities/top-free entries=100
[2026-09-29T05:25:24.895Z] [DEBUG] Hits: hk/macos/Utilities/top-free 1 app(s) found
[2026-09-29T05:25:25.682Z] [DEBUG] RSS ok: nz/macos/Business/top-free entries=100
[2026-09-29T05:25:35.688Z] [DEBUG] Hits: nz/macos/Business/top-free 2 app(s) found
[2026-09-29T05:25:36.452Z] [DEBUG] RSS ok: nz/macos/Productivity/top-free entries=99
[2026-09-29T05:25:46.458Z] [DEBUG] Hits: nz/macos/Productivity/top-free 4 app(s) found
[2026-09-29T05:25:47.254Z] [DEBUG] RSS ok: nz/macos/Utilities/top-free entries=100
[2026-09-29T05:25:57.260Z] [DEBUG] Hits: nz/macos/Utilities/top-free 1 app(s) found
[2026-09-29T05:25:57.888Z] [DEBUG] RSS ok: sg/macos/Business/top-free entries=100
[2026-09-29T05:26:07.894Z] [DEBUG] Hits: sg/macos/Business/top-free 2 app(s) found
[2026-09-29T05:26:08.712Z] [DEBUG] RSS ok: sg/macos/Productivity/top-free entries=99
[2026-09-29T05:26:18.719Z] [DEBUG] Hits: sg/macos/Productivity/top-free 2 app(s) found
[2026-09-29T05:26:18.719Z] [INFO] RSS progress: 50/60 (50 ok, 0 error, 134 points)
[2026-09-29T05:26:19.713Z] [DEBUG] RSS ok: sg/macos/Utilities/top-free entries=100
[2026-09-29T05:26:29.719Z] [DEBUG] Hits: sg/macos/Utilities/top-free 1 app(s) found
[2026-09-29T05:26:30.411Z] [DEBUG] RSS ok: in/macos/Business/top-free entries=100
[2026-09-29T05:26:40.418Z] [DEBUG] Hits: in/macos/Business/top-free 2 app(s) found
[2026-09-29T05:26:41.410Z] [DEBUG] RSS ok: in/macos/Productivity/top-free entries=99
[2026-09-29T05:26:51.417Z] [DEBUG] Hits: in/macos/Productivity/top-free 3 app(s) found
[2026-09-29T05:26:52.161Z] [DEBUG] RSS ok: in/macos/Utilities/top-free entries=100
[2026-09-29T05:27:02.167Z] [DEBUG] Hits: in/macos/Utilities/top-free 1 app(s) found
[2026-09-29T05:27:03.272Z] [DEBUG] RSS ok: za/macos/Business/top-free entries=100
[2026-09-29T05:27:13.278Z] [DEBUG] Hits: za/macos/Business/top-free 3 app(s) found
[2026-09-29T05:27:14.093Z] [DEBUG] RSS ok: za/macos/Productivity/top-free entries=99
[2026-09-29T05:27:24.099Z] [DEBUG] Hits: za/macos/Productivity/top-free 5 app(s) found
[2026-09-29T05:27:24.889Z] [DEBUG] RSS ok: za/macos/Utilities/top-free entries=100
[2026-09-29T05:27:34.895Z] [DEBUG] Hits: za/macos/Utilities/top-free 3 app(s) found
[2026-09-29T05:27:35.622Z] [DEBUG] RSS ok: br/macos/Business/top-free entries=100
[2026-09-29T05:27:45.629Z] [DEBUG] Hits: br/macos/Business/top-free 2 app(s) found
[2026-09-29T05:27:46.407Z] [DEBUG] RSS ok: br/macos/Productivity/top-free entries=99
[2026-09-29T05:27:56.413Z] [DEBUG] Hits: br/macos/Productivity/top-free 2 app(s) found
[2026-09-29T05:27:57.111Z] [DEBUG] RSS ok: br/macos/Utilities/top-free entries=100
[2026-09-29T05:28:07.118Z] [INFO] RSS progress: 60/60 (60 ok, 0 error, 156 points)
[2026-09-29T05:28:07.118Z] [INFO] RSS fetch done: 60 ok, 0 error, 156 points
[2026-09-29T05:28:07.118Z] [INFO] Platform max returned: macos = 100
[2026-09-29T05:28:07.118Z] [INFO] RSS results: 60 ok, 0 error, 156 rank points
[2026-09-29T05:28:07.145Z] [INFO] Stored: 60 crawls, 156 points
[2026-09-29T05:28:07.160Z] [INFO] current.json written rows=23
[2026-09-29T05:28:07.162Z] [INFO] Current summary: on_chart=156, not_on_chart=304, depth_limited=0, crawl_error=0, total=460
[2026-09-29T05:28:07.162Z] [INFO] === Crawl complete === 649.4s
[2026-09-29T06:17:17.228Z] [INFO] === Crawl start === ts=2026-09-29T06:00:00Z
[2026-09-29T06:17:17.232Z] [INFO] Config loaded apps=4, platforms=macos, categories=Business,Productivity,Utilities
[2026-09-29T06:17:17.232Z] [INFO] App IDs to track: 23 our=4, competitors=19
[2026-09-29T06:17:17.233Z] [INFO] Lookup cached fetched_at=2026-09-29T00:17:16.928Z, 23 apps
[2026-09-29T06:17:17.234Z] [INFO] RSS requests: 60 countries=20, platforms=macos, categories=Business,Productivity,Utilities
[2026-09-29T06:17:17.234Z] [INFO] RSS fetch start: 60 requests, concurrency=1
[2026-09-29T06:17:17.939Z] [DEBUG] RSS ok: us/macos/Business/top-free entries=100
[2026-09-29T06:17:27.942Z] [DEBUG] Hits: us/macos/Business/top-free 3 app(s) found
[2026-09-29T06:17:28.518Z] [DEBUG] RSS ok: us/macos/Productivity/top-free entries=99
[2026-09-29T06:17:38.524Z] [DEBUG] Hits: us/macos/Productivity/top-free 6 app(s) found
[2026-09-29T06:17:39.372Z] [DEBUG] RSS ok: us/macos/Utilities/top-free entries=100
[2026-09-29T06:17:49.377Z] [DEBUG] Hits: us/macos/Utilities/top-free 1 app(s) found
[2026-09-29T06:17:50.108Z] [DEBUG] RSS ok: gb/macos/Business/top-free entries=100
[2026-09-29T06:18:00.114Z] [DEBUG] Hits: gb/macos/Business/top-free 3 app(s) found
[2026-09-29T06:18:00.731Z] [DEBUG] RSS ok: gb/macos/Productivity/top-free entries=99
[2026-09-29T06:18:10.736Z] [DEBUG] Hits: gb/macos/Productivity/top-free 5 app(s) found
[2026-09-29T06:18:11.404Z] [DEBUG] RSS ok: gb/macos/Utilities/top-free entries=100
[2026-09-29T06:18:21.411Z] [DEBUG] Hits: gb/macos/Utilities/top-free 3 app(s) found
[2026-09-29T06:18:22.052Z] [DEBUG] RSS ok: ca/macos/Business/top-free entries=100
[2026-09-29T06:18:32.057Z] [DEBUG] Hits: ca/macos/Business/top-free 3 app(s) found
[2026-09-29T06:18:32.682Z] [DEBUG] RSS ok: ca/macos/Productivity/top-free entries=99
[2026-09-29T06:18:42.685Z] [DEBUG] Hits: ca/macos/Productivity/top-free 5 app(s) found
[2026-09-29T06:18:43.412Z] [DEBUG] RSS ok: ca/macos/Utilities/top-free entries=100
[2026-09-29T06:18:53.418Z] [DEBUG] Hits: ca/macos/Utilities/top-free 1 app(s) found
[2026-09-29T06:18:54.113Z] [DEBUG] RSS ok: fr/macos/Business/top-free entries=98
[2026-09-29T06:19:04.120Z] [DEBUG] Hits: fr/macos/Business/top-free 3 app(s) found
[2026-09-29T06:19:04.120Z] [INFO] RSS progress: 10/60 (10 ok, 0 error, 33 points)
[2026-09-29T06:19:04.934Z] [DEBUG] RSS ok: fr/macos/Productivity/top-free entries=99
[2026-09-29T06:19:14.937Z] [DEBUG] Hits: fr/macos/Productivity/top-free 4 app(s) found
[2026-09-29T06:19:15.495Z] [DEBUG] RSS ok: fr/macos/Utilities/top-free entries=100
[2026-09-29T06:19:25.498Z] [DEBUG] Hits: fr/macos/Utilities/top-free 2 app(s) found
[2026-09-29T06:19:26.194Z] [DEBUG] RSS ok: de/macos/Business/top-free entries=99
[2026-09-29T06:19:36.200Z] [DEBUG] Hits: de/macos/Business/top-free 1 app(s) found
[2026-09-29T06:19:36.948Z] [DEBUG] RSS ok: de/macos/Productivity/top-free entries=99
[2026-09-29T06:19:46.953Z] [DEBUG] Hits: de/macos/Productivity/top-free 4 app(s) found
[2026-09-29T06:19:47.767Z] [DEBUG] RSS ok: de/macos/Utilities/top-free entries=100
[2026-09-29T06:19:57.772Z] [DEBUG] Hits: de/macos/Utilities/top-free 2 app(s) found
[2026-09-29T06:19:58.416Z] [DEBUG] RSS ok: jp/macos/Business/top-free entries=98
[2026-09-29T06:20:08.422Z] [DEBUG] Hits: jp/macos/Business/top-free 2 app(s) found
[2026-09-29T06:20:09.358Z] [DEBUG] RSS ok: jp/macos/Productivity/top-free entries=99
[2026-09-29T06:20:19.364Z] [DEBUG] Hits: jp/macos/Productivity/top-free 3 app(s) found
[2026-09-29T06:20:19.973Z] [DEBUG] RSS ok: jp/macos/Utilities/top-free entries=100
[2026-09-29T06:20:29.975Z] [DEBUG] Hits: jp/macos/Utilities/top-free 4 app(s) found
[2026-09-29T06:20:30.671Z] [DEBUG] RSS ok: au/macos/Business/top-free entries=100
[2026-09-29T06:20:40.676Z] [DEBUG] Hits: au/macos/Business/top-free 3 app(s) found
[2026-09-29T06:20:41.242Z] [DEBUG] RSS ok: au/macos/Productivity/top-free entries=99
[2026-09-29T06:20:51.247Z] [DEBUG] Hits: au/macos/Productivity/top-free 5 app(s) found
[2026-09-29T06:20:51.248Z] [INFO] RSS progress: 20/60 (20 ok, 0 error, 63 points)
[2026-09-29T06:20:51.978Z] [DEBUG] RSS ok: au/macos/Utilities/top-free entries=100
[2026-09-29T06:21:01.985Z] [DEBUG] Hits: au/macos/Utilities/top-free 1 app(s) found
[2026-09-29T06:21:02.577Z] [DEBUG] RSS ok: es/macos/Business/top-free entries=98
[2026-09-29T06:21:12.584Z] [DEBUG] Hits: es/macos/Business/top-free 3 app(s) found
[2026-09-29T06:21:13.435Z] [DEBUG] RSS ok: es/macos/Productivity/top-free entries=99
[2026-09-29T06:21:23.441Z] [DEBUG] Hits: es/macos/Productivity/top-free 5 app(s) found
[2026-09-29T06:21:24.220Z] [DEBUG] RSS ok: es/macos/Utilities/top-free entries=100
[2026-09-29T06:21:34.901Z] [DEBUG] RSS ok: it/macos/Business/top-free entries=99
[2026-09-29T06:21:44.908Z] [DEBUG] Hits: it/macos/Business/top-free 2 app(s) found
[2026-09-29T06:21:45.537Z] [DEBUG] RSS ok: it/macos/Productivity/top-free entries=99
[2026-09-29T06:21:55.544Z] [DEBUG] Hits: it/macos/Productivity/top-free 5 app(s) found
[2026-09-29T06:21:56.314Z] [DEBUG] RSS ok: it/macos/Utilities/top-free entries=100
[2026-09-29T06:22:06.320Z] [DEBUG] Hits: it/macos/Utilities/top-free 1 app(s) found
[2026-09-29T06:22:07.037Z] [DEBUG] RSS ok: pt/macos/Business/top-free entries=99
[2026-09-29T06:22:17.038Z] [DEBUG] Hits: pt/macos/Business/top-free 2 app(s) found
[2026-09-29T06:22:17.718Z] [DEBUG] RSS ok: pt/macos/Productivity/top-free entries=99
[2026-09-29T06:22:27.721Z] [DEBUG] Hits: pt/macos/Productivity/top-free 3 app(s) found
[2026-09-29T06:22:28.337Z] [DEBUG] RSS ok: pt/macos/Utilities/top-free entries=100
[2026-09-29T06:22:38.343Z] [INFO] RSS progress: 30/60 (30 ok, 0 error, 85 points)
[2026-09-29T06:22:39.037Z] [DEBUG] RSS ok: ch/macos/Business/top-free entries=100
[2026-09-29T06:22:49.042Z] [DEBUG] Hits: ch/macos/Business/top-free 1 app(s) found
[2026-09-29T06:22:49.821Z] [DEBUG] RSS ok: ch/macos/Productivity/top-free entries=99
[2026-09-29T06:22:59.828Z] [DEBUG] Hits: ch/macos/Productivity/top-free 3 app(s) found
[2026-09-29T06:23:00.624Z] [DEBUG] RSS ok: ch/macos/Utilities/top-free entries=100
[2026-09-29T06:23:10.631Z] [DEBUG] Hits: ch/macos/Utilities/top-free 3 app(s) found
[2026-09-29T06:23:11.388Z] [DEBUG] RSS ok: be/macos/Business/top-free entries=100
[2026-09-29T06:23:21.393Z] [DEBUG] Hits: be/macos/Business/top-free 2 app(s) found
[2026-09-29T06:23:22.056Z] [DEBUG] RSS ok: be/macos/Productivity/top-free entries=99
[2026-09-29T06:23:32.062Z] [DEBUG] Hits: be/macos/Productivity/top-free 6 app(s) found
[2026-09-29T06:23:32.735Z] [DEBUG] RSS ok: be/macos/Utilities/top-free entries=100
[2026-09-29T06:23:42.742Z] [DEBUG] Hits: be/macos/Utilities/top-free 1 app(s) found
[2026-09-29T06:23:43.478Z] [DEBUG] RSS ok: nl/macos/Business/top-free entries=100
[2026-09-29T06:23:53.485Z] [DEBUG] Hits: nl/macos/Business/top-free 2 app(s) found
[2026-09-29T06:23:54.134Z] [DEBUG] RSS ok: nl/macos/Productivity/top-free entries=99
[2026-09-29T06:24:04.139Z] [DEBUG] Hits: nl/macos/Productivity/top-free 4 app(s) found
[2026-09-29T06:24:04.769Z] [DEBUG] RSS ok: nl/macos/Utilities/top-free entries=100
[2026-09-29T06:24:14.776Z] [DEBUG] Hits: nl/macos/Utilities/top-free 2 app(s) found
[2026-09-29T06:24:15.603Z] [DEBUG] RSS ok: tw/macos/Business/top-free entries=99
[2026-09-29T06:24:25.609Z] [DEBUG] Hits: tw/macos/Business/top-free 2 app(s) found
[2026-09-29T06:24:25.609Z] [INFO] RSS progress: 40/60 (40 ok, 0 error, 111 points)
[2026-09-29T06:24:26.339Z] [DEBUG] RSS ok: tw/macos/Productivity/top-free entries=99
[2026-09-29T06:24:36.345Z] [DEBUG] Hits: tw/macos/Productivity/top-free 2 app(s) found
[2026-09-29T06:24:37.065Z] [DEBUG] RSS ok: tw/macos/Utilities/top-free entries=100
[2026-09-29T06:24:47.071Z] [DEBUG] Hits: tw/macos/Utilities/top-free 2 app(s) found
[2026-09-29T06:24:47.870Z] [DEBUG] RSS ok: hk/macos/Business/top-free entries=99
[2026-09-29T06:24:57.875Z] [DEBUG] Hits: hk/macos/Business/top-free 2 app(s) found
[2026-09-29T06:24:58.564Z] [DEBUG] RSS ok: hk/macos/Productivity/top-free entries=99
[2026-09-29T06:25:08.571Z] [DEBUG] Hits: hk/macos/Productivity/top-free 5 app(s) found
[2026-09-29T06:25:09.353Z] [DEBUG] RSS ok: hk/macos/Utilities/top-free entries=100
[2026-09-29T06:25:19.360Z] [DEBUG] Hits: hk/macos/Utilities/top-free 1 app(s) found
[2026-09-29T06:25:19.923Z] [DEBUG] RSS ok: nz/macos/Business/top-free entries=100
[2026-09-29T06:25:29.929Z] [DEBUG] Hits: nz/macos/Business/top-free 2 app(s) found
[2026-09-29T06:25:30.524Z] [DEBUG] RSS ok: nz/macos/Productivity/top-free entries=99
[2026-09-29T06:25:40.529Z] [DEBUG] Hits: nz/macos/Productivity/top-free 4 app(s) found
[2026-09-29T06:25:41.256Z] [DEBUG] RSS ok: nz/macos/Utilities/top-free entries=100
[2026-09-29T06:25:51.261Z] [DEBUG] Hits: nz/macos/Utilities/top-free 1 app(s) found
[2026-09-29T06:25:51.908Z] [DEBUG] RSS ok: sg/macos/Business/top-free entries=100
[2026-09-29T06:26:01.914Z] [DEBUG] Hits: sg/macos/Business/top-free 2 app(s) found
[2026-09-29T06:26:02.671Z] [DEBUG] RSS ok: sg/macos/Productivity/top-free entries=99
[2026-09-29T06:26:12.678Z] [DEBUG] Hits: sg/macos/Productivity/top-free 2 app(s) found
[2026-09-29T06:26:12.678Z] [INFO] RSS progress: 50/60 (50 ok, 0 error, 134 points)
[2026-09-29T06:26:13.345Z] [DEBUG] RSS ok: sg/macos/Utilities/top-free entries=100
[2026-09-29T06:26:23.345Z] [DEBUG] Hits: sg/macos/Utilities/top-free 1 app(s) found
[2026-09-29T06:26:24.046Z] [DEBUG] RSS ok: in/macos/Business/top-free entries=100
[2026-09-29T06:26:34.052Z] [DEBUG] Hits: in/macos/Business/top-free 2 app(s) found
[2026-09-29T06:26:34.648Z] [DEBUG] RSS ok: in/macos/Productivity/top-free entries=99
[2026-09-29T06:26:44.654Z] [DEBUG] Hits: in/macos/Productivity/top-free 3 app(s) found
[2026-09-29T06:26:45.300Z] [DEBUG] RSS ok: in/macos/Utilities/top-free entries=100
[2026-09-29T06:26:55.306Z] [DEBUG] Hits: in/macos/Utilities/top-free 1 app(s) found
[2026-09-29T06:26:56.002Z] [DEBUG] RSS ok: za/macos/Business/top-free entries=100
[2026-09-29T06:27:06.009Z] [DEBUG] Hits: za/macos/Business/top-free 3 app(s) found
[2026-09-29T06:27:06.702Z] [DEBUG] RSS ok: za/macos/Productivity/top-free entries=99
[2026-09-29T06:27:16.708Z] [DEBUG] Hits: za/macos/Productivity/top-free 5 app(s) found
[2026-09-29T06:27:17.361Z] [DEBUG] RSS ok: za/macos/Utilities/top-free entries=100
[2026-09-29T06:27:27.367Z] [DEBUG] Hits: za/macos/Utilities/top-free 3 app(s) found
[2026-09-29T06:27:28.031Z] [DEBUG] RSS ok: br/macos/Business/top-free entries=100
[2026-09-29T06:27:38.038Z] [DEBUG] Hits: br/macos/Business/top-free 2 app(s) found
[2026-09-29T06:27:38.864Z] [DEBUG] RSS ok: br/macos/Productivity/top-free entries=99
[2026-09-29T06:27:48.869Z] [DEBUG] Hits: br/macos/Productivity/top-free 2 app(s) found
[2026-09-29T06:27:49.529Z] [DEBUG] RSS ok: br/macos/Utilities/top-free entries=100
[2026-09-29T06:27:59.536Z] [INFO] RSS progress: 60/60 (60 ok, 0 error, 156 points)
[2026-09-29T06:27:59.536Z] [INFO] RSS fetch done: 60 ok, 0 error, 156 points
[2026-09-29T06:27:59.536Z] [INFO] Platform max returned: macos = 100
[2026-09-29T06:27:59.537Z] [INFO] RSS results: 60 ok, 0 error, 156 rank points
[2026-09-29T06:27:59.569Z] [INFO] Stored: 60 crawls, 156 points
[2026-09-29T06:27:59.584Z] [INFO] current.json written rows=23
[2026-09-29T06:27:59.585Z] [INFO] Current summary: on_chart=156, not_on_chart=304, depth_limited=0, crawl_error=0, total=460
[2026-09-29T06:27:59.585Z] [INFO] === Crawl complete === 642.4s
[2026-09-29T07:17:18.581Z] [INFO] === Crawl start === ts=2026-09-29T07:00:00Z
[2026-09-29T07:17:18.585Z] [INFO] Config loaded apps=4, platforms=macos, categories=Business,Productivity,Utilities
[2026-09-29T07:17:18.585Z] [INFO] App IDs to track: 23 our=4, competitors=19
[2026-09-29T07:17:18.586Z] [INFO] Lookup cached fetched_at=2026-09-29T00:17:16.928Z, 23 apps
[2026-09-29T07:17:18.586Z] [INFO] RSS requests: 60 countries=20, platforms=macos, categories=Business,Productivity,Utilities
[2026-09-29T07:17:18.587Z] [INFO] RSS fetch start: 60 requests, concurrency=1
[2026-09-29T07:17:19.412Z] [DEBUG] RSS ok: us/macos/Business/top-free entries=100
[2026-09-29T07:17:29.414Z] [DEBUG] Hits: us/macos/Business/top-free 3 app(s) found
[2026-09-29T07:17:30.137Z] [DEBUG] RSS ok: us/macos/Productivity/top-free entries=99
[2026-09-29T07:17:40.143Z] [DEBUG] Hits: us/macos/Productivity/top-free 6 app(s) found
[2026-09-29T07:17:41.058Z] [DEBUG] RSS ok: us/macos/Utilities/top-free entries=100
[2026-09-29T07:17:51.065Z] [DEBUG] Hits: us/macos/Utilities/top-free 1 app(s) found
[2026-09-29T07:17:51.773Z] [DEBUG] RSS ok: gb/macos/Business/top-free entries=100
[2026-09-29T07:18:01.779Z] [DEBUG] Hits: gb/macos/Business/top-free 3 app(s) found
[2026-09-29T07:18:02.571Z] [DEBUG] RSS ok: gb/macos/Productivity/top-free entries=99
[2026-09-29T07:18:12.578Z] [DEBUG] Hits: gb/macos/Productivity/top-free 5 app(s) found
[2026-09-29T07:18:13.610Z] [DEBUG] RSS ok: gb/macos/Utilities/top-free entries=100
[2026-09-29T07:18:23.616Z] [DEBUG] Hits: gb/macos/Utilities/top-free 2 app(s) found
[2026-09-29T07:18:24.303Z] [DEBUG] RSS ok: ca/macos/Business/top-free entries=100
[2026-09-29T07:18:34.310Z] [DEBUG] Hits: ca/macos/Business/top-free 3 app(s) found
[2026-09-29T07:18:35.054Z] [DEBUG] RSS ok: ca/macos/Productivity/top-free entries=99
[2026-09-29T07:18:45.061Z] [DEBUG] Hits: ca/macos/Productivity/top-free 5 app(s) found
[2026-09-29T07:18:45.764Z] [DEBUG] RSS ok: ca/macos/Utilities/top-free entries=100
[2026-09-29T07:18:55.766Z] [DEBUG] Hits: ca/macos/Utilities/top-free 1 app(s) found
[2026-09-29T07:18:56.456Z] [DEBUG] RSS ok: fr/macos/Business/top-free entries=99
[2026-09-29T07:19:06.462Z] [DEBUG] Hits: fr/macos/Business/top-free 3 app(s) found
[2026-09-29T07:19:06.462Z] [INFO] RSS progress: 10/60 (10 ok, 0 error, 32 points)
[2026-09-29T07:19:07.351Z] [DEBUG] RSS ok: fr/macos/Productivity/top-free entries=99
[2026-09-29T07:19:17.358Z] [DEBUG] Hits: fr/macos/Productivity/top-free 4 app(s) found
[2026-09-29T07:19:18.190Z] [DEBUG] RSS ok: fr/macos/Utilities/top-free entries=100
[2026-09-29T07:19:28.197Z] [DEBUG] Hits: fr/macos/Utilities/top-free 2 app(s) found
[2026-09-29T07:19:29.070Z] [DEBUG] RSS ok: de/macos/Business/top-free entries=99
[2026-09-29T07:19:39.076Z] [DEBUG] Hits: de/macos/Business/top-free 2 app(s) found
[2026-09-29T07:19:39.978Z] [DEBUG] RSS ok: de/macos/Productivity/top-free entries=99
[2026-09-29T07:19:49.985Z] [DEBUG] Hits: de/macos/Productivity/top-free 4 app(s) found
[2026-09-29T07:19:50.700Z] [DEBUG] RSS ok: de/macos/Utilities/top-free entries=100
[2026-09-29T07:20:00.707Z] [DEBUG] Hits: de/macos/Utilities/top-free 2 app(s) found
[2026-09-29T07:20:01.815Z] [DEBUG] RSS ok: jp/macos/Business/top-free entries=99
[2026-09-29T07:20:11.821Z] [DEBUG] Hits: jp/macos/Business/top-free 2 app(s) found
[2026-09-29T07:20:12.761Z] [DEBUG] RSS ok: jp/macos/Productivity/top-free entries=99
[2026-09-29T07:20:22.767Z] [DEBUG] Hits: jp/macos/Productivity/top-free 3 app(s) found
[2026-09-29T07:20:23.863Z] [DEBUG] RSS ok: jp/macos/Utilities/top-free entries=100
[2026-09-29T07:20:33.869Z] [DEBUG] Hits: jp/macos/Utilities/top-free 4 app(s) found
[2026-09-29T07:20:34.662Z] [DEBUG] RSS ok: au/macos/Business/top-free entries=100
[2026-09-29T07:20:44.668Z] [DEBUG] Hits: au/macos/Business/top-free 3 app(s) found
[2026-09-29T07:20:45.435Z] [DEBUG] RSS ok: au/macos/Productivity/top-free entries=99
[2026-09-29T07:20:55.442Z] [DEBUG] Hits: au/macos/Productivity/top-free 5 app(s) found
[2026-09-29T07:20:55.442Z] [INFO] RSS progress: 20/60 (20 ok, 0 error, 63 points)
[2026-09-29T07:20:56.295Z] [DEBUG] RSS ok: au/macos/Utilities/top-free entries=100
[2026-09-29T07:21:06.301Z] [DEBUG] Hits: au/macos/Utilities/top-free 2 app(s) found
[2026-09-29T07:21:07.187Z] [DEBUG] RSS ok: es/macos/Business/top-free entries=98
[2026-09-29T07:21:17.194Z] [DEBUG] Hits: es/macos/Business/top-free 3 app(s) found
[2026-09-29T07:21:18.051Z] [DEBUG] RSS ok: es/macos/Productivity/top-free entries=99
[2026-09-29T07:21:28.056Z] [DEBUG] Hits: es/macos/Productivity/top-free 5 app(s) found
[2026-09-29T07:21:28.743Z] [DEBUG] RSS ok: es/macos/Utilities/top-free entries=100
[2026-09-29T07:21:39.566Z] [DEBUG] RSS ok: it/macos/Business/top-free entries=99
[2026-09-29T07:21:49.571Z] [DEBUG] Hits: it/macos/Business/top-free 2 app(s) found
[2026-09-29T07:21:51.274Z] [DEBUG] RSS ok: it/macos/Productivity/top-free entries=99
[2026-09-29T07:22:01.278Z] [DEBUG] Hits: it/macos/Productivity/top-free 5 app(s) found
[2026-09-29T07:22:02.078Z] [DEBUG] RSS ok: it/macos/Utilities/top-free entries=100
[2026-09-29T07:22:12.924Z] [DEBUG] RSS ok: pt/macos/Business/top-free entries=99
[2026-09-29T07:22:22.930Z] [DEBUG] Hits: pt/macos/Business/top-free 2 app(s) found
[2026-09-29T07:22:23.697Z] [DEBUG] RSS ok: pt/macos/Productivity/top-free entries=99
[2026-09-29T07:22:33.703Z] [DEBUG] Hits: pt/macos/Productivity/top-free 3 app(s) found
[2026-09-29T07:22:34.443Z] [DEBUG] RSS ok: pt/macos/Utilities/top-free entries=100
[2026-09-29T07:22:44.450Z] [INFO] RSS progress: 30/60 (30 ok, 0 error, 85 points)
[2026-09-29T07:22:45.204Z] [DEBUG] RSS ok: ch/macos/Business/top-free entries=100
[2026-09-29T07:22:55.210Z] [DEBUG] Hits: ch/macos/Business/top-free 1 app(s) found
[2026-09-29T07:22:56.002Z] [DEBUG] RSS ok: ch/macos/Productivity/top-free entries=99
[2026-09-29T07:23:06.008Z] [DEBUG] Hits: ch/macos/Productivity/top-free 3 app(s) found
[2026-09-29T07:23:06.890Z] [DEBUG] RSS ok: ch/macos/Utilities/top-free entries=100
[2026-09-29T07:23:16.896Z] [DEBUG] Hits: ch/macos/Utilities/top-free 3 app(s) found
[2026-09-29T07:23:17.741Z] [DEBUG] RSS ok: be/macos/Business/top-free entries=100
[2026-09-29T07:23:27.742Z] [DEBUG] Hits: be/macos/Business/top-free 1 app(s) found
[2026-09-29T07:23:28.470Z] [DEBUG] RSS ok: be/macos/Productivity/top-free entries=99
[2026-09-29T07:23:38.476Z] [DEBUG] Hits: be/macos/Productivity/top-free 6 app(s) found
[2026-09-29T07:23:39.331Z] [DEBUG] RSS ok: be/macos/Utilities/top-free entries=100
[2026-09-29T07:23:49.335Z] [DEBUG] Hits: be/macos/Utilities/top-free 1 app(s) found
[2026-09-29T07:23:50.032Z] [DEBUG] RSS ok: nl/macos/Business/top-free entries=100
[2026-09-29T07:24:00.039Z] [DEBUG] Hits: nl/macos/Business/top-free 2 app(s) found
[2026-09-29T07:24:00.840Z] [DEBUG] RSS ok: nl/macos/Productivity/top-free entries=99
[2026-09-29T07:24:10.846Z] [DEBUG] Hits: nl/macos/Productivity/top-free 4 app(s) found
[2026-09-29T07:24:11.721Z] [DEBUG] RSS ok: nl/macos/Utilities/top-free entries=100
[2026-09-29T07:24:21.728Z] [DEBUG] Hits: nl/macos/Utilities/top-free 2 app(s) found
[2026-09-29T07:24:22.594Z] [DEBUG] RSS ok: tw/macos/Business/top-free entries=99
[2026-09-29T07:24:32.600Z] [DEBUG] Hits: tw/macos/Business/top-free 2 app(s) found
[2026-09-29T07:24:32.600Z] [INFO] RSS progress: 40/60 (40 ok, 0 error, 110 points)
[2026-09-29T07:24:33.510Z] [DEBUG] RSS ok: tw/macos/Productivity/top-free entries=99
[2026-09-29T07:24:43.517Z] [DEBUG] Hits: tw/macos/Productivity/top-free 1 app(s) found
[2026-09-29T07:24:44.231Z] [DEBUG] RSS ok: tw/macos/Utilities/top-free entries=100
[2026-09-29T07:24:54.237Z] [DEBUG] Hits: tw/macos/Utilities/top-free 2 app(s) found
[2026-09-29T07:24:55.103Z] [DEBUG] RSS ok: hk/macos/Business/top-free entries=99
[2026-09-29T07:25:05.109Z] [DEBUG] Hits: hk/macos/Business/top-free 2 app(s) found
[2026-09-29T07:25:05.866Z] [DEBUG] RSS ok: hk/macos/Productivity/top-free entries=99
[2026-09-29T07:25:15.872Z] [DEBUG] Hits: hk/macos/Productivity/top-free 4 app(s) found
[2026-09-29T07:25:16.712Z] [DEBUG] RSS ok: hk/macos/Utilities/top-free entries=100
[2026-09-29T07:25:26.718Z] [DEBUG] Hits: hk/macos/Utilities/top-free 1 app(s) found
[2026-09-29T07:25:27.499Z] [DEBUG] RSS ok: nz/macos/Business/top-free entries=100
[2026-09-29T07:25:37.505Z] [DEBUG] Hits: nz/macos/Business/top-free 2 app(s) found
[2026-09-29T07:25:38.315Z] [DEBUG] RSS ok: nz/macos/Productivity/top-free entries=99
[2026-09-29T07:25:48.320Z] [DEBUG] Hits: nz/macos/Productivity/top-free 4 app(s) found
[2026-09-29T07:25:49.071Z] [DEBUG] RSS ok: nz/macos/Utilities/top-free entries=100
[2026-09-29T07:25:59.813Z] [DEBUG] RSS ok: sg/macos/Business/top-free entries=100
[2026-09-29T07:26:09.819Z] [DEBUG] Hits: sg/macos/Business/top-free 2 app(s) found
[2026-09-29T07:26:10.634Z] [DEBUG] RSS ok: sg/macos/Productivity/top-free entries=99
[2026-09-29T07:26:20.637Z] [DEBUG] Hits: sg/macos/Productivity/top-free 3 app(s) found
[2026-09-29T07:26:20.637Z] [INFO] RSS progress: 50/60 (50 ok, 0 error, 131 points)
[2026-09-29T07:26:21.634Z] [DEBUG] RSS ok: sg/macos/Utilities/top-free entries=100
[2026-09-29T07:26:31.640Z] [DEBUG] Hits: sg/macos/Utilities/top-free 2 app(s) found
[2026-09-29T07:26:32.428Z] [DEBUG] RSS ok: in/macos/Business/top-free entries=100
[2026-09-29T07:26:42.430Z] [DEBUG] Hits: in/macos/Business/top-free 2 app(s) found
[2026-09-29T07:26:43.277Z] [DEBUG] RSS ok: in/macos/Productivity/top-free entries=99
[2026-09-29T07:26:53.283Z] [DEBUG] Hits: in/macos/Productivity/top-free 3 app(s) found
[2026-09-29T07:26:54.093Z] [DEBUG] RSS ok: in/macos/Utilities/top-free entries=100
[2026-09-29T07:27:04.099Z] [DEBUG] Hits: in/macos/Utilities/top-free 1 app(s) found
[2026-09-29T07:27:04.884Z] [DEBUG] RSS ok: za/macos/Business/top-free entries=100
[2026-09-29T07:27:14.891Z] [DEBUG] Hits: za/macos/Business/top-free 3 app(s) found
[2026-09-29T07:27:15.787Z] [DEBUG] RSS ok: za/macos/Productivity/top-free entries=99
[2026-09-29T07:27:25.793Z] [DEBUG] Hits: za/macos/Productivity/top-free 4 app(s) found
[2026-09-29T07:27:26.583Z] [DEBUG] RSS ok: za/macos/Utilities/top-free entries=100
[2026-09-29T07:27:36.589Z] [DEBUG] Hits: za/macos/Utilities/top-free 3 app(s) found
[2026-09-29T07:27:37.412Z] [DEBUG] RSS ok: br/macos/Business/top-free entries=100
[2026-09-29T07:27:47.418Z] [DEBUG] Hits: br/macos/Business/top-free 2 app(s) found
[2026-09-29T07:27:48.177Z] [DEBUG] RSS ok: br/macos/Productivity/top-free entries=99
[2026-09-29T07:27:58.183Z] [DEBUG] Hits: br/macos/Productivity/top-free 3 app(s) found
[2026-09-29T07:27:59.046Z] [DEBUG] RSS ok: br/macos/Utilities/top-free entries=100
[2026-09-29T07:28:09.052Z] [INFO] RSS progress: 60/60 (60 ok, 0 error, 154 points)
[2026-09-29T07:28:09.052Z] [INFO] Platform max returned: macos = 100
[2026-09-29T07:28:09.052Z] [INFO] RSS fetch done: 60 ok, 0 error, 154 points
[2026-09-29T07:28:09.052Z] [INFO] RSS results: 60 ok, 0 error, 154 rank points
[2026-09-29T07:28:09.082Z] [INFO] Stored: 60 crawls, 154 points
[2026-09-29T07:28:09.098Z] [INFO] current.json written rows=23
[2026-09-29T07:28:09.099Z] [INFO] Current summary: on_chart=154, not_on_chart=306, depth_limited=0, crawl_error=0, total=460
[2026-09-29T07:28:09.099Z] [INFO] === Crawl complete === 650.5s
[2026-09-29T08:17:20.096Z] [INFO] === Crawl start === ts=2026-09-29T08:00:00Z
[2026-09-29T08:17:20.100Z] [INFO] Config loaded apps=4, platforms=macos, categories=Business,Productivity,Utilities
[2026-09-29T08:17:20.100Z] [INFO] App IDs to track: 23 our=4, competitors=19
[2026-09-29T08:17:20.101Z] [INFO] Lookup cached fetched_at=2026-09-29T00:17:16.928Z, 23 apps
[2026-09-29T08:17:20.102Z] [INFO] RSS requests: 60 countries=20, platforms=macos, categories=Business,Productivity,Utilities
[2026-09-29T08:17:20.102Z] [INFO] RSS fetch start: 60 requests, concurrency=1
[2026-09-29T08:17:20.763Z] [DEBUG] RSS ok: us/macos/Business/top-free entries=100
[2026-09-29T08:17:30.763Z] [DEBUG] Hits: us/macos/Business/top-free 3 app(s) found
[2026-09-29T08:17:31.550Z] [DEBUG] RSS ok: us/macos/Productivity/top-free entries=99
[2026-09-29T08:17:41.556Z] [DEBUG] Hits: us/macos/Productivity/top-free 6 app(s) found
[2026-09-29T08:17:42.302Z] [DEBUG] RSS ok: us/macos/Utilities/top-free entries=100
[2026-09-29T08:17:52.307Z] [DEBUG] Hits: us/macos/Utilities/top-free 1 app(s) found
[2026-09-29T08:17:52.948Z] [DEBUG] RSS ok: gb/macos/Business/top-free entries=100
[2026-09-29T08:18:02.955Z] [DEBUG] Hits: gb/macos/Business/top-free 3 app(s) found
[2026-09-29T08:18:03.696Z] [DEBUG] RSS ok: gb/macos/Productivity/top-free entries=99
[2026-09-29T08:18:13.701Z] [DEBUG] Hits: gb/macos/Productivity/top-free 5 app(s) found
[2026-09-29T08:18:14.377Z] [DEBUG] RSS ok: gb/macos/Utilities/top-free entries=100
[2026-09-29T08:18:24.384Z] [DEBUG] Hits: gb/macos/Utilities/top-free 2 app(s) found
[2026-09-29T08:18:25.148Z] [DEBUG] RSS ok: ca/macos/Business/top-free entries=100
[2026-09-29T08:18:35.155Z] [DEBUG] Hits: ca/macos/Business/top-free 3 app(s) found
[2026-09-29T08:18:35.932Z] [DEBUG] RSS ok: ca/macos/Productivity/top-free entries=99
[2026-09-29T08:18:45.939Z] [DEBUG] Hits: ca/macos/Productivity/top-free 5 app(s) found
[2026-09-29T08:18:46.706Z] [DEBUG] RSS ok: ca/macos/Utilities/top-free entries=100
[2026-09-29T08:18:56.713Z] [DEBUG] Hits: ca/macos/Utilities/top-free 1 app(s) found
[2026-09-29T08:18:57.527Z] [DEBUG] RSS ok: fr/macos/Business/top-free entries=99
[2026-09-29T08:19:07.533Z] [INFO] RSS progress: 10/60 (10 ok, 0 error, 32 points)
[2026-09-29T08:19:07.532Z] [DEBUG] Hits: fr/macos/Business/top-free 3 app(s) found
[2026-09-29T08:19:08.397Z] [DEBUG] RSS ok: fr/macos/Productivity/top-free entries=99
[2026-09-29T08:19:18.403Z] [DEBUG] Hits: fr/macos/Productivity/top-free 4 app(s) found
[2026-09-29T08:19:19.248Z] [DEBUG] RSS ok: fr/macos/Utilities/top-free entries=100
[2026-09-29T08:19:29.253Z] [DEBUG] Hits: fr/macos/Utilities/top-free 2 app(s) found
[2026-09-29T08:19:29.966Z] [DEBUG] RSS ok: de/macos/Business/top-free entries=99
[2026-09-29T08:19:39.973Z] [DEBUG] Hits: de/macos/Business/top-free 2 app(s) found
[2026-09-29T08:19:40.906Z] [DEBUG] RSS ok: de/macos/Productivity/top-free entries=99
[2026-09-29T08:19:50.912Z] [DEBUG] Hits: de/macos/Productivity/top-free 4 app(s) found
[2026-09-29T08:19:51.762Z] [DEBUG] RSS ok: de/macos/Utilities/top-free entries=100
[2026-09-29T08:20:01.768Z] [DEBUG] Hits: de/macos/Utilities/top-free 2 app(s) found
[2026-09-29T08:20:02.593Z] [DEBUG] RSS ok: jp/macos/Business/top-free entries=99
[2026-09-29T08:20:12.600Z] [DEBUG] Hits: jp/macos/Business/top-free 2 app(s) found
[2026-09-29T08:20:13.331Z] [DEBUG] RSS ok: jp/macos/Productivity/top-free entries=99
[2026-09-29T08:20:23.338Z] [DEBUG] Hits: jp/macos/Productivity/top-free 3 app(s) found
[2026-09-29T08:20:24.144Z] [DEBUG] RSS ok: jp/macos/Utilities/top-free entries=100
[2026-09-29T08:20:34.151Z] [DEBUG] Hits: jp/macos/Utilities/top-free 4 app(s) found
[2026-09-29T08:20:34.791Z] [DEBUG] RSS ok: au/macos/Business/top-free entries=100
[2026-09-29T08:20:44.798Z] [DEBUG] Hits: au/macos/Business/top-free 3 app(s) found
[2026-09-29T08:20:45.601Z] [DEBUG] RSS ok: au/macos/Productivity/top-free entries=99
[2026-09-29T08:20:55.606Z] [DEBUG] Hits: au/macos/Productivity/top-free 5 app(s) found
[2026-09-29T08:20:55.607Z] [INFO] RSS progress: 20/60 (20 ok, 0 error, 63 points)
[2026-09-29T08:20:56.384Z] [DEBUG] RSS ok: au/macos/Utilities/top-free entries=100
[2026-09-29T08:21:06.391Z] [DEBUG] Hits: au/macos/Utilities/top-free 2 app(s) found
[2026-09-29T08:21:07.258Z] [DEBUG] RSS ok: es/macos/Business/top-free entries=98
[2026-09-29T08:21:17.265Z] [DEBUG] Hits: es/macos/Business/top-free 3 app(s) found
[2026-09-29T08:21:18.038Z] [DEBUG] RSS ok: es/macos/Productivity/top-free entries=99
[2026-09-29T08:21:28.039Z] [DEBUG] Hits: es/macos/Productivity/top-free 5 app(s) found
[2026-09-29T08:21:29.316Z] [DEBUG] RSS ok: es/macos/Utilities/top-free entries=100
[2026-09-29T08:21:40.184Z] [DEBUG] RSS ok: it/macos/Business/top-free entries=99
[2026-09-29T08:21:50.190Z] [DEBUG] Hits: it/macos/Business/top-free 2 app(s) found
[2026-09-29T08:21:50.855Z] [DEBUG] RSS ok: it/macos/Productivity/top-free entries=99
[2026-09-29T08:22:00.861Z] [DEBUG] Hits: it/macos/Productivity/top-free 5 app(s) found
[2026-09-29T08:22:01.499Z] [DEBUG] RSS ok: it/macos/Utilities/top-free entries=100
[2026-09-29T08:22:12.311Z] [DEBUG] RSS ok: pt/macos/Business/top-free entries=99
[2026-09-29T08:22:22.316Z] [DEBUG] Hits: pt/macos/Business/top-free 2 app(s) found
[2026-09-29T08:22:23.141Z] [DEBUG] RSS ok: pt/macos/Productivity/top-free entries=99
[2026-09-29T08:22:33.143Z] [DEBUG] Hits: pt/macos/Productivity/top-free 3 app(s) found
[2026-09-29T08:22:33.927Z] [DEBUG] RSS ok: pt/macos/Utilities/top-free entries=100
[2026-09-29T08:22:43.933Z] [INFO] RSS progress: 30/60 (30 ok, 0 error, 85 points)
[2026-09-29T08:22:44.727Z] [DEBUG] RSS ok: ch/macos/Business/top-free entries=100
[2026-09-29T08:22:54.734Z] [DEBUG] Hits: ch/macos/Business/top-free 1 app(s) found
[2026-09-29T08:22:55.577Z] [DEBUG] RSS ok: ch/macos/Productivity/top-free entries=99
[2026-09-29T08:23:05.584Z] [DEBUG] Hits: ch/macos/Productivity/top-free 3 app(s) found
[2026-09-29T08:23:06.273Z] [DEBUG] RSS ok: ch/macos/Utilities/top-free entries=100
[2026-09-29T08:23:16.279Z] [DEBUG] Hits: ch/macos/Utilities/top-free 3 app(s) found
[2026-09-29T08:23:16.998Z] [DEBUG] RSS ok: be/macos/Business/top-free entries=100
[2026-09-29T08:23:27.005Z] [DEBUG] Hits: be/macos/Business/top-free 1 app(s) found
[2026-09-29T08:23:27.770Z] [DEBUG] RSS ok: be/macos/Productivity/top-free entries=99
[2026-09-29T08:23:37.775Z] [DEBUG] Hits: be/macos/Productivity/top-free 6 app(s) found
[2026-09-29T08:23:38.453Z] [DEBUG] RSS ok: be/macos/Utilities/top-free entries=100
[2026-09-29T08:23:48.458Z] [DEBUG] Hits: be/macos/Utilities/top-free 1 app(s) found
[2026-09-29T08:23:49.283Z] [DEBUG] RSS ok: nl/macos/Business/top-free entries=100
[2026-09-29T08:23:59.290Z] [DEBUG] Hits: nl/macos/Business/top-free 2 app(s) found
[2026-09-29T08:24:00.036Z] [DEBUG] RSS ok: nl/macos/Productivity/top-free entries=99
[2026-09-29T08:24:10.043Z] [DEBUG] Hits: nl/macos/Productivity/top-free 4 app(s) found
[2026-09-29T08:24:10.926Z] [DEBUG] RSS ok: nl/macos/Utilities/top-free entries=100
[2026-09-29T08:24:20.932Z] [DEBUG] Hits: nl/macos/Utilities/top-free 2 app(s) found
[2026-09-29T08:24:21.805Z] [DEBUG] RSS ok: tw/macos/Business/top-free entries=99
[2026-09-29T08:24:31.812Z] [DEBUG] Hits: tw/macos/Business/top-free 2 app(s) found
[2026-09-29T08:24:31.812Z] [INFO] RSS progress: 40/60 (40 ok, 0 error, 110 points)
[2026-09-29T08:24:32.445Z] [DEBUG] RSS ok: tw/macos/Productivity/top-free entries=99
[2026-09-29T08:24:42.451Z] [DEBUG] Hits: tw/macos/Productivity/top-free 1 app(s) found
[2026-09-29T08:24:43.178Z] [DEBUG] RSS ok: tw/macos/Utilities/top-free entries=100
[2026-09-29T08:24:53.185Z] [DEBUG] Hits: tw/macos/Utilities/top-free 2 app(s) found
[2026-09-29T08:24:54.047Z] [DEBUG] RSS ok: hk/macos/Business/top-free entries=99
[2026-09-29T08:25:04.053Z] [DEBUG] Hits: hk/macos/Business/top-free 2 app(s) found
[2026-09-29T08:25:04.715Z] [DEBUG] RSS ok: hk/macos/Productivity/top-free entries=99
[2026-09-29T08:25:14.722Z] [DEBUG] Hits: hk/macos/Productivity/top-free 4 app(s) found
[2026-09-29T08:25:15.377Z] [DEBUG] RSS ok: hk/macos/Utilities/top-free entries=100
[2026-09-29T08:25:25.383Z] [DEBUG] Hits: hk/macos/Utilities/top-free 1 app(s) found
[2026-09-29T08:25:26.122Z] [DEBUG] RSS ok: nz/macos/Business/top-free entries=100
[2026-09-29T08:25:36.129Z] [DEBUG] Hits: nz/macos/Business/top-free 2 app(s) found
[2026-09-29T08:25:36.754Z] [DEBUG] RSS ok: nz/macos/Productivity/top-free entries=99
[2026-09-29T08:25:46.761Z] [DEBUG] Hits: nz/macos/Productivity/top-free 4 app(s) found
[2026-09-29T08:25:47.469Z] [DEBUG] RSS ok: nz/macos/Utilities/top-free entries=100
[2026-09-29T08:25:58.032Z] [DEBUG] RSS ok: sg/macos/Business/top-free entries=100
[2026-09-29T08:26:08.038Z] [DEBUG] Hits: sg/macos/Business/top-free 2 app(s) found
[2026-09-29T08:26:08.864Z] [DEBUG] RSS ok: sg/macos/Productivity/top-free entries=99
[2026-09-29T08:26:18.871Z] [DEBUG] Hits: sg/macos/Productivity/top-free 3 app(s) found
[2026-09-29T08:26:18.871Z] [INFO] RSS progress: 50/60 (50 ok, 0 error, 131 points)
[2026-09-29T08:26:19.551Z] [DEBUG] RSS ok: sg/macos/Utilities/top-free entries=100
[2026-09-29T08:26:29.557Z] [DEBUG] Hits: sg/macos/Utilities/top-free 2 app(s) found
[2026-09-29T08:26:30.293Z] [DEBUG] RSS ok: in/macos/Business/top-free entries=100
[2026-09-29T08:26:40.299Z] [DEBUG] Hits: in/macos/Business/top-free 2 app(s) found
[2026-09-29T08:26:41.201Z] [DEBUG] RSS ok: in/macos/Productivity/top-free entries=99
[2026-09-29T08:26:51.202Z] [DEBUG] Hits: in/macos/Productivity/top-free 3 app(s) found
[2026-09-29T08:26:51.907Z] [DEBUG] RSS ok: in/macos/Utilities/top-free entries=100
[2026-09-29T08:27:01.913Z] [DEBUG] Hits: in/macos/Utilities/top-free 1 app(s) found
[2026-09-29T08:27:02.678Z] [DEBUG] RSS ok: za/macos/Business/top-free entries=100
[2026-09-29T08:27:12.685Z] [DEBUG] Hits: za/macos/Business/top-free 3 app(s) found
[2026-09-29T08:27:13.354Z] [DEBUG] RSS ok: za/macos/Productivity/top-free entries=99
[2026-09-29T08:27:23.361Z] [DEBUG] Hits: za/macos/Productivity/top-free 4 app(s) found
[2026-09-29T08:27:24.046Z] [DEBUG] RSS ok: za/macos/Utilities/top-free entries=100
[2026-09-29T08:27:34.053Z] [DEBUG] Hits: za/macos/Utilities/top-free 3 app(s) found
[2026-09-29T08:27:34.876Z] [DEBUG] RSS ok: br/macos/Business/top-free entries=100
[2026-09-29T08:27:44.882Z] [DEBUG] Hits: br/macos/Business/top-free 2 app(s) found
[2026-09-29T08:27:45.597Z] [DEBUG] RSS ok: br/macos/Productivity/top-free entries=99
[2026-09-29T08:27:55.604Z] [DEBUG] Hits: br/macos/Productivity/top-free 3 app(s) found
[2026-09-29T08:27:56.334Z] [DEBUG] RSS ok: br/macos/Utilities/top-free entries=100
[2026-09-29T08:28:06.339Z] [INFO] RSS progress: 60/60 (60 ok, 0 error, 154 points)
[2026-09-29T08:28:06.340Z] [INFO] Platform max returned: macos = 100
[2026-09-29T08:28:06.340Z] [INFO] RSS results: 60 ok, 0 error, 154 rank points
[2026-09-29T08:28:06.339Z] [INFO] RSS fetch done: 60 ok, 0 error, 154 points
[2026-09-29T08:28:06.368Z] [INFO] Stored: 60 crawls, 154 points
[2026-09-29T08:28:06.386Z] [INFO] current.json written rows=23
[2026-09-29T08:28:06.387Z] [INFO] Current summary: on_chart=154, not_on_chart=306, depth_limited=0, crawl_error=0, total=460
[2026-09-29T08:28:06.387Z] [INFO] === Crawl complete === 646.3s
[2026-09-29T09:17:21.983Z] [INFO] === Crawl start === ts=2026-09-29T09:00:00Z
[2026-09-29T09:17:21.986Z] [INFO] Config loaded apps=4, platforms=macos, categories=Business,Productivity,Utilities
[2026-09-29T09:17:21.986Z] [INFO] App IDs to track: 23 our=4, competitors=19
[2026-09-29T09:17:21.987Z] [INFO] Lookup cached fetched_at=2026-09-29T00:17:16.928Z, 23 apps
[2026-09-29T09:17:21.987Z] [INFO] RSS requests: 60 countries=20, platforms=macos, categories=Business,Productivity,Utilities
[2026-09-29T09:17:21.987Z] [INFO] RSS fetch start: 60 requests, concurrency=1
[2026-09-29T09:17:22.776Z] [DEBUG] RSS ok: us/macos/Business/top-free entries=100
[2026-09-29T09:17:32.779Z] [DEBUG] Hits: us/macos/Business/top-free 3 app(s) found
[2026-09-29T09:17:33.505Z] [DEBUG] RSS ok: us/macos/Productivity/top-free entries=99
[2026-09-29T09:17:43.510Z] [DEBUG] Hits: us/macos/Productivity/top-free 6 app(s) found
[2026-09-29T09:17:44.173Z] [DEBUG] RSS ok: us/macos/Utilities/top-free entries=100
[2026-09-29T09:17:54.179Z] [DEBUG] Hits: us/macos/Utilities/top-free 1 app(s) found
[2026-09-29T09:17:54.838Z] [DEBUG] RSS ok: gb/macos/Business/top-free entries=100
[2026-09-29T09:18:04.845Z] [DEBUG] Hits: gb/macos/Business/top-free 3 app(s) found
[2026-09-29T09:18:05.485Z] [DEBUG] RSS ok: gb/macos/Productivity/top-free entries=99
[2026-09-29T09:18:15.492Z] [DEBUG] Hits: gb/macos/Productivity/top-free 5 app(s) found
[2026-09-29T09:18:16.153Z] [DEBUG] RSS ok: gb/macos/Utilities/top-free entries=100
[2026-09-29T09:18:26.159Z] [DEBUG] Hits: gb/macos/Utilities/top-free 2 app(s) found
[2026-09-29T09:18:26.750Z] [DEBUG] RSS ok: ca/macos/Business/top-free entries=100
[2026-09-29T09:18:36.750Z] [DEBUG] Hits: ca/macos/Business/top-free 3 app(s) found
[2026-09-29T09:18:37.356Z] [DEBUG] RSS ok: ca/macos/Productivity/top-free entries=99
[2026-09-29T09:18:47.363Z] [DEBUG] Hits: ca/macos/Productivity/top-free 5 app(s) found
[2026-09-29T09:18:48.236Z] [DEBUG] RSS ok: ca/macos/Utilities/top-free entries=100
[2026-09-29T09:18:58.242Z] [DEBUG] Hits: ca/macos/Utilities/top-free 1 app(s) found
[2026-09-29T09:18:59.101Z] [DEBUG] RSS ok: fr/macos/Business/top-free entries=99
[2026-09-29T09:19:09.108Z] [DEBUG] Hits: fr/macos/Business/top-free 3 app(s) found
[2026-09-29T09:19:09.108Z] [INFO] RSS progress: 10/60 (10 ok, 0 error, 32 points)
[2026-09-29T09:19:09.800Z] [DEBUG] RSS ok: fr/macos/Productivity/top-free entries=99
[2026-09-29T09:19:19.805Z] [DEBUG] Hits: fr/macos/Productivity/top-free 4 app(s) found
[2026-09-29T09:19:20.534Z] [DEBUG] RSS ok: fr/macos/Utilities/top-free entries=100
[2026-09-29T09:19:30.541Z] [DEBUG] Hits: fr/macos/Utilities/top-free 2 app(s) found
[2026-09-29T09:19:31.447Z] [DEBUG] RSS ok: de/macos/Business/top-free entries=99
[2026-09-29T09:19:41.453Z] [DEBUG] Hits: de/macos/Business/top-free 2 app(s) found
[2026-09-29T09:19:42.106Z] [DEBUG] RSS ok: de/macos/Productivity/top-free entries=99
[2026-09-29T09:19:52.113Z] [DEBUG] Hits: de/macos/Productivity/top-free 4 app(s) found
[2026-09-29T09:19:52.772Z] [DEBUG] RSS ok: de/macos/Utilities/top-free entries=100
[2026-09-29T09:20:02.779Z] [DEBUG] Hits: de/macos/Utilities/top-free 2 app(s) found
[2026-09-29T09:20:03.659Z] [DEBUG] RSS ok: jp/macos/Business/top-free entries=99
[2026-09-29T09:20:13.665Z] [DEBUG] Hits: jp/macos/Business/top-free 2 app(s) found
[2026-09-29T09:20:14.452Z] [DEBUG] RSS ok: jp/macos/Productivity/top-free entries=99
[2026-09-29T09:20:24.458Z] [DEBUG] Hits: jp/macos/Productivity/top-free 3 app(s) found
[2026-09-29T09:20:25.282Z] [DEBUG] RSS ok: jp/macos/Utilities/top-free entries=100
[2026-09-29T09:20:35.287Z] [DEBUG] Hits: jp/macos/Utilities/top-free 4 app(s) found
[2026-09-29T09:20:35.868Z] [DEBUG] RSS ok: au/macos/Business/top-free entries=100
[2026-09-29T09:20:45.875Z] [DEBUG] Hits: au/macos/Business/top-free 3 app(s) found
[2026-09-29T09:20:46.535Z] [DEBUG] RSS ok: au/macos/Productivity/top-free entries=99
[2026-09-29T09:20:56.541Z] [DEBUG] Hits: au/macos/Productivity/top-free 5 app(s) found
[2026-09-29T09:20:56.541Z] [INFO] RSS progress: 20/60 (20 ok, 0 error, 63 points)
[2026-09-29T09:20:57.338Z] [DEBUG] RSS ok: au/macos/Utilities/top-free entries=100
[2026-09-29T09:21:07.345Z] [DEBUG] Hits: au/macos/Utilities/top-free 2 app(s) found
[2026-09-29T09:21:08.020Z] [DEBUG] RSS ok: es/macos/Business/top-free entries=98
[2026-09-29T09:21:18.025Z] [DEBUG] Hits: es/macos/Business/top-free 3 app(s) found
[2026-09-29T09:21:18.681Z] [DEBUG] RSS ok: es/macos/Productivity/top-free entries=99
[2026-09-29T09:21:28.687Z] [DEBUG] Hits: es/macos/Productivity/top-free 5 app(s) found
[2026-09-29T09:21:29.358Z] [DEBUG] RSS ok: es/macos/Utilities/top-free entries=100
[2026-09-29T09:21:40.054Z] [DEBUG] RSS ok: it/macos/Business/top-free entries=99
[2026-09-29T09:21:50.060Z] [DEBUG] Hits: it/macos/Business/top-free 2 app(s) found
[2026-09-29T09:21:50.838Z] [DEBUG] RSS ok: it/macos/Productivity/top-free entries=99
[2026-09-29T09:22:00.844Z] [DEBUG] Hits: it/macos/Productivity/top-free 5 app(s) found
[2026-09-29T09:22:01.477Z] [DEBUG] RSS ok: it/macos/Utilities/top-free entries=100
[2026-09-29T09:22:12.425Z] [DEBUG] RSS ok: pt/macos/Business/top-free entries=99
[2026-09-29T09:22:22.426Z] [DEBUG] Hits: pt/macos/Business/top-free 2 app(s) found
[2026-09-29T09:22:23.128Z] [DEBUG] RSS ok: pt/macos/Productivity/top-free entries=99
[2026-09-29T09:22:33.135Z] [DEBUG] Hits: pt/macos/Productivity/top-free 3 app(s) found
[2026-09-29T09:22:33.782Z] [DEBUG] RSS ok: pt/macos/Utilities/top-free entries=100
[2026-09-29T09:22:43.787Z] [INFO] RSS progress: 30/60 (30 ok, 0 error, 85 points)
[2026-09-29T09:22:44.467Z] [DEBUG] RSS ok: ch/macos/Business/top-free entries=100
[2026-09-29T09:22:54.473Z] [DEBUG] Hits: ch/macos/Business/top-free 1 app(s) found
[2026-09-29T09:22:55.208Z] [DEBUG] RSS ok: ch/macos/Productivity/top-free entries=99
[2026-09-29T09:23:05.211Z] [DEBUG] Hits: ch/macos/Productivity/top-free 3 app(s) found
[2026-09-29T09:23:05.878Z] [DEBUG] RSS ok: ch/macos/Utilities/top-free entries=100
[2026-09-29T09:23:15.885Z] [DEBUG] Hits: ch/macos/Utilities/top-free 3 app(s) found
[2026-09-29T09:23:16.591Z] [DEBUG] RSS ok: be/macos/Business/top-free entries=100
[2026-09-29T09:23:26.598Z] [DEBUG] Hits: be/macos/Business/top-free 1 app(s) found
[2026-09-29T09:23:27.241Z] [DEBUG] RSS ok: be/macos/Productivity/top-free entries=99
[2026-09-29T09:23:37.246Z] [DEBUG] Hits: be/macos/Productivity/top-free 6 app(s) found
[2026-09-29T09:23:37.906Z] [DEBUG] RSS ok: be/macos/Utilities/top-free entries=100
[2026-09-29T09:23:47.912Z] [DEBUG] Hits: be/macos/Utilities/top-free 1 app(s) found
[2026-09-29T09:23:48.384Z] [DEBUG] RSS ok: nl/macos/Business/top-free entries=100
[2026-09-29T09:23:58.390Z] [DEBUG] Hits: nl/macos/Business/top-free 2 app(s) found
[2026-09-29T09:23:59.266Z] [DEBUG] RSS ok: nl/macos/Productivity/top-free entries=99
[2026-09-29T09:24:09.272Z] [DEBUG] Hits: nl/macos/Productivity/top-free 4 app(s) found
[2026-09-29T09:24:09.936Z] [DEBUG] RSS ok: nl/macos/Utilities/top-free entries=100
[2026-09-29T09:24:19.943Z] [DEBUG] Hits: nl/macos/Utilities/top-free 2 app(s) found
[2026-09-29T09:24:20.684Z] [DEBUG] RSS ok: tw/macos/Business/top-free entries=99
[2026-09-29T09:24:30.691Z] [INFO] RSS progress: 40/60 (40 ok, 0 error, 110 points)
[2026-09-29T09:24:30.691Z] [DEBUG] Hits: tw/macos/Business/top-free 2 app(s) found
[2026-09-29T09:24:31.566Z] [DEBUG] RSS ok: tw/macos/Productivity/top-free entries=99
[2026-09-29T09:24:41.565Z] [DEBUG] Hits: tw/macos/Productivity/top-free 1 app(s) found
[2026-09-29T09:24:42.317Z] [DEBUG] RSS ok: tw/macos/Utilities/top-free entries=100
[2026-09-29T09:24:52.324Z] [DEBUG] Hits: tw/macos/Utilities/top-free 2 app(s) found
[2026-09-29T09:24:53.128Z] [DEBUG] RSS ok: hk/macos/Business/top-free entries=99
[2026-09-29T09:25:03.134Z] [DEBUG] Hits: hk/macos/Business/top-free 2 app(s) found
[2026-09-29T09:25:03.837Z] [DEBUG] RSS ok: hk/macos/Productivity/top-free entries=99
[2026-09-29T09:25:13.844Z] [DEBUG] Hits: hk/macos/Productivity/top-free 4 app(s) found
[2026-09-29T09:25:14.586Z] [DEBUG] RSS ok: hk/macos/Utilities/top-free entries=100
[2026-09-29T09:25:24.591Z] [DEBUG] Hits: hk/macos/Utilities/top-free 1 app(s) found
[2026-09-29T09:25:25.252Z] [DEBUG] RSS ok: nz/macos/Business/top-free entries=100
[2026-09-29T09:25:35.258Z] [DEBUG] Hits: nz/macos/Business/top-free 2 app(s) found
[2026-09-29T09:25:35.797Z] [DEBUG] RSS ok: nz/macos/Productivity/top-free entries=99
[2026-09-29T09:25:45.802Z] [DEBUG] Hits: nz/macos/Productivity/top-free 4 app(s) found
[2026-09-29T09:25:46.560Z] [DEBUG] RSS ok: nz/macos/Utilities/top-free entries=100
[2026-09-29T09:25:57.262Z] [DEBUG] RSS ok: sg/macos/Business/top-free entries=100
[2026-09-29T09:26:07.268Z] [DEBUG] Hits: sg/macos/Business/top-free 2 app(s) found
[2026-09-29T09:26:07.937Z] [DEBUG] RSS ok: sg/macos/Productivity/top-free entries=99
[2026-09-29T09:26:17.943Z] [DEBUG] Hits: sg/macos/Productivity/top-free 3 app(s) found
[2026-09-29T09:26:17.943Z] [INFO] RSS progress: 50/60 (50 ok, 0 error, 131 points)
[2026-09-29T09:26:18.575Z] [DEBUG] RSS ok: sg/macos/Utilities/top-free entries=100
[2026-09-29T09:26:28.581Z] [DEBUG] Hits: sg/macos/Utilities/top-free 2 app(s) found
[2026-09-29T09:26:29.368Z] [DEBUG] RSS ok: in/macos/Business/top-free entries=100
[2026-09-29T09:26:39.374Z] [DEBUG] Hits: in/macos/Business/top-free 2 app(s) found
[2026-09-29T09:26:39.984Z] [DEBUG] RSS ok: in/macos/Productivity/top-free entries=99
[2026-09-29T09:26:49.991Z] [DEBUG] Hits: in/macos/Productivity/top-free 3 app(s) found
[2026-09-29T09:26:50.734Z] [DEBUG] RSS ok: in/macos/Utilities/top-free entries=100
[2026-09-29T09:27:00.740Z] [DEBUG] Hits: in/macos/Utilities/top-free 1 app(s) found
[2026-09-29T09:27:01.437Z] [DEBUG] RSS ok: za/macos/Business/top-free entries=100
[2026-09-29T09:27:11.437Z] [DEBUG] Hits: za/macos/Business/top-free 3 app(s) found
[2026-09-29T09:27:12.144Z] [DEBUG] RSS ok: za/macos/Productivity/top-free entries=99
[2026-09-29T09:27:22.145Z] [DEBUG] Hits: za/macos/Productivity/top-free 4 app(s) found
[2026-09-29T09:27:22.764Z] [DEBUG] RSS ok: za/macos/Utilities/top-free entries=100
[2026-09-29T09:27:32.769Z] [DEBUG] Hits: za/macos/Utilities/top-free 3 app(s) found
[2026-09-29T09:27:33.492Z] [DEBUG] RSS ok: br/macos/Business/top-free entries=100
[2026-09-29T09:27:43.497Z] [DEBUG] Hits: br/macos/Business/top-free 2 app(s) found
[2026-09-29T09:27:44.107Z] [DEBUG] RSS ok: br/macos/Productivity/top-free entries=99
[2026-09-29T09:27:54.113Z] [DEBUG] Hits: br/macos/Productivity/top-free 3 app(s) found
[2026-09-29T09:27:54.757Z] [DEBUG] RSS ok: br/macos/Utilities/top-free entries=100
[2026-09-29T09:28:04.764Z] [INFO] RSS progress: 60/60 (60 ok, 0 error, 154 points)
[2026-09-29T09:28:04.764Z] [INFO] RSS fetch done: 60 ok, 0 error, 154 points
[2026-09-29T09:28:04.764Z] [INFO] Platform max returned: macos = 100
[2026-09-29T09:28:04.764Z] [INFO] RSS results: 60 ok, 0 error, 154 rank points
[2026-09-29T09:28:04.786Z] [INFO] Stored: 60 crawls, 154 points
[2026-09-29T09:28:04.799Z] [INFO] current.json written rows=23
[2026-09-29T09:28:04.799Z] [INFO] Current summary: on_chart=154, not_on_chart=306, depth_limited=0, crawl_error=0, total=460
[2026-09-29T09:28:04.800Z] [INFO] === Crawl complete === 642.8s
[2026-09-29T10:17:20.088Z] [INFO] === Crawl start === ts=2026-09-29T10:00:00Z
[2026-09-29T10:17:20.091Z] [INFO] Config loaded apps=4, platforms=macos, categories=Business,Productivity,Utilities
[2026-09-29T10:17:20.091Z] [INFO] App IDs to track: 23 our=4, competitors=19
[2026-09-29T10:17:20.092Z] [INFO] Lookup cached fetched_at=2026-09-29T00:17:16.928Z, 23 apps
[2026-09-29T10:17:20.093Z] [INFO] RSS requests: 60 countries=20, platforms=macos, categories=Business,Productivity,Utilities
[2026-09-29T10:17:20.093Z] [INFO] RSS fetch start: 60 requests, concurrency=1
[2026-09-29T10:17:20.904Z] [DEBUG] RSS ok: us/macos/Business/top-free entries=100
[2026-09-29T10:17:30.907Z] [DEBUG] Hits: us/macos/Business/top-free 3 app(s) found
[2026-09-29T10:17:31.599Z] [DEBUG] RSS ok: us/macos/Productivity/top-free entries=99
[2026-09-29T10:17:41.605Z] [DEBUG] Hits: us/macos/Productivity/top-free 6 app(s) found
[2026-09-29T10:17:42.388Z] [DEBUG] RSS ok: us/macos/Utilities/top-free entries=100
[2026-09-29T10:17:52.394Z] [DEBUG] Hits: us/macos/Utilities/top-free 1 app(s) found
[2026-09-29T10:17:53.183Z] [DEBUG] RSS ok: gb/macos/Business/top-free entries=100
[2026-09-29T10:18:03.189Z] [DEBUG] Hits: gb/macos/Business/top-free 4 app(s) found
[2026-09-29T10:18:03.905Z] [DEBUG] RSS ok: gb/macos/Productivity/top-free entries=99
[2026-09-29T10:18:13.911Z] [DEBUG] Hits: gb/macos/Productivity/top-free 5 app(s) found
[2026-09-29T10:18:14.569Z] [DEBUG] RSS ok: gb/macos/Utilities/top-free entries=100
[2026-09-29T10:18:24.576Z] [DEBUG] Hits: gb/macos/Utilities/top-free 3 app(s) found
[2026-09-29T10:18:25.303Z] [DEBUG] RSS ok: ca/macos/Business/top-free entries=99
[2026-09-29T10:18:35.309Z] [DEBUG] Hits: ca/macos/Business/top-free 3 app(s) found
[2026-09-29T10:18:36.090Z] [DEBUG] RSS ok: ca/macos/Productivity/top-free entries=99
[2026-09-29T10:18:46.096Z] [DEBUG] Hits: ca/macos/Productivity/top-free 5 app(s) found
[2026-09-29T10:18:46.807Z] [DEBUG] RSS ok: ca/macos/Utilities/top-free entries=100
[2026-09-29T10:18:56.813Z] [DEBUG] Hits: ca/macos/Utilities/top-free 1 app(s) found
[2026-09-29T10:18:57.563Z] [DEBUG] RSS ok: fr/macos/Business/top-free entries=99
[2026-09-29T10:19:07.570Z] [DEBUG] Hits: fr/macos/Business/top-free 3 app(s) found
[2026-09-29T10:19:07.570Z] [INFO] RSS progress: 10/60 (10 ok, 0 error, 34 points)
[2026-09-29T10:19:08.421Z] [DEBUG] RSS ok: fr/macos/Productivity/top-free entries=99
[2026-09-29T10:19:18.427Z] [DEBUG] Hits: fr/macos/Productivity/top-free 4 app(s) found
[2026-09-29T10:19:19.216Z] [DEBUG] RSS ok: fr/macos/Utilities/top-free entries=100
[2026-09-29T10:19:29.222Z] [DEBUG] Hits: fr/macos/Utilities/top-free 2 app(s) found
[2026-09-29T10:19:29.896Z] [DEBUG] RSS ok: de/macos/Business/top-free entries=99
[2026-09-29T10:19:39.902Z] [DEBUG] Hits: de/macos/Business/top-free 1 app(s) found
[2026-09-29T10:19:40.602Z] [DEBUG] RSS ok: de/macos/Productivity/top-free entries=99
[2026-09-29T10:19:50.608Z] [DEBUG] Hits: de/macos/Productivity/top-free 4 app(s) found
[2026-09-29T10:19:51.370Z] [DEBUG] RSS ok: de/macos/Utilities/top-free entries=100
[2026-09-29T10:20:01.377Z] [DEBUG] Hits: de/macos/Utilities/top-free 4 app(s) found
[2026-09-29T10:20:02.146Z] [DEBUG] RSS ok: jp/macos/Business/top-free entries=99
[2026-09-29T10:20:12.153Z] [DEBUG] Hits: jp/macos/Business/top-free 3 app(s) found
[2026-09-29T10:20:13.564Z] [DEBUG] RSS ok: jp/macos/Productivity/top-free entries=99
[2026-09-29T10:20:23.570Z] [DEBUG] Hits: jp/macos/Productivity/top-free 3 app(s) found
[2026-09-29T10:20:24.434Z] [DEBUG] RSS ok: jp/macos/Utilities/top-free entries=100
[2026-09-29T10:20:34.440Z] [DEBUG] Hits: jp/macos/Utilities/top-free 4 app(s) found
[2026-09-29T10:20:35.209Z] [DEBUG] RSS ok: au/macos/Business/top-free entries=100
[2026-09-29T10:20:45.216Z] [DEBUG] Hits: au/macos/Business/top-free 3 app(s) found
[2026-09-29T10:20:46.122Z] [DEBUG] RSS ok: au/macos/Productivity/top-free entries=99
[2026-09-29T10:20:56.129Z] [DEBUG] Hits: au/macos/Productivity/top-free 5 app(s) found
[2026-09-29T10:20:56.129Z] [INFO] RSS progress: 20/60 (20 ok, 0 error, 67 points)
[2026-09-29T10:20:56.868Z] [DEBUG] RSS ok: au/macos/Utilities/top-free entries=100
[2026-09-29T10:21:06.875Z] [DEBUG] Hits: au/macos/Utilities/top-free 3 app(s) found
[2026-09-29T10:21:07.611Z] [DEBUG] RSS ok: es/macos/Business/top-free entries=100
[2026-09-29T10:21:17.617Z] [DEBUG] Hits: es/macos/Business/top-free 2 app(s) found
[2026-09-29T10:21:18.387Z] [DEBUG] RSS ok: es/macos/Productivity/top-free entries=99
[2026-09-29T10:21:28.393Z] [DEBUG] Hits: es/macos/Productivity/top-free 5 app(s) found
[2026-09-29T10:21:29.096Z] [DEBUG] RSS ok: es/macos/Utilities/top-free entries=100
[2026-09-29T10:21:39.973Z] [DEBUG] RSS ok: it/macos/Business/top-free entries=100
[2026-09-29T10:21:49.979Z] [DEBUG] Hits: it/macos/Business/top-free 2 app(s) found
[2026-09-29T10:21:50.891Z] [DEBUG] RSS ok: it/macos/Productivity/top-free entries=99
[2026-09-29T10:22:00.897Z] [DEBUG] Hits: it/macos/Productivity/top-free 5 app(s) found
[2026-09-29T10:22:01.671Z] [DEBUG] RSS ok: it/macos/Utilities/top-free entries=100
[2026-09-29T10:22:11.678Z] [DEBUG] Hits: it/macos/Utilities/top-free 1 app(s) found
[2026-09-29T10:22:12.444Z] [DEBUG] RSS ok: pt/macos/Business/top-free entries=99
[2026-09-29T10:22:22.448Z] [DEBUG] Hits: pt/macos/Business/top-free 2 app(s) found
[2026-09-29T10:22:23.292Z] [DEBUG] RSS ok: pt/macos/Productivity/top-free entries=99
[2026-09-29T10:22:33.294Z] [DEBUG] Hits: pt/macos/Productivity/top-free 3 app(s) found
[2026-09-29T10:22:34.012Z] [DEBUG] RSS ok: pt/macos/Utilities/top-free entries=100
[2026-09-29T10:22:44.018Z] [INFO] RSS progress: 30/60 (30 ok, 0 error, 90 points)
[2026-09-29T10:22:44.747Z] [DEBUG] RSS ok: ch/macos/Business/top-free entries=100
[2026-09-29T10:22:54.754Z] [DEBUG] Hits: ch/macos/Business/top-free 1 app(s) found
[2026-09-29T10:22:55.487Z] [DEBUG] RSS ok: ch/macos/Productivity/top-free entries=99
[2026-09-29T10:23:05.493Z] [DEBUG] Hits: ch/macos/Productivity/top-free 4 app(s) found
[2026-09-29T10:23:06.285Z] [DEBUG] RSS ok: ch/macos/Utilities/top-free entries=100
[2026-09-29T10:23:16.292Z] [DEBUG] Hits: ch/macos/Utilities/top-free 3 app(s) found
[2026-09-29T10:23:16.935Z] [DEBUG] RSS ok: be/macos/Business/top-free entries=100
[2026-09-29T10:23:26.941Z] [DEBUG] Hits: be/macos/Business/top-free 1 app(s) found
[2026-09-29T10:23:27.633Z] [DEBUG] RSS ok: be/macos/Productivity/top-free entries=99
[2026-09-29T10:23:37.640Z] [DEBUG] Hits: be/macos/Productivity/top-free 6 app(s) found
[2026-09-29T10:23:38.344Z] [DEBUG] RSS ok: be/macos/Utilities/top-free entries=100
[2026-09-29T10:23:48.350Z] [DEBUG] Hits: be/macos/Utilities/top-free 1 app(s) found
[2026-09-29T10:23:49.108Z] [DEBUG] RSS ok: nl/macos/Business/top-free entries=100
[2026-09-29T10:23:59.114Z] [DEBUG] Hits: nl/macos/Business/top-free 2 app(s) found
[2026-09-29T10:23:59.815Z] [DEBUG] RSS ok: nl/macos/Productivity/top-free entries=99
[2026-09-29T10:24:09.821Z] [DEBUG] Hits: nl/macos/Productivity/top-free 5 app(s) found
[2026-09-29T10:24:10.583Z] [DEBUG] RSS ok: nl/macos/Utilities/top-free entries=100
[2026-09-29T10:24:21.276Z] [DEBUG] RSS ok: tw/macos/Business/top-free entries=99
[2026-09-29T10:24:31.280Z] [DEBUG] Hits: tw/macos/Business/top-free 2 app(s) found
[2026-09-29T10:24:31.281Z] [INFO] RSS progress: 40/60 (40 ok, 0 error, 115 points)
[2026-09-29T10:24:32.084Z] [DEBUG] RSS ok: tw/macos/Productivity/top-free entries=99
[2026-09-29T10:24:42.090Z] [DEBUG] Hits: tw/macos/Productivity/top-free 1 app(s) found
[2026-09-29T10:24:42.775Z] [DEBUG] RSS ok: tw/macos/Utilities/top-free entries=100
[2026-09-29T10:24:52.781Z] [DEBUG] Hits: tw/macos/Utilities/top-free 1 app(s) found
[2026-09-29T10:24:53.483Z] [DEBUG] RSS ok: hk/macos/Business/top-free entries=99
[2026-09-29T10:25:03.490Z] [DEBUG] Hits: hk/macos/Business/top-free 2 app(s) found
[2026-09-29T10:25:04.269Z] [DEBUG] RSS ok: hk/macos/Productivity/top-free entries=99
[2026-09-29T10:25:14.275Z] [DEBUG] Hits: hk/macos/Productivity/top-free 2 app(s) found
[2026-09-29T10:25:15.132Z] [DEBUG] RSS ok: hk/macos/Utilities/top-free entries=100
[2026-09-29T10:25:25.140Z] [DEBUG] Hits: hk/macos/Utilities/top-free 1 app(s) found
[2026-09-29T10:25:25.897Z] [DEBUG] RSS ok: nz/macos/Business/top-free entries=99
[2026-09-29T10:25:35.898Z] [DEBUG] Hits: nz/macos/Business/top-free 1 app(s) found
[2026-09-29T10:25:36.595Z] [DEBUG] RSS ok: nz/macos/Productivity/top-free entries=99
[2026-09-29T10:25:46.601Z] [DEBUG] Hits: nz/macos/Productivity/top-free 4 app(s) found
[2026-09-29T10:25:47.322Z] [DEBUG] RSS ok: nz/macos/Utilities/top-free entries=100
[2026-09-29T10:25:57.993Z] [DEBUG] RSS ok: sg/macos/Business/top-free entries=100
[2026-09-29T10:26:07.998Z] [DEBUG] Hits: sg/macos/Business/top-free 2 app(s) found
[2026-09-29T10:26:08.660Z] [DEBUG] RSS ok: sg/macos/Productivity/top-free entries=99
[2026-09-29T10:26:18.666Z] [DEBUG] Hits: sg/macos/Productivity/top-free 3 app(s) found
[2026-09-29T10:26:18.666Z] [INFO] RSS progress: 50/60 (50 ok, 0 error, 132 points)
[2026-09-29T10:26:19.316Z] [DEBUG] RSS ok: sg/macos/Utilities/top-free entries=100
[2026-09-29T10:26:29.321Z] [DEBUG] Hits: sg/macos/Utilities/top-free 1 app(s) found
[2026-09-29T10:26:30.092Z] [DEBUG] RSS ok: in/macos/Business/top-free entries=100
[2026-09-29T10:26:40.097Z] [DEBUG] Hits: in/macos/Business/top-free 2 app(s) found
[2026-09-29T10:26:40.765Z] [DEBUG] RSS ok: in/macos/Productivity/top-free entries=99
[2026-09-29T10:26:50.771Z] [DEBUG] Hits: in/macos/Productivity/top-free 3 app(s) found
[2026-09-29T10:26:51.477Z] [DEBUG] RSS ok: in/macos/Utilities/top-free entries=100
[2026-09-29T10:27:01.483Z] [DEBUG] Hits: in/macos/Utilities/top-free 1 app(s) found
[2026-09-29T10:27:02.273Z] [DEBUG] RSS ok: za/macos/Business/top-free entries=100
[2026-09-29T10:27:12.279Z] [DEBUG] Hits: za/macos/Business/top-free 3 app(s) found
[2026-09-29T10:27:13.258Z] [DEBUG] RSS ok: za/macos/Productivity/top-free entries=99
[2026-09-29T10:27:23.265Z] [DEBUG] Hits: za/macos/Productivity/top-free 2 app(s) found
[2026-09-29T10:27:24.074Z] [DEBUG] RSS ok: za/macos/Utilities/top-free entries=100
[2026-09-29T10:27:34.081Z] [DEBUG] Hits: za/macos/Utilities/top-free 1 app(s) found
[2026-09-29T10:27:34.886Z] [DEBUG] RSS ok: br/macos/Business/top-free entries=100
[2026-09-29T10:27:44.894Z] [DEBUG] Hits: br/macos/Business/top-free 2 app(s) found
[2026-09-29T10:27:45.826Z] [DEBUG] RSS ok: br/macos/Productivity/top-free entries=99
[2026-09-29T10:27:55.832Z] [DEBUG] Hits: br/macos/Productivity/top-free 3 app(s) found
[2026-09-29T10:27:56.706Z] [DEBUG] RSS ok: br/macos/Utilities/top-free entries=100
[2026-09-29T10:28:06.707Z] [INFO] RSS progress: 60/60 (60 ok, 0 error, 150 points)
[2026-09-29T10:28:06.707Z] [INFO] RSS fetch done: 60 ok, 0 error, 150 points
[2026-09-29T10:28:06.707Z] [INFO] Platform max returned: macos = 100
[2026-09-29T10:28:06.707Z] [INFO] RSS results: 60 ok, 0 error, 150 rank points
[2026-09-29T10:28:06.733Z] [INFO] Stored: 60 crawls, 150 points
[2026-09-29T10:28:06.756Z] [INFO] current.json written rows=23
[2026-09-29T10:28:06.756Z] [INFO] Current summary: on_chart=150, not_on_chart=310, depth_limited=0, crawl_error=0, total=460
[2026-09-29T10:28:06.756Z] [INFO] === Crawl complete === 646.7s
[2026-09-29T11:17:19.031Z] [INFO] === Crawl start === ts=2026-09-29T11:00:00Z
[2026-09-29T11:17:19.035Z] [INFO] Config loaded apps=4, platforms=macos, categories=Business,Productivity,Utilities
[2026-09-29T11:17:19.035Z] [INFO] App IDs to track: 23 our=4, competitors=19
[2026-09-29T11:17:19.036Z] [INFO] Lookup cached fetched_at=2026-09-29T00:17:16.928Z, 23 apps
[2026-09-29T11:17:19.037Z] [INFO] RSS requests: 60 countries=20, platforms=macos, categories=Business,Productivity,Utilities
[2026-09-29T11:17:19.037Z] [INFO] RSS fetch start: 60 requests, concurrency=1
[2026-09-29T11:17:19.803Z] [DEBUG] RSS ok: us/macos/Business/top-free entries=100
[2026-09-29T11:17:29.805Z] [DEBUG] Hits: us/macos/Business/top-free 3 app(s) found
[2026-09-29T11:17:30.673Z] [DEBUG] RSS ok: us/macos/Productivity/top-free entries=99
[2026-09-29T11:17:40.679Z] [DEBUG] Hits: us/macos/Productivity/top-free 6 app(s) found
[2026-09-29T11:17:41.860Z] [DEBUG] RSS ok: us/macos/Utilities/top-free entries=100
[2026-09-29T11:17:51.865Z] [DEBUG] Hits: us/macos/Utilities/top-free 1 app(s) found
[2026-09-29T11:17:52.566Z] [DEBUG] RSS ok: gb/macos/Business/top-free entries=100
[2026-09-29T11:18:02.571Z] [DEBUG] Hits: gb/macos/Business/top-free 4 app(s) found
[2026-09-29T11:18:03.274Z] [DEBUG] RSS ok: gb/macos/Productivity/top-free entries=99
[2026-09-29T11:18:13.279Z] [DEBUG] Hits: gb/macos/Productivity/top-free 5 app(s) found
[2026-09-29T11:18:14.021Z] [DEBUG] RSS ok: gb/macos/Utilities/top-free entries=100
[2026-09-29T11:18:24.027Z] [DEBUG] Hits: gb/macos/Utilities/top-free 3 app(s) found
[2026-09-29T11:18:24.770Z] [DEBUG] RSS ok: ca/macos/Business/top-free entries=99
[2026-09-29T11:18:34.777Z] [DEBUG] Hits: ca/macos/Business/top-free 3 app(s) found
[2026-09-29T11:18:35.389Z] [DEBUG] RSS ok: ca/macos/Productivity/top-free entries=99
[2026-09-29T11:18:45.396Z] [DEBUG] Hits: ca/macos/Productivity/top-free 5 app(s) found
[2026-09-29T11:18:46.175Z] [DEBUG] RSS ok: ca/macos/Utilities/top-free entries=100
[2026-09-29T11:18:56.181Z] [DEBUG] Hits: ca/macos/Utilities/top-free 1 app(s) found
[2026-09-29T11:18:56.913Z] [DEBUG] RSS ok: fr/macos/Business/top-free entries=99
[2026-09-29T11:19:06.920Z] [DEBUG] Hits: fr/macos/Business/top-free 3 app(s) found
[2026-09-29T11:19:06.920Z] [INFO] RSS progress: 10/60 (10 ok, 0 error, 34 points)
[2026-09-29T11:19:07.741Z] [DEBUG] RSS ok: fr/macos/Productivity/top-free entries=99
[2026-09-29T11:19:17.747Z] [DEBUG] Hits: fr/macos/Productivity/top-free 4 app(s) found
[2026-09-29T11:19:18.516Z] [DEBUG] RSS ok: fr/macos/Utilities/top-free entries=100
[2026-09-29T11:19:28.522Z] [DEBUG] Hits: fr/macos/Utilities/top-free 2 app(s) found
[2026-09-29T11:19:29.266Z] [DEBUG] RSS ok: de/macos/Business/top-free entries=99
[2026-09-29T11:19:39.273Z] [DEBUG] Hits: de/macos/Business/top-free 1 app(s) found
[2026-09-29T11:19:39.898Z] [DEBUG] RSS ok: de/macos/Productivity/top-free entries=99
[2026-09-29T11:19:49.904Z] [DEBUG] Hits: de/macos/Productivity/top-free 4 app(s) found
[2026-09-29T11:19:50.710Z] [DEBUG] RSS ok: de/macos/Utilities/top-free entries=100
[2026-09-29T11:20:00.716Z] [DEBUG] Hits: de/macos/Utilities/top-free 4 app(s) found
[2026-09-29T11:20:01.518Z] [DEBUG] RSS ok: jp/macos/Business/top-free entries=99
[2026-09-29T11:20:11.524Z] [DEBUG] Hits: jp/macos/Business/top-free 3 app(s) found
[2026-09-29T11:20:12.318Z] [DEBUG] RSS ok: jp/macos/Productivity/top-free entries=99
[2026-09-29T11:20:22.324Z] [DEBUG] Hits: jp/macos/Productivity/top-free 3 app(s) found
[2026-09-29T11:20:23.060Z] [DEBUG] RSS ok: jp/macos/Utilities/top-free entries=100
[2026-09-29T11:20:33.064Z] [DEBUG] Hits: jp/macos/Utilities/top-free 4 app(s) found
[2026-09-29T11:20:33.930Z] [DEBUG] RSS ok: au/macos/Business/top-free entries=100
[2026-09-29T11:20:43.931Z] [DEBUG] Hits: au/macos/Business/top-free 3 app(s) found
[2026-09-29T11:20:44.698Z] [DEBUG] RSS ok: au/macos/Productivity/top-free entries=99
[2026-09-29T11:20:54.705Z] [DEBUG] Hits: au/macos/Productivity/top-free 5 app(s) found
[2026-09-29T11:20:54.705Z] [INFO] RSS progress: 20/60 (20 ok, 0 error, 67 points)
[2026-09-29T11:20:55.521Z] [DEBUG] RSS ok: au/macos/Utilities/top-free entries=100
[2026-09-29T11:21:05.523Z] [DEBUG] Hits: au/macos/Utilities/top-free 3 app(s) found
[2026-09-29T11:21:06.264Z] [DEBUG] RSS ok: es/macos/Business/top-free entries=100
[2026-09-29T11:21:16.271Z] [DEBUG] Hits: es/macos/Business/top-free 2 app(s) found
[2026-09-29T11:21:16.996Z] [DEBUG] RSS ok: es/macos/Productivity/top-free entries=99
[2026-09-29T11:21:27.002Z] [DEBUG] Hits: es/macos/Productivity/top-free 5 app(s) found
[2026-09-29T11:21:27.883Z] [DEBUG] RSS ok: es/macos/Utilities/top-free entries=100
[2026-09-29T11:21:38.649Z] [DEBUG] RSS ok: it/macos/Business/top-free entries=100
[2026-09-29T11:21:48.654Z] [DEBUG] Hits: it/macos/Business/top-free 2 app(s) found
[2026-09-29T11:21:49.399Z] [DEBUG] RSS ok: it/macos/Productivity/top-free entries=99
[2026-09-29T11:21:59.405Z] [DEBUG] Hits: it/macos/Productivity/top-free 5 app(s) found
[2026-09-29T11:22:00.314Z] [DEBUG] RSS ok: it/macos/Utilities/top-free entries=100
[2026-09-29T11:22:10.321Z] [DEBUG] Hits: it/macos/Utilities/top-free 1 app(s) found
[2026-09-29T11:22:11.018Z] [DEBUG] RSS ok: pt/macos/Business/top-free entries=99
[2026-09-29T11:22:21.024Z] [DEBUG] Hits: pt/macos/Business/top-free 2 app(s) found
[2026-09-29T11:22:21.750Z] [DEBUG] RSS ok: pt/macos/Productivity/top-free entries=99
[2026-09-29T11:22:31.756Z] [DEBUG] Hits: pt/macos/Productivity/top-free 3 app(s) found
[2026-09-29T11:22:32.490Z] [DEBUG] RSS ok: pt/macos/Utilities/top-free entries=100
[2026-09-29T11:22:42.497Z] [INFO] RSS progress: 30/60 (30 ok, 0 error, 90 points)
[2026-09-29T11:22:43.353Z] [DEBUG] RSS ok: ch/macos/Business/top-free entries=100
[2026-09-29T11:22:53.360Z] [DEBUG] Hits: ch/macos/Business/top-free 1 app(s) found
[2026-09-29T11:22:54.181Z] [DEBUG] RSS ok: ch/macos/Productivity/top-free entries=99
[2026-09-29T11:23:04.188Z] [DEBUG] Hits: ch/macos/Productivity/top-free 4 app(s) found
[2026-09-29T11:23:05.004Z] [DEBUG] RSS ok: ch/macos/Utilities/top-free entries=100
[2026-09-29T11:23:15.011Z] [DEBUG] Hits: ch/macos/Utilities/top-free 3 app(s) found
[2026-09-29T11:23:15.815Z] [DEBUG] RSS ok: be/macos/Business/top-free entries=100
[2026-09-29T11:23:25.822Z] [DEBUG] Hits: be/macos/Business/top-free 1 app(s) found
[2026-09-29T11:23:26.697Z] [DEBUG] RSS ok: be/macos/Productivity/top-free entries=99
[2026-09-29T11:23:36.703Z] [DEBUG] Hits: be/macos/Productivity/top-free 6 app(s) found
[2026-09-29T11:23:37.608Z] [DEBUG] RSS ok: be/macos/Utilities/top-free entries=100
[2026-09-29T11:23:47.611Z] [DEBUG] Hits: be/macos/Utilities/top-free 1 app(s) found
[2026-09-29T11:23:48.342Z] [DEBUG] RSS ok: nl/macos/Business/top-free entries=100
[2026-09-29T11:23:58.347Z] [DEBUG] Hits: nl/macos/Business/top-free 2 app(s) found
[2026-09-29T11:23:59.385Z] [DEBUG] RSS ok: nl/macos/Productivity/top-free entries=99
[2026-09-29T11:24:09.392Z] [DEBUG] Hits: nl/macos/Productivity/top-free 5 app(s) found
[2026-09-29T11:24:10.123Z] [DEBUG] RSS ok: nl/macos/Utilities/top-free entries=100
[2026-09-29T11:24:20.832Z] [DEBUG] RSS ok: tw/macos/Business/top-free entries=99
[2026-09-29T11:24:30.837Z] [DEBUG] Hits: tw/macos/Business/top-free 2 app(s) found
[2026-09-29T11:24:30.837Z] [INFO] RSS progress: 40/60 (40 ok, 0 error, 115 points)
[2026-09-29T11:24:31.556Z] [DEBUG] RSS ok: tw/macos/Productivity/top-free entries=99
[2026-09-29T11:24:41.562Z] [DEBUG] Hits: tw/macos/Productivity/top-free 1 app(s) found
[2026-09-29T11:24:42.356Z] [DEBUG] RSS ok: tw/macos/Utilities/top-free entries=100
[2026-09-29T11:24:52.362Z] [DEBUG] Hits: tw/macos/Utilities/top-free 1 app(s) found
[2026-09-29T11:24:52.999Z] [DEBUG] RSS ok: hk/macos/Business/top-free entries=99
[2026-09-29T11:25:03.005Z] [DEBUG] Hits: hk/macos/Business/top-free 2 app(s) found
[2026-09-29T11:25:03.910Z] [DEBUG] RSS ok: hk/macos/Productivity/top-free entries=99
[2026-09-29T11:25:13.917Z] [DEBUG] Hits: hk/macos/Productivity/top-free 2 app(s) found
[2026-09-29T11:25:14.690Z] [DEBUG] RSS ok: hk/macos/Utilities/top-free entries=100
[2026-09-29T11:25:24.697Z] [DEBUG] Hits: hk/macos/Utilities/top-free 1 app(s) found
[2026-09-29T11:25:25.595Z] [DEBUG] RSS ok: nz/macos/Business/top-free entries=99
[2026-09-29T11:25:35.600Z] [DEBUG] Hits: nz/macos/Business/top-free 1 app(s) found
[2026-09-29T11:25:36.264Z] [DEBUG] RSS ok: nz/macos/Productivity/top-free entries=99
[2026-09-29T11:25:46.270Z] [DEBUG] Hits: nz/macos/Productivity/top-free 4 app(s) found
[2026-09-29T11:25:47.462Z] [DEBUG] RSS ok: nz/macos/Utilities/top-free entries=100
[2026-09-29T11:25:58.247Z] [DEBUG] RSS ok: sg/macos/Business/top-free entries=100
[2026-09-29T11:26:08.251Z] [DEBUG] Hits: sg/macos/Business/top-free 2 app(s) found
[2026-09-29T11:26:09.191Z] [DEBUG] RSS ok: sg/macos/Productivity/top-free entries=99
[2026-09-29T11:26:19.197Z] [DEBUG] Hits: sg/macos/Productivity/top-free 3 app(s) found
[2026-09-29T11:26:19.197Z] [INFO] RSS progress: 50/60 (50 ok, 0 error, 132 points)
[2026-09-29T11:26:20.156Z] [DEBUG] RSS ok: sg/macos/Utilities/top-free entries=100
[2026-09-29T11:26:30.163Z] [DEBUG] Hits: sg/macos/Utilities/top-free 1 app(s) found
[2026-09-29T11:26:31.407Z] [DEBUG] RSS ok: in/macos/Business/top-free entries=100
[2026-09-29T11:26:41.412Z] [DEBUG] Hits: in/macos/Business/top-free 2 app(s) found
[2026-09-29T11:26:42.425Z] [DEBUG] RSS ok: in/macos/Productivity/top-free entries=99
[2026-09-29T11:26:52.430Z] [DEBUG] Hits: in/macos/Productivity/top-free 3 app(s) found
[2026-09-29T11:26:53.079Z] [DEBUG] RSS ok: in/macos/Utilities/top-free entries=100
[2026-09-29T11:27:03.083Z] [DEBUG] Hits: in/macos/Utilities/top-free 1 app(s) found
[2026-09-29T11:27:03.885Z] [DEBUG] RSS ok: za/macos/Business/top-free entries=100
[2026-09-29T11:27:13.889Z] [DEBUG] Hits: za/macos/Business/top-free 3 app(s) found
[2026-09-29T11:27:14.621Z] [DEBUG] RSS ok: za/macos/Productivity/top-free entries=99
[2026-09-29T11:27:24.625Z] [DEBUG] Hits: za/macos/Productivity/top-free 2 app(s) found
[2026-09-29T11:27:25.538Z] [DEBUG] RSS ok: za/macos/Utilities/top-free entries=100
[2026-09-29T11:27:35.544Z] [DEBUG] Hits: za/macos/Utilities/top-free 1 app(s) found
[2026-09-29T11:27:36.455Z] [DEBUG] RSS ok: br/macos/Business/top-free entries=100
[2026-09-29T11:27:46.461Z] [DEBUG] Hits: br/macos/Business/top-free 2 app(s) found
[2026-09-29T11:27:47.169Z] [DEBUG] RSS ok: br/macos/Productivity/top-free entries=99
[2026-09-29T11:27:57.176Z] [DEBUG] Hits: br/macos/Productivity/top-free 3 app(s) found
[2026-09-29T11:27:57.972Z] [DEBUG] RSS ok: br/macos/Utilities/top-free entries=100
[2026-09-29T11:28:07.979Z] [INFO] RSS progress: 60/60 (60 ok, 0 error, 150 points)
[2026-09-29T11:28:07.979Z] [INFO] RSS fetch done: 60 ok, 0 error, 150 points
[2026-09-29T11:28:07.979Z] [INFO] Platform max returned: macos = 100
[2026-09-29T11:28:07.980Z] [INFO] RSS results: 60 ok, 0 error, 150 rank points
[2026-09-29T11:28:08.015Z] [INFO] Stored: 60 crawls, 150 points
[2026-09-29T11:28:08.032Z] [INFO] current.json written rows=23
[2026-09-29T11:28:08.033Z] [INFO] Current summary: on_chart=150, not_on_chart=310, depth_limited=0, crawl_error=0, total=460
[2026-09-29T11:28:08.033Z] [INFO] === Crawl complete === 649.0s
[2026-09-29T12:17:27.429Z] [INFO] === Crawl start === ts=2026-09-29T12:00:00Z
[2026-09-29T12:17:27.433Z] [INFO] Config loaded apps=4, platforms=macos, categories=Business,Productivity,Utilities
[2026-09-29T12:17:27.434Z] [INFO] App IDs to track: 23 our=4, competitors=19
[2026-09-29T12:17:27.435Z] [INFO] Lookup cached fetched_at=2026-09-29T00:17:16.928Z, 23 apps
[2026-09-29T12:17:27.435Z] [INFO] RSS requests: 60 countries=20, platforms=macos, categories=Business,Productivity,Utilities
[2026-09-29T12:17:27.436Z] [INFO] RSS fetch start: 60 requests, concurrency=1
[2026-09-29T12:17:28.211Z] [DEBUG] RSS ok: us/macos/Business/top-free entries=100
[2026-09-29T12:17:38.214Z] [DEBUG] Hits: us/macos/Business/top-free 3 app(s) found
[2026-09-29T12:17:38.899Z] [DEBUG] RSS ok: us/macos/Productivity/top-free entries=99
[2026-09-29T12:17:48.905Z] [DEBUG] Hits: us/macos/Productivity/top-free 6 app(s) found
[2026-09-29T12:17:49.586Z] [DEBUG] RSS ok: us/macos/Utilities/top-free entries=100
[2026-09-29T12:17:59.593Z] [DEBUG] Hits: us/macos/Utilities/top-free 1 app(s) found
[2026-09-29T12:18:00.338Z] [DEBUG] RSS ok: gb/macos/Business/top-free entries=100
[2026-09-29T12:18:10.344Z] [DEBUG] Hits: gb/macos/Business/top-free 4 app(s) found
[2026-09-29T12:18:11.183Z] [DEBUG] RSS ok: gb/macos/Productivity/top-free entries=99
[2026-09-29T12:18:21.190Z] [DEBUG] Hits: gb/macos/Productivity/top-free 5 app(s) found
[2026-09-29T12:18:22.005Z] [DEBUG] RSS ok: gb/macos/Utilities/top-free entries=100
[2026-09-29T12:18:32.007Z] [DEBUG] Hits: gb/macos/Utilities/top-free 3 app(s) found
[2026-09-29T12:18:32.759Z] [DEBUG] RSS ok: ca/macos/Business/top-free entries=99
[2026-09-29T12:18:42.765Z] [DEBUG] Hits: ca/macos/Business/top-free 3 app(s) found
[2026-09-29T12:18:43.364Z] [DEBUG] RSS ok: ca/macos/Productivity/top-free entries=99
[2026-09-29T12:18:53.371Z] [DEBUG] Hits: ca/macos/Productivity/top-free 5 app(s) found
[2026-09-29T12:18:54.096Z] [DEBUG] RSS ok: ca/macos/Utilities/top-free entries=100
[2026-09-29T12:19:04.103Z] [DEBUG] Hits: ca/macos/Utilities/top-free 1 app(s) found
[2026-09-29T12:19:04.924Z] [DEBUG] RSS ok: fr/macos/Business/top-free entries=99
[2026-09-29T12:19:14.931Z] [DEBUG] Hits: fr/macos/Business/top-free 3 app(s) found
[2026-09-29T12:19:14.931Z] [INFO] RSS progress: 10/60 (10 ok, 0 error, 34 points)
[2026-09-29T12:19:15.694Z] [DEBUG] RSS ok: fr/macos/Productivity/top-free entries=99
[2026-09-29T12:19:25.701Z] [DEBUG] Hits: fr/macos/Productivity/top-free 4 app(s) found
[2026-09-29T12:19:26.339Z] [DEBUG] RSS ok: fr/macos/Utilities/top-free entries=100
[2026-09-29T12:19:36.346Z] [DEBUG] Hits: fr/macos/Utilities/top-free 2 app(s) found
[2026-09-29T12:19:37.129Z] [DEBUG] RSS ok: de/macos/Business/top-free entries=99
[2026-09-29T12:19:47.131Z] [DEBUG] Hits: de/macos/Business/top-free 1 app(s) found
[2026-09-29T12:19:47.882Z] [DEBUG] RSS ok: de/macos/Productivity/top-free entries=99
[2026-09-29T12:19:57.888Z] [DEBUG] Hits: de/macos/Productivity/top-free 4 app(s) found
[2026-09-29T12:19:58.611Z] [DEBUG] RSS ok: de/macos/Utilities/top-free entries=100
[2026-09-29T12:20:08.617Z] [DEBUG] Hits: de/macos/Utilities/top-free 4 app(s) found
[2026-09-29T12:20:09.510Z] [DEBUG] RSS ok: jp/macos/Business/top-free entries=99
[2026-09-29T12:20:19.517Z] [DEBUG] Hits: jp/macos/Business/top-free 3 app(s) found
[2026-09-29T12:20:20.371Z] [DEBUG] RSS ok: jp/macos/Productivity/top-free entries=99
[2026-09-29T12:20:30.378Z] [DEBUG] Hits: jp/macos/Productivity/top-free 3 app(s) found
[2026-09-29T12:20:31.204Z] [DEBUG] RSS ok: jp/macos/Utilities/top-free entries=100
[2026-09-29T12:20:41.210Z] [DEBUG] Hits: jp/macos/Utilities/top-free 4 app(s) found
[2026-09-29T12:20:41.897Z] [DEBUG] RSS ok: au/macos/Business/top-free entries=100
[2026-09-29T12:20:51.899Z] [DEBUG] Hits: au/macos/Business/top-free 3 app(s) found
[2026-09-29T12:20:52.622Z] [DEBUG] RSS ok: au/macos/Productivity/top-free entries=99
[2026-09-29T12:21:02.628Z] [DEBUG] Hits: au/macos/Productivity/top-free 5 app(s) found
[2026-09-29T12:21:02.629Z] [INFO] RSS progress: 20/60 (20 ok, 0 error, 67 points)
[2026-09-29T12:21:03.389Z] [DEBUG] RSS ok: au/macos/Utilities/top-free entries=100
[2026-09-29T12:21:13.395Z] [DEBUG] Hits: au/macos/Utilities/top-free 3 app(s) found
[2026-09-29T12:21:14.155Z] [DEBUG] RSS ok: es/macos/Business/top-free entries=100
[2026-09-29T12:21:24.161Z] [DEBUG] Hits: es/macos/Business/top-free 2 app(s) found
[2026-09-29T12:21:24.914Z] [DEBUG] RSS ok: es/macos/Productivity/top-free entries=99
[2026-09-29T12:21:34.920Z] [DEBUG] Hits: es/macos/Productivity/top-free 5 app(s) found
[2026-09-29T12:21:35.652Z] [DEBUG] RSS ok: es/macos/Utilities/top-free entries=100
[2026-09-29T12:21:46.363Z] [DEBUG] RSS ok: it/macos/Business/top-free entries=100
[2026-09-29T12:21:56.369Z] [DEBUG] Hits: it/macos/Business/top-free 2 app(s) found
[2026-09-29T12:21:57.048Z] [DEBUG] RSS ok: it/macos/Productivity/top-free entries=99
[2026-09-29T12:22:07.054Z] [DEBUG] Hits: it/macos/Productivity/top-free 5 app(s) found
[2026-09-29T12:22:08.039Z] [DEBUG] RSS ok: it/macos/Utilities/top-free entries=100
[2026-09-29T12:22:18.045Z] [DEBUG] Hits: it/macos/Utilities/top-free 1 app(s) found
[2026-09-29T12:22:18.689Z] [DEBUG] RSS ok: pt/macos/Business/top-free entries=99
[2026-09-29T12:22:28.695Z] [DEBUG] Hits: pt/macos/Business/top-free 2 app(s) found
[2026-09-29T12:22:29.510Z] [DEBUG] RSS ok: pt/macos/Productivity/top-free entries=99
[2026-09-29T12:22:39.516Z] [DEBUG] Hits: pt/macos/Productivity/top-free 3 app(s) found
[2026-09-29T12:22:40.154Z] [DEBUG] RSS ok: pt/macos/Utilities/top-free entries=100
[2026-09-29T12:22:50.160Z] [INFO] RSS progress: 30/60 (30 ok, 0 error, 90 points)
[2026-09-29T12:22:50.896Z] [DEBUG] RSS ok: ch/macos/Business/top-free entries=100
[2026-09-29T12:23:00.902Z] [DEBUG] Hits: ch/macos/Business/top-free 1 app(s) found
[2026-09-29T12:23:01.749Z] [DEBUG] RSS ok: ch/macos/Productivity/top-free entries=99
[2026-09-29T12:23:11.755Z] [DEBUG] Hits: ch/macos/Productivity/top-free 4 app(s) found
[2026-09-29T12:23:12.486Z] [DEBUG] RSS ok: ch/macos/Utilities/top-free entries=100
[2026-09-29T12:23:22.486Z] [DEBUG] Hits: ch/macos/Utilities/top-free 3 app(s) found
[2026-09-29T12:23:23.179Z] [DEBUG] RSS ok: be/macos/Business/top-free entries=100
[2026-09-29T12:23:33.185Z] [DEBUG] Hits: be/macos/Business/top-free 1 app(s) found
[2026-09-29T12:23:33.847Z] [DEBUG] RSS ok: be/macos/Productivity/top-free entries=99
[2026-09-29T12:23:43.853Z] [DEBUG] Hits: be/macos/Productivity/top-free 6 app(s) found
[2026-09-29T12:23:44.713Z] [DEBUG] RSS ok: be/macos/Utilities/top-free entries=100
[2026-09-29T12:23:54.718Z] [DEBUG] Hits: be/macos/Utilities/top-free 1 app(s) found
[2026-09-29T12:23:55.396Z] [DEBUG] RSS ok: nl/macos/Business/top-free entries=100
[2026-09-29T12:24:05.402Z] [DEBUG] Hits: nl/macos/Business/top-free 2 app(s) found
[2026-09-29T12:24:06.199Z] [DEBUG] RSS ok: nl/macos/Productivity/top-free entries=99
[2026-09-29T12:24:16.206Z] [DEBUG] Hits: nl/macos/Productivity/top-free 5 app(s) found
[2026-09-29T12:24:17.020Z] [DEBUG] RSS ok: nl/macos/Utilities/top-free entries=100
[2026-09-29T12:24:27.770Z] [DEBUG] RSS ok: tw/macos/Business/top-free entries=99
[2026-09-29T12:24:37.773Z] [DEBUG] Hits: tw/macos/Business/top-free 2 app(s) found
[2026-09-29T12:24:37.774Z] [INFO] RSS progress: 40/60 (40 ok, 0 error, 115 points)
[2026-09-29T12:24:38.463Z] [DEBUG] RSS ok: tw/macos/Productivity/top-free entries=99
[2026-09-29T12:24:48.467Z] [DEBUG] Hits: tw/macos/Productivity/top-free 1 app(s) found
[2026-09-29T12:24:49.140Z] [DEBUG] RSS ok: tw/macos/Utilities/top-free entries=100
[2026-09-29T12:24:59.144Z] [DEBUG] Hits: tw/macos/Utilities/top-free 1 app(s) found
[2026-09-29T12:24:59.918Z] [DEBUG] RSS ok: hk/macos/Business/top-free entries=99
[2026-09-29T12:25:09.924Z] [DEBUG] Hits: hk/macos/Business/top-free 2 app(s) found
[2026-09-29T12:25:10.536Z] [DEBUG] RSS ok: hk/macos/Productivity/top-free entries=99
[2026-09-29T12:25:20.542Z] [DEBUG] Hits: hk/macos/Productivity/top-free 2 app(s) found
[2026-09-29T12:25:21.224Z] [DEBUG] RSS ok: hk/macos/Utilities/top-free entries=100
[2026-09-29T12:25:31.230Z] [DEBUG] Hits: hk/macos/Utilities/top-free 1 app(s) found
[2026-09-29T12:25:32.078Z] [DEBUG] RSS ok: nz/macos/Business/top-free entries=99
[2026-09-29T12:25:42.085Z] [DEBUG] Hits: nz/macos/Business/top-free 1 app(s) found
[2026-09-29T12:25:42.744Z] [DEBUG] RSS ok: nz/macos/Productivity/top-free entries=99
[2026-09-29T12:25:52.750Z] [DEBUG] Hits: nz/macos/Productivity/top-free 4 app(s) found
[2026-09-29T12:25:53.463Z] [DEBUG] RSS ok: nz/macos/Utilities/top-free entries=100
[2026-09-29T12:26:04.439Z] [DEBUG] RSS ok: sg/macos/Business/top-free entries=100
[2026-09-29T12:26:14.445Z] [DEBUG] Hits: sg/macos/Business/top-free 2 app(s) found
[2026-09-29T12:26:15.182Z] [DEBUG] RSS ok: sg/macos/Productivity/top-free entries=99
[2026-09-29T12:26:25.185Z] [DEBUG] Hits: sg/macos/Productivity/top-free 3 app(s) found
[2026-09-29T12:26:25.185Z] [INFO] RSS progress: 50/60 (50 ok, 0 error, 132 points)
[2026-09-29T12:26:25.935Z] [DEBUG] RSS ok: sg/macos/Utilities/top-free entries=100
[2026-09-29T12:26:35.941Z] [DEBUG] Hits: sg/macos/Utilities/top-free 1 app(s) found
[2026-09-29T12:26:36.845Z] [DEBUG] RSS ok: in/macos/Business/top-free entries=100
[2026-09-29T12:26:46.851Z] [DEBUG] Hits: in/macos/Business/top-free 2 app(s) found
[2026-09-29T12:26:47.608Z] [DEBUG] RSS ok: in/macos/Productivity/top-free entries=99
[2026-09-29T12:26:57.614Z] [DEBUG] Hits: in/macos/Productivity/top-free 3 app(s) found
[2026-09-29T12:26:58.273Z] [DEBUG] RSS ok: in/macos/Utilities/top-free entries=100
[2026-09-29T12:27:08.279Z] [DEBUG] Hits: in/macos/Utilities/top-free 1 app(s) found
[2026-09-29T12:27:09.062Z] [DEBUG] RSS ok: za/macos/Business/top-free entries=100
[2026-09-29T12:27:19.068Z] [DEBUG] Hits: za/macos/Business/top-free 3 app(s) found
[2026-09-29T12:27:19.696Z] [DEBUG] RSS ok: za/macos/Productivity/top-free entries=99
[2026-09-29T12:27:29.702Z] [DEBUG] Hits: za/macos/Productivity/top-free 2 app(s) found
[2026-09-29T12:27:30.372Z] [DEBUG] RSS ok: za/macos/Utilities/top-free entries=100
[2026-09-29T12:27:40.378Z] [DEBUG] Hits: za/macos/Utilities/top-free 1 app(s) found
[2026-09-29T12:27:41.064Z] [DEBUG] RSS ok: br/macos/Business/top-free entries=100
[2026-09-29T12:27:51.070Z] [DEBUG] Hits: br/macos/Business/top-free 2 app(s) found
[2026-09-29T12:27:51.793Z] [DEBUG] RSS ok: br/macos/Productivity/top-free entries=99
[2026-09-29T12:28:01.799Z] [DEBUG] Hits: br/macos/Productivity/top-free 3 app(s) found
[2026-09-29T12:28:02.549Z] [DEBUG] RSS ok: br/macos/Utilities/top-free entries=100
[2026-09-29T12:28:12.555Z] [INFO] RSS progress: 60/60 (60 ok, 0 error, 150 points)
[2026-09-29T12:28:12.555Z] [INFO] RSS fetch done: 60 ok, 0 error, 150 points
[2026-09-29T12:28:12.555Z] [INFO] Platform max returned: macos = 100
[2026-09-29T12:28:12.556Z] [INFO] RSS results: 60 ok, 0 error, 150 rank points
[2026-09-29T12:28:12.593Z] [INFO] Stored: 60 crawls, 150 points
[2026-09-29T12:28:12.610Z] [INFO] current.json written rows=23
[2026-09-29T12:28:12.611Z] [INFO] Current summary: on_chart=150, not_on_chart=310, depth_limited=0, crawl_error=0, total=460
[2026-09-29T12:28:12.611Z] [INFO] === Crawl complete === 645.2s
[2026-09-29T13:17:21.815Z] [INFO] === Crawl start === ts=2026-09-29T13:00:00Z
[2026-09-29T13:17:21.818Z] [INFO] Config loaded apps=4, platforms=macos, categories=Business,Productivity,Utilities
[2026-09-29T13:17:21.819Z] [INFO] App IDs to track: 23 our=4, competitors=19
[2026-09-29T13:17:21.820Z] [INFO] Lookup cached fetched_at=2026-09-29T00:17:16.928Z, 23 apps
[2026-09-29T13:17:21.820Z] [INFO] RSS requests: 60 countries=20, platforms=macos, categories=Business,Productivity,Utilities
[2026-09-29T13:17:21.821Z] [INFO] RSS fetch start: 60 requests, concurrency=1
[2026-09-29T13:17:22.728Z] [DEBUG] RSS ok: us/macos/Business/top-free entries=100
[2026-09-29T13:17:32.730Z] [DEBUG] Hits: us/macos/Business/top-free 3 app(s) found
[2026-09-29T13:17:33.445Z] [DEBUG] RSS ok: us/macos/Productivity/top-free entries=99
[2026-09-29T13:17:43.452Z] [DEBUG] Hits: us/macos/Productivity/top-free 6 app(s) found
[2026-09-29T13:17:44.054Z] [DEBUG] RSS ok: us/macos/Utilities/top-free entries=100
[2026-09-29T13:17:54.061Z] [DEBUG] Hits: us/macos/Utilities/top-free 1 app(s) found
[2026-09-29T13:17:54.855Z] [DEBUG] RSS ok: gb/macos/Business/top-free entries=100
[2026-09-29T13:18:04.857Z] [DEBUG] Hits: gb/macos/Business/top-free 4 app(s) found
[2026-09-29T13:18:05.603Z] [DEBUG] RSS ok: gb/macos/Productivity/top-free entries=99
[2026-09-29T13:18:15.609Z] [DEBUG] Hits: gb/macos/Productivity/top-free 5 app(s) found
[2026-09-29T13:18:16.349Z] [DEBUG] RSS ok: gb/macos/Utilities/top-free entries=100
[2026-09-29T13:18:26.355Z] [DEBUG] Hits: gb/macos/Utilities/top-free 3 app(s) found
[2026-09-29T13:18:27.308Z] [DEBUG] RSS ok: ca/macos/Business/top-free entries=99
[2026-09-29T13:18:37.314Z] [DEBUG] Hits: ca/macos/Business/top-free 3 app(s) found
[2026-09-29T13:18:38.127Z] [DEBUG] RSS ok: ca/macos/Productivity/top-free entries=99
[2026-09-29T13:18:48.133Z] [DEBUG] Hits: ca/macos/Productivity/top-free 5 app(s) found
[2026-09-29T13:18:49.132Z] [DEBUG] RSS ok: ca/macos/Utilities/top-free entries=100
[2026-09-29T13:18:59.132Z] [DEBUG] Hits: ca/macos/Utilities/top-free 1 app(s) found
[2026-09-29T13:19:00.271Z] [DEBUG] RSS ok: fr/macos/Business/top-free entries=99
[2026-09-29T13:19:10.278Z] [DEBUG] Hits: fr/macos/Business/top-free 3 app(s) found
[2026-09-29T13:19:10.278Z] [INFO] RSS progress: 10/60 (10 ok, 0 error, 34 points)
[2026-09-29T13:19:11.027Z] [DEBUG] RSS ok: fr/macos/Productivity/top-free entries=99
[2026-09-29T13:19:21.034Z] [DEBUG] Hits: fr/macos/Productivity/top-free 4 app(s) found
[2026-09-29T13:19:21.676Z] [DEBUG] RSS ok: fr/macos/Utilities/top-free entries=100
[2026-09-29T13:19:31.683Z] [DEBUG] Hits: fr/macos/Utilities/top-free 2 app(s) found
[2026-09-29T13:19:34.164Z] [DEBUG] RSS ok: de/macos/Business/top-free entries=99
[2026-09-29T13:19:44.171Z] [DEBUG] Hits: de/macos/Business/top-free 1 app(s) found
[2026-09-29T13:19:44.967Z] [DEBUG] RSS ok: de/macos/Productivity/top-free entries=99
[2026-09-29T13:19:54.973Z] [DEBUG] Hits: de/macos/Productivity/top-free 4 app(s) found
[2026-09-29T13:19:55.914Z] [DEBUG] RSS ok: de/macos/Utilities/top-free entries=100
[2026-09-29T13:20:05.921Z] [DEBUG] Hits: de/macos/Utilities/top-free 4 app(s) found
[2026-09-29T13:20:06.913Z] [DEBUG] RSS ok: jp/macos/Business/top-free entries=99
[2026-09-29T13:20:16.919Z] [DEBUG] Hits: jp/macos/Business/top-free 3 app(s) found
[2026-09-29T13:20:17.781Z] [DEBUG] RSS ok: jp/macos/Productivity/top-free entries=99
[2026-09-29T13:20:27.788Z] [DEBUG] Hits: jp/macos/Productivity/top-free 3 app(s) found
[2026-09-29T13:20:28.494Z] [DEBUG] RSS ok: jp/macos/Utilities/top-free entries=100
[2026-09-29T13:20:38.500Z] [DEBUG] Hits: jp/macos/Utilities/top-free 4 app(s) found
[2026-09-29T13:20:39.073Z] [DEBUG] RSS ok: au/macos/Business/top-free entries=100
[2026-09-29T13:20:49.079Z] [DEBUG] Hits: au/macos/Business/top-free 3 app(s) found
[2026-09-29T13:20:49.834Z] [DEBUG] RSS ok: au/macos/Productivity/top-free entries=99
[2026-09-29T13:20:59.840Z] [DEBUG] Hits: au/macos/Productivity/top-free 5 app(s) found
[2026-09-29T13:20:59.840Z] [INFO] RSS progress: 20/60 (20 ok, 0 error, 67 points)
[2026-09-29T13:21:00.883Z] [DEBUG] RSS ok: au/macos/Utilities/top-free entries=100
[2026-09-29T13:21:10.889Z] [DEBUG] Hits: au/macos/Utilities/top-free 3 app(s) found
[2026-09-29T13:21:11.559Z] [DEBUG] RSS ok: es/macos/Business/top-free entries=100
[2026-09-29T13:21:21.566Z] [DEBUG] Hits: es/macos/Business/top-free 2 app(s) found
[2026-09-29T13:21:22.453Z] [DEBUG] RSS ok: es/macos/Productivity/top-free entries=99
[2026-09-29T13:21:32.459Z] [DEBUG] Hits: es/macos/Productivity/top-free 5 app(s) found
[2026-09-29T13:21:33.346Z] [DEBUG] RSS ok: es/macos/Utilities/top-free entries=100
[2026-09-29T13:21:44.159Z] [DEBUG] RSS ok: it/macos/Business/top-free entries=100
[2026-09-29T13:21:54.165Z] [DEBUG] Hits: it/macos/Business/top-free 2 app(s) found
[2026-09-29T13:21:55.105Z] [DEBUG] RSS ok: it/macos/Productivity/top-free entries=99
[2026-09-29T13:22:05.111Z] [DEBUG] Hits: it/macos/Productivity/top-free 5 app(s) found
[2026-09-29T13:22:05.848Z] [DEBUG] RSS ok: it/macos/Utilities/top-free entries=100
[2026-09-29T13:22:15.853Z] [DEBUG] Hits: it/macos/Utilities/top-free 1 app(s) found
[2026-09-29T13:22:16.650Z] [DEBUG] RSS ok: pt/macos/Business/top-free entries=99
[2026-09-29T13:22:26.656Z] [DEBUG] Hits: pt/macos/Business/top-free 2 app(s) found
[2026-09-29T13:22:27.489Z] [DEBUG] RSS ok: pt/macos/Productivity/top-free entries=99
[2026-09-29T13:22:37.495Z] [DEBUG] Hits: pt/macos/Productivity/top-free 3 app(s) found
[2026-09-29T13:22:38.166Z] [DEBUG] RSS ok: pt/macos/Utilities/top-free entries=100
[2026-09-29T13:22:48.172Z] [INFO] RSS progress: 30/60 (30 ok, 0 error, 90 points)
[2026-09-29T13:22:48.971Z] [DEBUG] RSS ok: ch/macos/Business/top-free entries=100
[2026-09-29T13:22:58.978Z] [DEBUG] Hits: ch/macos/Business/top-free 1 app(s) found
[2026-09-29T13:22:59.789Z] [DEBUG] RSS ok: ch/macos/Productivity/top-free entries=99
[2026-09-29T13:23:09.795Z] [DEBUG] Hits: ch/macos/Productivity/top-free 4 app(s) found
[2026-09-29T13:23:10.736Z] [DEBUG] RSS ok: ch/macos/Utilities/top-free entries=100
[2026-09-29T13:23:20.742Z] [DEBUG] Hits: ch/macos/Utilities/top-free 3 app(s) found
[2026-09-29T13:23:22.202Z] [DEBUG] RSS ok: be/macos/Business/top-free entries=100
[2026-09-29T13:23:32.208Z] [DEBUG] Hits: be/macos/Business/top-free 1 app(s) found
[2026-09-29T13:23:32.949Z] [DEBUG] RSS ok: be/macos/Productivity/top-free entries=99
[2026-09-29T13:23:42.956Z] [DEBUG] Hits: be/macos/Productivity/top-free 6 app(s) found
[2026-09-29T13:23:43.846Z] [DEBUG] RSS ok: be/macos/Utilities/top-free entries=100
[2026-09-29T13:23:53.853Z] [DEBUG] Hits: be/macos/Utilities/top-free 1 app(s) found
[2026-09-29T13:23:55.327Z] [DEBUG] RSS ok: nl/macos/Business/top-free entries=100
[2026-09-29T13:24:05.334Z] [DEBUG] Hits: nl/macos/Business/top-free 2 app(s) found
[2026-09-29T13:24:06.067Z] [DEBUG] RSS ok: nl/macos/Productivity/top-free entries=99
[2026-09-29T13:24:16.074Z] [DEBUG] Hits: nl/macos/Productivity/top-free 5 app(s) found
[2026-09-29T13:24:18.871Z] [DEBUG] RSS ok: nl/macos/Utilities/top-free entries=100
[2026-09-29T13:24:29.731Z] [DEBUG] RSS ok: tw/macos/Business/top-free entries=99
[2026-09-29T13:24:39.737Z] [DEBUG] Hits: tw/macos/Business/top-free 2 app(s) found
[2026-09-29T13:24:39.737Z] [INFO] RSS progress: 40/60 (40 ok, 0 error, 115 points)
[2026-09-29T13:24:41.109Z] [DEBUG] RSS ok: tw/macos/Productivity/top-free entries=99
[2026-09-29T13:24:51.116Z] [DEBUG] Hits: tw/macos/Productivity/top-free 1 app(s) found
[2026-09-29T13:24:51.967Z] [DEBUG] RSS ok: tw/macos/Utilities/top-free entries=100
[2026-09-29T13:25:01.973Z] [DEBUG] Hits: tw/macos/Utilities/top-free 1 app(s) found
[2026-09-29T13:25:02.882Z] [DEBUG] RSS ok: hk/macos/Business/top-free entries=99
[2026-09-29T13:25:12.888Z] [DEBUG] Hits: hk/macos/Business/top-free 2 app(s) found
[2026-09-29T13:25:13.582Z] [DEBUG] RSS ok: hk/macos/Productivity/top-free entries=99
[2026-09-29T13:25:23.588Z] [DEBUG] Hits: hk/macos/Productivity/top-free 2 app(s) found
[2026-09-29T13:25:24.416Z] [DEBUG] RSS ok: hk/macos/Utilities/top-free entries=100
[2026-09-29T13:25:34.423Z] [DEBUG] Hits: hk/macos/Utilities/top-free 1 app(s) found
[2026-09-29T13:25:35.144Z] [DEBUG] RSS ok: nz/macos/Business/top-free entries=99
[2026-09-29T13:25:45.145Z] [DEBUG] Hits: nz/macos/Business/top-free 1 app(s) found
[2026-09-29T13:25:45.948Z] [DEBUG] RSS ok: nz/macos/Productivity/top-free entries=99
[2026-09-29T13:25:55.954Z] [DEBUG] Hits: nz/macos/Productivity/top-free 4 app(s) found
[2026-09-29T13:25:56.767Z] [DEBUG] RSS ok: nz/macos/Utilities/top-free entries=100
[2026-09-29T13:26:07.730Z] [DEBUG] RSS ok: sg/macos/Business/top-free entries=100
[2026-09-29T13:26:17.737Z] [DEBUG] Hits: sg/macos/Business/top-free 2 app(s) found
[2026-09-29T13:26:18.438Z] [DEBUG] RSS ok: sg/macos/Productivity/top-free entries=99
[2026-09-29T13:26:28.445Z] [DEBUG] Hits: sg/macos/Productivity/top-free 3 app(s) found
[2026-09-29T13:26:28.445Z] [INFO] RSS progress: 50/60 (50 ok, 0 error, 132 points)
[2026-09-29T13:26:29.166Z] [DEBUG] RSS ok: sg/macos/Utilities/top-free entries=100
[2026-09-29T13:26:39.172Z] [DEBUG] Hits: sg/macos/Utilities/top-free 1 app(s) found
[2026-09-29T13:26:39.898Z] [DEBUG] RSS ok: in/macos/Business/top-free entries=100
[2026-09-29T13:26:49.905Z] [DEBUG] Hits: in/macos/Business/top-free 2 app(s) found
[2026-09-29T13:26:50.480Z] [DEBUG] RSS ok: in/macos/Productivity/top-free entries=98
[2026-09-29T13:27:00.486Z] [DEBUG] Hits: in/macos/Productivity/top-free 3 app(s) found
[2026-09-29T13:27:01.314Z] [DEBUG] RSS ok: in/macos/Utilities/top-free entries=100
[2026-09-29T13:27:11.321Z] [DEBUG] Hits: in/macos/Utilities/top-free 1 app(s) found
[2026-09-29T13:27:11.981Z] [DEBUG] RSS ok: za/macos/Business/top-free entries=100
[2026-09-29T13:27:21.987Z] [DEBUG] Hits: za/macos/Business/top-free 3 app(s) found
[2026-09-29T13:27:22.863Z] [DEBUG] RSS ok: za/macos/Productivity/top-free entries=99
[2026-09-29T13:27:32.866Z] [DEBUG] Hits: za/macos/Productivity/top-free 2 app(s) found
[2026-09-29T13:27:33.595Z] [DEBUG] RSS ok: za/macos/Utilities/top-free entries=100
[2026-09-29T13:27:43.601Z] [DEBUG] Hits: za/macos/Utilities/top-free 1 app(s) found
[2026-09-29T13:27:44.385Z] [DEBUG] RSS ok: br/macos/Business/top-free entries=100
[2026-09-29T13:27:54.392Z] [DEBUG] Hits: br/macos/Business/top-free 2 app(s) found
[2026-09-29T13:27:55.311Z] [DEBUG] RSS ok: br/macos/Productivity/top-free entries=99
[2026-09-29T13:28:05.317Z] [DEBUG] Hits: br/macos/Productivity/top-free 3 app(s) found
[2026-09-29T13:28:05.981Z] [DEBUG] RSS ok: br/macos/Utilities/top-free entries=100
[2026-09-29T13:28:15.987Z] [INFO] RSS progress: 60/60 (60 ok, 0 error, 150 points)
[2026-09-29T13:28:15.988Z] [INFO] RSS fetch done: 60 ok, 0 error, 150 points
[2026-09-29T13:28:15.988Z] [INFO] Platform max returned: macos = 100
[2026-09-29T13:28:15.988Z] [INFO] RSS results: 60 ok, 0 error, 150 rank points
[2026-09-29T13:28:16.022Z] [INFO] Stored: 60 crawls, 150 points
[2026-09-29T13:28:16.044Z] [INFO] current.json written rows=23
[2026-09-29T13:28:16.045Z] [INFO] Current summary: on_chart=150, not_on_chart=310, depth_limited=0, crawl_error=0, total=460
[2026-09-29T13:28:16.045Z] [INFO] === Crawl complete === 654.2s
[2026-09-29T14:17:21.226Z] [INFO] === Crawl start === ts=2026-09-29T14:00:00Z
[2026-09-29T14:17:21.228Z] [INFO] Config loaded apps=4, platforms=macos, categories=Business,Productivity,Utilities
[2026-09-29T14:17:21.228Z] [INFO] App IDs to track: 23 our=4, competitors=19
[2026-09-29T14:17:21.229Z] [INFO] Lookup cached fetched_at=2026-09-29T00:17:16.928Z, 23 apps
[2026-09-29T14:17:21.229Z] [INFO] RSS requests: 60 countries=20, platforms=macos, categories=Business,Productivity,Utilities
[2026-09-29T14:17:21.229Z] [INFO] RSS fetch start: 60 requests, concurrency=1
[2026-09-29T14:17:22.185Z] [DEBUG] RSS ok: us/macos/Business/top-free entries=100
[2026-09-29T14:17:32.188Z] [DEBUG] Hits: us/macos/Business/top-free 3 app(s) found
[2026-09-29T14:17:33.000Z] [DEBUG] RSS ok: us/macos/Productivity/top-free entries=99
[2026-09-29T14:17:43.007Z] [DEBUG] Hits: us/macos/Productivity/top-free 6 app(s) found
[2026-09-29T14:17:43.794Z] [DEBUG] RSS ok: us/macos/Utilities/top-free entries=100
[2026-09-29T14:17:53.801Z] [DEBUG] Hits: us/macos/Utilities/top-free 1 app(s) found
[2026-09-29T14:17:54.548Z] [DEBUG] RSS ok: gb/macos/Business/top-free entries=100
[2026-09-29T14:18:04.554Z] [DEBUG] Hits: gb/macos/Business/top-free 3 app(s) found
[2026-09-29T14:18:05.460Z] [DEBUG] RSS ok: gb/macos/Productivity/top-free entries=99
[2026-09-29T14:18:15.467Z] [DEBUG] Hits: gb/macos/Productivity/top-free 4 app(s) found
[2026-09-29T14:18:16.320Z] [DEBUG] RSS ok: gb/macos/Utilities/top-free entries=100
[2026-09-29T14:18:26.327Z] [DEBUG] Hits: gb/macos/Utilities/top-free 2 app(s) found
[2026-09-29T14:18:27.010Z] [DEBUG] RSS ok: ca/macos/Business/top-free entries=99
[2026-09-29T14:18:37.017Z] [DEBUG] Hits: ca/macos/Business/top-free 3 app(s) found
[2026-09-29T14:18:37.728Z] [DEBUG] RSS ok: ca/macos/Productivity/top-free entries=99
[2026-09-29T14:18:47.734Z] [DEBUG] Hits: ca/macos/Productivity/top-free 5 app(s) found
[2026-09-29T14:18:48.675Z] [DEBUG] RSS ok: ca/macos/Utilities/top-free entries=100
[2026-09-29T14:18:58.681Z] [DEBUG] Hits: ca/macos/Utilities/top-free 1 app(s) found
[2026-09-29T14:18:59.461Z] [DEBUG] RSS ok: fr/macos/Business/top-free entries=99
[2026-09-29T14:19:09.463Z] [DEBUG] Hits: fr/macos/Business/top-free 3 app(s) found
[2026-09-29T14:19:09.464Z] [INFO] RSS progress: 10/60 (10 ok, 0 error, 31 points)
[2026-09-29T14:19:10.423Z] [DEBUG] RSS ok: fr/macos/Productivity/top-free entries=99
[2026-09-29T14:19:20.430Z] [DEBUG] Hits: fr/macos/Productivity/top-free 4 app(s) found
[2026-09-29T14:19:21.418Z] [DEBUG] RSS ok: fr/macos/Utilities/top-free entries=100
[2026-09-29T14:19:31.424Z] [DEBUG] Hits: fr/macos/Utilities/top-free 1 app(s) found
[2026-09-29T14:19:32.270Z] [DEBUG] RSS ok: de/macos/Business/top-free entries=99
[2026-09-29T14:19:42.277Z] [DEBUG] Hits: de/macos/Business/top-free 1 app(s) found
[2026-09-29T14:19:43.056Z] [DEBUG] RSS ok: de/macos/Productivity/top-free entries=99
[2026-09-29T14:19:53.063Z] [DEBUG] Hits: de/macos/Productivity/top-free 4 app(s) found
[2026-09-29T14:19:53.904Z] [DEBUG] RSS ok: de/macos/Utilities/top-free entries=100
[2026-09-29T14:20:03.910Z] [DEBUG] Hits: de/macos/Utilities/top-free 3 app(s) found
[2026-09-29T14:20:04.656Z] [DEBUG] RSS ok: jp/macos/Business/top-free entries=99
[2026-09-29T14:20:14.661Z] [DEBUG] Hits: jp/macos/Business/top-free 3 app(s) found
[2026-09-29T14:20:15.463Z] [DEBUG] RSS ok: jp/macos/Productivity/top-free entries=99
[2026-09-29T14:20:25.470Z] [DEBUG] Hits: jp/macos/Productivity/top-free 4 app(s) found
[2026-09-29T14:20:26.458Z] [DEBUG] RSS ok: jp/macos/Utilities/top-free entries=100
[2026-09-29T14:20:36.464Z] [DEBUG] Hits: jp/macos/Utilities/top-free 4 app(s) found
[2026-09-29T14:20:37.210Z] [DEBUG] RSS ok: au/macos/Business/top-free entries=100
[2026-09-29T14:20:47.216Z] [DEBUG] Hits: au/macos/Business/top-free 3 app(s) found
[2026-09-29T14:20:47.988Z] [DEBUG] RSS ok: au/macos/Productivity/top-free entries=99
[2026-09-29T14:20:57.994Z] [DEBUG] Hits: au/macos/Productivity/top-free 5 app(s) found
[2026-09-29T14:20:57.994Z] [INFO] RSS progress: 20/60 (20 ok, 0 error, 63 points)
[2026-09-29T14:20:58.833Z] [DEBUG] RSS ok: au/macos/Utilities/top-free entries=100
[2026-09-29T14:21:08.840Z] [DEBUG] Hits: au/macos/Utilities/top-free 2 app(s) found
[2026-09-29T14:21:09.627Z] [DEBUG] RSS ok: es/macos/Business/top-free entries=100
[2026-09-29T14:21:19.634Z] [DEBUG] Hits: es/macos/Business/top-free 3 app(s) found
[2026-09-29T14:21:20.390Z] [DEBUG] RSS ok: es/macos/Productivity/top-free entries=99
[2026-09-29T14:21:30.396Z] [DEBUG] Hits: es/macos/Productivity/top-free 5 app(s) found
[2026-09-29T14:21:31.104Z] [DEBUG] RSS ok: es/macos/Utilities/top-free entries=100
[2026-09-29T14:21:42.038Z] [DEBUG] RSS ok: it/macos/Business/top-free entries=100
[2026-09-29T14:21:52.044Z] [DEBUG] Hits: it/macos/Business/top-free 2 app(s) found
[2026-09-29T14:21:52.882Z] [DEBUG] RSS ok: it/macos/Productivity/top-free entries=99
[2026-09-29T14:22:02.888Z] [DEBUG] Hits: it/macos/Productivity/top-free 4 app(s) found
[2026-09-29T14:22:03.710Z] [DEBUG] RSS ok: it/macos/Utilities/top-free entries=100
[2026-09-29T14:22:14.680Z] [DEBUG] RSS ok: pt/macos/Business/top-free entries=100
[2026-09-29T14:22:24.686Z] [DEBUG] Hits: pt/macos/Business/top-free 3 app(s) found
[2026-09-29T14:22:25.713Z] [DEBUG] RSS ok: pt/macos/Productivity/top-free entries=99
[2026-09-29T14:22:35.717Z] [DEBUG] Hits: pt/macos/Productivity/top-free 3 app(s) found
[2026-09-29T14:22:36.430Z] [DEBUG] RSS ok: pt/macos/Utilities/top-free entries=100
[2026-09-29T14:22:46.436Z] [INFO] RSS progress: 30/60 (30 ok, 0 error, 85 points)
[2026-09-29T14:22:47.570Z] [DEBUG] RSS ok: ch/macos/Business/top-free entries=100
[2026-09-29T14:22:57.572Z] [DEBUG] Hits: ch/macos/Business/top-free 1 app(s) found
[2026-09-29T14:22:58.353Z] [DEBUG] RSS ok: ch/macos/Productivity/top-free entries=99
[2026-09-29T14:23:08.358Z] [DEBUG] Hits: ch/macos/Productivity/top-free 4 app(s) found
[2026-09-29T14:23:09.156Z] [DEBUG] RSS ok: ch/macos/Utilities/top-free entries=100
[2026-09-29T14:23:19.162Z] [DEBUG] Hits: ch/macos/Utilities/top-free 3 app(s) found
[2026-09-29T14:23:19.957Z] [DEBUG] RSS ok: be/macos/Business/top-free entries=100
[2026-09-29T14:23:29.964Z] [DEBUG] Hits: be/macos/Business/top-free 1 app(s) found
[2026-09-29T14:23:30.824Z] [DEBUG] RSS ok: be/macos/Productivity/top-free entries=99
[2026-09-29T14:23:40.831Z] [DEBUG] Hits: be/macos/Productivity/top-free 6 app(s) found
[2026-09-29T14:23:41.608Z] [DEBUG] RSS ok: be/macos/Utilities/top-free entries=100
[2026-09-29T14:23:51.614Z] [DEBUG] Hits: be/macos/Utilities/top-free 2 app(s) found
[2026-09-29T14:23:52.333Z] [DEBUG] RSS ok: nl/macos/Business/top-free entries=100
[2026-09-29T14:24:02.335Z] [DEBUG] Hits: nl/macos/Business/top-free 1 app(s) found
[2026-09-29T14:24:03.176Z] [DEBUG] RSS ok: nl/macos/Productivity/top-free entries=99
[2026-09-29T14:24:13.182Z] [DEBUG] Hits: nl/macos/Productivity/top-free 4 app(s) found
[2026-09-29T14:24:13.954Z] [DEBUG] RSS ok: nl/macos/Utilities/top-free entries=100
[2026-09-29T14:24:24.717Z] [DEBUG] RSS ok: tw/macos/Business/top-free entries=99
[2026-09-29T14:24:34.722Z] [DEBUG] Hits: tw/macos/Business/top-free 2 app(s) found
[2026-09-29T14:24:34.723Z] [INFO] RSS progress: 40/60 (40 ok, 0 error, 109 points)
[2026-09-29T14:24:35.714Z] [DEBUG] RSS ok: tw/macos/Productivity/top-free entries=99
[2026-09-29T14:24:45.720Z] [DEBUG] Hits: tw/macos/Productivity/top-free 2 app(s) found
[2026-09-29T14:24:46.847Z] [DEBUG] RSS ok: tw/macos/Utilities/top-free entries=100
[2026-09-29T14:24:56.853Z] [DEBUG] Hits: tw/macos/Utilities/top-free 1 app(s) found
[2026-09-29T14:24:57.747Z] [DEBUG] RSS ok: hk/macos/Business/top-free entries=100
[2026-09-29T14:25:07.753Z] [DEBUG] Hits: hk/macos/Business/top-free 2 app(s) found
[2026-09-29T14:25:08.606Z] [DEBUG] RSS ok: hk/macos/Productivity/top-free entries=99
[2026-09-29T14:25:18.612Z] [DEBUG] Hits: hk/macos/Productivity/top-free 4 app(s) found
[2026-09-29T14:25:19.481Z] [DEBUG] RSS ok: hk/macos/Utilities/top-free entries=100
[2026-09-29T14:25:29.487Z] [DEBUG] Hits: hk/macos/Utilities/top-free 1 app(s) found
[2026-09-29T14:25:30.273Z] [DEBUG] RSS ok: nz/macos/Business/top-free entries=99
[2026-09-29T14:25:40.280Z] [DEBUG] Hits: nz/macos/Business/top-free 1 app(s) found
[2026-09-29T14:25:41.101Z] [DEBUG] RSS ok: nz/macos/Productivity/top-free entries=99
[2026-09-29T14:25:51.105Z] [DEBUG] Hits: nz/macos/Productivity/top-free 4 app(s) found
[2026-09-29T14:25:51.929Z] [DEBUG] RSS ok: nz/macos/Utilities/top-free entries=100
[2026-09-29T14:26:02.759Z] [DEBUG] RSS ok: sg/macos/Business/top-free entries=100
[2026-09-29T14:26:12.764Z] [DEBUG] Hits: sg/macos/Business/top-free 2 app(s) found
[2026-09-29T14:26:13.705Z] [DEBUG] RSS ok: sg/macos/Productivity/top-free entries=99
[2026-09-29T14:26:23.711Z] [DEBUG] Hits: sg/macos/Productivity/top-free 3 app(s) found
[2026-09-29T14:26:23.711Z] [INFO] RSS progress: 50/60 (50 ok, 0 error, 129 points)
[2026-09-29T14:26:24.436Z] [DEBUG] RSS ok: sg/macos/Utilities/top-free entries=100
[2026-09-29T14:26:34.441Z] [DEBUG] Hits: sg/macos/Utilities/top-free 1 app(s) found
[2026-09-29T14:26:35.417Z] [DEBUG] RSS ok: in/macos/Business/top-free entries=100
[2026-09-29T14:26:45.423Z] [DEBUG] Hits: in/macos/Business/top-free 2 app(s) found
[2026-09-29T14:26:46.167Z] [DEBUG] RSS ok: in/macos/Productivity/top-free entries=98
[2026-09-29T14:26:56.174Z] [DEBUG] Hits: in/macos/Productivity/top-free 3 app(s) found
[2026-09-29T14:26:57.197Z] [DEBUG] RSS ok: in/macos/Utilities/top-free entries=100
[2026-09-29T14:27:07.202Z] [DEBUG] Hits: in/macos/Utilities/top-free 1 app(s) found
[2026-09-29T14:27:07.976Z] [DEBUG] RSS ok: za/macos/Business/top-free entries=100
[2026-09-29T14:27:17.983Z] [DEBUG] Hits: za/macos/Business/top-free 3 app(s) found
[2026-09-29T14:27:18.806Z] [DEBUG] RSS ok: za/macos/Productivity/top-free entries=99
[2026-09-29T14:27:28.811Z] [DEBUG] Hits: za/macos/Productivity/top-free 2 app(s) found
[2026-09-29T14:27:29.836Z] [DEBUG] RSS ok: za/macos/Utilities/top-free entries=100
[2026-09-29T14:27:39.843Z] [DEBUG] Hits: za/macos/Utilities/top-free 3 app(s) found
[2026-09-29T14:27:40.695Z] [DEBUG] RSS ok: br/macos/Business/top-free entries=100
[2026-09-29T14:27:50.701Z] [DEBUG] Hits: br/macos/Business/top-free 2 app(s) found
[2026-09-29T14:27:51.505Z] [DEBUG] RSS ok: br/macos/Productivity/top-free entries=99
[2026-09-29T14:28:01.510Z] [DEBUG] Hits: br/macos/Productivity/top-free 3 app(s) found
[2026-09-29T14:28:02.220Z] [DEBUG] RSS ok: br/macos/Utilities/top-free entries=100
[2026-09-29T14:28:12.227Z] [INFO] RSS progress: 60/60 (60 ok, 0 error, 149 points)
[2026-09-29T14:28:12.227Z] [INFO] RSS fetch done: 60 ok, 0 error, 149 points
[2026-09-29T14:28:12.227Z] [INFO] Platform max returned: macos = 100
[2026-09-29T14:28:12.227Z] [INFO] RSS results: 60 ok, 0 error, 149 rank points
[2026-09-29T14:28:12.243Z] [INFO] Stored: 60 crawls, 149 points
[2026-09-29T14:28:12.258Z] [INFO] current.json written rows=23
[2026-09-29T14:28:12.259Z] [INFO] Current summary: on_chart=149, not_on_chart=311, depth_limited=0, crawl_error=0, total=460
[2026-09-29T14:28:12.259Z] [INFO] === Crawl complete === 651.0s
[2026-09-29T15:17:21.506Z] [INFO] === Crawl start === ts=2026-09-29T15:00:00Z
[2026-09-29T15:17:21.510Z] [INFO] Config loaded apps=4, platforms=macos, categories=Business,Productivity,Utilities
[2026-09-29T15:17:21.510Z] [INFO] App IDs to track: 23 our=4, competitors=19
[2026-09-29T15:17:21.512Z] [INFO] Lookup cached fetched_at=2026-09-29T00:17:16.928Z, 23 apps
[2026-09-29T15:17:21.512Z] [INFO] RSS requests: 60 countries=20, platforms=macos, categories=Business,Productivity,Utilities
[2026-09-29T15:17:21.512Z] [INFO] RSS fetch start: 60 requests, concurrency=1
[2026-09-29T15:17:22.538Z] [DEBUG] RSS ok: us/macos/Business/top-free entries=100
[2026-09-29T15:17:32.541Z] [DEBUG] Hits: us/macos/Business/top-free 3 app(s) found
[2026-09-29T15:17:33.286Z] [DEBUG] RSS ok: us/macos/Productivity/top-free entries=99
[2026-09-29T15:17:43.293Z] [DEBUG] Hits: us/macos/Productivity/top-free 6 app(s) found
[2026-09-29T15:17:44.545Z] [DEBUG] RSS ok: us/macos/Utilities/top-free entries=100
[2026-09-29T15:17:54.551Z] [DEBUG] Hits: us/macos/Utilities/top-free 1 app(s) found
[2026-09-29T15:17:55.374Z] [DEBUG] RSS ok: gb/macos/Business/top-free entries=100
[2026-09-29T15:18:05.381Z] [DEBUG] Hits: gb/macos/Business/top-free 3 app(s) found
[2026-09-29T15:18:06.112Z] [DEBUG] RSS ok: gb/macos/Productivity/top-free entries=99
[2026-09-29T15:18:16.119Z] [DEBUG] Hits: gb/macos/Productivity/top-free 4 app(s) found
[2026-09-29T15:18:16.844Z] [DEBUG] RSS ok: gb/macos/Utilities/top-free entries=100
[2026-09-29T15:18:26.850Z] [DEBUG] Hits: gb/macos/Utilities/top-free 2 app(s) found
[2026-09-29T15:18:27.742Z] [DEBUG] RSS ok: ca/macos/Business/top-free entries=99
[2026-09-29T15:18:37.749Z] [DEBUG] Hits: ca/macos/Business/top-free 3 app(s) found
[2026-09-29T15:18:38.583Z] [DEBUG] RSS ok: ca/macos/Productivity/top-free entries=99
[2026-09-29T15:18:48.590Z] [DEBUG] Hits: ca/macos/Productivity/top-free 5 app(s) found
[2026-09-29T15:18:49.575Z] [DEBUG] RSS ok: ca/macos/Utilities/top-free entries=100
[2026-09-29T15:18:59.580Z] [DEBUG] Hits: ca/macos/Utilities/top-free 1 app(s) found
[2026-09-29T15:19:00.337Z] [DEBUG] RSS ok: fr/macos/Business/top-free entries=99
[2026-09-29T15:19:10.344Z] [DEBUG] Hits: fr/macos/Business/top-free 3 app(s) found
[2026-09-29T15:19:10.344Z] [INFO] RSS progress: 10/60 (10 ok, 0 error, 31 points)
[2026-09-29T15:19:11.897Z] [DEBUG] RSS ok: fr/macos/Productivity/top-free entries=99
[2026-09-29T15:19:21.903Z] [DEBUG] Hits: fr/macos/Productivity/top-free 4 app(s) found
[2026-09-29T15:19:22.652Z] [DEBUG] RSS ok: fr/macos/Utilities/top-free entries=100
[2026-09-29T15:19:32.658Z] [DEBUG] Hits: fr/macos/Utilities/top-free 1 app(s) found
[2026-09-29T15:19:33.639Z] [DEBUG] RSS ok: de/macos/Business/top-free entries=99
[2026-09-29T15:19:43.646Z] [DEBUG] Hits: de/macos/Business/top-free 1 app(s) found
[2026-09-29T15:19:44.561Z] [DEBUG] RSS ok: de/macos/Productivity/top-free entries=99
[2026-09-29T15:19:54.567Z] [DEBUG] Hits: de/macos/Productivity/top-free 4 app(s) found
[2026-09-29T15:19:55.310Z] [DEBUG] RSS ok: de/macos/Utilities/top-free entries=100
[2026-09-29T15:20:05.316Z] [DEBUG] Hits: de/macos/Utilities/top-free 3 app(s) found
[2026-09-29T15:20:06.091Z] [DEBUG] RSS ok: jp/macos/Business/top-free entries=99
[2026-09-29T15:20:16.097Z] [DEBUG] Hits: jp/macos/Business/top-free 3 app(s) found
[2026-09-29T15:20:17.159Z] [DEBUG] RSS ok: jp/macos/Productivity/top-free entries=99
[2026-09-29T15:20:27.166Z] [DEBUG] Hits: jp/macos/Productivity/top-free 4 app(s) found
[2026-09-29T15:20:27.981Z] [DEBUG] RSS ok: jp/macos/Utilities/top-free entries=100
[2026-09-29T15:20:37.988Z] [DEBUG] Hits: jp/macos/Utilities/top-free 4 app(s) found
[2026-09-29T15:20:38.849Z] [DEBUG] RSS ok: au/macos/Business/top-free entries=100
[2026-09-29T15:20:48.856Z] [DEBUG] Hits: au/macos/Business/top-free 3 app(s) found
[2026-09-29T15:20:49.597Z] [DEBUG] RSS ok: au/macos/Productivity/top-free entries=99
[2026-09-29T15:20:59.603Z] [DEBUG] Hits: au/macos/Productivity/top-free 5 app(s) found
[2026-09-29T15:20:59.603Z] [INFO] RSS progress: 20/60 (20 ok, 0 error, 63 points)
[2026-09-29T15:21:00.524Z] [DEBUG] RSS ok: au/macos/Utilities/top-free entries=100
[2026-09-29T15:21:10.530Z] [DEBUG] Hits: au/macos/Utilities/top-free 2 app(s) found
[2026-09-29T15:21:11.388Z] [DEBUG] RSS ok: es/macos/Business/top-free entries=100
[2026-09-29T15:21:21.394Z] [DEBUG] Hits: es/macos/Business/top-free 3 app(s) found
[2026-09-29T15:21:22.229Z] [DEBUG] RSS ok: es/macos/Productivity/top-free entries=99
[2026-09-29T15:21:32.235Z] [DEBUG] Hits: es/macos/Productivity/top-free 5 app(s) found
[2026-09-29T15:21:32.947Z] [DEBUG] RSS ok: es/macos/Utilities/top-free entries=100
[2026-09-29T15:21:43.795Z] [DEBUG] RSS ok: it/macos/Business/top-free entries=100
[2026-09-29T15:21:53.800Z] [DEBUG] Hits: it/macos/Business/top-free 2 app(s) found
[2026-09-29T15:21:54.608Z] [DEBUG] RSS ok: it/macos/Productivity/top-free entries=99
[2026-09-29T15:22:04.614Z] [DEBUG] Hits: it/macos/Productivity/top-free 4 app(s) found
[2026-09-29T15:22:05.431Z] [DEBUG] RSS ok: it/macos/Utilities/top-free entries=100
[2026-09-29T15:22:17.327Z] [DEBUG] RSS ok: pt/macos/Business/top-free entries=100
[2026-09-29T15:22:27.334Z] [DEBUG] Hits: pt/macos/Business/top-free 3 app(s) found
[2026-09-29T15:22:28.328Z] [DEBUG] RSS ok: pt/macos/Productivity/top-free entries=99
[2026-09-29T15:22:38.334Z] [DEBUG] Hits: pt/macos/Productivity/top-free 3 app(s) found
[2026-09-29T15:22:39.135Z] [DEBUG] RSS ok: pt/macos/Utilities/top-free entries=100
[2026-09-29T15:22:49.137Z] [INFO] RSS progress: 30/60 (30 ok, 0 error, 85 points)
[2026-09-29T15:22:49.982Z] [DEBUG] RSS ok: ch/macos/Business/top-free entries=100
[2026-09-29T15:22:59.989Z] [DEBUG] Hits: ch/macos/Business/top-free 1 app(s) found
[2026-09-29T15:23:00.897Z] [DEBUG] RSS ok: ch/macos/Productivity/top-free entries=99
[2026-09-29T15:23:10.904Z] [DEBUG] Hits: ch/macos/Productivity/top-free 4 app(s) found
[2026-09-29T15:23:11.795Z] [DEBUG] RSS ok: ch/macos/Utilities/top-free entries=100
[2026-09-29T15:23:21.801Z] [DEBUG] Hits: ch/macos/Utilities/top-free 3 app(s) found
[2026-09-29T15:23:23.338Z] [DEBUG] RSS ok: be/macos/Business/top-free entries=100
[2026-09-29T15:23:33.345Z] [DEBUG] Hits: be/macos/Business/top-free 1 app(s) found
[2026-09-29T15:23:34.338Z] [DEBUG] RSS ok: be/macos/Productivity/top-free entries=99
[2026-09-29T15:23:44.345Z] [DEBUG] Hits: be/macos/Productivity/top-free 6 app(s) found
[2026-09-29T15:23:45.120Z] [DEBUG] RSS ok: be/macos/Utilities/top-free entries=100
[2026-09-29T15:23:55.126Z] [DEBUG] Hits: be/macos/Utilities/top-free 2 app(s) found
[2026-09-29T15:23:55.882Z] [DEBUG] RSS ok: nl/macos/Business/top-free entries=100
[2026-09-29T15:24:05.887Z] [DEBUG] Hits: nl/macos/Business/top-free 1 app(s) found
[2026-09-29T15:24:06.704Z] [DEBUG] RSS ok: nl/macos/Productivity/top-free entries=99
[2026-09-29T15:24:16.711Z] [DEBUG] Hits: nl/macos/Productivity/top-free 4 app(s) found
[2026-09-29T15:24:18.169Z] [DEBUG] RSS ok: nl/macos/Utilities/top-free entries=100
[2026-09-29T15:24:29.207Z] [DEBUG] RSS ok: tw/macos/Business/top-free entries=99
[2026-09-29T15:24:39.213Z] [DEBUG] Hits: tw/macos/Business/top-free 2 app(s) found
[2026-09-29T15:24:39.214Z] [INFO] RSS progress: 40/60 (40 ok, 0 error, 109 points)
[2026-09-29T15:24:40.194Z] [DEBUG] RSS ok: tw/macos/Productivity/top-free entries=99
[2026-09-29T15:24:50.200Z] [DEBUG] Hits: tw/macos/Productivity/top-free 2 app(s) found
[2026-09-29T15:24:51.041Z] [DEBUG] RSS ok: tw/macos/Utilities/top-free entries=100
[2026-09-29T15:25:01.047Z] [DEBUG] Hits: tw/macos/Utilities/top-free 1 app(s) found
[2026-09-29T15:25:01.910Z] [DEBUG] RSS ok: hk/macos/Business/top-free entries=100
[2026-09-29T15:25:11.916Z] [DEBUG] Hits: hk/macos/Business/top-free 2 app(s) found
[2026-09-29T15:25:12.952Z] [DEBUG] RSS ok: hk/macos/Productivity/top-free entries=99
[2026-09-29T15:25:22.957Z] [DEBUG] Hits: hk/macos/Productivity/top-free 4 app(s) found
[2026-09-29T15:25:23.771Z] [DEBUG] RSS ok: hk/macos/Utilities/top-free entries=100
[2026-09-29T15:25:33.777Z] [DEBUG] Hits: hk/macos/Utilities/top-free 1 app(s) found
[2026-09-29T15:25:34.857Z] [DEBUG] RSS ok: nz/macos/Business/top-free entries=99
[2026-09-29T15:25:44.862Z] [DEBUG] Hits: nz/macos/Business/top-free 1 app(s) found
[2026-09-29T15:25:45.707Z] [DEBUG] RSS ok: nz/macos/Productivity/top-free entries=99
[2026-09-29T15:25:55.714Z] [DEBUG] Hits: nz/macos/Productivity/top-free 4 app(s) found
[2026-09-29T15:25:56.399Z] [DEBUG] RSS ok: nz/macos/Utilities/top-free entries=100
[2026-09-29T15:26:07.397Z] [DEBUG] RSS ok: sg/macos/Business/top-free entries=100
[2026-09-29T15:26:17.401Z] [DEBUG] Hits: sg/macos/Business/top-free 2 app(s) found
[2026-09-29T15:26:18.205Z] [DEBUG] RSS ok: sg/macos/Productivity/top-free entries=99
[2026-09-29T15:26:28.211Z] [DEBUG] Hits: sg/macos/Productivity/top-free 3 app(s) found
[2026-09-29T15:26:28.212Z] [INFO] RSS progress: 50/60 (50 ok, 0 error, 129 points)
[2026-09-29T15:26:29.040Z] [DEBUG] RSS ok: sg/macos/Utilities/top-free entries=100
[2026-09-29T15:26:39.046Z] [DEBUG] Hits: sg/macos/Utilities/top-free 1 app(s) found
[2026-09-29T15:26:39.817Z] [DEBUG] RSS ok: in/macos/Business/top-free entries=100
[2026-09-29T15:26:49.823Z] [DEBUG] Hits: in/macos/Business/top-free 2 app(s) found
[2026-09-29T15:26:50.784Z] [DEBUG] RSS ok: in/macos/Productivity/top-free entries=98
[2026-09-29T15:27:00.790Z] [DEBUG] Hits: in/macos/Productivity/top-free 3 app(s) found
[2026-09-29T15:27:01.697Z] [DEBUG] RSS ok: in/macos/Utilities/top-free entries=100
[2026-09-29T15:27:11.703Z] [DEBUG] Hits: in/macos/Utilities/top-free 1 app(s) found
[2026-09-29T15:27:12.522Z] [DEBUG] RSS ok: za/macos/Business/top-free entries=100
[2026-09-29T15:27:22.528Z] [DEBUG] Hits: za/macos/Business/top-free 3 app(s) found
[2026-09-29T15:27:23.341Z] [DEBUG] RSS ok: za/macos/Productivity/top-free entries=99
[2026-09-29T15:27:33.348Z] [DEBUG] Hits: za/macos/Productivity/top-free 2 app(s) found
[2026-09-29T15:27:34.171Z] [DEBUG] RSS ok: za/macos/Utilities/top-free entries=100
[2026-09-29T15:27:44.177Z] [DEBUG] Hits: za/macos/Utilities/top-free 3 app(s) found
[2026-09-29T15:27:45.129Z] [DEBUG] RSS ok: br/macos/Business/top-free entries=100
[2026-09-29T15:27:55.135Z] [DEBUG] Hits: br/macos/Business/top-free 2 app(s) found
[2026-09-29T15:27:55.984Z] [DEBUG] RSS ok: br/macos/Productivity/top-free entries=99
[2026-09-29T15:28:05.991Z] [DEBUG] Hits: br/macos/Productivity/top-free 3 app(s) found
[2026-09-29T15:28:07.004Z] [DEBUG] RSS ok: br/macos/Utilities/top-free entries=100
[2026-09-29T15:28:17.009Z] [INFO] RSS progress: 60/60 (60 ok, 0 error, 149 points)
[2026-09-29T15:28:17.010Z] [INFO] RSS fetch done: 60 ok, 0 error, 149 points
[2026-09-29T15:28:17.010Z] [INFO] Platform max returned: macos = 100
[2026-09-29T15:28:17.010Z] [INFO] RSS results: 60 ok, 0 error, 149 rank points
[2026-09-29T15:28:17.037Z] [INFO] Stored: 60 crawls, 149 points
[2026-09-29T15:28:17.060Z] [INFO] current.json written rows=23
[2026-09-29T15:28:17.061Z] [INFO] Current summary: on_chart=149, not_on_chart=311, depth_limited=0, crawl_error=0, total=460
[2026-09-29T15:28:17.061Z] [INFO] === Crawl complete === 655.6s
[2026-09-29T16:17:19.324Z] [INFO] === Crawl start === ts=2026-09-29T16:00:00Z
[2026-09-29T16:17:19.328Z] [INFO] Config loaded apps=4, platforms=macos, categories=Business,Productivity,Utilities
[2026-09-29T16:17:19.328Z] [INFO] App IDs to track: 23 our=4, competitors=19
[2026-09-29T16:17:19.330Z] [INFO] Lookup cached fetched_at=2026-09-29T00:17:16.928Z, 23 apps
[2026-09-29T16:17:19.330Z] [INFO] RSS requests: 60 countries=20, platforms=macos, categories=Business,Productivity,Utilities
[2026-09-29T16:17:19.331Z] [INFO] RSS fetch start: 60 requests, concurrency=1
[2026-09-29T16:17:20.411Z] [DEBUG] RSS ok: us/macos/Business/top-free entries=100
[2026-09-29T16:17:30.414Z] [DEBUG] Hits: us/macos/Business/top-free 4 app(s) found
[2026-09-29T16:17:31.317Z] [DEBUG] RSS ok: us/macos/Productivity/top-free entries=99
[2026-09-29T16:17:41.324Z] [DEBUG] Hits: us/macos/Productivity/top-free 6 app(s) found
[2026-09-29T16:17:42.041Z] [DEBUG] RSS ok: us/macos/Utilities/top-free entries=100
[2026-09-29T16:17:52.047Z] [DEBUG] Hits: us/macos/Utilities/top-free 1 app(s) found
[2026-09-29T16:17:52.896Z] [DEBUG] RSS ok: gb/macos/Business/top-free entries=100
[2026-09-29T16:18:02.903Z] [DEBUG] Hits: gb/macos/Business/top-free 3 app(s) found
[2026-09-29T16:18:04.055Z] [DEBUG] RSS ok: gb/macos/Productivity/top-free entries=99
[2026-09-29T16:18:14.061Z] [DEBUG] Hits: gb/macos/Productivity/top-free 4 app(s) found
[2026-09-29T16:18:14.922Z] [DEBUG] RSS ok: gb/macos/Utilities/top-free entries=100
[2026-09-29T16:18:24.928Z] [DEBUG] Hits: gb/macos/Utilities/top-free 2 app(s) found
[2026-09-29T16:18:25.771Z] [DEBUG] RSS ok: ca/macos/Business/top-free entries=100
[2026-09-29T16:18:35.777Z] [DEBUG] Hits: ca/macos/Business/top-free 3 app(s) found
[2026-09-29T16:18:36.404Z] [DEBUG] RSS ok: ca/macos/Productivity/top-free entries=99
[2026-09-29T16:18:46.410Z] [DEBUG] Hits: ca/macos/Productivity/top-free 5 app(s) found
[2026-09-29T16:18:47.245Z] [DEBUG] RSS ok: ca/macos/Utilities/top-free entries=100
[2026-09-29T16:18:57.252Z] [DEBUG] Hits: ca/macos/Utilities/top-free 1 app(s) found
[2026-09-29T16:18:58.218Z] [DEBUG] RSS ok: fr/macos/Business/top-free entries=99
[2026-09-29T16:19:08.225Z] [DEBUG] Hits: fr/macos/Business/top-free 3 app(s) found
[2026-09-29T16:19:08.225Z] [INFO] RSS progress: 10/60 (10 ok, 0 error, 32 points)
[2026-09-29T16:19:09.069Z] [DEBUG] RSS ok: fr/macos/Productivity/top-free entries=99
[2026-09-29T16:19:19.075Z] [DEBUG] Hits: fr/macos/Productivity/top-free 4 app(s) found
[2026-09-29T16:19:19.949Z] [DEBUG] RSS ok: fr/macos/Utilities/top-free entries=100
[2026-09-29T16:19:29.951Z] [DEBUG] Hits: fr/macos/Utilities/top-free 1 app(s) found
[2026-09-29T16:19:30.685Z] [DEBUG] RSS ok: de/macos/Business/top-free entries=99
[2026-09-29T16:19:40.691Z] [DEBUG] Hits: de/macos/Business/top-free 1 app(s) found
[2026-09-29T16:19:41.487Z] [DEBUG] RSS ok: de/macos/Productivity/top-free entries=99
[2026-09-29T16:19:51.494Z] [DEBUG] Hits: de/macos/Productivity/top-free 4 app(s) found
[2026-09-29T16:19:52.264Z] [DEBUG] RSS ok: de/macos/Utilities/top-free entries=100
[2026-09-29T16:20:02.271Z] [DEBUG] Hits: de/macos/Utilities/top-free 3 app(s) found
[2026-09-29T16:20:03.295Z] [DEBUG] RSS ok: jp/macos/Business/top-free entries=99
[2026-09-29T16:20:13.301Z] [DEBUG] Hits: jp/macos/Business/top-free 3 app(s) found
[2026-09-29T16:20:14.385Z] [DEBUG] RSS ok: jp/macos/Productivity/top-free entries=99
[2026-09-29T16:20:24.391Z] [DEBUG] Hits: jp/macos/Productivity/top-free 4 app(s) found
[2026-09-29T16:20:25.199Z] [DEBUG] RSS ok: jp/macos/Utilities/top-free entries=100
[2026-09-29T16:20:35.205Z] [DEBUG] Hits: jp/macos/Utilities/top-free 4 app(s) found
[2026-09-29T16:20:35.867Z] [DEBUG] RSS ok: au/macos/Business/top-free entries=100
[2026-09-29T16:20:45.873Z] [DEBUG] Hits: au/macos/Business/top-free 3 app(s) found
[2026-09-29T16:20:46.636Z] [DEBUG] RSS ok: au/macos/Productivity/top-free entries=99
[2026-09-29T16:20:56.642Z] [DEBUG] Hits: au/macos/Productivity/top-free 5 app(s) found
[2026-09-29T16:20:56.642Z] [INFO] RSS progress: 20/60 (20 ok, 0 error, 64 points)
[2026-09-29T16:20:57.464Z] [DEBUG] RSS ok: au/macos/Utilities/top-free entries=100
[2026-09-29T16:21:07.470Z] [DEBUG] Hits: au/macos/Utilities/top-free 1 app(s) found
[2026-09-29T16:21:08.285Z] [DEBUG] RSS ok: es/macos/Business/top-free entries=100
[2026-09-29T16:21:18.291Z] [DEBUG] Hits: es/macos/Business/top-free 4 app(s) found
[2026-09-29T16:21:19.044Z] [DEBUG] RSS ok: es/macos/Productivity/top-free entries=99
[2026-09-29T16:21:29.051Z] [DEBUG] Hits: es/macos/Productivity/top-free 5 app(s) found
[2026-09-29T16:21:29.873Z] [DEBUG] RSS ok: es/macos/Utilities/top-free entries=100
[2026-09-29T16:21:40.720Z] [DEBUG] RSS ok: it/macos/Business/top-free entries=100
[2026-09-29T16:21:50.727Z] [DEBUG] Hits: it/macos/Business/top-free 3 app(s) found
[2026-09-29T16:21:51.727Z] [DEBUG] RSS ok: it/macos/Productivity/top-free entries=99
[2026-09-29T16:22:01.728Z] [DEBUG] Hits: it/macos/Productivity/top-free 5 app(s) found
[2026-09-29T16:22:02.783Z] [DEBUG] RSS ok: it/macos/Utilities/top-free entries=100
[2026-09-29T16:22:13.691Z] [DEBUG] RSS ok: pt/macos/Business/top-free entries=100
[2026-09-29T16:22:23.697Z] [DEBUG] Hits: pt/macos/Business/top-free 4 app(s) found
[2026-09-29T16:22:24.640Z] [DEBUG] RSS ok: pt/macos/Productivity/top-free entries=99
[2026-09-29T16:22:34.646Z] [DEBUG] Hits: pt/macos/Productivity/top-free 3 app(s) found
[2026-09-29T16:22:35.428Z] [DEBUG] RSS ok: pt/macos/Utilities/top-free entries=100
[2026-09-29T16:22:45.434Z] [DEBUG] Hits: pt/macos/Utilities/top-free 1 app(s) found
[2026-09-29T16:22:45.434Z] [INFO] RSS progress: 30/60 (30 ok, 0 error, 90 points)
[2026-09-29T16:22:46.261Z] [DEBUG] RSS ok: ch/macos/Business/top-free entries=100
[2026-09-29T16:22:56.267Z] [DEBUG] Hits: ch/macos/Business/top-free 1 app(s) found
[2026-09-29T16:22:57.447Z] [DEBUG] RSS ok: ch/macos/Productivity/top-free entries=99
[2026-09-29T16:23:07.453Z] [DEBUG] Hits: ch/macos/Productivity/top-free 4 app(s) found
[2026-09-29T16:23:08.158Z] [DEBUG] RSS ok: ch/macos/Utilities/top-free entries=100
[2026-09-29T16:23:18.165Z] [DEBUG] Hits: ch/macos/Utilities/top-free 3 app(s) found
[2026-09-29T16:23:18.990Z] [DEBUG] RSS ok: be/macos/Business/top-free entries=100
[2026-09-29T16:23:28.996Z] [DEBUG] Hits: be/macos/Business/top-free 1 app(s) found
[2026-09-29T16:23:29.884Z] [DEBUG] RSS ok: be/macos/Productivity/top-free entries=99
[2026-09-29T16:23:39.890Z] [DEBUG] Hits: be/macos/Productivity/top-free 6 app(s) found
[2026-09-29T16:23:41.001Z] [DEBUG] RSS ok: be/macos/Utilities/top-free entries=100
[2026-09-29T16:23:51.008Z] [DEBUG] Hits: be/macos/Utilities/top-free 2 app(s) found
[2026-09-29T16:23:52.006Z] [DEBUG] RSS ok: nl/macos/Business/top-free entries=99
[2026-09-29T16:24:02.974Z] [DEBUG] RSS ok: nl/macos/Productivity/top-free entries=99
[2026-09-29T16:24:12.981Z] [DEBUG] Hits: nl/macos/Productivity/top-free 4 app(s) found
[2026-09-29T16:24:13.993Z] [DEBUG] RSS ok: nl/macos/Utilities/top-free entries=100
[2026-09-29T16:24:23.999Z] [DEBUG] Hits: nl/macos/Utilities/top-free 1 app(s) found
[2026-09-29T16:24:24.882Z] [DEBUG] RSS ok: tw/macos/Business/top-free entries=99
[2026-09-29T16:24:34.888Z] [DEBUG] Hits: tw/macos/Business/top-free 2 app(s) found
[2026-09-29T16:24:34.888Z] [INFO] RSS progress: 40/60 (40 ok, 0 error, 114 points)
[2026-09-29T16:24:35.883Z] [DEBUG] RSS ok: tw/macos/Productivity/top-free entries=99
[2026-09-29T16:24:45.890Z] [DEBUG] Hits: tw/macos/Productivity/top-free 2 app(s) found
[2026-09-29T16:24:46.729Z] [DEBUG] RSS ok: tw/macos/Utilities/top-free entries=100
[2026-09-29T16:24:56.736Z] [DEBUG] Hits: tw/macos/Utilities/top-free 1 app(s) found
[2026-09-29T16:24:57.516Z] [DEBUG] RSS ok: hk/macos/Business/top-free entries=100
[2026-09-29T16:25:07.522Z] [DEBUG] Hits: hk/macos/Business/top-free 2 app(s) found
[2026-09-29T16:25:08.479Z] [DEBUG] RSS ok: hk/macos/Productivity/top-free entries=99
[2026-09-29T16:25:18.485Z] [DEBUG] Hits: hk/macos/Productivity/top-free 4 app(s) found
[2026-09-29T16:25:19.717Z] [DEBUG] RSS ok: hk/macos/Utilities/top-free entries=100
[2026-09-29T16:25:29.723Z] [DEBUG] Hits: hk/macos/Utilities/top-free 1 app(s) found
[2026-09-29T16:25:30.654Z] [DEBUG] RSS ok: nz/macos/Business/top-free entries=99
[2026-09-29T16:25:40.660Z] [DEBUG] Hits: nz/macos/Business/top-free 1 app(s) found
[2026-09-29T16:25:41.469Z] [DEBUG] RSS ok: nz/macos/Productivity/top-free entries=99
[2026-09-29T16:25:51.475Z] [DEBUG] Hits: nz/macos/Productivity/top-free 4 app(s) found
[2026-09-29T16:25:52.510Z] [DEBUG] RSS ok: nz/macos/Utilities/top-free entries=100
[2026-09-29T16:26:03.522Z] [DEBUG] RSS ok: sg/macos/Business/top-free entries=100
[2026-09-29T16:26:13.529Z] [DEBUG] Hits: sg/macos/Business/top-free 2 app(s) found
[2026-09-29T16:26:14.794Z] [DEBUG] RSS ok: sg/macos/Productivity/top-free entries=99
[2026-09-29T16:26:24.800Z] [DEBUG] Hits: sg/macos/Productivity/top-free 3 app(s) found
[2026-09-29T16:26:24.800Z] [INFO] RSS progress: 50/60 (50 ok, 0 error, 134 points)
[2026-09-29T16:26:25.583Z] [DEBUG] RSS ok: sg/macos/Utilities/top-free entries=100
[2026-09-29T16:26:35.590Z] [DEBUG] Hits: sg/macos/Utilities/top-free 1 app(s) found
[2026-09-29T16:26:36.891Z] [DEBUG] RSS ok: in/macos/Business/top-free entries=100
[2026-09-29T16:26:46.897Z] [DEBUG] Hits: in/macos/Business/top-free 2 app(s) found
[2026-09-29T16:26:47.694Z] [DEBUG] RSS ok: in/macos/Productivity/top-free entries=98
[2026-09-29T16:26:57.701Z] [DEBUG] Hits: in/macos/Productivity/top-free 3 app(s) found
[2026-09-29T16:26:58.455Z] [DEBUG] RSS ok: in/macos/Utilities/top-free entries=100
[2026-09-29T16:27:08.461Z] [DEBUG] Hits: in/macos/Utilities/top-free 1 app(s) found
[2026-09-29T16:27:09.300Z] [DEBUG] RSS ok: za/macos/Business/top-free entries=100
[2026-09-29T16:27:19.307Z] [DEBUG] Hits: za/macos/Business/top-free 2 app(s) found
[2026-09-29T16:27:20.208Z] [DEBUG] RSS ok: za/macos/Productivity/top-free entries=99
[2026-09-29T16:27:30.214Z] [DEBUG] Hits: za/macos/Productivity/top-free 2 app(s) found
[2026-09-29T16:27:31.076Z] [DEBUG] RSS ok: za/macos/Utilities/top-free entries=100
[2026-09-29T16:27:41.082Z] [DEBUG] Hits: za/macos/Utilities/top-free 3 app(s) found
[2026-09-29T16:27:41.964Z] [DEBUG] RSS ok: br/macos/Business/top-free entries=100
[2026-09-29T16:27:51.971Z] [DEBUG] Hits: br/macos/Business/top-free 2 app(s) found
[2026-09-29T16:27:52.816Z] [DEBUG] RSS ok: br/macos/Productivity/top-free entries=99
[2026-09-29T16:28:02.822Z] [DEBUG] Hits: br/macos/Productivity/top-free 4 app(s) found
[2026-09-29T16:28:03.506Z] [DEBUG] RSS ok: br/macos/Utilities/top-free entries=100
[2026-09-29T16:28:13.512Z] [INFO] RSS progress: 60/60 (60 ok, 0 error, 154 points)
[2026-09-29T16:28:13.513Z] [INFO] RSS fetch done: 60 ok, 0 error, 154 points
[2026-09-29T16:28:13.513Z] [INFO] Platform max returned: macos = 100
[2026-09-29T16:28:13.513Z] [INFO] RSS results: 60 ok, 0 error, 154 rank points
[2026-09-29T16:28:13.547Z] [INFO] Stored: 60 crawls, 154 points
[2026-09-29T16:28:13.571Z] [INFO] current.json written rows=23
[2026-09-29T16:28:13.572Z] [INFO] Current summary: on_chart=154, not_on_chart=306, depth_limited=0, crawl_error=0, total=460
[2026-09-29T16:28:13.572Z] [INFO] === Crawl complete === 654.2s
[2026-09-29T17:17:20.661Z] [INFO] === Crawl start === ts=2026-09-29T17:00:00Z
[2026-09-29T17:17:20.663Z] [INFO] Config loaded apps=4, platforms=macos, categories=Business,Productivity,Utilities
[2026-09-29T17:17:20.663Z] [INFO] App IDs to track: 23 our=4, competitors=19
[2026-09-29T17:17:20.664Z] [INFO] Lookup cached fetched_at=2026-09-29T00:17:16.928Z, 23 apps
[2026-09-29T17:17:20.664Z] [INFO] RSS requests: 60 countries=20, platforms=macos, categories=Business,Productivity,Utilities
[2026-09-29T17:17:20.664Z] [INFO] RSS fetch start: 60 requests, concurrency=1
[2026-09-29T17:17:21.426Z] [DEBUG] RSS ok: us/macos/Business/top-free entries=100
[2026-09-29T17:17:31.428Z] [DEBUG] Hits: us/macos/Business/top-free 4 app(s) found
[2026-09-29T17:17:32.158Z] [DEBUG] RSS ok: us/macos/Productivity/top-free entries=99
[2026-09-29T17:17:42.164Z] [DEBUG] Hits: us/macos/Productivity/top-free 6 app(s) found
[2026-09-29T17:17:42.935Z] [DEBUG] RSS ok: us/macos/Utilities/top-free entries=100
[2026-09-29T17:17:52.942Z] [DEBUG] Hits: us/macos/Utilities/top-free 1 app(s) found
[2026-09-29T17:17:53.773Z] [DEBUG] RSS ok: gb/macos/Business/top-free entries=100
[2026-09-29T17:18:03.779Z] [DEBUG] Hits: gb/macos/Business/top-free 3 app(s) found
[2026-09-29T17:18:04.825Z] [DEBUG] RSS ok: gb/macos/Productivity/top-free entries=99
[2026-09-29T17:18:14.829Z] [DEBUG] Hits: gb/macos/Productivity/top-free 4 app(s) found
[2026-09-29T17:18:15.643Z] [DEBUG] RSS ok: gb/macos/Utilities/top-free entries=100
[2026-09-29T17:18:25.645Z] [DEBUG] Hits: gb/macos/Utilities/top-free 2 app(s) found
[2026-09-29T17:18:26.403Z] [DEBUG] RSS ok: ca/macos/Business/top-free entries=100
[2026-09-29T17:18:36.409Z] [DEBUG] Hits: ca/macos/Business/top-free 3 app(s) found
[2026-09-29T17:18:37.175Z] [DEBUG] RSS ok: ca/macos/Productivity/top-free entries=99
[2026-09-29T17:18:47.182Z] [DEBUG] Hits: ca/macos/Productivity/top-free 5 app(s) found
[2026-09-29T17:18:47.991Z] [DEBUG] RSS ok: ca/macos/Utilities/top-free entries=100
[2026-09-29T17:18:57.997Z] [DEBUG] Hits: ca/macos/Utilities/top-free 1 app(s) found
[2026-09-29T17:18:58.833Z] [DEBUG] RSS ok: fr/macos/Business/top-free entries=99
[2026-09-29T17:19:08.840Z] [DEBUG] Hits: fr/macos/Business/top-free 3 app(s) found
[2026-09-29T17:19:08.840Z] [INFO] RSS progress: 10/60 (10 ok, 0 error, 32 points)
[2026-09-29T17:19:09.663Z] [DEBUG] RSS ok: fr/macos/Productivity/top-free entries=99
[2026-09-29T17:19:19.669Z] [DEBUG] Hits: fr/macos/Productivity/top-free 4 app(s) found
[2026-09-29T17:19:20.502Z] [DEBUG] RSS ok: fr/macos/Utilities/top-free entries=100
[2026-09-29T17:19:30.508Z] [DEBUG] Hits: fr/macos/Utilities/top-free 1 app(s) found
[2026-09-29T17:19:31.324Z] [DEBUG] RSS ok: de/macos/Business/top-free entries=99
[2026-09-29T17:19:41.330Z] [DEBUG] Hits: de/macos/Business/top-free 1 app(s) found
[2026-09-29T17:19:42.229Z] [DEBUG] RSS ok: de/macos/Productivity/top-free entries=99
[2026-09-29T17:19:52.235Z] [DEBUG] Hits: de/macos/Productivity/top-free 4 app(s) found
[2026-09-29T17:19:53.053Z] [DEBUG] RSS ok: de/macos/Utilities/top-free entries=100
[2026-09-29T17:20:03.060Z] [DEBUG] Hits: de/macos/Utilities/top-free 3 app(s) found
[2026-09-29T17:20:03.937Z] [DEBUG] RSS ok: jp/macos/Business/top-free entries=99
[2026-09-29T17:20:13.944Z] [DEBUG] Hits: jp/macos/Business/top-free 3 app(s) found
[2026-09-29T17:20:14.872Z] [DEBUG] RSS ok: jp/macos/Productivity/top-free entries=99
[2026-09-29T17:20:24.879Z] [DEBUG] Hits: jp/macos/Productivity/top-free 4 app(s) found
[2026-09-29T17:20:26.043Z] [DEBUG] RSS ok: jp/macos/Utilities/top-free entries=100
[2026-09-29T17:20:36.049Z] [DEBUG] Hits: jp/macos/Utilities/top-free 4 app(s) found
[2026-09-29T17:20:36.996Z] [DEBUG] RSS ok: au/macos/Business/top-free entries=100
[2026-09-29T17:20:47.002Z] [DEBUG] Hits: au/macos/Business/top-free 3 app(s) found
[2026-09-29T17:20:47.748Z] [DEBUG] RSS ok: au/macos/Productivity/top-free entries=99
[2026-09-29T17:20:57.753Z] [DEBUG] Hits: au/macos/Productivity/top-free 5 app(s) found
[2026-09-29T17:20:57.754Z] [INFO] RSS progress: 20/60 (20 ok, 0 error, 64 points)
[2026-09-29T17:20:58.817Z] [DEBUG] RSS ok: au/macos/Utilities/top-free entries=100
[2026-09-29T17:21:08.823Z] [DEBUG] Hits: au/macos/Utilities/top-free 1 app(s) found
[2026-09-29T17:21:09.799Z] [DEBUG] RSS ok: es/macos/Business/top-free entries=100
[2026-09-29T17:21:19.805Z] [DEBUG] Hits: es/macos/Business/top-free 4 app(s) found
[2026-09-29T17:21:20.669Z] [DEBUG] RSS ok: es/macos/Productivity/top-free entries=99
[2026-09-29T17:21:30.677Z] [DEBUG] Hits: es/macos/Productivity/top-free 5 app(s) found
[2026-09-29T17:21:31.474Z] [DEBUG] RSS ok: es/macos/Utilities/top-free entries=100
[2026-09-29T17:21:42.421Z] [DEBUG] RSS ok: it/macos/Business/top-free entries=100
[2026-09-29T17:21:52.427Z] [DEBUG] Hits: it/macos/Business/top-free 3 app(s) found
[2026-09-29T17:21:53.185Z] [DEBUG] RSS ok: it/macos/Productivity/top-free entries=99
[2026-09-29T17:22:03.189Z] [DEBUG] Hits: it/macos/Productivity/top-free 5 app(s) found
[2026-09-29T17:22:04.023Z] [DEBUG] RSS ok: it/macos/Utilities/top-free entries=100
[2026-09-29T17:22:14.877Z] [DEBUG] RSS ok: pt/macos/Business/top-free entries=100
[2026-09-29T17:22:24.883Z] [DEBUG] Hits: pt/macos/Business/top-free 4 app(s) found
[2026-09-29T17:22:25.858Z] [DEBUG] RSS ok: pt/macos/Productivity/top-free entries=99
[2026-09-29T17:22:35.864Z] [DEBUG] Hits: pt/macos/Productivity/top-free 3 app(s) found
[2026-09-29T17:22:36.798Z] [DEBUG] RSS ok: pt/macos/Utilities/top-free entries=100
[2026-09-29T17:22:46.805Z] [DEBUG] Hits: pt/macos/Utilities/top-free 1 app(s) found
[2026-09-29T17:22:46.805Z] [INFO] RSS progress: 30/60 (30 ok, 0 error, 90 points)
[2026-09-29T17:22:47.663Z] [DEBUG] RSS ok: ch/macos/Business/top-free entries=100
[2026-09-29T17:22:57.670Z] [DEBUG] Hits: ch/macos/Business/top-free 1 app(s) found
[2026-09-29T17:22:58.650Z] [DEBUG] RSS ok: ch/macos/Productivity/top-free entries=99
[2026-09-29T17:23:08.656Z] [DEBUG] Hits: ch/macos/Productivity/top-free 4 app(s) found
[2026-09-29T17:23:09.506Z] [DEBUG] RSS ok: ch/macos/Utilities/top-free entries=100
[2026-09-29T17:23:19.512Z] [DEBUG] Hits: ch/macos/Utilities/top-free 3 app(s) found
[2026-09-29T17:23:20.312Z] [DEBUG] RSS ok: be/macos/Business/top-free entries=100
[2026-09-29T17:23:30.318Z] [DEBUG] Hits: be/macos/Business/top-free 1 app(s) found
[2026-09-29T17:23:31.084Z] [DEBUG] RSS ok: be/macos/Productivity/top-free entries=99
[2026-09-29T17:23:41.090Z] [DEBUG] Hits: be/macos/Productivity/top-free 6 app(s) found
[2026-09-29T17:23:42.072Z] [DEBUG] RSS ok: be/macos/Utilities/top-free entries=100
[2026-09-29T17:23:52.078Z] [DEBUG] Hits: be/macos/Utilities/top-free 2 app(s) found
[2026-09-29T17:23:52.848Z] [DEBUG] RSS ok: nl/macos/Business/top-free entries=99
[2026-09-29T17:24:03.533Z] [DEBUG] RSS ok: nl/macos/Productivity/top-free entries=99
[2026-09-29T17:24:13.539Z] [DEBUG] Hits: nl/macos/Productivity/top-free 4 app(s) found
[2026-09-29T17:24:14.524Z] [DEBUG] RSS ok: nl/macos/Utilities/top-free entries=100
[2026-09-29T17:24:24.530Z] [DEBUG] Hits: nl/macos/Utilities/top-free 1 app(s) found
[2026-09-29T17:24:25.333Z] [DEBUG] RSS ok: tw/macos/Business/top-free entries=99
[2026-09-29T17:24:35.340Z] [DEBUG] Hits: tw/macos/Business/top-free 2 app(s) found
[2026-09-29T17:24:35.340Z] [INFO] RSS progress: 40/60 (40 ok, 0 error, 114 points)
[2026-09-29T17:24:36.349Z] [DEBUG] RSS ok: tw/macos/Productivity/top-free entries=99
[2026-09-29T17:24:46.356Z] [DEBUG] Hits: tw/macos/Productivity/top-free 2 app(s) found
[2026-09-29T17:24:47.740Z] [DEBUG] RSS ok: tw/macos/Utilities/top-free entries=100
[2026-09-29T17:24:57.746Z] [DEBUG] Hits: tw/macos/Utilities/top-free 1 app(s) found
[2026-09-29T17:24:58.711Z] [DEBUG] RSS ok: hk/macos/Business/top-free entries=100
[2026-09-29T17:25:08.717Z] [DEBUG] Hits: hk/macos/Business/top-free 2 app(s) found
[2026-09-29T17:25:09.458Z] [DEBUG] RSS ok: hk/macos/Productivity/top-free entries=99
[2026-09-29T17:25:19.464Z] [DEBUG] Hits: hk/macos/Productivity/top-free 4 app(s) found
[2026-09-29T17:25:20.266Z] [DEBUG] RSS ok: hk/macos/Utilities/top-free entries=100
[2026-09-29T17:25:30.272Z] [DEBUG] Hits: hk/macos/Utilities/top-free 1 app(s) found
[2026-09-29T17:25:31.034Z] [DEBUG] RSS ok: nz/macos/Business/top-free entries=99
[2026-09-29T17:25:41.041Z] [DEBUG] Hits: nz/macos/Business/top-free 1 app(s) found
[2026-09-29T17:25:41.791Z] [DEBUG] RSS ok: nz/macos/Productivity/top-free entries=99
[2026-09-29T17:25:51.797Z] [DEBUG] Hits: nz/macos/Productivity/top-free 4 app(s) found
[2026-09-29T17:25:52.650Z] [DEBUG] RSS ok: nz/macos/Utilities/top-free entries=100
[2026-09-29T17:26:03.498Z] [DEBUG] RSS ok: sg/macos/Business/top-free entries=100
[2026-09-29T17:26:13.501Z] [DEBUG] Hits: sg/macos/Business/top-free 2 app(s) found
[2026-09-29T17:26:14.349Z] [DEBUG] RSS ok: sg/macos/Productivity/top-free entries=99
[2026-09-29T17:26:24.355Z] [DEBUG] Hits: sg/macos/Productivity/top-free 3 app(s) found
[2026-09-29T17:26:24.355Z] [INFO] RSS progress: 50/60 (50 ok, 0 error, 134 points)
[2026-09-29T17:26:25.239Z] [DEBUG] RSS ok: sg/macos/Utilities/top-free entries=100
[2026-09-29T17:26:35.246Z] [DEBUG] Hits: sg/macos/Utilities/top-free 1 app(s) found
[2026-09-29T17:26:36.078Z] [DEBUG] RSS ok: in/macos/Business/top-free entries=100
[2026-09-29T17:26:46.084Z] [DEBUG] Hits: in/macos/Business/top-free 2 app(s) found
[2026-09-29T17:26:46.867Z] [DEBUG] RSS ok: in/macos/Productivity/top-free entries=98
[2026-09-29T17:26:56.873Z] [DEBUG] Hits: in/macos/Productivity/top-free 3 app(s) found
[2026-09-29T17:26:57.627Z] [DEBUG] RSS ok: in/macos/Utilities/top-free entries=100
[2026-09-29T17:27:07.633Z] [DEBUG] Hits: in/macos/Utilities/top-free 1 app(s) found
[2026-09-29T17:27:08.521Z] [DEBUG] RSS ok: za/macos/Business/top-free entries=100
[2026-09-29T17:27:18.525Z] [DEBUG] Hits: za/macos/Business/top-free 2 app(s) found
[2026-09-29T17:27:19.428Z] [DEBUG] RSS ok: za/macos/Productivity/top-free entries=99
[2026-09-29T17:27:29.435Z] [DEBUG] Hits: za/macos/Productivity/top-free 2 app(s) found
[2026-09-29T17:27:30.207Z] [DEBUG] RSS ok: za/macos/Utilities/top-free entries=100
[2026-09-29T17:27:40.214Z] [DEBUG] Hits: za/macos/Utilities/top-free 3 app(s) found
[2026-09-29T17:27:41.176Z] [DEBUG] RSS ok: br/macos/Business/top-free entries=100
[2026-09-29T17:27:51.182Z] [DEBUG] Hits: br/macos/Business/top-free 2 app(s) found
[2026-09-29T17:27:51.997Z] [DEBUG] RSS ok: br/macos/Productivity/top-free entries=99
[2026-09-29T17:28:02.004Z] [DEBUG] Hits: br/macos/Productivity/top-free 4 app(s) found
[2026-09-29T17:28:02.977Z] [DEBUG] RSS ok: br/macos/Utilities/top-free entries=100
[2026-09-29T17:28:12.983Z] [INFO] RSS progress: 60/60 (60 ok, 0 error, 154 points)
[2026-09-29T17:28:12.984Z] [INFO] RSS fetch done: 60 ok, 0 error, 154 points
[2026-09-29T17:28:12.984Z] [INFO] Platform max returned: macos = 100
[2026-09-29T17:28:12.984Z] [INFO] RSS results: 60 ok, 0 error, 154 rank points
[2026-09-29T17:28:13.000Z] [INFO] Stored: 60 crawls, 154 points
[2026-09-29T17:28:13.016Z] [INFO] current.json written rows=23
[2026-09-29T17:28:13.016Z] [INFO] === Crawl complete === 652.4s
[2026-09-29T17:28:13.016Z] [INFO] Current summary: on_chart=154, not_on_chart=306, depth_limited=0, crawl_error=0, total=460
[2026-09-29T18:17:22.330Z] [INFO] === Crawl start === ts=2026-09-29T18:00:00Z
[2026-09-29T18:17:22.334Z] [INFO] Config loaded apps=4, platforms=macos, categories=Business,Productivity,Utilities
[2026-09-29T18:17:22.335Z] [INFO] App IDs to track: 23 our=4, competitors=19
[2026-09-29T18:17:22.336Z] [INFO] Lookup cached fetched_at=2026-09-29T00:17:16.928Z, 23 apps
[2026-09-29T18:17:22.337Z] [INFO] RSS requests: 60 countries=20, platforms=macos, categories=Business,Productivity,Utilities
[2026-09-29T18:17:22.337Z] [INFO] RSS fetch start: 60 requests, concurrency=1
[2026-09-29T18:17:23.403Z] [DEBUG] RSS ok: us/macos/Business/top-free entries=100
[2026-09-29T18:17:33.407Z] [DEBUG] Hits: us/macos/Business/top-free 4 app(s) found
[2026-09-29T18:17:34.053Z] [DEBUG] RSS ok: us/macos/Productivity/top-free entries=99
[2026-09-29T18:17:44.059Z] [DEBUG] Hits: us/macos/Productivity/top-free 6 app(s) found
[2026-09-29T18:17:44.769Z] [DEBUG] RSS ok: us/macos/Utilities/top-free entries=100
[2026-09-29T18:17:54.775Z] [DEBUG] Hits: us/macos/Utilities/top-free 1 app(s) found
[2026-09-29T18:17:55.393Z] [DEBUG] RSS ok: gb/macos/Business/top-free entries=100
[2026-09-29T18:18:05.400Z] [DEBUG] Hits: gb/macos/Business/top-free 3 app(s) found
[2026-09-29T18:18:06.115Z] [DEBUG] RSS ok: gb/macos/Productivity/top-free entries=99
[2026-09-29T18:18:16.122Z] [DEBUG] Hits: gb/macos/Productivity/top-free 4 app(s) found
[2026-09-29T18:18:16.844Z] [DEBUG] RSS ok: gb/macos/Utilities/top-free entries=100
[2026-09-29T18:18:26.851Z] [DEBUG] Hits: gb/macos/Utilities/top-free 2 app(s) found
[2026-09-29T18:18:27.632Z] [DEBUG] RSS ok: ca/macos/Business/top-free entries=100
[2026-09-29T18:18:37.639Z] [DEBUG] Hits: ca/macos/Business/top-free 3 app(s) found
[2026-09-29T18:18:38.141Z] [DEBUG] RSS ok: ca/macos/Productivity/top-free entries=99
[2026-09-29T18:18:48.147Z] [DEBUG] Hits: ca/macos/Productivity/top-free 5 app(s) found
[2026-09-29T18:18:49.169Z] [DEBUG] RSS ok: ca/macos/Utilities/top-free entries=100
[2026-09-29T18:18:59.170Z] [DEBUG] Hits: ca/macos/Utilities/top-free 1 app(s) found
[2026-09-29T18:18:59.816Z] [DEBUG] RSS ok: fr/macos/Business/top-free entries=99
[2026-09-29T18:19:09.823Z] [DEBUG] Hits: fr/macos/Business/top-free 3 app(s) found
[2026-09-29T18:19:09.823Z] [INFO] RSS progress: 10/60 (10 ok, 0 error, 32 points)
[2026-09-29T18:19:10.758Z] [DEBUG] RSS ok: fr/macos/Productivity/top-free entries=99
[2026-09-29T18:19:20.764Z] [DEBUG] Hits: fr/macos/Productivity/top-free 4 app(s) found
[2026-09-29T18:19:21.757Z] [DEBUG] RSS ok: fr/macos/Utilities/top-free entries=100
[2026-09-29T18:19:31.759Z] [DEBUG] Hits: fr/macos/Utilities/top-free 1 app(s) found
[2026-09-29T18:19:32.784Z] [DEBUG] RSS ok: de/macos/Business/top-free entries=99
[2026-09-29T18:19:42.791Z] [DEBUG] Hits: de/macos/Business/top-free 1 app(s) found
[2026-09-29T18:19:43.641Z] [DEBUG] RSS ok: de/macos/Productivity/top-free entries=99
[2026-09-29T18:19:53.646Z] [DEBUG] Hits: de/macos/Productivity/top-free 4 app(s) found
[2026-09-29T18:19:54.376Z] [DEBUG] RSS ok: de/macos/Utilities/top-free entries=100
[2026-09-29T18:20:04.383Z] [DEBUG] Hits: de/macos/Utilities/top-free 3 app(s) found
[2026-09-29T18:20:05.182Z] [DEBUG] RSS ok: jp/macos/Business/top-free entries=99
[2026-09-29T18:20:15.189Z] [DEBUG] Hits: jp/macos/Business/top-free 3 app(s) found
[2026-09-29T18:20:15.949Z] [DEBUG] RSS ok: jp/macos/Productivity/top-free entries=99
[2026-09-29T18:20:25.956Z] [DEBUG] Hits: jp/macos/Productivity/top-free 4 app(s) found
[2026-09-29T18:20:26.664Z] [DEBUG] RSS ok: jp/macos/Utilities/top-free entries=100
[2026-09-29T18:20:36.671Z] [DEBUG] Hits: jp/macos/Utilities/top-free 4 app(s) found
[2026-09-29T18:20:37.580Z] [DEBUG] RSS ok: au/macos/Business/top-free entries=100
[2026-09-29T18:20:47.585Z] [DEBUG] Hits: au/macos/Business/top-free 3 app(s) found
[2026-09-29T18:20:48.441Z] [DEBUG] RSS ok: au/macos/Productivity/top-free entries=99
[2026-09-29T18:20:58.443Z] [DEBUG] Hits: au/macos/Productivity/top-free 5 app(s) found
[2026-09-29T18:20:58.443Z] [INFO] RSS progress: 20/60 (20 ok, 0 error, 64 points)
[2026-09-29T18:20:59.256Z] [DEBUG] RSS ok: au/macos/Utilities/top-free entries=100
[2026-09-29T18:21:09.258Z] [DEBUG] Hits: au/macos/Utilities/top-free 1 app(s) found
[2026-09-29T18:21:09.894Z] [DEBUG] RSS ok: es/macos/Business/top-free entries=100
[2026-09-29T18:21:19.900Z] [DEBUG] Hits: es/macos/Business/top-free 4 app(s) found
[2026-09-29T18:21:20.725Z] [DEBUG] RSS ok: es/macos/Productivity/top-free entries=99
[2026-09-29T18:21:30.731Z] [DEBUG] Hits: es/macos/Productivity/top-free 5 app(s) found
[2026-09-29T18:21:31.353Z] [DEBUG] RSS ok: es/macos/Utilities/top-free entries=100
[2026-09-29T18:21:42.062Z] [DEBUG] RSS ok: it/macos/Business/top-free entries=100
[2026-09-29T18:21:52.065Z] [DEBUG] Hits: it/macos/Business/top-free 3 app(s) found
[2026-09-29T18:21:53.069Z] [DEBUG] RSS ok: it/macos/Productivity/top-free entries=99
[2026-09-29T18:22:03.076Z] [DEBUG] Hits: it/macos/Productivity/top-free 5 app(s) found
[2026-09-29T18:22:03.783Z] [DEBUG] RSS ok: it/macos/Utilities/top-free entries=100
[2026-09-29T18:22:14.659Z] [DEBUG] RSS ok: pt/macos/Business/top-free entries=100
[2026-09-29T18:22:24.666Z] [DEBUG] Hits: pt/macos/Business/top-free 4 app(s) found
[2026-09-29T18:22:25.490Z] [DEBUG] RSS ok: pt/macos/Productivity/top-free entries=99
[2026-09-29T18:22:35.491Z] [DEBUG] Hits: pt/macos/Productivity/top-free 3 app(s) found
[2026-09-29T18:22:36.189Z] [DEBUG] RSS ok: pt/macos/Utilities/top-free entries=100
[2026-09-29T18:22:46.195Z] [DEBUG] Hits: pt/macos/Utilities/top-free 1 app(s) found
[2026-09-29T18:22:46.196Z] [INFO] RSS progress: 30/60 (30 ok, 0 error, 90 points)
[2026-09-29T18:22:47.000Z] [DEBUG] RSS ok: ch/macos/Business/top-free entries=100
[2026-09-29T18:22:57.006Z] [DEBUG] Hits: ch/macos/Business/top-free 1 app(s) found
[2026-09-29T18:22:57.833Z] [DEBUG] RSS ok: ch/macos/Productivity/top-free entries=99
[2026-09-29T18:23:07.840Z] [DEBUG] Hits: ch/macos/Productivity/top-free 4 app(s) found
[2026-09-29T18:23:08.784Z] [DEBUG] RSS ok: ch/macos/Utilities/top-free entries=100
[2026-09-29T18:23:18.789Z] [DEBUG] Hits: ch/macos/Utilities/top-free 3 app(s) found
[2026-09-29T18:23:19.884Z] [DEBUG] RSS ok: be/macos/Business/top-free entries=100
[2026-09-29T18:23:29.889Z] [DEBUG] Hits: be/macos/Business/top-free 1 app(s) found
[2026-09-29T18:23:30.576Z] [DEBUG] RSS ok: be/macos/Productivity/top-free entries=99
[2026-09-29T18:23:40.581Z] [DEBUG] Hits: be/macos/Productivity/top-free 6 app(s) found
[2026-09-29T18:23:41.280Z] [DEBUG] RSS ok: be/macos/Utilities/top-free entries=100
[2026-09-29T18:23:51.286Z] [DEBUG] Hits: be/macos/Utilities/top-free 2 app(s) found
[2026-09-29T18:23:52.053Z] [DEBUG] RSS ok: nl/macos/Business/top-free entries=99
[2026-09-29T18:24:02.751Z] [DEBUG] RSS ok: nl/macos/Productivity/top-free entries=99
[2026-09-29T18:24:12.757Z] [DEBUG] Hits: nl/macos/Productivity/top-free 4 app(s) found
[2026-09-29T18:24:13.633Z] [DEBUG] RSS ok: nl/macos/Utilities/top-free entries=100
[2026-09-29T18:24:23.638Z] [DEBUG] Hits: nl/macos/Utilities/top-free 1 app(s) found
[2026-09-29T18:24:24.496Z] [DEBUG] RSS ok: tw/macos/Business/top-free entries=99
[2026-09-29T18:24:34.502Z] [DEBUG] Hits: tw/macos/Business/top-free 2 app(s) found
[2026-09-29T18:24:34.502Z] [INFO] RSS progress: 40/60 (40 ok, 0 error, 114 points)
[2026-09-29T18:24:35.376Z] [DEBUG] RSS ok: tw/macos/Productivity/top-free entries=99
[2026-09-29T18:24:45.382Z] [DEBUG] Hits: tw/macos/Productivity/top-free 2 app(s) found
[2026-09-29T18:24:46.165Z] [DEBUG] RSS ok: tw/macos/Utilities/top-free entries=100
[2026-09-29T18:24:56.171Z] [DEBUG] Hits: tw/macos/Utilities/top-free 1 app(s) found
[2026-09-29T18:24:56.951Z] [DEBUG] RSS ok: hk/macos/Business/top-free entries=100
[2026-09-29T18:25:06.956Z] [DEBUG] Hits: hk/macos/Business/top-free 2 app(s) found
[2026-09-29T18:25:07.674Z] [DEBUG] RSS ok: hk/macos/Productivity/top-free entries=99
[2026-09-29T18:25:17.680Z] [DEBUG] Hits: hk/macos/Productivity/top-free 4 app(s) found
[2026-09-29T18:25:18.378Z] [DEBUG] RSS ok: hk/macos/Utilities/top-free entries=100
[2026-09-29T18:25:28.384Z] [DEBUG] Hits: hk/macos/Utilities/top-free 1 app(s) found
[2026-09-29T18:25:29.183Z] [DEBUG] RSS ok: nz/macos/Business/top-free entries=99
[2026-09-29T18:25:39.189Z] [DEBUG] Hits: nz/macos/Business/top-free 1 app(s) found
[2026-09-29T18:25:40.079Z] [DEBUG] RSS ok: nz/macos/Productivity/top-free entries=99
[2026-09-29T18:25:50.085Z] [DEBUG] Hits: nz/macos/Productivity/top-free 4 app(s) found
[2026-09-29T18:25:51.055Z] [DEBUG] RSS ok: nz/macos/Utilities/top-free entries=100
[2026-09-29T18:26:01.777Z] [DEBUG] RSS ok: sg/macos/Business/top-free entries=100
[2026-09-29T18:26:11.784Z] [DEBUG] Hits: sg/macos/Business/top-free 2 app(s) found
[2026-09-29T18:26:12.648Z] [DEBUG] RSS ok: sg/macos/Productivity/top-free entries=99
[2026-09-29T18:26:22.655Z] [DEBUG] Hits: sg/macos/Productivity/top-free 3 app(s) found
[2026-09-29T18:26:22.655Z] [INFO] RSS progress: 50/60 (50 ok, 0 error, 134 points)
[2026-09-29T18:26:23.411Z] [DEBUG] RSS ok: sg/macos/Utilities/top-free entries=100
[2026-09-29T18:26:33.417Z] [DEBUG] Hits: sg/macos/Utilities/top-free 1 app(s) found
[2026-09-29T18:26:34.124Z] [DEBUG] RSS ok: in/macos/Business/top-free entries=100
[2026-09-29T18:26:44.126Z] [DEBUG] Hits: in/macos/Business/top-free 2 app(s) found
[2026-09-29T18:26:45.001Z] [DEBUG] RSS ok: in/macos/Productivity/top-free entries=98
[2026-09-29T18:26:55.008Z] [DEBUG] Hits: in/macos/Productivity/top-free 3 app(s) found
[2026-09-29T18:26:55.753Z] [DEBUG] RSS ok: in/macos/Utilities/top-free entries=100
[2026-09-29T18:27:05.759Z] [DEBUG] Hits: in/macos/Utilities/top-free 1 app(s) found
[2026-09-29T18:27:06.653Z] [DEBUG] RSS ok: za/macos/Business/top-free entries=100
[2026-09-29T18:27:16.660Z] [DEBUG] Hits: za/macos/Business/top-free 2 app(s) found
[2026-09-29T18:27:17.466Z] [DEBUG] RSS ok: za/macos/Productivity/top-free entries=99
[2026-09-29T18:27:27.473Z] [DEBUG] Hits: za/macos/Productivity/top-free 2 app(s) found
[2026-09-29T18:27:28.356Z] [DEBUG] RSS ok: za/macos/Utilities/top-free entries=100
[2026-09-29T18:27:38.363Z] [DEBUG] Hits: za/macos/Utilities/top-free 3 app(s) found
[2026-09-29T18:27:39.335Z] [DEBUG] RSS ok: br/macos/Business/top-free entries=100
[2026-09-29T18:27:49.341Z] [DEBUG] Hits: br/macos/Business/top-free 2 app(s) found
[2026-09-29T18:27:50.212Z] [DEBUG] RSS ok: br/macos/Productivity/top-free entries=99
[2026-09-29T18:28:00.218Z] [DEBUG] Hits: br/macos/Productivity/top-free 4 app(s) found
[2026-09-29T18:28:00.869Z] [DEBUG] RSS ok: br/macos/Utilities/top-free entries=100
[2026-09-29T18:28:10.876Z] [INFO] RSS progress: 60/60 (60 ok, 0 error, 154 points)
[2026-09-29T18:28:10.876Z] [INFO] RSS fetch done: 60 ok, 0 error, 154 points
[2026-09-29T18:28:10.876Z] [INFO] Platform max returned: macos = 100
[2026-09-29T18:28:10.876Z] [INFO] RSS results: 60 ok, 0 error, 154 rank points
[2026-09-29T18:28:10.911Z] [INFO] Stored: 60 crawls, 154 points
[2026-09-29T18:28:10.940Z] [INFO] current.json written rows=23
[2026-09-29T18:28:10.941Z] [INFO] === Crawl complete === 648.6s
[2026-09-29T18:28:10.941Z] [INFO] Current summary: on_chart=154, not_on_chart=306, depth_limited=0, crawl_error=0, total=460
