[2026-09-16T00:47:16.874Z] [INFO] === Crawl start === ts=2026-09-16T00:00:00Z
[2026-09-16T00:47:16.879Z] [INFO] Config loaded apps=4, platforms=macos, categories=Business,Productivity,Utilities
[2026-09-16T00:47:16.879Z] [INFO] App IDs to track: 23 our=4, competitors=19
[2026-09-16T00:47:16.880Z] [INFO] Lookup needed (daily refresh), fetching 23 apps...
[2026-09-16T00:47:16.881Z] [INFO] Lookup: 23 unique IDs in 1 batch(es)
[2026-09-16T00:47:16.881Z] [DEBUG] Lookup batch 1/1: 23 IDs
[2026-09-16T00:47:17.546Z] [DEBUG] Lookup batch 1: 23 results
[2026-09-16T00:47:17.547Z] [INFO] Lookup result: 23/23 apps found
[2026-09-16T00:47:17.552Z] [INFO] Lookup done: 23/23 results
[2026-09-16T00:47:17.553Z] [INFO] RSS requests: 60 countries=20, platforms=macos, categories=Business,Productivity,Utilities
[2026-09-16T00:47:17.553Z] [INFO] RSS fetch start: 60 requests, concurrency=1
[2026-09-16T00:47:18.212Z] [DEBUG] RSS ok: us/macos/Business/top-free entries=100
[2026-09-16T00:47:28.215Z] [DEBUG] Hits: us/macos/Business/top-free 4 app(s) found
[2026-09-16T00:47:28.893Z] [DEBUG] RSS ok: us/macos/Productivity/top-free entries=99
[2026-09-16T00:47:38.899Z] [DEBUG] Hits: us/macos/Productivity/top-free 6 app(s) found
[2026-09-16T00:47:39.898Z] [DEBUG] RSS ok: us/macos/Utilities/top-free entries=100
[2026-09-16T00:47:49.900Z] [DEBUG] Hits: us/macos/Utilities/top-free 1 app(s) found
[2026-09-16T00:47:50.501Z] [DEBUG] RSS ok: gb/macos/Business/top-free entries=99
[2026-09-16T00:48:00.508Z] [DEBUG] Hits: gb/macos/Business/top-free 3 app(s) found
[2026-09-16T00:48:01.251Z] [DEBUG] RSS ok: gb/macos/Productivity/top-free entries=99
[2026-09-16T00:48:11.254Z] [DEBUG] Hits: gb/macos/Productivity/top-free 5 app(s) found
[2026-09-16T00:48:11.970Z] [DEBUG] RSS ok: gb/macos/Utilities/top-free entries=100
[2026-09-16T00:48:21.977Z] [DEBUG] Hits: gb/macos/Utilities/top-free 3 app(s) found
[2026-09-16T00:48:22.737Z] [DEBUG] RSS ok: ca/macos/Business/top-free entries=100
[2026-09-16T00:48:32.743Z] [DEBUG] Hits: ca/macos/Business/top-free 5 app(s) found
[2026-09-16T00:48:33.373Z] [DEBUG] RSS ok: ca/macos/Productivity/top-free entries=99
[2026-09-16T00:48:43.379Z] [DEBUG] Hits: ca/macos/Productivity/top-free 5 app(s) found
[2026-09-16T00:48:44.064Z] [DEBUG] RSS ok: ca/macos/Utilities/top-free entries=100
[2026-09-16T00:48:54.068Z] [DEBUG] Hits: ca/macos/Utilities/top-free 1 app(s) found
[2026-09-16T00:48:55.158Z] [DEBUG] RSS ok: fr/macos/Business/top-free entries=99
[2026-09-16T00:49:05.164Z] [DEBUG] Hits: fr/macos/Business/top-free 3 app(s) found
[2026-09-16T00:49:05.165Z] [INFO] RSS progress: 10/60 (10 ok, 0 error, 36 points)
[2026-09-16T00:49:06.003Z] [DEBUG] RSS ok: fr/macos/Productivity/top-free entries=99
[2026-09-16T00:49:16.009Z] [DEBUG] Hits: fr/macos/Productivity/top-free 5 app(s) found
[2026-09-16T00:49:16.876Z] [DEBUG] RSS ok: fr/macos/Utilities/top-free entries=100
[2026-09-16T00:49:26.877Z] [DEBUG] Hits: fr/macos/Utilities/top-free 2 app(s) found
[2026-09-16T00:49:27.756Z] [DEBUG] RSS ok: de/macos/Business/top-free entries=99
[2026-09-16T00:49:38.555Z] [DEBUG] RSS ok: de/macos/Productivity/top-free entries=99
[2026-09-16T00:49:48.561Z] [DEBUG] Hits: de/macos/Productivity/top-free 5 app(s) found
[2026-09-16T00:49:49.200Z] [DEBUG] RSS ok: de/macos/Utilities/top-free entries=100
[2026-09-16T00:49:59.207Z] [DEBUG] Hits: de/macos/Utilities/top-free 2 app(s) found
[2026-09-16T00:50:00.014Z] [DEBUG] RSS ok: jp/macos/Business/top-free entries=100
[2026-09-16T00:50:10.021Z] [DEBUG] Hits: jp/macos/Business/top-free 3 app(s) found
[2026-09-16T00:50:10.809Z] [DEBUG] RSS ok: jp/macos/Productivity/top-free entries=99
[2026-09-16T00:50:20.812Z] [DEBUG] Hits: jp/macos/Productivity/top-free 2 app(s) found
[2026-09-16T00:50:21.590Z] [DEBUG] RSS ok: jp/macos/Utilities/top-free entries=100
[2026-09-16T00:50:31.597Z] [DEBUG] Hits: jp/macos/Utilities/top-free 4 app(s) found
[2026-09-16T00:50:32.214Z] [DEBUG] RSS ok: au/macos/Business/top-free entries=100
[2026-09-16T00:50:42.221Z] [DEBUG] Hits: au/macos/Business/top-free 3 app(s) found
[2026-09-16T00:50:42.965Z] [DEBUG] RSS ok: au/macos/Productivity/top-free entries=99
[2026-09-16T00:50:52.971Z] [DEBUG] Hits: au/macos/Productivity/top-free 4 app(s) found
[2026-09-16T00:50:52.971Z] [INFO] RSS progress: 20/60 (20 ok, 0 error, 66 points)
[2026-09-16T00:50:53.912Z] [DEBUG] RSS ok: au/macos/Utilities/top-free entries=100
[2026-09-16T00:51:03.914Z] [DEBUG] Hits: au/macos/Utilities/top-free 1 app(s) found
[2026-09-16T00:51:04.693Z] [DEBUG] RSS ok: es/macos/Business/top-free entries=99
[2026-09-16T00:51:14.699Z] [DEBUG] Hits: es/macos/Business/top-free 3 app(s) found
[2026-09-16T00:51:16.010Z] [DEBUG] RSS ok: es/macos/Productivity/top-free entries=99
[2026-09-16T00:51:26.016Z] [DEBUG] Hits: es/macos/Productivity/top-free 5 app(s) found
[2026-09-16T00:51:26.717Z] [DEBUG] RSS ok: es/macos/Utilities/top-free entries=100
[2026-09-16T00:51:36.723Z] [DEBUG] Hits: es/macos/Utilities/top-free 1 app(s) found
[2026-09-16T00:51:37.588Z] [DEBUG] RSS ok: it/macos/Business/top-free entries=99
[2026-09-16T00:51:47.589Z] [DEBUG] Hits: it/macos/Business/top-free 3 app(s) found
[2026-09-16T00:51:48.327Z] [DEBUG] RSS ok: it/macos/Productivity/top-free entries=99
[2026-09-16T00:51:58.334Z] [DEBUG] Hits: it/macos/Productivity/top-free 5 app(s) found
[2026-09-16T00:51:59.022Z] [DEBUG] RSS ok: it/macos/Utilities/top-free entries=100
[2026-09-16T00:52:09.029Z] [DEBUG] Hits: it/macos/Utilities/top-free 1 app(s) found
[2026-09-16T00:52:09.694Z] [DEBUG] RSS ok: pt/macos/Business/top-free entries=100
[2026-09-16T00:52:19.700Z] [DEBUG] Hits: pt/macos/Business/top-free 4 app(s) found
[2026-09-16T00:52:20.548Z] [DEBUG] RSS ok: pt/macos/Productivity/top-free entries=99
[2026-09-16T00:52:30.554Z] [DEBUG] Hits: pt/macos/Productivity/top-free 4 app(s) found
[2026-09-16T00:52:31.394Z] [DEBUG] RSS ok: pt/macos/Utilities/top-free entries=100
[2026-09-16T00:52:41.400Z] [INFO] RSS progress: 30/60 (30 ok, 0 error, 93 points)
[2026-09-16T00:52:42.264Z] [DEBUG] RSS ok: ch/macos/Business/top-free entries=100
[2026-09-16T00:52:52.268Z] [DEBUG] Hits: ch/macos/Business/top-free 3 app(s) found
[2026-09-16T00:52:53.149Z] [DEBUG] RSS ok: ch/macos/Productivity/top-free entries=99
[2026-09-16T00:53:03.156Z] [DEBUG] Hits: ch/macos/Productivity/top-free 4 app(s) found
[2026-09-16T00:53:04.042Z] [DEBUG] RSS ok: ch/macos/Utilities/top-free entries=100
[2026-09-16T00:53:14.049Z] [DEBUG] Hits: ch/macos/Utilities/top-free 2 app(s) found
[2026-09-16T00:53:14.674Z] [DEBUG] RSS ok: be/macos/Business/top-free entries=100
[2026-09-16T00:53:24.680Z] [DEBUG] Hits: be/macos/Business/top-free 4 app(s) found
[2026-09-16T00:53:25.394Z] [DEBUG] RSS ok: be/macos/Productivity/top-free entries=99
[2026-09-16T00:53:35.396Z] [DEBUG] Hits: be/macos/Productivity/top-free 5 app(s) found
[2026-09-16T00:53:36.343Z] [DEBUG] RSS ok: be/macos/Utilities/top-free entries=100
[2026-09-16T00:53:46.349Z] [DEBUG] Hits: be/macos/Utilities/top-free 2 app(s) found
[2026-09-16T00:53:47.033Z] [DEBUG] RSS ok: nl/macos/Business/top-free entries=100
[2026-09-16T00:53:57.039Z] [DEBUG] Hits: nl/macos/Business/top-free 1 app(s) found
[2026-09-16T00:53:57.647Z] [DEBUG] RSS ok: nl/macos/Productivity/top-free entries=99
[2026-09-16T00:54:07.653Z] [DEBUG] Hits: nl/macos/Productivity/top-free 4 app(s) found
[2026-09-16T00:54:08.419Z] [DEBUG] RSS ok: nl/macos/Utilities/top-free entries=100
[2026-09-16T00:54:18.426Z] [DEBUG] Hits: nl/macos/Utilities/top-free 2 app(s) found
[2026-09-16T00:54:19.115Z] [DEBUG] RSS ok: tw/macos/Business/top-free entries=100
[2026-09-16T00:54:29.121Z] [DEBUG] Hits: tw/macos/Business/top-free 2 app(s) found
[2026-09-16T00:54:29.121Z] [INFO] RSS progress: 40/60 (40 ok, 0 error, 122 points)
[2026-09-16T00:54:29.938Z] [DEBUG] RSS ok: tw/macos/Productivity/top-free entries=99
[2026-09-16T00:54:39.945Z] [DEBUG] Hits: tw/macos/Productivity/top-free 2 app(s) found
[2026-09-16T00:54:40.764Z] [DEBUG] RSS ok: tw/macos/Utilities/top-free entries=100
[2026-09-16T00:54:50.766Z] [DEBUG] Hits: tw/macos/Utilities/top-free 1 app(s) found
[2026-09-16T00:54:51.693Z] [DEBUG] RSS ok: hk/macos/Business/top-free entries=99
[2026-09-16T00:55:01.700Z] [DEBUG] Hits: hk/macos/Business/top-free 1 app(s) found
[2026-09-16T00:55:02.543Z] [DEBUG] RSS ok: hk/macos/Productivity/top-free entries=98
[2026-09-16T00:55:12.549Z] [DEBUG] Hits: hk/macos/Productivity/top-free 3 app(s) found
[2026-09-16T00:55:13.373Z] [DEBUG] RSS ok: hk/macos/Utilities/top-free entries=100
[2026-09-16T00:55:24.277Z] [DEBUG] RSS ok: nz/macos/Business/top-free entries=100
[2026-09-16T00:55:34.283Z] [DEBUG] Hits: nz/macos/Business/top-free 4 app(s) found
[2026-09-16T00:55:35.146Z] [DEBUG] RSS ok: nz/macos/Productivity/top-free entries=99
[2026-09-16T00:55:45.152Z] [DEBUG] Hits: nz/macos/Productivity/top-free 5 app(s) found
[2026-09-16T00:55:45.849Z] [DEBUG] RSS ok: nz/macos/Utilities/top-free entries=100
[2026-09-16T00:55:56.598Z] [DEBUG] RSS ok: sg/macos/Business/top-free entries=100
[2026-09-16T00:56:06.604Z] [DEBUG] Hits: sg/macos/Business/top-free 2 app(s) found
[2026-09-16T00:56:07.333Z] [DEBUG] RSS ok: sg/macos/Productivity/top-free entries=99
[2026-09-16T00:56:17.338Z] [DEBUG] Hits: sg/macos/Productivity/top-free 3 app(s) found
[2026-09-16T00:56:17.338Z] [INFO] RSS progress: 50/60 (50 ok, 0 error, 143 points)
[2026-09-16T00:56:18.004Z] [DEBUG] RSS ok: sg/macos/Utilities/top-free entries=100
[2026-09-16T00:56:28.010Z] [DEBUG] Hits: sg/macos/Utilities/top-free 1 app(s) found
[2026-09-16T00:56:28.709Z] [DEBUG] RSS ok: in/macos/Business/top-free entries=100
[2026-09-16T00:56:38.716Z] [DEBUG] Hits: in/macos/Business/top-free 3 app(s) found
[2026-09-16T00:56:39.741Z] [DEBUG] RSS ok: in/macos/Productivity/top-free entries=99
[2026-09-16T00:56:49.747Z] [DEBUG] Hits: in/macos/Productivity/top-free 2 app(s) found
[2026-09-16T00:56:50.431Z] [DEBUG] RSS ok: in/macos/Utilities/top-free entries=100
[2026-09-16T00:57:01.228Z] [DEBUG] RSS ok: za/macos/Business/top-free entries=100
[2026-09-16T00:57:11.235Z] [DEBUG] Hits: za/macos/Business/top-free 2 app(s) found
[2026-09-16T00:57:12.025Z] [DEBUG] RSS ok: za/macos/Productivity/top-free entries=99
[2026-09-16T00:57:22.032Z] [DEBUG] Hits: za/macos/Productivity/top-free 3 app(s) found
[2026-09-16T00:57:22.739Z] [DEBUG] RSS ok: za/macos/Utilities/top-free entries=100
[2026-09-16T00:57:32.746Z] [DEBUG] Hits: za/macos/Utilities/top-free 2 app(s) found
[2026-09-16T00:57:33.858Z] [DEBUG] RSS ok: br/macos/Business/top-free entries=99
[2026-09-16T00:57:43.864Z] [DEBUG] Hits: br/macos/Business/top-free 2 app(s) found
[2026-09-16T00:57:44.650Z] [DEBUG] RSS ok: br/macos/Productivity/top-free entries=99
[2026-09-16T00:57:54.656Z] [DEBUG] Hits: br/macos/Productivity/top-free 3 app(s) found
[2026-09-16T00:57:55.466Z] [DEBUG] RSS ok: br/macos/Utilities/top-free entries=100
[2026-09-16T00:58:05.472Z] [DEBUG] Hits: br/macos/Utilities/top-free 1 app(s) found
[2026-09-16T00:58:05.472Z] [INFO] RSS progress: 60/60 (60 ok, 0 error, 162 points)
[2026-09-16T00:58:05.472Z] [INFO] RSS fetch done: 60 ok, 0 error, 162 points
[2026-09-16T00:58:05.472Z] [INFO] Platform max returned: macos = 100
[2026-09-16T00:58:05.472Z] [INFO] RSS results: 60 ok, 0 error, 162 rank points
[2026-09-16T00:58:05.515Z] [INFO] Stored: 60 crawls, 162 points
[2026-09-16T00:58:05.539Z] [INFO] current.json written rows=23
[2026-09-16T00:58:05.540Z] [INFO] Current summary: on_chart=162, not_on_chart=298, depth_limited=0, crawl_error=0, total=460
[2026-09-16T00:58:05.540Z] [INFO] === Crawl complete === 648.7s
[2026-09-16T01:47:12.772Z] [INFO] === Crawl start === ts=2026-09-16T01:00:00Z
[2026-09-16T01:47:12.776Z] [INFO] Config loaded apps=4, platforms=macos, categories=Business,Productivity,Utilities
[2026-09-16T01:47:12.776Z] [INFO] App IDs to track: 23 our=4, competitors=19
[2026-09-16T01:47:12.778Z] [INFO] Lookup cached fetched_at=2026-09-16T00:47:17.547Z, 23 apps
[2026-09-16T01:47:12.779Z] [INFO] RSS requests: 60 countries=20, platforms=macos, categories=Business,Productivity,Utilities
[2026-09-16T01:47:12.779Z] [INFO] RSS fetch start: 60 requests, concurrency=1
[2026-09-16T01:47:13.618Z] [DEBUG] RSS ok: us/macos/Business/top-free entries=100
[2026-09-16T01:47:23.620Z] [DEBUG] Hits: us/macos/Business/top-free 3 app(s) found
[2026-09-16T01:47:24.268Z] [DEBUG] RSS ok: us/macos/Productivity/top-free entries=99
[2026-09-16T01:47:34.274Z] [DEBUG] Hits: us/macos/Productivity/top-free 6 app(s) found
[2026-09-16T01:47:35.018Z] [DEBUG] RSS ok: us/macos/Utilities/top-free entries=100
[2026-09-16T01:47:45.024Z] [DEBUG] Hits: us/macos/Utilities/top-free 1 app(s) found
[2026-09-16T01:47:45.669Z] [DEBUG] RSS ok: gb/macos/Business/top-free entries=99
[2026-09-16T01:47:55.673Z] [DEBUG] Hits: gb/macos/Business/top-free 3 app(s) found
[2026-09-16T01:47:56.480Z] [DEBUG] RSS ok: gb/macos/Productivity/top-free entries=99
[2026-09-16T01:48:06.487Z] [DEBUG] Hits: gb/macos/Productivity/top-free 5 app(s) found
[2026-09-16T01:48:07.220Z] [DEBUG] RSS ok: gb/macos/Utilities/top-free entries=100
[2026-09-16T01:48:17.225Z] [DEBUG] Hits: gb/macos/Utilities/top-free 3 app(s) found
[2026-09-16T01:48:17.878Z] [DEBUG] RSS ok: ca/macos/Business/top-free entries=100
[2026-09-16T01:48:27.884Z] [DEBUG] Hits: ca/macos/Business/top-free 4 app(s) found
[2026-09-16T01:48:28.593Z] [DEBUG] RSS ok: ca/macos/Productivity/top-free entries=99
[2026-09-16T01:48:38.600Z] [DEBUG] Hits: ca/macos/Productivity/top-free 5 app(s) found
[2026-09-16T01:48:39.353Z] [DEBUG] RSS ok: ca/macos/Utilities/top-free entries=100
[2026-09-16T01:48:49.359Z] [DEBUG] Hits: ca/macos/Utilities/top-free 1 app(s) found
[2026-09-16T01:48:50.136Z] [DEBUG] RSS ok: fr/macos/Business/top-free entries=99
[2026-09-16T01:49:00.142Z] [DEBUG] Hits: fr/macos/Business/top-free 3 app(s) found
[2026-09-16T01:49:00.142Z] [INFO] RSS progress: 10/60 (10 ok, 0 error, 34 points)
[2026-09-16T01:49:00.825Z] [DEBUG] RSS ok: fr/macos/Productivity/top-free entries=99
[2026-09-16T01:49:10.832Z] [DEBUG] Hits: fr/macos/Productivity/top-free 5 app(s) found
[2026-09-16T01:49:11.776Z] [DEBUG] RSS ok: fr/macos/Utilities/top-free entries=100
[2026-09-16T01:49:21.782Z] [DEBUG] Hits: fr/macos/Utilities/top-free 2 app(s) found
[2026-09-16T01:49:22.601Z] [DEBUG] RSS ok: de/macos/Business/top-free entries=99
[2026-09-16T01:49:33.651Z] [DEBUG] RSS ok: de/macos/Productivity/top-free entries=99
[2026-09-16T01:49:43.657Z] [DEBUG] Hits: de/macos/Productivity/top-free 5 app(s) found
[2026-09-16T01:49:44.366Z] [DEBUG] RSS ok: de/macos/Utilities/top-free entries=100
[2026-09-16T01:49:54.372Z] [DEBUG] Hits: de/macos/Utilities/top-free 2 app(s) found
[2026-09-16T01:49:55.384Z] [DEBUG] RSS ok: jp/macos/Business/top-free entries=100
[2026-09-16T01:50:05.390Z] [DEBUG] Hits: jp/macos/Business/top-free 2 app(s) found
[2026-09-16T01:50:06.126Z] [DEBUG] RSS ok: jp/macos/Productivity/top-free entries=99
[2026-09-16T01:50:16.132Z] [DEBUG] Hits: jp/macos/Productivity/top-free 2 app(s) found
[2026-09-16T01:50:16.861Z] [DEBUG] RSS ok: jp/macos/Utilities/top-free entries=100
[2026-09-16T01:50:26.866Z] [DEBUG] Hits: jp/macos/Utilities/top-free 4 app(s) found
[2026-09-16T01:50:27.687Z] [DEBUG] RSS ok: au/macos/Business/top-free entries=100
[2026-09-16T01:50:37.693Z] [DEBUG] Hits: au/macos/Business/top-free 4 app(s) found
[2026-09-16T01:50:38.407Z] [DEBUG] RSS ok: au/macos/Productivity/top-free entries=99
[2026-09-16T01:50:48.413Z] [DEBUG] Hits: au/macos/Productivity/top-free 4 app(s) found
[2026-09-16T01:50:48.414Z] [INFO] RSS progress: 20/60 (20 ok, 0 error, 64 points)
[2026-09-16T01:50:49.098Z] [DEBUG] RSS ok: au/macos/Utilities/top-free entries=100
[2026-09-16T01:50:59.105Z] [DEBUG] Hits: au/macos/Utilities/top-free 1 app(s) found
[2026-09-16T01:50:59.741Z] [DEBUG] RSS ok: es/macos/Business/top-free entries=99
[2026-09-16T01:51:09.748Z] [DEBUG] Hits: es/macos/Business/top-free 3 app(s) found
[2026-09-16T01:51:10.552Z] [DEBUG] RSS ok: es/macos/Productivity/top-free entries=99
[2026-09-16T01:51:20.558Z] [DEBUG] Hits: es/macos/Productivity/top-free 5 app(s) found
[2026-09-16T01:51:21.407Z] [DEBUG] RSS ok: es/macos/Utilities/top-free entries=100
[2026-09-16T01:51:32.420Z] [DEBUG] RSS ok: it/macos/Business/top-free entries=99
[2026-09-16T01:51:42.427Z] [DEBUG] Hits: it/macos/Business/top-free 3 app(s) found
[2026-09-16T01:51:43.282Z] [DEBUG] RSS ok: it/macos/Productivity/top-free entries=99
[2026-09-16T01:51:53.288Z] [DEBUG] Hits: it/macos/Productivity/top-free 5 app(s) found
[2026-09-16T01:51:54.199Z] [DEBUG] RSS ok: it/macos/Utilities/top-free entries=100
[2026-09-16T01:52:04.204Z] [DEBUG] Hits: it/macos/Utilities/top-free 1 app(s) found
[2026-09-16T01:52:05.050Z] [DEBUG] RSS ok: pt/macos/Business/top-free entries=100
[2026-09-16T01:52:15.057Z] [DEBUG] Hits: pt/macos/Business/top-free 4 app(s) found
[2026-09-16T01:52:15.869Z] [DEBUG] RSS ok: pt/macos/Productivity/top-free entries=99
[2026-09-16T01:52:25.875Z] [DEBUG] Hits: pt/macos/Productivity/top-free 4 app(s) found
[2026-09-16T01:52:26.770Z] [DEBUG] RSS ok: pt/macos/Utilities/top-free entries=100
[2026-09-16T01:52:36.776Z] [INFO] RSS progress: 30/60 (30 ok, 0 error, 90 points)
[2026-09-16T01:52:37.502Z] [DEBUG] RSS ok: ch/macos/Business/top-free entries=100
[2026-09-16T01:52:47.508Z] [DEBUG] Hits: ch/macos/Business/top-free 3 app(s) found
[2026-09-16T01:52:48.451Z] [DEBUG] RSS ok: ch/macos/Productivity/top-free entries=99
[2026-09-16T01:52:58.456Z] [DEBUG] Hits: ch/macos/Productivity/top-free 4 app(s) found
[2026-09-16T01:52:59.418Z] [DEBUG] RSS ok: ch/macos/Utilities/top-free entries=100
[2026-09-16T01:53:09.425Z] [DEBUG] Hits: ch/macos/Utilities/top-free 2 app(s) found
[2026-09-16T01:53:10.160Z] [DEBUG] RSS ok: be/macos/Business/top-free entries=100
[2026-09-16T01:53:20.166Z] [DEBUG] Hits: be/macos/Business/top-free 4 app(s) found
[2026-09-16T01:53:20.772Z] [DEBUG] RSS ok: be/macos/Productivity/top-free entries=99
[2026-09-16T01:53:30.778Z] [DEBUG] Hits: be/macos/Productivity/top-free 5 app(s) found
[2026-09-16T01:53:31.614Z] [DEBUG] RSS ok: be/macos/Utilities/top-free entries=100
[2026-09-16T01:53:41.620Z] [DEBUG] Hits: be/macos/Utilities/top-free 2 app(s) found
[2026-09-16T01:53:42.364Z] [DEBUG] RSS ok: nl/macos/Business/top-free entries=100
[2026-09-16T01:53:52.372Z] [DEBUG] Hits: nl/macos/Business/top-free 1 app(s) found
[2026-09-16T01:53:53.137Z] [DEBUG] RSS ok: nl/macos/Productivity/top-free entries=99
[2026-09-16T01:54:03.143Z] [DEBUG] Hits: nl/macos/Productivity/top-free 4 app(s) found
[2026-09-16T01:54:04.417Z] [DEBUG] RSS ok: nl/macos/Utilities/top-free entries=100
[2026-09-16T01:54:15.074Z] [DEBUG] RSS ok: tw/macos/Business/top-free entries=100
[2026-09-16T01:54:25.077Z] [DEBUG] Hits: tw/macos/Business/top-free 2 app(s) found
[2026-09-16T01:54:25.078Z] [INFO] RSS progress: 40/60 (40 ok, 0 error, 117 points)
[2026-09-16T01:54:25.901Z] [DEBUG] RSS ok: tw/macos/Productivity/top-free entries=99
[2026-09-16T01:54:35.908Z] [DEBUG] Hits: tw/macos/Productivity/top-free 2 app(s) found
[2026-09-16T01:54:36.547Z] [DEBUG] RSS ok: tw/macos/Utilities/top-free entries=100
[2026-09-16T01:54:46.553Z] [DEBUG] Hits: tw/macos/Utilities/top-free 2 app(s) found
[2026-09-16T01:54:47.221Z] [DEBUG] RSS ok: hk/macos/Business/top-free entries=99
[2026-09-16T01:54:57.227Z] [DEBUG] Hits: hk/macos/Business/top-free 1 app(s) found
[2026-09-16T01:54:57.977Z] [DEBUG] RSS ok: hk/macos/Productivity/top-free entries=98
[2026-09-16T01:55:07.983Z] [DEBUG] Hits: hk/macos/Productivity/top-free 3 app(s) found
[2026-09-16T01:55:08.667Z] [DEBUG] RSS ok: hk/macos/Utilities/top-free entries=100
[2026-09-16T01:55:19.460Z] [DEBUG] RSS ok: nz/macos/Business/top-free entries=100
[2026-09-16T01:55:29.466Z] [DEBUG] Hits: nz/macos/Business/top-free 4 app(s) found
[2026-09-16T01:55:30.193Z] [DEBUG] RSS ok: nz/macos/Productivity/top-free entries=99
[2026-09-16T01:55:40.200Z] [DEBUG] Hits: nz/macos/Productivity/top-free 5 app(s) found
[2026-09-16T01:55:40.859Z] [DEBUG] RSS ok: nz/macos/Utilities/top-free entries=100
[2026-09-16T01:55:51.865Z] [DEBUG] RSS ok: sg/macos/Business/top-free entries=100
[2026-09-16T01:56:01.871Z] [DEBUG] Hits: sg/macos/Business/top-free 2 app(s) found
[2026-09-16T01:56:02.796Z] [DEBUG] RSS ok: sg/macos/Productivity/top-free entries=99
[2026-09-16T01:56:12.801Z] [DEBUG] Hits: sg/macos/Productivity/top-free 3 app(s) found
[2026-09-16T01:56:12.801Z] [INFO] RSS progress: 50/60 (50 ok, 0 error, 139 points)
[2026-09-16T01:56:13.500Z] [DEBUG] RSS ok: sg/macos/Utilities/top-free entries=100
[2026-09-16T01:56:23.507Z] [DEBUG] Hits: sg/macos/Utilities/top-free 1 app(s) found
[2026-09-16T01:56:24.252Z] [DEBUG] RSS ok: in/macos/Business/top-free entries=100
[2026-09-16T01:56:34.259Z] [DEBUG] Hits: in/macos/Business/top-free 3 app(s) found
[2026-09-16T01:56:34.838Z] [DEBUG] RSS ok: in/macos/Productivity/top-free entries=99
[2026-09-16T01:56:44.845Z] [DEBUG] Hits: in/macos/Productivity/top-free 2 app(s) found
[2026-09-16T01:56:45.497Z] [DEBUG] RSS ok: in/macos/Utilities/top-free entries=100
[2026-09-16T01:56:56.369Z] [DEBUG] RSS ok: za/macos/Business/top-free entries=100
[2026-09-16T01:57:06.375Z] [DEBUG] Hits: za/macos/Business/top-free 2 app(s) found
[2026-09-16T01:57:07.309Z] [DEBUG] RSS ok: za/macos/Productivity/top-free entries=99
[2026-09-16T01:57:17.314Z] [DEBUG] Hits: za/macos/Productivity/top-free 3 app(s) found
[2026-09-16T01:57:18.226Z] [DEBUG] RSS ok: za/macos/Utilities/top-free entries=100
[2026-09-16T01:57:28.230Z] [DEBUG] Hits: za/macos/Utilities/top-free 2 app(s) found
[2026-09-16T01:57:28.983Z] [DEBUG] RSS ok: br/macos/Business/top-free entries=100
[2026-09-16T01:57:38.985Z] [DEBUG] Hits: br/macos/Business/top-free 2 app(s) found
[2026-09-16T01:57:39.724Z] [DEBUG] RSS ok: br/macos/Productivity/top-free entries=99
[2026-09-16T01:57:49.731Z] [DEBUG] Hits: br/macos/Productivity/top-free 3 app(s) found
[2026-09-16T01:57:50.355Z] [DEBUG] RSS ok: br/macos/Utilities/top-free entries=100
[2026-09-16T01:58:00.361Z] [DEBUG] Hits: br/macos/Utilities/top-free 1 app(s) found
[2026-09-16T01:58:00.361Z] [INFO] RSS progress: 60/60 (60 ok, 0 error, 158 points)
[2026-09-16T01:58:00.361Z] [INFO] RSS fetch done: 60 ok, 0 error, 158 points
[2026-09-16T01:58:00.362Z] [INFO] Platform max returned: macos = 100
[2026-09-16T01:58:00.362Z] [INFO] RSS results: 60 ok, 0 error, 158 rank points
[2026-09-16T01:58:00.405Z] [INFO] Stored: 60 crawls, 158 points
[2026-09-16T01:58:00.429Z] [INFO] current.json written rows=23
[2026-09-16T01:58:00.430Z] [INFO] Current summary: on_chart=158, not_on_chart=302, depth_limited=0, crawl_error=0, total=460
[2026-09-16T01:58:00.430Z] [INFO] === Crawl complete === 647.7s
[2026-09-16T02:47:10.602Z] [INFO] === Crawl start === ts=2026-09-16T02:00:00Z
[2026-09-16T02:47:10.605Z] [INFO] Config loaded apps=4, platforms=macos, categories=Business,Productivity,Utilities
[2026-09-16T02:47:10.605Z] [INFO] App IDs to track: 23 our=4, competitors=19
[2026-09-16T02:47:10.606Z] [INFO] Lookup cached fetched_at=2026-09-16T00:47:17.547Z, 23 apps
[2026-09-16T02:47:10.607Z] [INFO] RSS requests: 60 countries=20, platforms=macos, categories=Business,Productivity,Utilities
[2026-09-16T02:47:10.607Z] [INFO] RSS fetch start: 60 requests, concurrency=1
[2026-09-16T02:47:11.253Z] [DEBUG] RSS ok: us/macos/Business/top-free entries=100
[2026-09-16T02:47:21.256Z] [DEBUG] Hits: us/macos/Business/top-free 3 app(s) found
[2026-09-16T02:47:22.038Z] [DEBUG] RSS ok: us/macos/Productivity/top-free entries=99
[2026-09-16T02:47:32.044Z] [DEBUG] Hits: us/macos/Productivity/top-free 6 app(s) found
[2026-09-16T02:47:32.807Z] [DEBUG] RSS ok: us/macos/Utilities/top-free entries=100
[2026-09-16T02:47:42.813Z] [DEBUG] Hits: us/macos/Utilities/top-free 1 app(s) found
[2026-09-16T02:47:43.539Z] [DEBUG] RSS ok: gb/macos/Business/top-free entries=99
[2026-09-16T02:47:53.545Z] [DEBUG] Hits: gb/macos/Business/top-free 3 app(s) found
[2026-09-16T02:47:54.524Z] [DEBUG] RSS ok: gb/macos/Productivity/top-free entries=99
[2026-09-16T02:48:04.531Z] [DEBUG] Hits: gb/macos/Productivity/top-free 5 app(s) found
[2026-09-16T02:48:05.324Z] [DEBUG] RSS ok: gb/macos/Utilities/top-free entries=100
[2026-09-16T02:48:15.331Z] [DEBUG] Hits: gb/macos/Utilities/top-free 3 app(s) found
[2026-09-16T02:48:16.162Z] [DEBUG] RSS ok: ca/macos/Business/top-free entries=100
[2026-09-16T02:48:26.169Z] [DEBUG] Hits: ca/macos/Business/top-free 4 app(s) found
[2026-09-16T02:48:26.735Z] [DEBUG] RSS ok: ca/macos/Productivity/top-free entries=99
[2026-09-16T02:48:36.741Z] [DEBUG] Hits: ca/macos/Productivity/top-free 5 app(s) found
[2026-09-16T02:48:37.538Z] [DEBUG] RSS ok: ca/macos/Utilities/top-free entries=100
[2026-09-16T02:48:47.544Z] [DEBUG] Hits: ca/macos/Utilities/top-free 1 app(s) found
[2026-09-16T02:48:48.298Z] [DEBUG] RSS ok: fr/macos/Business/top-free entries=99
[2026-09-16T02:48:58.304Z] [DEBUG] Hits: fr/macos/Business/top-free 3 app(s) found
[2026-09-16T02:48:58.304Z] [INFO] RSS progress: 10/60 (10 ok, 0 error, 34 points)
[2026-09-16T02:48:59.251Z] [DEBUG] RSS ok: fr/macos/Productivity/top-free entries=99
[2026-09-16T02:49:09.258Z] [DEBUG] Hits: fr/macos/Productivity/top-free 5 app(s) found
[2026-09-16T02:49:10.021Z] [DEBUG] RSS ok: fr/macos/Utilities/top-free entries=100
[2026-09-16T02:49:20.028Z] [DEBUG] Hits: fr/macos/Utilities/top-free 2 app(s) found
[2026-09-16T02:49:20.805Z] [DEBUG] RSS ok: de/macos/Business/top-free entries=99
[2026-09-16T02:49:31.651Z] [DEBUG] RSS ok: de/macos/Productivity/top-free entries=99
[2026-09-16T02:49:41.656Z] [DEBUG] Hits: de/macos/Productivity/top-free 5 app(s) found
[2026-09-16T02:49:42.341Z] [DEBUG] RSS ok: de/macos/Utilities/top-free entries=100
[2026-09-16T02:49:52.347Z] [DEBUG] Hits: de/macos/Utilities/top-free 2 app(s) found
[2026-09-16T02:49:53.184Z] [DEBUG] RSS ok: jp/macos/Business/top-free entries=100
[2026-09-16T02:50:03.190Z] [DEBUG] Hits: jp/macos/Business/top-free 2 app(s) found
[2026-09-16T02:50:04.102Z] [DEBUG] RSS ok: jp/macos/Productivity/top-free entries=99
[2026-09-16T02:50:14.108Z] [DEBUG] Hits: jp/macos/Productivity/top-free 2 app(s) found
[2026-09-16T02:50:14.860Z] [DEBUG] RSS ok: jp/macos/Utilities/top-free entries=100
[2026-09-16T02:50:24.866Z] [DEBUG] Hits: jp/macos/Utilities/top-free 4 app(s) found
[2026-09-16T02:50:25.614Z] [DEBUG] RSS ok: au/macos/Business/top-free entries=100
[2026-09-16T02:50:35.621Z] [DEBUG] Hits: au/macos/Business/top-free 4 app(s) found
[2026-09-16T02:50:36.221Z] [DEBUG] RSS ok: au/macos/Productivity/top-free entries=99
[2026-09-16T02:50:46.227Z] [DEBUG] Hits: au/macos/Productivity/top-free 4 app(s) found
[2026-09-16T02:50:46.227Z] [INFO] RSS progress: 20/60 (20 ok, 0 error, 64 points)
[2026-09-16T02:50:47.030Z] [DEBUG] RSS ok: au/macos/Utilities/top-free entries=100
[2026-09-16T02:50:57.036Z] [DEBUG] Hits: au/macos/Utilities/top-free 1 app(s) found
[2026-09-16T02:50:57.941Z] [DEBUG] RSS ok: es/macos/Business/top-free entries=99
[2026-09-16T02:51:07.946Z] [DEBUG] Hits: es/macos/Business/top-free 3 app(s) found
[2026-09-16T02:51:08.758Z] [DEBUG] RSS ok: es/macos/Productivity/top-free entries=99
[2026-09-16T02:51:18.764Z] [DEBUG] Hits: es/macos/Productivity/top-free 5 app(s) found
[2026-09-16T02:51:19.746Z] [DEBUG] RSS ok: es/macos/Utilities/top-free entries=100
[2026-09-16T02:51:30.750Z] [DEBUG] RSS ok: it/macos/Business/top-free entries=99
[2026-09-16T02:51:40.756Z] [DEBUG] Hits: it/macos/Business/top-free 3 app(s) found
[2026-09-16T02:51:41.495Z] [DEBUG] RSS ok: it/macos/Productivity/top-free entries=99
[2026-09-16T02:51:51.501Z] [DEBUG] Hits: it/macos/Productivity/top-free 5 app(s) found
[2026-09-16T02:51:52.121Z] [DEBUG] RSS ok: it/macos/Utilities/top-free entries=100
[2026-09-16T02:52:02.127Z] [DEBUG] Hits: it/macos/Utilities/top-free 1 app(s) found
[2026-09-16T02:52:02.862Z] [DEBUG] RSS ok: pt/macos/Business/top-free entries=100
[2026-09-16T02:52:12.869Z] [DEBUG] Hits: pt/macos/Business/top-free 4 app(s) found
[2026-09-16T02:52:13.476Z] [DEBUG] RSS ok: pt/macos/Productivity/top-free entries=99
[2026-09-16T02:52:23.483Z] [DEBUG] Hits: pt/macos/Productivity/top-free 4 app(s) found
[2026-09-16T02:52:24.386Z] [DEBUG] RSS ok: pt/macos/Utilities/top-free entries=100
[2026-09-16T02:52:34.392Z] [INFO] RSS progress: 30/60 (30 ok, 0 error, 90 points)
[2026-09-16T02:52:35.172Z] [DEBUG] RSS ok: ch/macos/Business/top-free entries=100
[2026-09-16T02:52:45.178Z] [DEBUG] Hits: ch/macos/Business/top-free 3 app(s) found
[2026-09-16T02:52:45.904Z] [DEBUG] RSS ok: ch/macos/Productivity/top-free entries=99
[2026-09-16T02:52:55.910Z] [DEBUG] Hits: ch/macos/Productivity/top-free 4 app(s) found
[2026-09-16T02:52:56.874Z] [DEBUG] RSS ok: ch/macos/Utilities/top-free entries=100
[2026-09-16T02:53:06.881Z] [DEBUG] Hits: ch/macos/Utilities/top-free 2 app(s) found
[2026-09-16T02:53:07.544Z] [DEBUG] RSS ok: be/macos/Business/top-free entries=100
[2026-09-16T02:53:17.550Z] [DEBUG] Hits: be/macos/Business/top-free 4 app(s) found
[2026-09-16T02:53:18.354Z] [DEBUG] RSS ok: be/macos/Productivity/top-free entries=99
[2026-09-16T02:53:28.360Z] [DEBUG] Hits: be/macos/Productivity/top-free 5 app(s) found
[2026-09-16T02:53:29.214Z] [DEBUG] RSS ok: be/macos/Utilities/top-free entries=100
[2026-09-16T02:53:39.220Z] [DEBUG] Hits: be/macos/Utilities/top-free 2 app(s) found
[2026-09-16T02:53:39.985Z] [DEBUG] RSS ok: nl/macos/Business/top-free entries=100
[2026-09-16T02:53:49.992Z] [DEBUG] Hits: nl/macos/Business/top-free 1 app(s) found
[2026-09-16T02:53:50.848Z] [DEBUG] RSS ok: nl/macos/Productivity/top-free entries=99
[2026-09-16T02:54:00.852Z] [DEBUG] Hits: nl/macos/Productivity/top-free 4 app(s) found
[2026-09-16T02:54:01.580Z] [DEBUG] RSS ok: nl/macos/Utilities/top-free entries=100
[2026-09-16T02:54:12.362Z] [DEBUG] RSS ok: tw/macos/Business/top-free entries=100
[2026-09-16T02:54:22.367Z] [DEBUG] Hits: tw/macos/Business/top-free 2 app(s) found
[2026-09-16T02:54:22.368Z] [INFO] RSS progress: 40/60 (40 ok, 0 error, 117 points)
[2026-09-16T02:54:23.078Z] [DEBUG] RSS ok: tw/macos/Productivity/top-free entries=99
[2026-09-16T02:54:33.085Z] [DEBUG] Hits: tw/macos/Productivity/top-free 2 app(s) found
[2026-09-16T02:54:33.644Z] [DEBUG] RSS ok: tw/macos/Utilities/top-free entries=100
[2026-09-16T02:54:43.650Z] [DEBUG] Hits: tw/macos/Utilities/top-free 2 app(s) found
[2026-09-16T02:54:44.238Z] [DEBUG] RSS ok: hk/macos/Business/top-free entries=99
[2026-09-16T02:54:54.245Z] [DEBUG] Hits: hk/macos/Business/top-free 1 app(s) found
[2026-09-16T02:54:54.856Z] [DEBUG] RSS ok: hk/macos/Productivity/top-free entries=98
[2026-09-16T02:55:04.862Z] [DEBUG] Hits: hk/macos/Productivity/top-free 3 app(s) found
[2026-09-16T02:55:05.674Z] [DEBUG] RSS ok: hk/macos/Utilities/top-free entries=100
[2026-09-16T02:55:16.619Z] [DEBUG] RSS ok: nz/macos/Business/top-free entries=100
[2026-09-16T02:55:26.625Z] [DEBUG] Hits: nz/macos/Business/top-free 4 app(s) found
[2026-09-16T02:55:27.379Z] [DEBUG] RSS ok: nz/macos/Productivity/top-free entries=99
[2026-09-16T02:55:37.385Z] [DEBUG] Hits: nz/macos/Productivity/top-free 5 app(s) found
[2026-09-16T02:55:38.061Z] [DEBUG] RSS ok: nz/macos/Utilities/top-free entries=100
[2026-09-16T02:55:48.876Z] [DEBUG] RSS ok: sg/macos/Business/top-free entries=100
[2026-09-16T02:55:58.882Z] [DEBUG] Hits: sg/macos/Business/top-free 2 app(s) found
[2026-09-16T02:55:59.578Z] [DEBUG] RSS ok: sg/macos/Productivity/top-free entries=99
[2026-09-16T02:56:09.585Z] [DEBUG] Hits: sg/macos/Productivity/top-free 3 app(s) found
[2026-09-16T02:56:09.585Z] [INFO] RSS progress: 50/60 (50 ok, 0 error, 139 points)
[2026-09-16T02:56:10.299Z] [DEBUG] RSS ok: sg/macos/Utilities/top-free entries=100
[2026-09-16T02:56:20.305Z] [DEBUG] Hits: sg/macos/Utilities/top-free 1 app(s) found
[2026-09-16T02:56:21.131Z] [DEBUG] RSS ok: in/macos/Business/top-free entries=100
[2026-09-16T02:56:31.137Z] [DEBUG] Hits: in/macos/Business/top-free 3 app(s) found
[2026-09-16T02:56:31.931Z] [DEBUG] RSS ok: in/macos/Productivity/top-free entries=99
[2026-09-16T02:56:41.931Z] [DEBUG] Hits: in/macos/Productivity/top-free 2 app(s) found
[2026-09-16T02:56:42.781Z] [DEBUG] RSS ok: in/macos/Utilities/top-free entries=100
[2026-09-16T02:56:53.513Z] [DEBUG] RSS ok: za/macos/Business/top-free entries=100
[2026-09-16T02:57:03.520Z] [DEBUG] Hits: za/macos/Business/top-free 2 app(s) found
[2026-09-16T02:57:04.403Z] [DEBUG] RSS ok: za/macos/Productivity/top-free entries=99
[2026-09-16T02:57:14.410Z] [DEBUG] Hits: za/macos/Productivity/top-free 3 app(s) found
[2026-09-16T02:57:15.327Z] [DEBUG] RSS ok: za/macos/Utilities/top-free entries=100
[2026-09-16T02:57:25.333Z] [DEBUG] Hits: za/macos/Utilities/top-free 2 app(s) found
[2026-09-16T02:57:26.154Z] [DEBUG] RSS ok: br/macos/Business/top-free entries=100
[2026-09-16T02:57:36.154Z] [DEBUG] Hits: br/macos/Business/top-free 2 app(s) found
[2026-09-16T02:57:36.962Z] [DEBUG] RSS ok: br/macos/Productivity/top-free entries=99
[2026-09-16T02:57:46.968Z] [DEBUG] Hits: br/macos/Productivity/top-free 3 app(s) found
[2026-09-16T02:57:47.614Z] [DEBUG] RSS ok: br/macos/Utilities/top-free entries=100
[2026-09-16T02:57:57.620Z] [DEBUG] Hits: br/macos/Utilities/top-free 1 app(s) found
[2026-09-16T02:57:57.620Z] [INFO] RSS fetch done: 60 ok, 0 error, 158 points
[2026-09-16T02:57:57.620Z] [INFO] RSS progress: 60/60 (60 ok, 0 error, 158 points)
[2026-09-16T02:57:57.620Z] [INFO] Platform max returned: macos = 100
[2026-09-16T02:57:57.620Z] [INFO] RSS results: 60 ok, 0 error, 158 rank points
[2026-09-16T02:57:57.646Z] [INFO] Stored: 60 crawls, 158 points
[2026-09-16T02:57:57.664Z] [INFO] current.json written rows=23
[2026-09-16T02:57:57.665Z] [INFO] Current summary: on_chart=158, not_on_chart=302, depth_limited=0, crawl_error=0, total=460
[2026-09-16T02:57:57.665Z] [INFO] === Crawl complete === 647.1s
[2026-09-16T03:47:12.359Z] [INFO] === Crawl start === ts=2026-09-16T03:00:00Z
[2026-09-16T03:47:12.362Z] [INFO] Config loaded apps=4, platforms=macos, categories=Business,Productivity,Utilities
[2026-09-16T03:47:12.362Z] [INFO] App IDs to track: 23 our=4, competitors=19
[2026-09-16T03:47:12.363Z] [INFO] Lookup cached fetched_at=2026-09-16T00:47:17.547Z, 23 apps
[2026-09-16T03:47:12.364Z] [INFO] RSS fetch start: 60 requests, concurrency=1
[2026-09-16T03:47:12.364Z] [INFO] RSS requests: 60 countries=20, platforms=macos, categories=Business,Productivity,Utilities
[2026-09-16T03:47:13.204Z] [DEBUG] RSS ok: us/macos/Business/top-free entries=100
[2026-09-16T03:47:23.207Z] [DEBUG] Hits: us/macos/Business/top-free 3 app(s) found
[2026-09-16T03:47:23.914Z] [DEBUG] RSS ok: us/macos/Productivity/top-free entries=99
[2026-09-16T03:47:33.921Z] [DEBUG] Hits: us/macos/Productivity/top-free 6 app(s) found
[2026-09-16T03:47:34.738Z] [DEBUG] RSS ok: us/macos/Utilities/top-free entries=100
[2026-09-16T03:47:44.739Z] [DEBUG] Hits: us/macos/Utilities/top-free 1 app(s) found
[2026-09-16T03:47:45.447Z] [DEBUG] RSS ok: gb/macos/Business/top-free entries=99
[2026-09-16T03:47:55.450Z] [DEBUG] Hits: gb/macos/Business/top-free 3 app(s) found
[2026-09-16T03:47:56.203Z] [DEBUG] RSS ok: gb/macos/Productivity/top-free entries=99
[2026-09-16T03:48:06.210Z] [DEBUG] Hits: gb/macos/Productivity/top-free 5 app(s) found
[2026-09-16T03:48:07.099Z] [DEBUG] RSS ok: gb/macos/Utilities/top-free entries=100
[2026-09-16T03:48:17.106Z] [DEBUG] Hits: gb/macos/Utilities/top-free 3 app(s) found
[2026-09-16T03:48:17.844Z] [DEBUG] RSS ok: ca/macos/Business/top-free entries=100
[2026-09-16T03:48:27.850Z] [DEBUG] Hits: ca/macos/Business/top-free 4 app(s) found
[2026-09-16T03:48:28.522Z] [DEBUG] RSS ok: ca/macos/Productivity/top-free entries=99
[2026-09-16T03:48:38.528Z] [DEBUG] Hits: ca/macos/Productivity/top-free 5 app(s) found
[2026-09-16T03:48:39.457Z] [DEBUG] RSS ok: ca/macos/Utilities/top-free entries=100
[2026-09-16T03:48:49.463Z] [DEBUG] Hits: ca/macos/Utilities/top-free 1 app(s) found
[2026-09-16T03:48:50.233Z] [DEBUG] RSS ok: fr/macos/Business/top-free entries=99
[2026-09-16T03:49:00.239Z] [DEBUG] Hits: fr/macos/Business/top-free 3 app(s) found
[2026-09-16T03:49:00.239Z] [INFO] RSS progress: 10/60 (10 ok, 0 error, 34 points)
[2026-09-16T03:49:00.899Z] [DEBUG] RSS ok: fr/macos/Productivity/top-free entries=99
[2026-09-16T03:49:10.906Z] [DEBUG] Hits: fr/macos/Productivity/top-free 5 app(s) found
[2026-09-16T03:49:11.646Z] [DEBUG] RSS ok: fr/macos/Utilities/top-free entries=100
[2026-09-16T03:49:21.652Z] [DEBUG] Hits: fr/macos/Utilities/top-free 2 app(s) found
[2026-09-16T03:49:22.638Z] [DEBUG] RSS ok: de/macos/Business/top-free entries=99
[2026-09-16T03:49:33.498Z] [DEBUG] RSS ok: de/macos/Productivity/top-free entries=99
[2026-09-16T03:49:43.504Z] [DEBUG] Hits: de/macos/Productivity/top-free 5 app(s) found
[2026-09-16T03:49:44.300Z] [DEBUG] RSS ok: de/macos/Utilities/top-free entries=100
[2026-09-16T03:49:54.306Z] [DEBUG] Hits: de/macos/Utilities/top-free 2 app(s) found
[2026-09-16T03:49:55.149Z] [DEBUG] RSS ok: jp/macos/Business/top-free entries=100
[2026-09-16T03:50:05.155Z] [DEBUG] Hits: jp/macos/Business/top-free 2 app(s) found
[2026-09-16T03:50:06.047Z] [DEBUG] RSS ok: jp/macos/Productivity/top-free entries=99
[2026-09-16T03:50:16.053Z] [DEBUG] Hits: jp/macos/Productivity/top-free 2 app(s) found
[2026-09-16T03:50:16.810Z] [DEBUG] RSS ok: jp/macos/Utilities/top-free entries=100
[2026-09-16T03:50:26.816Z] [DEBUG] Hits: jp/macos/Utilities/top-free 4 app(s) found
[2026-09-16T03:50:27.552Z] [DEBUG] RSS ok: au/macos/Business/top-free entries=100
[2026-09-16T03:50:37.557Z] [DEBUG] Hits: au/macos/Business/top-free 4 app(s) found
[2026-09-16T03:50:38.568Z] [DEBUG] RSS ok: au/macos/Productivity/top-free entries=99
[2026-09-16T03:50:48.575Z] [INFO] RSS progress: 20/60 (20 ok, 0 error, 64 points)
[2026-09-16T03:50:48.575Z] [DEBUG] Hits: au/macos/Productivity/top-free 4 app(s) found
[2026-09-16T03:50:49.386Z] [DEBUG] RSS ok: au/macos/Utilities/top-free entries=100
[2026-09-16T03:50:59.393Z] [DEBUG] Hits: au/macos/Utilities/top-free 1 app(s) found
[2026-09-16T03:51:00.144Z] [DEBUG] RSS ok: es/macos/Business/top-free entries=99
[2026-09-16T03:51:10.147Z] [DEBUG] Hits: es/macos/Business/top-free 3 app(s) found
[2026-09-16T03:51:10.968Z] [DEBUG] RSS ok: es/macos/Productivity/top-free entries=99
[2026-09-16T03:51:20.974Z] [DEBUG] Hits: es/macos/Productivity/top-free 5 app(s) found
[2026-09-16T03:51:21.817Z] [DEBUG] RSS ok: es/macos/Utilities/top-free entries=100
[2026-09-16T03:51:32.697Z] [DEBUG] RSS ok: it/macos/Business/top-free entries=99
[2026-09-16T03:51:42.703Z] [DEBUG] Hits: it/macos/Business/top-free 3 app(s) found
[2026-09-16T03:51:43.469Z] [DEBUG] RSS ok: it/macos/Productivity/top-free entries=99
[2026-09-16T03:51:53.474Z] [DEBUG] Hits: it/macos/Productivity/top-free 5 app(s) found
[2026-09-16T03:51:54.342Z] [DEBUG] RSS ok: it/macos/Utilities/top-free entries=100
[2026-09-16T03:52:04.348Z] [DEBUG] Hits: it/macos/Utilities/top-free 1 app(s) found
[2026-09-16T03:52:05.293Z] [DEBUG] RSS ok: pt/macos/Business/top-free entries=100
[2026-09-16T03:52:15.300Z] [DEBUG] Hits: pt/macos/Business/top-free 4 app(s) found
[2026-09-16T03:52:16.278Z] [DEBUG] RSS ok: pt/macos/Productivity/top-free entries=99
[2026-09-16T03:52:26.284Z] [DEBUG] Hits: pt/macos/Productivity/top-free 4 app(s) found
[2026-09-16T03:52:27.080Z] [DEBUG] RSS ok: pt/macos/Utilities/top-free entries=100
[2026-09-16T03:52:37.086Z] [INFO] RSS progress: 30/60 (30 ok, 0 error, 90 points)
[2026-09-16T03:52:37.908Z] [DEBUG] RSS ok: ch/macos/Business/top-free entries=100
[2026-09-16T03:52:47.914Z] [DEBUG] Hits: ch/macos/Business/top-free 3 app(s) found
[2026-09-16T03:52:48.749Z] [DEBUG] RSS ok: ch/macos/Productivity/top-free entries=99
[2026-09-16T03:52:58.755Z] [DEBUG] Hits: ch/macos/Productivity/top-free 4 app(s) found
[2026-09-16T03:52:59.623Z] [DEBUG] RSS ok: ch/macos/Utilities/top-free entries=100
[2026-09-16T03:53:09.629Z] [DEBUG] Hits: ch/macos/Utilities/top-free 2 app(s) found
[2026-09-16T03:53:10.272Z] [DEBUG] RSS ok: be/macos/Business/top-free entries=100
[2026-09-16T03:53:20.279Z] [DEBUG] Hits: be/macos/Business/top-free 4 app(s) found
[2026-09-16T03:53:21.044Z] [DEBUG] RSS ok: be/macos/Productivity/top-free entries=99
[2026-09-16T03:53:31.050Z] [DEBUG] Hits: be/macos/Productivity/top-free 5 app(s) found
[2026-09-16T03:53:31.794Z] [DEBUG] RSS ok: be/macos/Utilities/top-free entries=100
[2026-09-16T03:53:41.800Z] [DEBUG] Hits: be/macos/Utilities/top-free 2 app(s) found
[2026-09-16T03:53:42.702Z] [DEBUG] RSS ok: nl/macos/Business/top-free entries=100
[2026-09-16T03:53:52.709Z] [DEBUG] Hits: nl/macos/Business/top-free 1 app(s) found
[2026-09-16T03:53:53.531Z] [DEBUG] RSS ok: nl/macos/Productivity/top-free entries=99
[2026-09-16T03:54:03.537Z] [DEBUG] Hits: nl/macos/Productivity/top-free 4 app(s) found
[2026-09-16T03:54:04.432Z] [DEBUG] RSS ok: nl/macos/Utilities/top-free entries=100
[2026-09-16T03:54:15.285Z] [DEBUG] RSS ok: tw/macos/Business/top-free entries=100
[2026-09-16T03:54:25.291Z] [INFO] RSS progress: 40/60 (40 ok, 0 error, 117 points)
[2026-09-16T03:54:25.291Z] [DEBUG] Hits: tw/macos/Business/top-free 2 app(s) found
[2026-09-16T03:54:26.449Z] [DEBUG] RSS ok: tw/macos/Productivity/top-free entries=99
[2026-09-16T03:54:36.455Z] [DEBUG] Hits: tw/macos/Productivity/top-free 2 app(s) found
[2026-09-16T03:54:37.243Z] [DEBUG] RSS ok: tw/macos/Utilities/top-free entries=100
[2026-09-16T03:54:47.249Z] [DEBUG] Hits: tw/macos/Utilities/top-free 2 app(s) found
[2026-09-16T03:54:48.199Z] [DEBUG] RSS ok: hk/macos/Business/top-free entries=99
[2026-09-16T03:54:58.206Z] [DEBUG] Hits: hk/macos/Business/top-free 1 app(s) found
[2026-09-16T03:54:59.113Z] [DEBUG] RSS ok: hk/macos/Productivity/top-free entries=98
[2026-09-16T03:55:09.118Z] [DEBUG] Hits: hk/macos/Productivity/top-free 3 app(s) found
[2026-09-16T03:55:10.009Z] [DEBUG] RSS ok: hk/macos/Utilities/top-free entries=100
[2026-09-16T03:55:20.871Z] [DEBUG] RSS ok: nz/macos/Business/top-free entries=100
[2026-09-16T03:55:30.877Z] [DEBUG] Hits: nz/macos/Business/top-free 4 app(s) found
[2026-09-16T03:55:31.658Z] [DEBUG] RSS ok: nz/macos/Productivity/top-free entries=99
[2026-09-16T03:55:41.665Z] [DEBUG] Hits: nz/macos/Productivity/top-free 5 app(s) found
[2026-09-16T03:55:42.482Z] [DEBUG] RSS ok: nz/macos/Utilities/top-free entries=100
[2026-09-16T03:55:53.354Z] [DEBUG] RSS ok: sg/macos/Business/top-free entries=100
[2026-09-16T03:56:03.360Z] [DEBUG] Hits: sg/macos/Business/top-free 2 app(s) found
[2026-09-16T03:56:04.030Z] [DEBUG] RSS ok: sg/macos/Productivity/top-free entries=99
[2026-09-16T03:56:14.034Z] [DEBUG] Hits: sg/macos/Productivity/top-free 3 app(s) found
[2026-09-16T03:56:14.034Z] [INFO] RSS progress: 50/60 (50 ok, 0 error, 139 points)
[2026-09-16T03:56:14.892Z] [DEBUG] RSS ok: sg/macos/Utilities/top-free entries=100
[2026-09-16T03:56:24.898Z] [DEBUG] Hits: sg/macos/Utilities/top-free 1 app(s) found
[2026-09-16T03:56:25.658Z] [DEBUG] RSS ok: in/macos/Business/top-free entries=100
[2026-09-16T03:56:35.665Z] [DEBUG] Hits: in/macos/Business/top-free 3 app(s) found
[2026-09-16T03:56:36.510Z] [DEBUG] RSS ok: in/macos/Productivity/top-free entries=99
[2026-09-16T03:56:46.516Z] [DEBUG] Hits: in/macos/Productivity/top-free 2 app(s) found
[2026-09-16T03:56:47.226Z] [DEBUG] RSS ok: in/macos/Utilities/top-free entries=100
[2026-09-16T03:56:58.038Z] [DEBUG] RSS ok: za/macos/Business/top-free entries=100
[2026-09-16T03:57:08.044Z] [DEBUG] Hits: za/macos/Business/top-free 2 app(s) found
[2026-09-16T03:57:08.840Z] [DEBUG] RSS ok: za/macos/Productivity/top-free entries=99
[2026-09-16T03:57:18.847Z] [DEBUG] Hits: za/macos/Productivity/top-free 3 app(s) found
[2026-09-16T03:57:19.754Z] [DEBUG] RSS ok: za/macos/Utilities/top-free entries=100
[2026-09-16T03:57:29.760Z] [DEBUG] Hits: za/macos/Utilities/top-free 2 app(s) found
[2026-09-16T03:57:30.559Z] [DEBUG] RSS ok: br/macos/Business/top-free entries=100
[2026-09-16T03:57:40.565Z] [DEBUG] Hits: br/macos/Business/top-free 2 app(s) found
[2026-09-16T03:57:41.453Z] [DEBUG] RSS ok: br/macos/Productivity/top-free entries=99
[2026-09-16T03:57:51.460Z] [DEBUG] Hits: br/macos/Productivity/top-free 3 app(s) found
[2026-09-16T03:57:52.287Z] [DEBUG] RSS ok: br/macos/Utilities/top-free entries=100
[2026-09-16T03:58:02.293Z] [DEBUG] Hits: br/macos/Utilities/top-free 1 app(s) found
[2026-09-16T03:58:02.294Z] [INFO] RSS progress: 60/60 (60 ok, 0 error, 158 points)
[2026-09-16T03:58:02.294Z] [INFO] RSS fetch done: 60 ok, 0 error, 158 points
[2026-09-16T03:58:02.294Z] [INFO] Platform max returned: macos = 100
[2026-09-16T03:58:02.294Z] [INFO] RSS results: 60 ok, 0 error, 158 rank points
[2026-09-16T03:58:02.318Z] [INFO] Stored: 60 crawls, 158 points
[2026-09-16T03:58:02.330Z] [INFO] current.json written rows=23
[2026-09-16T03:58:02.331Z] [INFO] === Crawl complete === 650.0s
[2026-09-16T03:58:02.331Z] [INFO] Current summary: on_chart=158, not_on_chart=302, depth_limited=0, crawl_error=0, total=460
[2026-09-16T04:47:12.778Z] [INFO] === Crawl start === ts=2026-09-16T04:00:00Z
[2026-09-16T04:47:12.781Z] [INFO] Config loaded apps=4, platforms=macos, categories=Business,Productivity,Utilities
[2026-09-16T04:47:12.781Z] [INFO] App IDs to track: 23 our=4, competitors=19
[2026-09-16T04:47:12.782Z] [INFO] Lookup cached fetched_at=2026-09-16T00:47:17.547Z, 23 apps
[2026-09-16T04:47:12.783Z] [INFO] RSS requests: 60 countries=20, platforms=macos, categories=Business,Productivity,Utilities
[2026-09-16T04:47:12.783Z] [INFO] RSS fetch start: 60 requests, concurrency=1
[2026-09-16T04:47:13.598Z] [DEBUG] RSS ok: us/macos/Business/top-free entries=100
[2026-09-16T04:47:23.602Z] [DEBUG] Hits: us/macos/Business/top-free 4 app(s) found
[2026-09-16T04:47:24.413Z] [DEBUG] RSS ok: us/macos/Productivity/top-free entries=99
[2026-09-16T04:47:34.415Z] [DEBUG] Hits: us/macos/Productivity/top-free 6 app(s) found
[2026-09-16T04:47:35.153Z] [DEBUG] RSS ok: us/macos/Utilities/top-free entries=100
[2026-09-16T04:47:45.160Z] [DEBUG] Hits: us/macos/Utilities/top-free 1 app(s) found
[2026-09-16T04:47:45.843Z] [DEBUG] RSS ok: gb/macos/Business/top-free entries=99
[2026-09-16T04:47:55.846Z] [DEBUG] Hits: gb/macos/Business/top-free 3 app(s) found
[2026-09-16T04:47:56.655Z] [DEBUG] RSS ok: gb/macos/Productivity/top-free entries=99
[2026-09-16T04:48:06.662Z] [DEBUG] Hits: gb/macos/Productivity/top-free 5 app(s) found
[2026-09-16T04:48:07.595Z] [DEBUG] RSS ok: gb/macos/Utilities/top-free entries=100
[2026-09-16T04:48:17.601Z] [DEBUG] Hits: gb/macos/Utilities/top-free 2 app(s) found
[2026-09-16T04:48:18.391Z] [DEBUG] RSS ok: ca/macos/Business/top-free entries=100
[2026-09-16T04:48:28.397Z] [DEBUG] Hits: ca/macos/Business/top-free 4 app(s) found
[2026-09-16T04:48:29.049Z] [DEBUG] RSS ok: ca/macos/Productivity/top-free entries=99
[2026-09-16T04:48:39.055Z] [DEBUG] Hits: ca/macos/Productivity/top-free 4 app(s) found
[2026-09-16T04:48:39.883Z] [DEBUG] RSS ok: ca/macos/Utilities/top-free entries=100
[2026-09-16T04:48:49.890Z] [DEBUG] Hits: ca/macos/Utilities/top-free 1 app(s) found
[2026-09-16T04:48:50.684Z] [DEBUG] RSS ok: fr/macos/Business/top-free entries=99
[2026-09-16T04:49:00.690Z] [DEBUG] Hits: fr/macos/Business/top-free 3 app(s) found
[2026-09-16T04:49:00.691Z] [INFO] RSS progress: 10/60 (10 ok, 0 error, 33 points)
[2026-09-16T04:49:01.764Z] [DEBUG] RSS ok: fr/macos/Productivity/top-free entries=99
[2026-09-16T04:49:11.771Z] [DEBUG] Hits: fr/macos/Productivity/top-free 5 app(s) found
[2026-09-16T04:49:12.715Z] [DEBUG] RSS ok: fr/macos/Utilities/top-free entries=100
[2026-09-16T04:49:22.719Z] [DEBUG] Hits: fr/macos/Utilities/top-free 3 app(s) found
[2026-09-16T04:49:23.559Z] [DEBUG] RSS ok: de/macos/Business/top-free entries=100
[2026-09-16T04:49:34.454Z] [DEBUG] RSS ok: de/macos/Productivity/top-free entries=99
[2026-09-16T04:49:44.461Z] [DEBUG] Hits: de/macos/Productivity/top-free 4 app(s) found
[2026-09-16T04:49:45.284Z] [DEBUG] RSS ok: de/macos/Utilities/top-free entries=100
[2026-09-16T04:49:55.289Z] [DEBUG] Hits: de/macos/Utilities/top-free 1 app(s) found
[2026-09-16T04:49:56.373Z] [DEBUG] RSS ok: jp/macos/Business/top-free entries=100
[2026-09-16T04:50:06.374Z] [DEBUG] Hits: jp/macos/Business/top-free 2 app(s) found
[2026-09-16T04:50:07.186Z] [DEBUG] RSS ok: jp/macos/Productivity/top-free entries=99
[2026-09-16T04:50:17.192Z] [DEBUG] Hits: jp/macos/Productivity/top-free 3 app(s) found
[2026-09-16T04:50:19.150Z] [DEBUG] RSS ok: jp/macos/Utilities/top-free entries=100
[2026-09-16T04:50:29.157Z] [DEBUG] Hits: jp/macos/Utilities/top-free 5 app(s) found
[2026-09-16T04:50:29.865Z] [DEBUG] RSS ok: au/macos/Business/top-free entries=100
[2026-09-16T04:50:39.872Z] [DEBUG] Hits: au/macos/Business/top-free 3 app(s) found
[2026-09-16T04:50:40.772Z] [DEBUG] RSS ok: au/macos/Productivity/top-free entries=99
[2026-09-16T04:50:50.779Z] [DEBUG] Hits: au/macos/Productivity/top-free 4 app(s) found
[2026-09-16T04:50:50.779Z] [INFO] RSS progress: 20/60 (20 ok, 0 error, 63 points)
[2026-09-16T04:50:51.573Z] [DEBUG] RSS ok: au/macos/Utilities/top-free entries=100
[2026-09-16T04:51:01.580Z] [DEBUG] Hits: au/macos/Utilities/top-free 1 app(s) found
[2026-09-16T04:51:02.318Z] [DEBUG] RSS ok: es/macos/Business/top-free entries=99
[2026-09-16T04:51:12.324Z] [DEBUG] Hits: es/macos/Business/top-free 4 app(s) found
[2026-09-16T04:51:13.051Z] [DEBUG] RSS ok: es/macos/Productivity/top-free entries=99
[2026-09-16T04:51:23.057Z] [DEBUG] Hits: es/macos/Productivity/top-free 5 app(s) found
[2026-09-16T04:51:23.834Z] [DEBUG] RSS ok: es/macos/Utilities/top-free entries=100
[2026-09-16T04:51:35.287Z] [DEBUG] RSS ok: it/macos/Business/top-free entries=99
[2026-09-16T04:51:45.293Z] [DEBUG] Hits: it/macos/Business/top-free 3 app(s) found
[2026-09-16T04:51:46.169Z] [DEBUG] RSS ok: it/macos/Productivity/top-free entries=99
[2026-09-16T04:51:56.175Z] [DEBUG] Hits: it/macos/Productivity/top-free 5 app(s) found
[2026-09-16T04:51:56.981Z] [DEBUG] RSS ok: it/macos/Utilities/top-free entries=100
[2026-09-16T04:52:06.987Z] [DEBUG] Hits: it/macos/Utilities/top-free 1 app(s) found
[2026-09-16T04:52:07.822Z] [DEBUG] RSS ok: pt/macos/Business/top-free entries=100
[2026-09-16T04:52:17.828Z] [DEBUG] Hits: pt/macos/Business/top-free 4 app(s) found
[2026-09-16T04:52:18.639Z] [DEBUG] RSS ok: pt/macos/Productivity/top-free entries=99
[2026-09-16T04:52:28.645Z] [DEBUG] Hits: pt/macos/Productivity/top-free 4 app(s) found
[2026-09-16T04:52:29.429Z] [DEBUG] RSS ok: pt/macos/Utilities/top-free entries=100
[2026-09-16T04:52:39.435Z] [INFO] RSS progress: 30/60 (30 ok, 0 error, 90 points)
[2026-09-16T04:52:40.475Z] [DEBUG] RSS ok: ch/macos/Business/top-free entries=100
[2026-09-16T04:52:50.481Z] [DEBUG] Hits: ch/macos/Business/top-free 3 app(s) found
[2026-09-16T04:52:51.678Z] [DEBUG] RSS ok: ch/macos/Productivity/top-free entries=99
[2026-09-16T04:53:01.685Z] [DEBUG] Hits: ch/macos/Productivity/top-free 4 app(s) found
[2026-09-16T04:53:02.488Z] [DEBUG] RSS ok: ch/macos/Utilities/top-free entries=100
[2026-09-16T04:53:12.493Z] [DEBUG] Hits: ch/macos/Utilities/top-free 2 app(s) found
[2026-09-16T04:53:13.346Z] [DEBUG] RSS ok: be/macos/Business/top-free entries=100
[2026-09-16T04:53:23.352Z] [DEBUG] Hits: be/macos/Business/top-free 4 app(s) found
[2026-09-16T04:53:24.248Z] [DEBUG] RSS ok: be/macos/Productivity/top-free entries=99
[2026-09-16T04:53:34.254Z] [DEBUG] Hits: be/macos/Productivity/top-free 5 app(s) found
[2026-09-16T04:53:35.187Z] [DEBUG] RSS ok: be/macos/Utilities/top-free entries=100
[2026-09-16T04:53:45.194Z] [DEBUG] Hits: be/macos/Utilities/top-free 2 app(s) found
[2026-09-16T04:53:46.025Z] [DEBUG] RSS ok: nl/macos/Business/top-free entries=100
[2026-09-16T04:53:56.031Z] [DEBUG] Hits: nl/macos/Business/top-free 1 app(s) found
[2026-09-16T04:53:56.800Z] [DEBUG] RSS ok: nl/macos/Productivity/top-free entries=99
[2026-09-16T04:54:06.806Z] [DEBUG] Hits: nl/macos/Productivity/top-free 5 app(s) found
[2026-09-16T04:54:07.564Z] [DEBUG] RSS ok: nl/macos/Utilities/top-free entries=100
[2026-09-16T04:54:18.454Z] [DEBUG] RSS ok: tw/macos/Business/top-free entries=100
[2026-09-16T04:54:28.459Z] [DEBUG] Hits: tw/macos/Business/top-free 2 app(s) found
[2026-09-16T04:54:28.459Z] [INFO] RSS progress: 40/60 (40 ok, 0 error, 118 points)
[2026-09-16T04:54:29.373Z] [DEBUG] RSS ok: tw/macos/Productivity/top-free entries=99
[2026-09-16T04:54:39.379Z] [DEBUG] Hits: tw/macos/Productivity/top-free 4 app(s) found
[2026-09-16T04:54:40.164Z] [DEBUG] RSS ok: tw/macos/Utilities/top-free entries=100
[2026-09-16T04:54:51.040Z] [DEBUG] RSS ok: hk/macos/Business/top-free entries=99
[2026-09-16T04:55:01.047Z] [DEBUG] Hits: hk/macos/Business/top-free 2 app(s) found
[2026-09-16T04:55:01.918Z] [DEBUG] RSS ok: hk/macos/Productivity/top-free entries=98
[2026-09-16T04:55:11.919Z] [DEBUG] Hits: hk/macos/Productivity/top-free 3 app(s) found
[2026-09-16T04:55:12.803Z] [DEBUG] RSS ok: hk/macos/Utilities/top-free entries=100
[2026-09-16T04:55:24.115Z] [DEBUG] RSS ok: nz/macos/Business/top-free entries=100
[2026-09-16T04:55:34.121Z] [DEBUG] Hits: nz/macos/Business/top-free 4 app(s) found
[2026-09-16T04:55:34.827Z] [DEBUG] RSS ok: nz/macos/Productivity/top-free entries=99
[2026-09-16T04:55:44.834Z] [DEBUG] Hits: nz/macos/Productivity/top-free 4 app(s) found
[2026-09-16T04:55:46.295Z] [DEBUG] RSS ok: nz/macos/Utilities/top-free entries=100
[2026-09-16T04:55:57.162Z] [DEBUG] RSS ok: sg/macos/Business/top-free entries=100
[2026-09-16T04:56:07.167Z] [DEBUG] Hits: sg/macos/Business/top-free 3 app(s) found
[2026-09-16T04:56:07.927Z] [DEBUG] RSS ok: sg/macos/Productivity/top-free entries=99
[2026-09-16T04:56:17.933Z] [DEBUG] Hits: sg/macos/Productivity/top-free 4 app(s) found
[2026-09-16T04:56:17.933Z] [INFO] RSS progress: 50/60 (50 ok, 0 error, 142 points)
[2026-09-16T04:56:18.705Z] [DEBUG] RSS ok: sg/macos/Utilities/top-free entries=100
[2026-09-16T04:56:28.712Z] [DEBUG] Hits: sg/macos/Utilities/top-free 1 app(s) found
[2026-09-16T04:56:29.645Z] [DEBUG] RSS ok: in/macos/Business/top-free entries=100
[2026-09-16T04:56:39.651Z] [DEBUG] Hits: in/macos/Business/top-free 3 app(s) found
[2026-09-16T04:56:40.551Z] [DEBUG] RSS ok: in/macos/Productivity/top-free entries=99
[2026-09-16T04:56:50.558Z] [DEBUG] Hits: in/macos/Productivity/top-free 2 app(s) found
[2026-09-16T04:56:51.316Z] [DEBUG] RSS ok: in/macos/Utilities/top-free entries=100
[2026-09-16T04:57:02.163Z] [DEBUG] RSS ok: za/macos/Business/top-free entries=100
[2026-09-16T04:57:12.168Z] [DEBUG] Hits: za/macos/Business/top-free 2 app(s) found
[2026-09-16T04:57:12.990Z] [DEBUG] RSS ok: za/macos/Productivity/top-free entries=99
[2026-09-16T04:57:22.991Z] [DEBUG] Hits: za/macos/Productivity/top-free 3 app(s) found
[2026-09-16T04:57:24.190Z] [DEBUG] RSS ok: za/macos/Utilities/top-free entries=100
[2026-09-16T04:57:34.191Z] [DEBUG] Hits: za/macos/Utilities/top-free 2 app(s) found
[2026-09-16T04:57:35.198Z] [DEBUG] RSS ok: br/macos/Business/top-free entries=100
[2026-09-16T04:57:45.204Z] [DEBUG] Hits: br/macos/Business/top-free 2 app(s) found
[2026-09-16T04:57:46.101Z] [DEBUG] RSS ok: br/macos/Productivity/top-free entries=99
[2026-09-16T04:57:56.106Z] [DEBUG] Hits: br/macos/Productivity/top-free 4 app(s) found
[2026-09-16T04:57:56.921Z] [DEBUG] RSS ok: br/macos/Utilities/top-free entries=100
[2026-09-16T04:58:06.927Z] [DEBUG] Hits: br/macos/Utilities/top-free 1 app(s) found
[2026-09-16T04:58:06.927Z] [INFO] RSS progress: 60/60 (60 ok, 0 error, 162 points)
[2026-09-16T04:58:06.927Z] [INFO] Platform max returned: macos = 100
[2026-09-16T04:58:06.927Z] [INFO] RSS results: 60 ok, 0 error, 162 rank points
[2026-09-16T04:58:06.927Z] [INFO] RSS fetch done: 60 ok, 0 error, 162 points
[2026-09-16T04:58:06.952Z] [INFO] Stored: 60 crawls, 162 points
[2026-09-16T04:58:06.971Z] [INFO] current.json written rows=23
[2026-09-16T04:58:06.972Z] [INFO] Current summary: on_chart=162, not_on_chart=298, depth_limited=0, crawl_error=0, total=460
[2026-09-16T04:58:06.972Z] [INFO] === Crawl complete === 654.2s
[2026-09-16T05:47:10.274Z] [INFO] === Crawl start === ts=2026-09-16T05:00:00Z
[2026-09-16T05:47:10.277Z] [INFO] Config loaded apps=4, platforms=macos, categories=Business,Productivity,Utilities
[2026-09-16T05:47:10.277Z] [INFO] App IDs to track: 23 our=4, competitors=19
[2026-09-16T05:47:10.278Z] [INFO] Lookup cached fetched_at=2026-09-16T00:47:17.547Z, 23 apps
[2026-09-16T05:47:10.279Z] [INFO] RSS requests: 60 countries=20, platforms=macos, categories=Business,Productivity,Utilities
[2026-09-16T05:47:10.279Z] [INFO] RSS fetch start: 60 requests, concurrency=1
[2026-09-16T05:47:11.134Z] [DEBUG] RSS ok: us/macos/Business/top-free entries=100
[2026-09-16T05:47:21.138Z] [DEBUG] Hits: us/macos/Business/top-free 4 app(s) found
[2026-09-16T05:47:21.774Z] [DEBUG] RSS ok: us/macos/Productivity/top-free entries=99
[2026-09-16T05:47:31.781Z] [DEBUG] Hits: us/macos/Productivity/top-free 6 app(s) found
[2026-09-16T05:47:32.661Z] [DEBUG] RSS ok: us/macos/Utilities/top-free entries=100
[2026-09-16T05:47:42.667Z] [DEBUG] Hits: us/macos/Utilities/top-free 1 app(s) found
[2026-09-16T05:47:43.309Z] [DEBUG] RSS ok: gb/macos/Business/top-free entries=99
[2026-09-16T05:47:53.316Z] [DEBUG] Hits: gb/macos/Business/top-free 3 app(s) found
[2026-09-16T05:47:54.199Z] [DEBUG] RSS ok: gb/macos/Productivity/top-free entries=99
[2026-09-16T05:48:04.206Z] [DEBUG] Hits: gb/macos/Productivity/top-free 5 app(s) found
[2026-09-16T05:48:04.936Z] [DEBUG] RSS ok: gb/macos/Utilities/top-free entries=100
[2026-09-16T05:48:14.943Z] [DEBUG] Hits: gb/macos/Utilities/top-free 2 app(s) found
[2026-09-16T05:48:15.722Z] [DEBUG] RSS ok: ca/macos/Business/top-free entries=100
[2026-09-16T05:48:25.729Z] [DEBUG] Hits: ca/macos/Business/top-free 4 app(s) found
[2026-09-16T05:48:26.442Z] [DEBUG] RSS ok: ca/macos/Productivity/top-free entries=99
[2026-09-16T05:48:36.449Z] [DEBUG] Hits: ca/macos/Productivity/top-free 4 app(s) found
[2026-09-16T05:48:37.419Z] [DEBUG] RSS ok: ca/macos/Utilities/top-free entries=100
[2026-09-16T05:48:47.423Z] [DEBUG] Hits: ca/macos/Utilities/top-free 1 app(s) found
[2026-09-16T05:48:48.021Z] [DEBUG] RSS ok: fr/macos/Business/top-free entries=99
[2026-09-16T05:48:58.026Z] [DEBUG] Hits: fr/macos/Business/top-free 3 app(s) found
[2026-09-16T05:48:58.026Z] [INFO] RSS progress: 10/60 (10 ok, 0 error, 33 points)
[2026-09-16T05:48:58.832Z] [DEBUG] RSS ok: fr/macos/Productivity/top-free entries=99
[2026-09-16T05:49:08.838Z] [DEBUG] Hits: fr/macos/Productivity/top-free 5 app(s) found
[2026-09-16T05:49:09.416Z] [DEBUG] RSS ok: fr/macos/Utilities/top-free entries=100
[2026-09-16T05:49:19.422Z] [DEBUG] Hits: fr/macos/Utilities/top-free 3 app(s) found
[2026-09-16T05:49:20.411Z] [DEBUG] RSS ok: de/macos/Business/top-free entries=100
[2026-09-16T05:49:31.312Z] [DEBUG] RSS ok: de/macos/Productivity/top-free entries=99
[2026-09-16T05:49:41.317Z] [DEBUG] Hits: de/macos/Productivity/top-free 4 app(s) found
[2026-09-16T05:49:41.907Z] [DEBUG] RSS ok: de/macos/Utilities/top-free entries=100
[2026-09-16T05:49:51.913Z] [DEBUG] Hits: de/macos/Utilities/top-free 1 app(s) found
[2026-09-16T05:49:52.604Z] [DEBUG] RSS ok: jp/macos/Business/top-free entries=100
[2026-09-16T05:50:02.611Z] [DEBUG] Hits: jp/macos/Business/top-free 2 app(s) found
[2026-09-16T05:50:03.363Z] [DEBUG] RSS ok: jp/macos/Productivity/top-free entries=99
[2026-09-16T05:50:13.365Z] [DEBUG] Hits: jp/macos/Productivity/top-free 3 app(s) found
[2026-09-16T05:50:14.023Z] [DEBUG] RSS ok: jp/macos/Utilities/top-free entries=100
[2026-09-16T05:50:24.028Z] [DEBUG] Hits: jp/macos/Utilities/top-free 5 app(s) found
[2026-09-16T05:50:24.789Z] [DEBUG] RSS ok: au/macos/Business/top-free entries=100
[2026-09-16T05:50:34.789Z] [DEBUG] Hits: au/macos/Business/top-free 3 app(s) found
[2026-09-16T05:50:35.847Z] [DEBUG] RSS ok: au/macos/Productivity/top-free entries=99
[2026-09-16T05:50:45.854Z] [DEBUG] Hits: au/macos/Productivity/top-free 4 app(s) found
[2026-09-16T05:50:45.854Z] [INFO] RSS progress: 20/60 (20 ok, 0 error, 63 points)
[2026-09-16T05:50:46.792Z] [DEBUG] RSS ok: au/macos/Utilities/top-free entries=100
[2026-09-16T05:50:56.798Z] [DEBUG] Hits: au/macos/Utilities/top-free 1 app(s) found
[2026-09-16T05:50:57.511Z] [DEBUG] RSS ok: es/macos/Business/top-free entries=99
[2026-09-16T05:51:07.517Z] [DEBUG] Hits: es/macos/Business/top-free 4 app(s) found
[2026-09-16T05:51:08.259Z] [DEBUG] RSS ok: es/macos/Productivity/top-free entries=99
[2026-09-16T05:51:18.261Z] [DEBUG] Hits: es/macos/Productivity/top-free 5 app(s) found
[2026-09-16T05:51:18.941Z] [DEBUG] RSS ok: es/macos/Utilities/top-free entries=100
[2026-09-16T05:51:30.005Z] [DEBUG] RSS ok: it/macos/Business/top-free entries=99
[2026-09-16T05:51:40.011Z] [DEBUG] Hits: it/macos/Business/top-free 3 app(s) found
[2026-09-16T05:51:40.738Z] [DEBUG] RSS ok: it/macos/Productivity/top-free entries=99
[2026-09-16T05:51:50.743Z] [DEBUG] Hits: it/macos/Productivity/top-free 5 app(s) found
[2026-09-16T05:51:51.505Z] [DEBUG] RSS ok: it/macos/Utilities/top-free entries=100
[2026-09-16T05:52:01.512Z] [DEBUG] Hits: it/macos/Utilities/top-free 1 app(s) found
[2026-09-16T05:52:02.322Z] [DEBUG] RSS ok: pt/macos/Business/top-free entries=100
[2026-09-16T05:52:12.328Z] [DEBUG] Hits: pt/macos/Business/top-free 4 app(s) found
[2026-09-16T05:52:13.119Z] [DEBUG] RSS ok: pt/macos/Productivity/top-free entries=99
[2026-09-16T05:52:23.125Z] [DEBUG] Hits: pt/macos/Productivity/top-free 4 app(s) found
[2026-09-16T05:52:23.921Z] [DEBUG] RSS ok: pt/macos/Utilities/top-free entries=100
[2026-09-16T05:52:33.927Z] [INFO] RSS progress: 30/60 (30 ok, 0 error, 90 points)
[2026-09-16T05:52:34.841Z] [DEBUG] RSS ok: ch/macos/Business/top-free entries=100
[2026-09-16T05:52:44.843Z] [DEBUG] Hits: ch/macos/Business/top-free 3 app(s) found
[2026-09-16T05:52:45.558Z] [DEBUG] RSS ok: ch/macos/Productivity/top-free entries=99
[2026-09-16T05:52:55.559Z] [DEBUG] Hits: ch/macos/Productivity/top-free 4 app(s) found
[2026-09-16T05:52:56.275Z] [DEBUG] RSS ok: ch/macos/Utilities/top-free entries=100
[2026-09-16T05:53:06.281Z] [DEBUG] Hits: ch/macos/Utilities/top-free 2 app(s) found
[2026-09-16T05:53:07.044Z] [DEBUG] RSS ok: be/macos/Business/top-free entries=100
[2026-09-16T05:53:17.049Z] [DEBUG] Hits: be/macos/Business/top-free 4 app(s) found
[2026-09-16T05:53:17.791Z] [DEBUG] RSS ok: be/macos/Productivity/top-free entries=99
[2026-09-16T05:53:27.797Z] [DEBUG] Hits: be/macos/Productivity/top-free 5 app(s) found
[2026-09-16T05:53:28.614Z] [DEBUG] RSS ok: be/macos/Utilities/top-free entries=100
[2026-09-16T05:53:38.619Z] [DEBUG] Hits: be/macos/Utilities/top-free 2 app(s) found
[2026-09-16T05:53:39.377Z] [DEBUG] RSS ok: nl/macos/Business/top-free entries=100
[2026-09-16T05:53:49.382Z] [DEBUG] Hits: nl/macos/Business/top-free 1 app(s) found
[2026-09-16T05:53:50.156Z] [DEBUG] RSS ok: nl/macos/Productivity/top-free entries=99
[2026-09-16T05:54:00.162Z] [DEBUG] Hits: nl/macos/Productivity/top-free 5 app(s) found
[2026-09-16T05:54:00.856Z] [DEBUG] RSS ok: nl/macos/Utilities/top-free entries=100
[2026-09-16T05:54:11.548Z] [DEBUG] RSS ok: tw/macos/Business/top-free entries=100
[2026-09-16T05:54:21.553Z] [DEBUG] Hits: tw/macos/Business/top-free 2 app(s) found
[2026-09-16T05:54:21.554Z] [INFO] RSS progress: 40/60 (40 ok, 0 error, 118 points)
[2026-09-16T05:54:22.490Z] [DEBUG] RSS ok: tw/macos/Productivity/top-free entries=99
[2026-09-16T05:54:32.497Z] [DEBUG] Hits: tw/macos/Productivity/top-free 4 app(s) found
[2026-09-16T05:54:33.154Z] [DEBUG] RSS ok: tw/macos/Utilities/top-free entries=100
[2026-09-16T05:54:43.905Z] [DEBUG] RSS ok: hk/macos/Business/top-free entries=99
[2026-09-16T05:54:53.912Z] [DEBUG] Hits: hk/macos/Business/top-free 2 app(s) found
[2026-09-16T05:54:54.703Z] [DEBUG] RSS ok: hk/macos/Productivity/top-free entries=98
[2026-09-16T05:55:04.709Z] [DEBUG] Hits: hk/macos/Productivity/top-free 3 app(s) found
[2026-09-16T05:55:05.441Z] [DEBUG] RSS ok: hk/macos/Utilities/top-free entries=100
[2026-09-16T05:55:16.329Z] [DEBUG] RSS ok: nz/macos/Business/top-free entries=100
[2026-09-16T05:55:26.335Z] [DEBUG] Hits: nz/macos/Business/top-free 4 app(s) found
[2026-09-16T05:55:26.978Z] [DEBUG] RSS ok: nz/macos/Productivity/top-free entries=99
[2026-09-16T05:55:36.985Z] [DEBUG] Hits: nz/macos/Productivity/top-free 4 app(s) found
[2026-09-16T05:55:37.800Z] [DEBUG] RSS ok: nz/macos/Utilities/top-free entries=100
[2026-09-16T05:55:48.710Z] [DEBUG] RSS ok: sg/macos/Business/top-free entries=100
[2026-09-16T05:55:58.716Z] [DEBUG] Hits: sg/macos/Business/top-free 3 app(s) found
[2026-09-16T05:55:59.312Z] [DEBUG] RSS ok: sg/macos/Productivity/top-free entries=99
[2026-09-16T05:56:09.319Z] [DEBUG] Hits: sg/macos/Productivity/top-free 4 app(s) found
[2026-09-16T05:56:09.319Z] [INFO] RSS progress: 50/60 (50 ok, 0 error, 142 points)
[2026-09-16T05:56:10.026Z] [DEBUG] RSS ok: sg/macos/Utilities/top-free entries=100
[2026-09-16T05:56:20.031Z] [DEBUG] Hits: sg/macos/Utilities/top-free 1 app(s) found
[2026-09-16T05:56:20.575Z] [DEBUG] RSS ok: in/macos/Business/top-free entries=100
[2026-09-16T05:56:30.580Z] [DEBUG] Hits: in/macos/Business/top-free 3 app(s) found
[2026-09-16T05:56:31.348Z] [DEBUG] RSS ok: in/macos/Productivity/top-free entries=99
[2026-09-16T05:56:41.355Z] [DEBUG] Hits: in/macos/Productivity/top-free 2 app(s) found
[2026-09-16T05:56:41.994Z] [DEBUG] RSS ok: in/macos/Utilities/top-free entries=100
[2026-09-16T05:56:52.834Z] [DEBUG] RSS ok: za/macos/Business/top-free entries=100
[2026-09-16T05:57:02.841Z] [DEBUG] Hits: za/macos/Business/top-free 2 app(s) found
[2026-09-16T05:57:03.628Z] [DEBUG] RSS ok: za/macos/Productivity/top-free entries=99
[2026-09-16T05:57:13.631Z] [DEBUG] Hits: za/macos/Productivity/top-free 3 app(s) found
[2026-09-16T05:57:14.353Z] [DEBUG] RSS ok: za/macos/Utilities/top-free entries=100
[2026-09-16T05:57:24.357Z] [DEBUG] Hits: za/macos/Utilities/top-free 2 app(s) found
[2026-09-16T05:57:25.047Z] [DEBUG] RSS ok: br/macos/Business/top-free entries=100
[2026-09-16T05:57:35.053Z] [DEBUG] Hits: br/macos/Business/top-free 2 app(s) found
[2026-09-16T05:57:35.946Z] [DEBUG] RSS ok: br/macos/Productivity/top-free entries=99
[2026-09-16T05:57:45.953Z] [DEBUG] Hits: br/macos/Productivity/top-free 4 app(s) found
[2026-09-16T05:57:46.733Z] [DEBUG] RSS ok: br/macos/Utilities/top-free entries=100
[2026-09-16T05:57:56.740Z] [INFO] RSS progress: 60/60 (60 ok, 0 error, 162 points)
[2026-09-16T05:57:56.740Z] [DEBUG] Hits: br/macos/Utilities/top-free 1 app(s) found
[2026-09-16T05:57:56.740Z] [INFO] RSS fetch done: 60 ok, 0 error, 162 points
[2026-09-16T05:57:56.740Z] [INFO] Platform max returned: macos = 100
[2026-09-16T05:57:56.740Z] [INFO] RSS results: 60 ok, 0 error, 162 rank points
[2026-09-16T05:57:56.764Z] [INFO] Stored: 60 crawls, 162 points
[2026-09-16T05:57:56.784Z] [INFO] current.json written rows=23
[2026-09-16T05:57:56.785Z] [INFO] Current summary: on_chart=162, not_on_chart=298, depth_limited=0, crawl_error=0, total=460
[2026-09-16T05:57:56.785Z] [INFO] === Crawl complete === 646.5s
[2026-09-16T06:47:11.620Z] [INFO] === Crawl start === ts=2026-09-16T06:00:00Z
[2026-09-16T06:47:11.624Z] [INFO] Config loaded apps=4, platforms=macos, categories=Business,Productivity,Utilities
[2026-09-16T06:47:11.624Z] [INFO] App IDs to track: 23 our=4, competitors=19
[2026-09-16T06:47:11.626Z] [INFO] Lookup cached fetched_at=2026-09-16T00:47:17.547Z, 23 apps
[2026-09-16T06:47:11.626Z] [INFO] RSS requests: 60 countries=20, platforms=macos, categories=Business,Productivity,Utilities
[2026-09-16T06:47:11.626Z] [INFO] RSS fetch start: 60 requests, concurrency=1
[2026-09-16T06:47:12.434Z] [DEBUG] RSS ok: us/macos/Business/top-free entries=100
[2026-09-16T06:47:22.437Z] [DEBUG] Hits: us/macos/Business/top-free 4 app(s) found
[2026-09-16T06:47:23.218Z] [DEBUG] RSS ok: us/macos/Productivity/top-free entries=99
[2026-09-16T06:47:33.224Z] [DEBUG] Hits: us/macos/Productivity/top-free 6 app(s) found
[2026-09-16T06:47:33.982Z] [DEBUG] RSS ok: us/macos/Utilities/top-free entries=100
[2026-09-16T06:47:43.990Z] [DEBUG] Hits: us/macos/Utilities/top-free 1 app(s) found
[2026-09-16T06:47:44.687Z] [DEBUG] RSS ok: gb/macos/Business/top-free entries=99
[2026-09-16T06:47:54.693Z] [DEBUG] Hits: gb/macos/Business/top-free 3 app(s) found
[2026-09-16T06:47:55.426Z] [DEBUG] RSS ok: gb/macos/Productivity/top-free entries=99
[2026-09-16T06:48:05.432Z] [DEBUG] Hits: gb/macos/Productivity/top-free 5 app(s) found
[2026-09-16T06:48:06.213Z] [DEBUG] RSS ok: gb/macos/Utilities/top-free entries=100
[2026-09-16T06:48:16.219Z] [DEBUG] Hits: gb/macos/Utilities/top-free 2 app(s) found
[2026-09-16T06:48:16.904Z] [DEBUG] RSS ok: ca/macos/Business/top-free entries=100
[2026-09-16T06:48:26.908Z] [DEBUG] Hits: ca/macos/Business/top-free 4 app(s) found
[2026-09-16T06:48:27.533Z] [DEBUG] RSS ok: ca/macos/Productivity/top-free entries=99
[2026-09-16T06:48:37.540Z] [DEBUG] Hits: ca/macos/Productivity/top-free 4 app(s) found
[2026-09-16T06:48:38.199Z] [DEBUG] RSS ok: ca/macos/Utilities/top-free entries=100
[2026-09-16T06:48:48.204Z] [DEBUG] Hits: ca/macos/Utilities/top-free 1 app(s) found
[2026-09-16T06:48:48.841Z] [DEBUG] RSS ok: fr/macos/Business/top-free entries=99
[2026-09-16T06:48:58.847Z] [DEBUG] Hits: fr/macos/Business/top-free 3 app(s) found
[2026-09-16T06:48:58.847Z] [INFO] RSS progress: 10/60 (10 ok, 0 error, 33 points)
[2026-09-16T06:48:59.530Z] [DEBUG] RSS ok: fr/macos/Productivity/top-free entries=99
[2026-09-16T06:49:09.538Z] [DEBUG] Hits: fr/macos/Productivity/top-free 5 app(s) found
[2026-09-16T06:49:10.210Z] [DEBUG] RSS ok: fr/macos/Utilities/top-free entries=100
[2026-09-16T06:49:20.216Z] [DEBUG] Hits: fr/macos/Utilities/top-free 3 app(s) found
[2026-09-16T06:49:20.937Z] [DEBUG] RSS ok: de/macos/Business/top-free entries=100
[2026-09-16T06:49:31.608Z] [DEBUG] RSS ok: de/macos/Productivity/top-free entries=99
[2026-09-16T06:49:41.614Z] [DEBUG] Hits: de/macos/Productivity/top-free 4 app(s) found
[2026-09-16T06:49:42.277Z] [DEBUG] RSS ok: de/macos/Utilities/top-free entries=100
[2026-09-16T06:49:52.280Z] [DEBUG] Hits: de/macos/Utilities/top-free 1 app(s) found
[2026-09-16T06:49:52.976Z] [DEBUG] RSS ok: jp/macos/Business/top-free entries=100
[2026-09-16T06:50:02.983Z] [DEBUG] Hits: jp/macos/Business/top-free 2 app(s) found
[2026-09-16T06:50:03.716Z] [DEBUG] RSS ok: jp/macos/Productivity/top-free entries=99
[2026-09-16T06:50:13.721Z] [DEBUG] Hits: jp/macos/Productivity/top-free 3 app(s) found
[2026-09-16T06:50:14.345Z] [DEBUG] RSS ok: jp/macos/Utilities/top-free entries=100
[2026-09-16T06:50:24.352Z] [DEBUG] Hits: jp/macos/Utilities/top-free 5 app(s) found
[2026-09-16T06:50:25.109Z] [DEBUG] RSS ok: au/macos/Business/top-free entries=100
[2026-09-16T06:50:35.115Z] [DEBUG] Hits: au/macos/Business/top-free 3 app(s) found
[2026-09-16T06:50:35.944Z] [DEBUG] RSS ok: au/macos/Productivity/top-free entries=99
[2026-09-16T06:50:45.951Z] [DEBUG] Hits: au/macos/Productivity/top-free 4 app(s) found
[2026-09-16T06:50:45.951Z] [INFO] RSS progress: 20/60 (20 ok, 0 error, 63 points)
[2026-09-16T06:50:46.758Z] [DEBUG] RSS ok: au/macos/Utilities/top-free entries=100
[2026-09-16T06:50:56.764Z] [DEBUG] Hits: au/macos/Utilities/top-free 1 app(s) found
[2026-09-16T06:50:57.444Z] [DEBUG] RSS ok: es/macos/Business/top-free entries=99
[2026-09-16T06:51:07.446Z] [DEBUG] Hits: es/macos/Business/top-free 4 app(s) found
[2026-09-16T06:51:08.200Z] [DEBUG] RSS ok: es/macos/Productivity/top-free entries=99
[2026-09-16T06:51:18.206Z] [DEBUG] Hits: es/macos/Productivity/top-free 5 app(s) found
[2026-09-16T06:51:18.907Z] [DEBUG] RSS ok: es/macos/Utilities/top-free entries=100
[2026-09-16T06:51:29.703Z] [DEBUG] RSS ok: it/macos/Business/top-free entries=99
[2026-09-16T06:51:39.709Z] [DEBUG] Hits: it/macos/Business/top-free 3 app(s) found
[2026-09-16T06:51:40.325Z] [DEBUG] RSS ok: it/macos/Productivity/top-free entries=99
[2026-09-16T06:51:50.331Z] [DEBUG] Hits: it/macos/Productivity/top-free 5 app(s) found
[2026-09-16T06:51:51.148Z] [DEBUG] RSS ok: it/macos/Utilities/top-free entries=100
[2026-09-16T06:52:01.148Z] [DEBUG] Hits: it/macos/Utilities/top-free 1 app(s) found
[2026-09-16T06:52:01.842Z] [DEBUG] RSS ok: pt/macos/Business/top-free entries=100
[2026-09-16T06:52:11.843Z] [DEBUG] Hits: pt/macos/Business/top-free 4 app(s) found
[2026-09-16T06:52:12.604Z] [DEBUG] RSS ok: pt/macos/Productivity/top-free entries=99
[2026-09-16T06:52:22.610Z] [DEBUG] Hits: pt/macos/Productivity/top-free 4 app(s) found
[2026-09-16T06:52:23.248Z] [DEBUG] RSS ok: pt/macos/Utilities/top-free entries=100
[2026-09-16T06:52:33.253Z] [INFO] RSS progress: 30/60 (30 ok, 0 error, 90 points)
[2026-09-16T06:52:34.043Z] [DEBUG] RSS ok: ch/macos/Business/top-free entries=100
[2026-09-16T06:52:44.049Z] [DEBUG] Hits: ch/macos/Business/top-free 3 app(s) found
[2026-09-16T06:52:44.822Z] [DEBUG] RSS ok: ch/macos/Productivity/top-free entries=99
[2026-09-16T06:52:54.828Z] [DEBUG] Hits: ch/macos/Productivity/top-free 4 app(s) found
[2026-09-16T06:52:55.526Z] [DEBUG] RSS ok: ch/macos/Utilities/top-free entries=100
[2026-09-16T06:53:05.532Z] [DEBUG] Hits: ch/macos/Utilities/top-free 2 app(s) found
[2026-09-16T06:53:06.261Z] [DEBUG] RSS ok: be/macos/Business/top-free entries=100
[2026-09-16T06:53:16.268Z] [DEBUG] Hits: be/macos/Business/top-free 4 app(s) found
[2026-09-16T06:53:17.028Z] [DEBUG] RSS ok: be/macos/Productivity/top-free entries=99
[2026-09-16T06:53:27.035Z] [DEBUG] Hits: be/macos/Productivity/top-free 5 app(s) found
[2026-09-16T06:53:27.682Z] [DEBUG] RSS ok: be/macos/Utilities/top-free entries=100
[2026-09-16T06:53:37.688Z] [DEBUG] Hits: be/macos/Utilities/top-free 2 app(s) found
[2026-09-16T06:53:38.517Z] [DEBUG] RSS ok: nl/macos/Business/top-free entries=100
[2026-09-16T06:53:48.524Z] [DEBUG] Hits: nl/macos/Business/top-free 1 app(s) found
[2026-09-16T06:53:49.151Z] [DEBUG] RSS ok: nl/macos/Productivity/top-free entries=99
[2026-09-16T06:53:59.157Z] [DEBUG] Hits: nl/macos/Productivity/top-free 5 app(s) found
[2026-09-16T06:53:59.796Z] [DEBUG] RSS ok: nl/macos/Utilities/top-free entries=100
[2026-09-16T06:54:10.504Z] [DEBUG] RSS ok: tw/macos/Business/top-free entries=100
[2026-09-16T06:54:20.510Z] [DEBUG] Hits: tw/macos/Business/top-free 2 app(s) found
[2026-09-16T06:54:20.510Z] [INFO] RSS progress: 40/60 (40 ok, 0 error, 118 points)
[2026-09-16T06:54:21.373Z] [DEBUG] RSS ok: tw/macos/Productivity/top-free entries=99
[2026-09-16T06:54:31.376Z] [DEBUG] Hits: tw/macos/Productivity/top-free 4 app(s) found
[2026-09-16T06:54:32.009Z] [DEBUG] RSS ok: tw/macos/Utilities/top-free entries=100
[2026-09-16T06:54:42.701Z] [DEBUG] RSS ok: hk/macos/Business/top-free entries=99
[2026-09-16T06:54:52.707Z] [DEBUG] Hits: hk/macos/Business/top-free 2 app(s) found
[2026-09-16T06:54:53.370Z] [DEBUG] RSS ok: hk/macos/Productivity/top-free entries=98
[2026-09-16T06:55:03.376Z] [DEBUG] Hits: hk/macos/Productivity/top-free 3 app(s) found
[2026-09-16T06:55:04.078Z] [DEBUG] RSS ok: hk/macos/Utilities/top-free entries=100
[2026-09-16T06:55:14.859Z] [DEBUG] RSS ok: nz/macos/Business/top-free entries=100
[2026-09-16T06:55:24.865Z] [DEBUG] Hits: nz/macos/Business/top-free 4 app(s) found
[2026-09-16T06:55:25.647Z] [DEBUG] RSS ok: nz/macos/Productivity/top-free entries=99
[2026-09-16T06:55:35.653Z] [DEBUG] Hits: nz/macos/Productivity/top-free 4 app(s) found
[2026-09-16T06:55:36.329Z] [DEBUG] RSS ok: nz/macos/Utilities/top-free entries=100
[2026-09-16T06:55:47.096Z] [DEBUG] RSS ok: sg/macos/Business/top-free entries=100
[2026-09-16T06:55:57.102Z] [DEBUG] Hits: sg/macos/Business/top-free 3 app(s) found
[2026-09-16T06:55:57.787Z] [DEBUG] RSS ok: sg/macos/Productivity/top-free entries=99
[2026-09-16T06:56:07.794Z] [DEBUG] Hits: sg/macos/Productivity/top-free 4 app(s) found
[2026-09-16T06:56:07.794Z] [INFO] RSS progress: 50/60 (50 ok, 0 error, 142 points)
[2026-09-16T06:56:08.612Z] [DEBUG] RSS ok: sg/macos/Utilities/top-free entries=100
[2026-09-16T06:56:18.619Z] [DEBUG] Hits: sg/macos/Utilities/top-free 1 app(s) found
[2026-09-16T06:56:19.444Z] [DEBUG] RSS ok: in/macos/Business/top-free entries=100
[2026-09-16T06:56:29.449Z] [DEBUG] Hits: in/macos/Business/top-free 3 app(s) found
[2026-09-16T06:56:30.226Z] [DEBUG] RSS ok: in/macos/Productivity/top-free entries=99
[2026-09-16T06:56:40.232Z] [DEBUG] Hits: in/macos/Productivity/top-free 2 app(s) found
[2026-09-16T06:56:41.036Z] [DEBUG] RSS ok: in/macos/Utilities/top-free entries=100
[2026-09-16T06:56:51.747Z] [DEBUG] RSS ok: za/macos/Business/top-free entries=100
[2026-09-16T06:57:01.753Z] [DEBUG] Hits: za/macos/Business/top-free 2 app(s) found
[2026-09-16T06:57:02.648Z] [DEBUG] RSS ok: za/macos/Productivity/top-free entries=99
[2026-09-16T06:57:12.653Z] [DEBUG] Hits: za/macos/Productivity/top-free 3 app(s) found
[2026-09-16T06:57:13.293Z] [DEBUG] RSS ok: za/macos/Utilities/top-free entries=100
[2026-09-16T06:57:23.299Z] [DEBUG] Hits: za/macos/Utilities/top-free 2 app(s) found
[2026-09-16T06:57:24.040Z] [DEBUG] RSS ok: br/macos/Business/top-free entries=100
[2026-09-16T06:57:34.046Z] [DEBUG] Hits: br/macos/Business/top-free 2 app(s) found
[2026-09-16T06:57:34.803Z] [DEBUG] RSS ok: br/macos/Productivity/top-free entries=99
[2026-09-16T06:57:44.809Z] [DEBUG] Hits: br/macos/Productivity/top-free 4 app(s) found
[2026-09-16T06:57:45.504Z] [DEBUG] RSS ok: br/macos/Utilities/top-free entries=100
[2026-09-16T06:57:55.510Z] [DEBUG] Hits: br/macos/Utilities/top-free 1 app(s) found
[2026-09-16T06:57:55.511Z] [INFO] RSS progress: 60/60 (60 ok, 0 error, 162 points)
[2026-09-16T06:57:55.511Z] [INFO] RSS fetch done: 60 ok, 0 error, 162 points
[2026-09-16T06:57:55.511Z] [INFO] Platform max returned: macos = 100
[2026-09-16T06:57:55.511Z] [INFO] RSS results: 60 ok, 0 error, 162 rank points
[2026-09-16T06:57:55.543Z] [INFO] Stored: 60 crawls, 162 points
[2026-09-16T06:57:55.562Z] [INFO] current.json written rows=23
[2026-09-16T06:57:55.563Z] [INFO] Current summary: on_chart=162, not_on_chart=298, depth_limited=0, crawl_error=0, total=460
[2026-09-16T06:57:55.563Z] [INFO] === Crawl complete === 643.9s
[2026-09-16T07:47:12.235Z] [INFO] === Crawl start === ts=2026-09-16T07:00:00Z
[2026-09-16T07:47:12.239Z] [INFO] Config loaded apps=4, platforms=macos, categories=Business,Productivity,Utilities
[2026-09-16T07:47:12.239Z] [INFO] App IDs to track: 23 our=4, competitors=19
[2026-09-16T07:47:12.241Z] [INFO] Lookup cached fetched_at=2026-09-16T00:47:17.547Z, 23 apps
[2026-09-16T07:47:12.241Z] [INFO] RSS requests: 60 countries=20, platforms=macos, categories=Business,Productivity,Utilities
[2026-09-16T07:47:12.242Z] [INFO] RSS fetch start: 60 requests, concurrency=1
[2026-09-16T07:47:12.901Z] [DEBUG] RSS ok: us/macos/Business/top-free entries=100
[2026-09-16T07:47:22.904Z] [DEBUG] Hits: us/macos/Business/top-free 4 app(s) found
[2026-09-16T07:47:23.754Z] [DEBUG] RSS ok: us/macos/Productivity/top-free entries=99
[2026-09-16T07:47:33.759Z] [DEBUG] Hits: us/macos/Productivity/top-free 6 app(s) found
[2026-09-16T07:47:34.401Z] [DEBUG] RSS ok: us/macos/Utilities/top-free entries=100
[2026-09-16T07:47:44.409Z] [DEBUG] Hits: us/macos/Utilities/top-free 1 app(s) found
[2026-09-16T07:47:44.986Z] [DEBUG] RSS ok: gb/macos/Business/top-free entries=100
[2026-09-16T07:47:54.993Z] [DEBUG] Hits: gb/macos/Business/top-free 3 app(s) found
[2026-09-16T07:47:55.819Z] [DEBUG] RSS ok: gb/macos/Productivity/top-free entries=99
[2026-09-16T07:48:05.825Z] [DEBUG] Hits: gb/macos/Productivity/top-free 5 app(s) found
[2026-09-16T07:48:06.432Z] [DEBUG] RSS ok: gb/macos/Utilities/top-free entries=100
[2026-09-16T07:48:16.438Z] [DEBUG] Hits: gb/macos/Utilities/top-free 2 app(s) found
[2026-09-16T07:48:17.360Z] [DEBUG] RSS ok: ca/macos/Business/top-free entries=100
[2026-09-16T07:48:27.366Z] [DEBUG] Hits: ca/macos/Business/top-free 4 app(s) found
[2026-09-16T07:48:28.181Z] [DEBUG] RSS ok: ca/macos/Productivity/top-free entries=99
[2026-09-16T07:48:38.188Z] [DEBUG] Hits: ca/macos/Productivity/top-free 5 app(s) found
[2026-09-16T07:48:39.095Z] [DEBUG] RSS ok: ca/macos/Utilities/top-free entries=100
[2026-09-16T07:48:49.101Z] [DEBUG] Hits: ca/macos/Utilities/top-free 1 app(s) found
[2026-09-16T07:48:49.825Z] [DEBUG] RSS ok: fr/macos/Business/top-free entries=99
[2026-09-16T07:48:59.832Z] [INFO] RSS progress: 10/60 (10 ok, 0 error, 34 points)
[2026-09-16T07:48:59.832Z] [DEBUG] Hits: fr/macos/Business/top-free 3 app(s) found
[2026-09-16T07:49:00.754Z] [DEBUG] RSS ok: fr/macos/Productivity/top-free entries=99
[2026-09-16T07:49:10.761Z] [DEBUG] Hits: fr/macos/Productivity/top-free 5 app(s) found
[2026-09-16T07:49:11.487Z] [DEBUG] RSS ok: fr/macos/Utilities/top-free entries=100
[2026-09-16T07:49:21.494Z] [DEBUG] Hits: fr/macos/Utilities/top-free 3 app(s) found
[2026-09-16T07:49:22.235Z] [DEBUG] RSS ok: de/macos/Business/top-free entries=100
[2026-09-16T07:49:32.911Z] [DEBUG] RSS ok: de/macos/Productivity/top-free entries=99
[2026-09-16T07:49:42.915Z] [DEBUG] Hits: de/macos/Productivity/top-free 4 app(s) found
[2026-09-16T07:49:43.813Z] [DEBUG] RSS ok: de/macos/Utilities/top-free entries=100
[2026-09-16T07:49:53.818Z] [DEBUG] Hits: de/macos/Utilities/top-free 1 app(s) found
[2026-09-16T07:49:54.490Z] [DEBUG] RSS ok: jp/macos/Business/top-free entries=100
[2026-09-16T07:50:04.497Z] [DEBUG] Hits: jp/macos/Business/top-free 2 app(s) found
[2026-09-16T07:50:05.333Z] [DEBUG] RSS ok: jp/macos/Productivity/top-free entries=99
[2026-09-16T07:50:15.339Z] [DEBUG] Hits: jp/macos/Productivity/top-free 3 app(s) found
[2026-09-16T07:50:16.006Z] [DEBUG] RSS ok: jp/macos/Utilities/top-free entries=100
[2026-09-16T07:50:26.006Z] [DEBUG] Hits: jp/macos/Utilities/top-free 5 app(s) found
[2026-09-16T07:50:26.650Z] [DEBUG] RSS ok: au/macos/Business/top-free entries=100
[2026-09-16T07:50:36.656Z] [DEBUG] Hits: au/macos/Business/top-free 3 app(s) found
[2026-09-16T07:50:37.302Z] [DEBUG] RSS ok: au/macos/Productivity/top-free entries=99
[2026-09-16T07:50:47.309Z] [DEBUG] Hits: au/macos/Productivity/top-free 4 app(s) found
[2026-09-16T07:50:47.309Z] [INFO] RSS progress: 20/60 (20 ok, 0 error, 64 points)
[2026-09-16T07:50:48.005Z] [DEBUG] RSS ok: au/macos/Utilities/top-free entries=100
[2026-09-16T07:50:58.011Z] [DEBUG] Hits: au/macos/Utilities/top-free 1 app(s) found
[2026-09-16T07:50:58.678Z] [DEBUG] RSS ok: es/macos/Business/top-free entries=99
[2026-09-16T07:51:08.685Z] [DEBUG] Hits: es/macos/Business/top-free 4 app(s) found
[2026-09-16T07:51:09.503Z] [DEBUG] RSS ok: es/macos/Productivity/top-free entries=99
[2026-09-16T07:51:19.510Z] [DEBUG] Hits: es/macos/Productivity/top-free 5 app(s) found
[2026-09-16T07:51:20.181Z] [DEBUG] RSS ok: es/macos/Utilities/top-free entries=100
[2026-09-16T07:51:30.997Z] [DEBUG] RSS ok: it/macos/Business/top-free entries=99
[2026-09-16T07:51:41.003Z] [DEBUG] Hits: it/macos/Business/top-free 3 app(s) found
[2026-09-16T07:51:41.762Z] [DEBUG] RSS ok: it/macos/Productivity/top-free entries=99
[2026-09-16T07:51:51.769Z] [DEBUG] Hits: it/macos/Productivity/top-free 5 app(s) found
[2026-09-16T07:51:52.529Z] [DEBUG] RSS ok: it/macos/Utilities/top-free entries=100
[2026-09-16T07:52:02.535Z] [DEBUG] Hits: it/macos/Utilities/top-free 1 app(s) found
[2026-09-16T07:52:03.189Z] [DEBUG] RSS ok: pt/macos/Business/top-free entries=100
[2026-09-16T07:52:13.195Z] [DEBUG] Hits: pt/macos/Business/top-free 4 app(s) found
[2026-09-16T07:52:13.958Z] [DEBUG] RSS ok: pt/macos/Productivity/top-free entries=99
[2026-09-16T07:52:23.963Z] [DEBUG] Hits: pt/macos/Productivity/top-free 4 app(s) found
[2026-09-16T07:52:24.562Z] [DEBUG] RSS ok: pt/macos/Utilities/top-free entries=100
[2026-09-16T07:52:34.568Z] [INFO] RSS progress: 30/60 (30 ok, 0 error, 91 points)
[2026-09-16T07:52:35.307Z] [DEBUG] RSS ok: ch/macos/Business/top-free entries=100
[2026-09-16T07:52:45.313Z] [DEBUG] Hits: ch/macos/Business/top-free 3 app(s) found
[2026-09-16T07:52:45.940Z] [DEBUG] RSS ok: ch/macos/Productivity/top-free entries=99
[2026-09-16T07:52:55.947Z] [DEBUG] Hits: ch/macos/Productivity/top-free 4 app(s) found
[2026-09-16T07:52:56.737Z] [DEBUG] RSS ok: ch/macos/Utilities/top-free entries=100
[2026-09-16T07:53:06.743Z] [DEBUG] Hits: ch/macos/Utilities/top-free 2 app(s) found
[2026-09-16T07:53:07.428Z] [DEBUG] RSS ok: be/macos/Business/top-free entries=100
[2026-09-16T07:53:17.435Z] [DEBUG] Hits: be/macos/Business/top-free 4 app(s) found
[2026-09-16T07:53:18.223Z] [DEBUG] RSS ok: be/macos/Productivity/top-free entries=99
[2026-09-16T07:53:28.230Z] [DEBUG] Hits: be/macos/Productivity/top-free 5 app(s) found
[2026-09-16T07:53:28.870Z] [DEBUG] RSS ok: be/macos/Utilities/top-free entries=100
[2026-09-16T07:53:38.876Z] [DEBUG] Hits: be/macos/Utilities/top-free 2 app(s) found
[2026-09-16T07:53:39.511Z] [DEBUG] RSS ok: nl/macos/Business/top-free entries=100
[2026-09-16T07:53:49.517Z] [DEBUG] Hits: nl/macos/Business/top-free 1 app(s) found
[2026-09-16T07:53:50.080Z] [DEBUG] RSS ok: nl/macos/Productivity/top-free entries=99
[2026-09-16T07:54:00.085Z] [DEBUG] Hits: nl/macos/Productivity/top-free 5 app(s) found
[2026-09-16T07:54:00.916Z] [DEBUG] RSS ok: nl/macos/Utilities/top-free entries=100
[2026-09-16T07:54:11.696Z] [DEBUG] RSS ok: tw/macos/Business/top-free entries=100
[2026-09-16T07:54:21.702Z] [DEBUG] Hits: tw/macos/Business/top-free 2 app(s) found
[2026-09-16T07:54:21.702Z] [INFO] RSS progress: 40/60 (40 ok, 0 error, 119 points)
[2026-09-16T07:54:22.529Z] [DEBUG] RSS ok: tw/macos/Productivity/top-free entries=99
[2026-09-16T07:54:32.535Z] [DEBUG] Hits: tw/macos/Productivity/top-free 3 app(s) found
[2026-09-16T07:54:33.217Z] [DEBUG] RSS ok: tw/macos/Utilities/top-free entries=100
[2026-09-16T07:54:44.044Z] [DEBUG] RSS ok: hk/macos/Business/top-free entries=99
[2026-09-16T07:54:54.050Z] [DEBUG] Hits: hk/macos/Business/top-free 2 app(s) found
[2026-09-16T07:54:54.741Z] [DEBUG] RSS ok: hk/macos/Productivity/top-free entries=99
[2026-09-16T07:55:04.746Z] [DEBUG] Hits: hk/macos/Productivity/top-free 3 app(s) found
[2026-09-16T07:55:05.690Z] [DEBUG] RSS ok: hk/macos/Utilities/top-free entries=100
[2026-09-16T07:55:16.541Z] [DEBUG] RSS ok: nz/macos/Business/top-free entries=100
[2026-09-16T07:55:26.548Z] [DEBUG] Hits: nz/macos/Business/top-free 4 app(s) found
[2026-09-16T07:55:27.320Z] [DEBUG] RSS ok: nz/macos/Productivity/top-free entries=99
[2026-09-16T07:55:37.326Z] [DEBUG] Hits: nz/macos/Productivity/top-free 4 app(s) found
[2026-09-16T07:55:38.026Z] [DEBUG] RSS ok: nz/macos/Utilities/top-free entries=100
[2026-09-16T07:55:48.033Z] [DEBUG] Hits: nz/macos/Utilities/top-free 1 app(s) found
[2026-09-16T07:55:49.098Z] [DEBUG] RSS ok: sg/macos/Business/top-free entries=100
[2026-09-16T07:55:59.103Z] [DEBUG] Hits: sg/macos/Business/top-free 3 app(s) found
[2026-09-16T07:55:59.735Z] [DEBUG] RSS ok: sg/macos/Productivity/top-free entries=99
[2026-09-16T07:56:09.742Z] [DEBUG] Hits: sg/macos/Productivity/top-free 4 app(s) found
[2026-09-16T07:56:09.742Z] [INFO] RSS progress: 50/60 (50 ok, 0 error, 143 points)
[2026-09-16T07:56:10.538Z] [DEBUG] RSS ok: sg/macos/Utilities/top-free entries=100
[2026-09-16T07:56:21.251Z] [DEBUG] RSS ok: in/macos/Business/top-free entries=100
[2026-09-16T07:56:31.257Z] [DEBUG] Hits: in/macos/Business/top-free 3 app(s) found
[2026-09-16T07:56:31.961Z] [DEBUG] RSS ok: in/macos/Productivity/top-free entries=99
[2026-09-16T07:56:41.967Z] [DEBUG] Hits: in/macos/Productivity/top-free 2 app(s) found
[2026-09-16T07:56:42.768Z] [DEBUG] RSS ok: in/macos/Utilities/top-free entries=100
[2026-09-16T07:56:53.613Z] [DEBUG] RSS ok: za/macos/Business/top-free entries=100
[2026-09-16T07:57:03.619Z] [DEBUG] Hits: za/macos/Business/top-free 2 app(s) found
[2026-09-16T07:57:04.342Z] [DEBUG] RSS ok: za/macos/Productivity/top-free entries=99
[2026-09-16T07:57:14.350Z] [DEBUG] Hits: za/macos/Productivity/top-free 3 app(s) found
[2026-09-16T07:57:15.156Z] [DEBUG] RSS ok: za/macos/Utilities/top-free entries=100
[2026-09-16T07:57:25.159Z] [DEBUG] Hits: za/macos/Utilities/top-free 2 app(s) found
[2026-09-16T07:57:25.926Z] [DEBUG] RSS ok: br/macos/Business/top-free entries=100
[2026-09-16T07:57:35.932Z] [DEBUG] Hits: br/macos/Business/top-free 2 app(s) found
[2026-09-16T07:57:36.781Z] [DEBUG] RSS ok: br/macos/Productivity/top-free entries=99
[2026-09-16T07:57:46.786Z] [DEBUG] Hits: br/macos/Productivity/top-free 4 app(s) found
[2026-09-16T07:57:47.347Z] [DEBUG] RSS ok: br/macos/Utilities/top-free entries=100
[2026-09-16T07:57:57.353Z] [DEBUG] Hits: br/macos/Utilities/top-free 1 app(s) found
[2026-09-16T07:57:57.353Z] [INFO] RSS progress: 60/60 (60 ok, 0 error, 162 points)
[2026-09-16T07:57:57.353Z] [INFO] RSS fetch done: 60 ok, 0 error, 162 points
[2026-09-16T07:57:57.353Z] [INFO] Platform max returned: macos = 100
[2026-09-16T07:57:57.353Z] [INFO] RSS results: 60 ok, 0 error, 162 rank points
[2026-09-16T07:57:57.398Z] [INFO] Stored: 60 crawls, 162 points
[2026-09-16T07:57:57.416Z] [INFO] current.json written rows=23
[2026-09-16T07:57:57.417Z] [INFO] Current summary: on_chart=162, not_on_chart=298, depth_limited=0, crawl_error=0, total=460
[2026-09-16T07:57:57.417Z] [INFO] === Crawl complete === 645.2s
[2026-09-16T08:47:12.727Z] [INFO] === Crawl start === ts=2026-09-16T08:00:00Z
[2026-09-16T08:47:12.732Z] [INFO] Config loaded apps=4, platforms=macos, categories=Business,Productivity,Utilities
[2026-09-16T08:47:12.732Z] [INFO] App IDs to track: 23 our=4, competitors=19
[2026-09-16T08:47:12.734Z] [INFO] Lookup cached fetched_at=2026-09-16T00:47:17.547Z, 23 apps
[2026-09-16T08:47:12.734Z] [INFO] RSS requests: 60 countries=20, platforms=macos, categories=Business,Productivity,Utilities
[2026-09-16T08:47:12.734Z] [INFO] RSS fetch start: 60 requests, concurrency=1
[2026-09-16T08:47:13.627Z] [DEBUG] RSS ok: us/macos/Business/top-free entries=100
[2026-09-16T08:47:23.630Z] [DEBUG] Hits: us/macos/Business/top-free 4 app(s) found
[2026-09-16T08:47:24.374Z] [DEBUG] RSS ok: us/macos/Productivity/top-free entries=99
[2026-09-16T08:47:34.381Z] [DEBUG] Hits: us/macos/Productivity/top-free 6 app(s) found
[2026-09-16T08:47:35.331Z] [DEBUG] RSS ok: us/macos/Utilities/top-free entries=100
[2026-09-16T08:47:45.338Z] [DEBUG] Hits: us/macos/Utilities/top-free 1 app(s) found
[2026-09-16T08:47:45.930Z] [DEBUG] RSS ok: gb/macos/Business/top-free entries=100
[2026-09-16T08:47:55.935Z] [DEBUG] Hits: gb/macos/Business/top-free 3 app(s) found
[2026-09-16T08:47:56.638Z] [DEBUG] RSS ok: gb/macos/Productivity/top-free entries=99
[2026-09-16T08:48:06.641Z] [DEBUG] Hits: gb/macos/Productivity/top-free 5 app(s) found
[2026-09-16T08:48:07.414Z] [DEBUG] RSS ok: gb/macos/Utilities/top-free entries=100
[2026-09-16T08:48:17.421Z] [DEBUG] Hits: gb/macos/Utilities/top-free 2 app(s) found
[2026-09-16T08:48:18.200Z] [DEBUG] RSS ok: ca/macos/Business/top-free entries=100
[2026-09-16T08:48:28.206Z] [DEBUG] Hits: ca/macos/Business/top-free 4 app(s) found
[2026-09-16T08:48:28.814Z] [DEBUG] RSS ok: ca/macos/Productivity/top-free entries=99
[2026-09-16T08:48:38.821Z] [DEBUG] Hits: ca/macos/Productivity/top-free 5 app(s) found
[2026-09-16T08:48:39.563Z] [DEBUG] RSS ok: ca/macos/Utilities/top-free entries=100
[2026-09-16T08:48:49.570Z] [DEBUG] Hits: ca/macos/Utilities/top-free 1 app(s) found
[2026-09-16T08:48:50.342Z] [DEBUG] RSS ok: fr/macos/Business/top-free entries=99
[2026-09-16T08:49:00.348Z] [DEBUG] Hits: fr/macos/Business/top-free 3 app(s) found
[2026-09-16T08:49:00.348Z] [INFO] RSS progress: 10/60 (10 ok, 0 error, 34 points)
[2026-09-16T08:49:01.279Z] [DEBUG] RSS ok: fr/macos/Productivity/top-free entries=99
[2026-09-16T08:49:11.285Z] [DEBUG] Hits: fr/macos/Productivity/top-free 5 app(s) found
[2026-09-16T08:49:12.110Z] [DEBUG] RSS ok: fr/macos/Utilities/top-free entries=100
[2026-09-16T08:49:22.115Z] [DEBUG] Hits: fr/macos/Utilities/top-free 3 app(s) found
[2026-09-16T08:49:22.973Z] [DEBUG] RSS ok: de/macos/Business/top-free entries=100
[2026-09-16T08:49:33.695Z] [DEBUG] RSS ok: de/macos/Productivity/top-free entries=99
[2026-09-16T08:49:43.696Z] [DEBUG] Hits: de/macos/Productivity/top-free 4 app(s) found
[2026-09-16T08:49:44.502Z] [DEBUG] RSS ok: de/macos/Utilities/top-free entries=100
[2026-09-16T08:49:54.508Z] [DEBUG] Hits: de/macos/Utilities/top-free 1 app(s) found
[2026-09-16T08:49:55.145Z] [DEBUG] RSS ok: jp/macos/Business/top-free entries=100
[2026-09-16T08:50:05.152Z] [DEBUG] Hits: jp/macos/Business/top-free 2 app(s) found
[2026-09-16T08:50:05.823Z] [DEBUG] RSS ok: jp/macos/Productivity/top-free entries=99
[2026-09-16T08:50:15.830Z] [DEBUG] Hits: jp/macos/Productivity/top-free 3 app(s) found
[2026-09-16T08:50:16.644Z] [DEBUG] RSS ok: jp/macos/Utilities/top-free entries=100
[2026-09-16T08:50:26.651Z] [DEBUG] Hits: jp/macos/Utilities/top-free 5 app(s) found
[2026-09-16T08:50:27.389Z] [DEBUG] RSS ok: au/macos/Business/top-free entries=100
[2026-09-16T08:50:37.396Z] [DEBUG] Hits: au/macos/Business/top-free 3 app(s) found
[2026-09-16T08:50:37.985Z] [DEBUG] RSS ok: au/macos/Productivity/top-free entries=99
[2026-09-16T08:50:47.992Z] [DEBUG] Hits: au/macos/Productivity/top-free 4 app(s) found
[2026-09-16T08:50:47.992Z] [INFO] RSS progress: 20/60 (20 ok, 0 error, 64 points)
[2026-09-16T08:50:48.823Z] [DEBUG] RSS ok: au/macos/Utilities/top-free entries=100
[2026-09-16T08:50:58.824Z] [DEBUG] Hits: au/macos/Utilities/top-free 1 app(s) found
[2026-09-16T08:50:59.475Z] [DEBUG] RSS ok: es/macos/Business/top-free entries=99
[2026-09-16T08:51:09.476Z] [DEBUG] Hits: es/macos/Business/top-free 4 app(s) found
[2026-09-16T08:51:10.295Z] [DEBUG] RSS ok: es/macos/Productivity/top-free entries=99
[2026-09-16T08:51:20.302Z] [DEBUG] Hits: es/macos/Productivity/top-free 5 app(s) found
[2026-09-16T08:51:21.024Z] [DEBUG] RSS ok: es/macos/Utilities/top-free entries=100
[2026-09-16T08:51:31.879Z] [DEBUG] RSS ok: it/macos/Business/top-free entries=99
[2026-09-16T08:51:41.886Z] [DEBUG] Hits: it/macos/Business/top-free 3 app(s) found
[2026-09-16T08:51:42.595Z] [DEBUG] RSS ok: it/macos/Productivity/top-free entries=99
[2026-09-16T08:51:52.602Z] [DEBUG] Hits: it/macos/Productivity/top-free 5 app(s) found
[2026-09-16T08:51:53.245Z] [DEBUG] RSS ok: it/macos/Utilities/top-free entries=100
[2026-09-16T08:52:03.252Z] [DEBUG] Hits: it/macos/Utilities/top-free 1 app(s) found
[2026-09-16T08:52:03.954Z] [DEBUG] RSS ok: pt/macos/Business/top-free entries=100
[2026-09-16T08:52:13.958Z] [DEBUG] Hits: pt/macos/Business/top-free 4 app(s) found
[2026-09-16T08:52:14.813Z] [DEBUG] RSS ok: pt/macos/Productivity/top-free entries=99
[2026-09-16T08:52:24.820Z] [DEBUG] Hits: pt/macos/Productivity/top-free 4 app(s) found
[2026-09-16T08:52:25.516Z] [DEBUG] RSS ok: pt/macos/Utilities/top-free entries=100
[2026-09-16T08:52:35.523Z] [INFO] RSS progress: 30/60 (30 ok, 0 error, 91 points)
[2026-09-16T08:52:36.250Z] [DEBUG] RSS ok: ch/macos/Business/top-free entries=100
[2026-09-16T08:52:46.257Z] [DEBUG] Hits: ch/macos/Business/top-free 3 app(s) found
[2026-09-16T08:52:46.978Z] [DEBUG] RSS ok: ch/macos/Productivity/top-free entries=99
[2026-09-16T08:52:56.984Z] [DEBUG] Hits: ch/macos/Productivity/top-free 4 app(s) found
[2026-09-16T08:52:57.813Z] [DEBUG] RSS ok: ch/macos/Utilities/top-free entries=100
[2026-09-16T08:53:07.820Z] [DEBUG] Hits: ch/macos/Utilities/top-free 2 app(s) found
[2026-09-16T08:53:08.400Z] [DEBUG] RSS ok: be/macos/Business/top-free entries=100
[2026-09-16T08:53:18.407Z] [DEBUG] Hits: be/macos/Business/top-free 4 app(s) found
[2026-09-16T08:53:19.152Z] [DEBUG] RSS ok: be/macos/Productivity/top-free entries=99
[2026-09-16T08:53:29.159Z] [DEBUG] Hits: be/macos/Productivity/top-free 5 app(s) found
[2026-09-16T08:53:29.998Z] [DEBUG] RSS ok: be/macos/Utilities/top-free entries=100
[2026-09-16T08:53:40.005Z] [DEBUG] Hits: be/macos/Utilities/top-free 2 app(s) found
[2026-09-16T08:53:40.749Z] [DEBUG] RSS ok: nl/macos/Business/top-free entries=100
[2026-09-16T08:53:50.755Z] [DEBUG] Hits: nl/macos/Business/top-free 1 app(s) found
[2026-09-16T08:53:51.566Z] [DEBUG] RSS ok: nl/macos/Productivity/top-free entries=99
[2026-09-16T08:54:01.566Z] [DEBUG] Hits: nl/macos/Productivity/top-free 5 app(s) found
[2026-09-16T08:54:02.354Z] [DEBUG] RSS ok: nl/macos/Utilities/top-free entries=100
[2026-09-16T08:54:12.987Z] [DEBUG] RSS ok: tw/macos/Business/top-free entries=100
[2026-09-16T08:54:22.994Z] [DEBUG] Hits: tw/macos/Business/top-free 2 app(s) found
[2026-09-16T08:54:22.994Z] [INFO] RSS progress: 40/60 (40 ok, 0 error, 119 points)
[2026-09-16T08:54:23.834Z] [DEBUG] RSS ok: tw/macos/Productivity/top-free entries=99
[2026-09-16T08:54:33.840Z] [DEBUG] Hits: tw/macos/Productivity/top-free 3 app(s) found
[2026-09-16T08:54:34.500Z] [DEBUG] RSS ok: tw/macos/Utilities/top-free entries=100
[2026-09-16T08:54:45.068Z] [DEBUG] RSS ok: hk/macos/Business/top-free entries=99
[2026-09-16T08:54:55.068Z] [DEBUG] Hits: hk/macos/Business/top-free 2 app(s) found
[2026-09-16T08:54:55.637Z] [DEBUG] RSS ok: hk/macos/Productivity/top-free entries=99
[2026-09-16T08:55:05.644Z] [DEBUG] Hits: hk/macos/Productivity/top-free 3 app(s) found
[2026-09-16T08:55:06.447Z] [DEBUG] RSS ok: hk/macos/Utilities/top-free entries=100
[2026-09-16T08:55:17.170Z] [DEBUG] RSS ok: nz/macos/Business/top-free entries=100
[2026-09-16T08:55:27.176Z] [DEBUG] Hits: nz/macos/Business/top-free 4 app(s) found
[2026-09-16T08:55:27.977Z] [DEBUG] RSS ok: nz/macos/Productivity/top-free entries=99
[2026-09-16T08:55:37.982Z] [DEBUG] Hits: nz/macos/Productivity/top-free 4 app(s) found
[2026-09-16T08:55:38.726Z] [DEBUG] RSS ok: nz/macos/Utilities/top-free entries=100
[2026-09-16T08:55:48.732Z] [DEBUG] Hits: nz/macos/Utilities/top-free 1 app(s) found
[2026-09-16T08:55:49.423Z] [DEBUG] RSS ok: sg/macos/Business/top-free entries=100
[2026-09-16T08:55:59.430Z] [DEBUG] Hits: sg/macos/Business/top-free 3 app(s) found
[2026-09-16T08:56:00.009Z] [DEBUG] RSS ok: sg/macos/Productivity/top-free entries=99
[2026-09-16T08:56:10.014Z] [DEBUG] Hits: sg/macos/Productivity/top-free 4 app(s) found
[2026-09-16T08:56:10.015Z] [INFO] RSS progress: 50/60 (50 ok, 0 error, 143 points)
[2026-09-16T08:56:10.617Z] [DEBUG] RSS ok: sg/macos/Utilities/top-free entries=100
[2026-09-16T08:56:21.259Z] [DEBUG] RSS ok: in/macos/Business/top-free entries=100
[2026-09-16T08:56:31.266Z] [DEBUG] Hits: in/macos/Business/top-free 3 app(s) found
[2026-09-16T08:56:31.972Z] [DEBUG] RSS ok: in/macos/Productivity/top-free entries=99
[2026-09-16T08:56:41.978Z] [DEBUG] Hits: in/macos/Productivity/top-free 2 app(s) found
[2026-09-16T08:56:42.778Z] [DEBUG] RSS ok: in/macos/Utilities/top-free entries=100
[2026-09-16T08:56:53.726Z] [DEBUG] RSS ok: za/macos/Business/top-free entries=100
[2026-09-16T08:57:03.733Z] [DEBUG] Hits: za/macos/Business/top-free 2 app(s) found
[2026-09-16T08:57:04.502Z] [DEBUG] RSS ok: za/macos/Productivity/top-free entries=99
[2026-09-16T08:57:14.508Z] [DEBUG] Hits: za/macos/Productivity/top-free 3 app(s) found
[2026-09-16T08:57:15.197Z] [DEBUG] RSS ok: za/macos/Utilities/top-free entries=100
[2026-09-16T08:57:25.203Z] [DEBUG] Hits: za/macos/Utilities/top-free 2 app(s) found
[2026-09-16T08:57:25.841Z] [DEBUG] RSS ok: br/macos/Business/top-free entries=100
[2026-09-16T08:57:35.843Z] [DEBUG] Hits: br/macos/Business/top-free 2 app(s) found
[2026-09-16T08:57:36.733Z] [DEBUG] RSS ok: br/macos/Productivity/top-free entries=99
[2026-09-16T08:57:46.739Z] [DEBUG] Hits: br/macos/Productivity/top-free 4 app(s) found
[2026-09-16T08:57:47.355Z] [DEBUG] RSS ok: br/macos/Utilities/top-free entries=100
[2026-09-16T08:57:57.362Z] [DEBUG] Hits: br/macos/Utilities/top-free 1 app(s) found
[2026-09-16T08:57:57.362Z] [INFO] RSS progress: 60/60 (60 ok, 0 error, 162 points)
[2026-09-16T08:57:57.362Z] [INFO] RSS fetch done: 60 ok, 0 error, 162 points
[2026-09-16T08:57:57.362Z] [INFO] Platform max returned: macos = 100
[2026-09-16T08:57:57.363Z] [INFO] RSS results: 60 ok, 0 error, 162 rank points
[2026-09-16T08:57:57.405Z] [INFO] Stored: 60 crawls, 162 points
[2026-09-16T08:57:57.422Z] [INFO] current.json written rows=23
[2026-09-16T08:57:57.423Z] [INFO] Current summary: on_chart=162, not_on_chart=298, depth_limited=0, crawl_error=0, total=460
[2026-09-16T08:57:57.423Z] [INFO] === Crawl complete === 644.7s
[2026-09-16T09:47:14.564Z] [INFO] === Crawl start === ts=2026-09-16T09:00:00Z
[2026-09-16T09:47:14.568Z] [INFO] App IDs to track: 23 our=4, competitors=19
[2026-09-16T09:47:14.568Z] [INFO] Config loaded apps=4, platforms=macos, categories=Business,Productivity,Utilities
[2026-09-16T09:47:14.570Z] [INFO] Lookup cached fetched_at=2026-09-16T00:47:17.547Z, 23 apps
[2026-09-16T09:47:14.570Z] [INFO] RSS requests: 60 countries=20, platforms=macos, categories=Business,Productivity,Utilities
[2026-09-16T09:47:14.570Z] [INFO] RSS fetch start: 60 requests, concurrency=1
[2026-09-16T09:47:15.489Z] [DEBUG] RSS ok: us/macos/Business/top-free entries=100
[2026-09-16T09:47:25.492Z] [DEBUG] Hits: us/macos/Business/top-free 4 app(s) found
[2026-09-16T09:47:26.493Z] [DEBUG] RSS ok: us/macos/Productivity/top-free entries=99
[2026-09-16T09:47:36.499Z] [DEBUG] Hits: us/macos/Productivity/top-free 6 app(s) found
[2026-09-16T09:47:37.210Z] [DEBUG] RSS ok: us/macos/Utilities/top-free entries=100
[2026-09-16T09:47:47.216Z] [DEBUG] Hits: us/macos/Utilities/top-free 1 app(s) found
[2026-09-16T09:47:47.844Z] [DEBUG] RSS ok: gb/macos/Business/top-free entries=100
[2026-09-16T09:47:57.847Z] [DEBUG] Hits: gb/macos/Business/top-free 3 app(s) found
[2026-09-16T09:47:58.582Z] [DEBUG] RSS ok: gb/macos/Productivity/top-free entries=99
[2026-09-16T09:48:08.589Z] [DEBUG] Hits: gb/macos/Productivity/top-free 5 app(s) found
[2026-09-16T09:48:09.263Z] [DEBUG] RSS ok: gb/macos/Utilities/top-free entries=100
[2026-09-16T09:48:19.269Z] [DEBUG] Hits: gb/macos/Utilities/top-free 2 app(s) found
[2026-09-16T09:48:20.184Z] [DEBUG] RSS ok: ca/macos/Business/top-free entries=100
[2026-09-16T09:48:30.190Z] [DEBUG] Hits: ca/macos/Business/top-free 4 app(s) found
[2026-09-16T09:48:30.971Z] [DEBUG] RSS ok: ca/macos/Productivity/top-free entries=99
[2026-09-16T09:48:40.975Z] [DEBUG] Hits: ca/macos/Productivity/top-free 5 app(s) found
[2026-09-16T09:48:41.736Z] [DEBUG] RSS ok: ca/macos/Utilities/top-free entries=100
[2026-09-16T09:48:51.743Z] [DEBUG] Hits: ca/macos/Utilities/top-free 1 app(s) found
[2026-09-16T09:48:52.642Z] [DEBUG] RSS ok: fr/macos/Business/top-free entries=99
[2026-09-16T09:49:02.649Z] [INFO] RSS progress: 10/60 (10 ok, 0 error, 34 points)
[2026-09-16T09:49:02.649Z] [DEBUG] Hits: fr/macos/Business/top-free 3 app(s) found
[2026-09-16T09:49:03.420Z] [DEBUG] RSS ok: fr/macos/Productivity/top-free entries=99
[2026-09-16T09:49:13.430Z] [DEBUG] Hits: fr/macos/Productivity/top-free 5 app(s) found
[2026-09-16T09:49:14.101Z] [DEBUG] RSS ok: fr/macos/Utilities/top-free entries=100
[2026-09-16T09:49:24.107Z] [DEBUG] Hits: fr/macos/Utilities/top-free 3 app(s) found
[2026-09-16T09:49:24.995Z] [DEBUG] RSS ok: de/macos/Business/top-free entries=100
[2026-09-16T09:49:35.834Z] [DEBUG] RSS ok: de/macos/Productivity/top-free entries=99
[2026-09-16T09:49:45.840Z] [DEBUG] Hits: de/macos/Productivity/top-free 4 app(s) found
[2026-09-16T09:49:46.492Z] [DEBUG] RSS ok: de/macos/Utilities/top-free entries=100
[2026-09-16T09:49:56.498Z] [DEBUG] Hits: de/macos/Utilities/top-free 1 app(s) found
[2026-09-16T09:49:57.200Z] [DEBUG] RSS ok: jp/macos/Business/top-free entries=100
[2026-09-16T09:50:07.205Z] [DEBUG] Hits: jp/macos/Business/top-free 2 app(s) found
[2026-09-16T09:50:07.995Z] [DEBUG] RSS ok: jp/macos/Productivity/top-free entries=99
[2026-09-16T09:50:18.002Z] [DEBUG] Hits: jp/macos/Productivity/top-free 3 app(s) found
[2026-09-16T09:50:18.750Z] [DEBUG] RSS ok: jp/macos/Utilities/top-free entries=100
[2026-09-16T09:50:28.756Z] [DEBUG] Hits: jp/macos/Utilities/top-free 5 app(s) found
[2026-09-16T09:50:29.497Z] [DEBUG] RSS ok: au/macos/Business/top-free entries=100
[2026-09-16T09:50:39.503Z] [DEBUG] Hits: au/macos/Business/top-free 3 app(s) found
[2026-09-16T09:50:40.743Z] [DEBUG] RSS ok: au/macos/Productivity/top-free entries=99
[2026-09-16T09:50:50.749Z] [DEBUG] Hits: au/macos/Productivity/top-free 4 app(s) found
[2026-09-16T09:50:50.749Z] [INFO] RSS progress: 20/60 (20 ok, 0 error, 64 points)
[2026-09-16T09:50:51.837Z] [DEBUG] RSS ok: au/macos/Utilities/top-free entries=100
[2026-09-16T09:51:01.844Z] [DEBUG] Hits: au/macos/Utilities/top-free 1 app(s) found
[2026-09-16T09:51:02.661Z] [DEBUG] RSS ok: es/macos/Business/top-free entries=99
[2026-09-16T09:51:12.667Z] [DEBUG] Hits: es/macos/Business/top-free 4 app(s) found
[2026-09-16T09:51:13.584Z] [DEBUG] RSS ok: es/macos/Productivity/top-free entries=99
[2026-09-16T09:51:23.590Z] [DEBUG] Hits: es/macos/Productivity/top-free 5 app(s) found
[2026-09-16T09:51:24.434Z] [DEBUG] RSS ok: es/macos/Utilities/top-free entries=100
[2026-09-16T09:51:35.402Z] [DEBUG] RSS ok: it/macos/Business/top-free entries=99
[2026-09-16T09:51:45.409Z] [DEBUG] Hits: it/macos/Business/top-free 3 app(s) found
[2026-09-16T09:51:46.411Z] [DEBUG] RSS ok: it/macos/Productivity/top-free entries=99
[2026-09-16T09:51:56.418Z] [DEBUG] Hits: it/macos/Productivity/top-free 5 app(s) found
[2026-09-16T09:51:57.087Z] [DEBUG] RSS ok: it/macos/Utilities/top-free entries=100
[2026-09-16T09:52:07.094Z] [DEBUG] Hits: it/macos/Utilities/top-free 1 app(s) found
[2026-09-16T09:52:07.802Z] [DEBUG] RSS ok: pt/macos/Business/top-free entries=100
[2026-09-16T09:52:17.808Z] [DEBUG] Hits: pt/macos/Business/top-free 4 app(s) found
[2026-09-16T09:52:18.687Z] [DEBUG] RSS ok: pt/macos/Productivity/top-free entries=99
[2026-09-16T09:52:28.693Z] [DEBUG] Hits: pt/macos/Productivity/top-free 4 app(s) found
[2026-09-16T09:52:29.450Z] [DEBUG] RSS ok: pt/macos/Utilities/top-free entries=100
[2026-09-16T09:52:39.456Z] [INFO] RSS progress: 30/60 (30 ok, 0 error, 91 points)
[2026-09-16T09:52:40.464Z] [DEBUG] RSS ok: ch/macos/Business/top-free entries=100
[2026-09-16T09:52:50.470Z] [DEBUG] Hits: ch/macos/Business/top-free 3 app(s) found
[2026-09-16T09:52:51.139Z] [DEBUG] RSS ok: ch/macos/Productivity/top-free entries=99
[2026-09-16T09:53:01.145Z] [DEBUG] Hits: ch/macos/Productivity/top-free 4 app(s) found
[2026-09-16T09:53:02.052Z] [DEBUG] RSS ok: ch/macos/Utilities/top-free entries=100
[2026-09-16T09:53:12.058Z] [DEBUG] Hits: ch/macos/Utilities/top-free 2 app(s) found
[2026-09-16T09:53:12.856Z] [DEBUG] RSS ok: be/macos/Business/top-free entries=100
[2026-09-16T09:53:22.862Z] [DEBUG] Hits: be/macos/Business/top-free 4 app(s) found
[2026-09-16T09:53:23.657Z] [DEBUG] RSS ok: be/macos/Productivity/top-free entries=99
[2026-09-16T09:53:33.663Z] [DEBUG] Hits: be/macos/Productivity/top-free 5 app(s) found
[2026-09-16T09:53:34.486Z] [DEBUG] RSS ok: be/macos/Utilities/top-free entries=100
[2026-09-16T09:53:44.492Z] [DEBUG] Hits: be/macos/Utilities/top-free 2 app(s) found
[2026-09-16T09:53:45.148Z] [DEBUG] RSS ok: nl/macos/Business/top-free entries=100
[2026-09-16T09:53:55.155Z] [DEBUG] Hits: nl/macos/Business/top-free 1 app(s) found
[2026-09-16T09:53:55.826Z] [DEBUG] RSS ok: nl/macos/Productivity/top-free entries=99
[2026-09-16T09:54:05.832Z] [DEBUG] Hits: nl/macos/Productivity/top-free 5 app(s) found
[2026-09-16T09:54:06.464Z] [DEBUG] RSS ok: nl/macos/Utilities/top-free entries=100
[2026-09-16T09:54:17.148Z] [DEBUG] RSS ok: tw/macos/Business/top-free entries=100
[2026-09-16T09:54:27.154Z] [INFO] RSS progress: 40/60 (40 ok, 0 error, 119 points)
[2026-09-16T09:54:27.153Z] [DEBUG] Hits: tw/macos/Business/top-free 2 app(s) found
[2026-09-16T09:54:28.000Z] [DEBUG] RSS ok: tw/macos/Productivity/top-free entries=99
[2026-09-16T09:54:38.007Z] [DEBUG] Hits: tw/macos/Productivity/top-free 3 app(s) found
[2026-09-16T09:54:38.794Z] [DEBUG] RSS ok: tw/macos/Utilities/top-free entries=100
[2026-09-16T09:54:49.506Z] [DEBUG] RSS ok: hk/macos/Business/top-free entries=99
[2026-09-16T09:54:59.512Z] [DEBUG] Hits: hk/macos/Business/top-free 2 app(s) found
[2026-09-16T09:55:00.365Z] [DEBUG] RSS ok: hk/macos/Productivity/top-free entries=99
[2026-09-16T09:55:10.368Z] [DEBUG] Hits: hk/macos/Productivity/top-free 3 app(s) found
[2026-09-16T09:55:11.035Z] [DEBUG] RSS ok: hk/macos/Utilities/top-free entries=100
[2026-09-16T09:55:21.748Z] [DEBUG] RSS ok: nz/macos/Business/top-free entries=100
[2026-09-16T09:55:31.754Z] [DEBUG] Hits: nz/macos/Business/top-free 4 app(s) found
[2026-09-16T09:55:32.403Z] [DEBUG] RSS ok: nz/macos/Productivity/top-free entries=99
[2026-09-16T09:55:42.410Z] [DEBUG] Hits: nz/macos/Productivity/top-free 4 app(s) found
[2026-09-16T09:55:43.166Z] [DEBUG] RSS ok: nz/macos/Utilities/top-free entries=100
[2026-09-16T09:55:53.172Z] [DEBUG] Hits: nz/macos/Utilities/top-free 1 app(s) found
[2026-09-16T09:55:53.785Z] [DEBUG] RSS ok: sg/macos/Business/top-free entries=100
[2026-09-16T09:56:03.791Z] [DEBUG] Hits: sg/macos/Business/top-free 3 app(s) found
[2026-09-16T09:56:04.525Z] [DEBUG] RSS ok: sg/macos/Productivity/top-free entries=99
[2026-09-16T09:56:14.532Z] [DEBUG] Hits: sg/macos/Productivity/top-free 4 app(s) found
[2026-09-16T09:56:14.532Z] [INFO] RSS progress: 50/60 (50 ok, 0 error, 143 points)
[2026-09-16T09:56:15.302Z] [DEBUG] RSS ok: sg/macos/Utilities/top-free entries=100
[2026-09-16T09:56:26.117Z] [DEBUG] RSS ok: in/macos/Business/top-free entries=100
[2026-09-16T09:56:36.123Z] [DEBUG] Hits: in/macos/Business/top-free 3 app(s) found
[2026-09-16T09:56:36.871Z] [DEBUG] RSS ok: in/macos/Productivity/top-free entries=99
[2026-09-16T09:56:46.877Z] [DEBUG] Hits: in/macos/Productivity/top-free 2 app(s) found
[2026-09-16T09:56:47.743Z] [DEBUG] RSS ok: in/macos/Utilities/top-free entries=100
[2026-09-16T09:56:58.775Z] [DEBUG] RSS ok: za/macos/Business/top-free entries=100
[2026-09-16T09:57:08.781Z] [DEBUG] Hits: za/macos/Business/top-free 2 app(s) found
[2026-09-16T09:57:09.674Z] [DEBUG] RSS ok: za/macos/Productivity/top-free entries=99
[2026-09-16T09:57:19.681Z] [DEBUG] Hits: za/macos/Productivity/top-free 3 app(s) found
[2026-09-16T09:57:20.417Z] [DEBUG] RSS ok: za/macos/Utilities/top-free entries=100
[2026-09-16T09:57:30.423Z] [DEBUG] Hits: za/macos/Utilities/top-free 2 app(s) found
[2026-09-16T09:57:31.321Z] [DEBUG] RSS ok: br/macos/Business/top-free entries=100
[2026-09-16T09:57:41.327Z] [DEBUG] Hits: br/macos/Business/top-free 2 app(s) found
[2026-09-16T09:57:42.212Z] [DEBUG] RSS ok: br/macos/Productivity/top-free entries=99
[2026-09-16T09:57:52.219Z] [DEBUG] Hits: br/macos/Productivity/top-free 4 app(s) found
[2026-09-16T09:57:53.167Z] [DEBUG] RSS ok: br/macos/Utilities/top-free entries=100
[2026-09-16T09:58:03.173Z] [DEBUG] Hits: br/macos/Utilities/top-free 1 app(s) found
[2026-09-16T09:58:03.173Z] [INFO] RSS progress: 60/60 (60 ok, 0 error, 162 points)
[2026-09-16T09:58:03.174Z] [INFO] RSS fetch done: 60 ok, 0 error, 162 points
[2026-09-16T09:58:03.174Z] [INFO] Platform max returned: macos = 100
[2026-09-16T09:58:03.174Z] [INFO] RSS results: 60 ok, 0 error, 162 rank points
[2026-09-16T09:58:03.209Z] [INFO] Stored: 60 crawls, 162 points
[2026-09-16T09:58:03.238Z] [INFO] current.json written rows=23
[2026-09-16T09:58:03.239Z] [INFO] Current summary: on_chart=162, not_on_chart=298, depth_limited=0, crawl_error=0, total=460
[2026-09-16T09:58:03.239Z] [INFO] === Crawl complete === 648.7s
[2026-09-16T10:47:11.802Z] [INFO] === Crawl start === ts=2026-09-16T10:00:00Z
[2026-09-16T10:47:11.806Z] [INFO] Config loaded apps=4, platforms=macos, categories=Business,Productivity,Utilities
[2026-09-16T10:47:11.807Z] [INFO] App IDs to track: 23 our=4, competitors=19
[2026-09-16T10:47:11.808Z] [INFO] Lookup cached fetched_at=2026-09-16T00:47:17.547Z, 23 apps
[2026-09-16T10:47:11.809Z] [INFO] RSS requests: 60 countries=20, platforms=macos, categories=Business,Productivity,Utilities
[2026-09-16T10:47:11.809Z] [INFO] RSS fetch start: 60 requests, concurrency=1
[2026-09-16T10:47:12.905Z] [DEBUG] RSS ok: us/macos/Business/top-free entries=100
[2026-09-16T10:47:22.908Z] [DEBUG] Hits: us/macos/Business/top-free 4 app(s) found
[2026-09-16T10:47:23.610Z] [DEBUG] RSS ok: us/macos/Productivity/top-free entries=99
[2026-09-16T10:47:33.617Z] [DEBUG] Hits: us/macos/Productivity/top-free 6 app(s) found
[2026-09-16T10:47:34.271Z] [DEBUG] RSS ok: us/macos/Utilities/top-free entries=100
[2026-09-16T10:47:44.274Z] [DEBUG] Hits: us/macos/Utilities/top-free 1 app(s) found
[2026-09-16T10:47:44.849Z] [DEBUG] RSS ok: gb/macos/Business/top-free entries=100
[2026-09-16T10:47:54.855Z] [DEBUG] Hits: gb/macos/Business/top-free 4 app(s) found
[2026-09-16T10:47:55.539Z] [DEBUG] RSS ok: gb/macos/Productivity/top-free entries=99
[2026-09-16T10:48:05.545Z] [DEBUG] Hits: gb/macos/Productivity/top-free 5 app(s) found
[2026-09-16T10:48:06.190Z] [DEBUG] RSS ok: gb/macos/Utilities/top-free entries=100
[2026-09-16T10:48:16.196Z] [DEBUG] Hits: gb/macos/Utilities/top-free 2 app(s) found
[2026-09-16T10:48:16.794Z] [DEBUG] RSS ok: ca/macos/Business/top-free entries=100
[2026-09-16T10:48:26.801Z] [DEBUG] Hits: ca/macos/Business/top-free 4 app(s) found
[2026-09-16T10:48:27.374Z] [DEBUG] RSS ok: ca/macos/Productivity/top-free entries=99
[2026-09-16T10:48:37.380Z] [DEBUG] Hits: ca/macos/Productivity/top-free 4 app(s) found
[2026-09-16T10:48:38.071Z] [DEBUG] RSS ok: ca/macos/Utilities/top-free entries=100
[2026-09-16T10:48:48.077Z] [DEBUG] Hits: ca/macos/Utilities/top-free 1 app(s) found
[2026-09-16T10:48:48.964Z] [DEBUG] RSS ok: fr/macos/Business/top-free entries=100
[2026-09-16T10:48:58.965Z] [DEBUG] Hits: fr/macos/Business/top-free 3 app(s) found
[2026-09-16T10:48:58.965Z] [INFO] RSS progress: 10/60 (10 ok, 0 error, 34 points)
[2026-09-16T10:48:59.684Z] [DEBUG] RSS ok: fr/macos/Productivity/top-free entries=99
[2026-09-16T10:49:09.691Z] [DEBUG] Hits: fr/macos/Productivity/top-free 5 app(s) found
[2026-09-16T10:49:10.310Z] [DEBUG] RSS ok: fr/macos/Utilities/top-free entries=100
[2026-09-16T10:49:20.316Z] [DEBUG] Hits: fr/macos/Utilities/top-free 2 app(s) found
[2026-09-16T10:49:21.118Z] [DEBUG] RSS ok: de/macos/Business/top-free entries=100
[2026-09-16T10:49:32.028Z] [DEBUG] RSS ok: de/macos/Productivity/top-free entries=99
[2026-09-16T10:49:42.035Z] [DEBUG] Hits: de/macos/Productivity/top-free 4 app(s) found
[2026-09-16T10:49:42.702Z] [DEBUG] RSS ok: de/macos/Utilities/top-free entries=100
[2026-09-16T10:49:52.709Z] [DEBUG] Hits: de/macos/Utilities/top-free 1 app(s) found
[2026-09-16T10:49:53.506Z] [DEBUG] RSS ok: jp/macos/Business/top-free entries=100
[2026-09-16T10:50:03.513Z] [DEBUG] Hits: jp/macos/Business/top-free 2 app(s) found
[2026-09-16T10:50:04.306Z] [DEBUG] RSS ok: jp/macos/Productivity/top-free entries=99
[2026-09-16T10:50:14.309Z] [DEBUG] Hits: jp/macos/Productivity/top-free 2 app(s) found
[2026-09-16T10:50:15.054Z] [DEBUG] RSS ok: jp/macos/Utilities/top-free entries=100
[2026-09-16T10:50:25.060Z] [DEBUG] Hits: jp/macos/Utilities/top-free 5 app(s) found
[2026-09-16T10:50:25.874Z] [DEBUG] RSS ok: au/macos/Business/top-free entries=100
[2026-09-16T10:50:35.880Z] [DEBUG] Hits: au/macos/Business/top-free 3 app(s) found
[2026-09-16T10:50:36.528Z] [DEBUG] RSS ok: au/macos/Productivity/top-free entries=99
[2026-09-16T10:50:46.534Z] [DEBUG] Hits: au/macos/Productivity/top-free 4 app(s) found
[2026-09-16T10:50:46.534Z] [INFO] RSS progress: 20/60 (20 ok, 0 error, 62 points)
[2026-09-16T10:50:47.342Z] [DEBUG] RSS ok: au/macos/Utilities/top-free entries=100
[2026-09-16T10:50:57.349Z] [DEBUG] Hits: au/macos/Utilities/top-free 1 app(s) found
[2026-09-16T10:50:58.065Z] [DEBUG] RSS ok: es/macos/Business/top-free entries=100
[2026-09-16T10:51:08.070Z] [DEBUG] Hits: es/macos/Business/top-free 4 app(s) found
[2026-09-16T10:51:08.739Z] [DEBUG] RSS ok: es/macos/Productivity/top-free entries=99
[2026-09-16T10:51:18.741Z] [DEBUG] Hits: es/macos/Productivity/top-free 5 app(s) found
[2026-09-16T10:51:19.533Z] [DEBUG] RSS ok: es/macos/Utilities/top-free entries=100
[2026-09-16T10:51:29.540Z] [DEBUG] Hits: es/macos/Utilities/top-free 1 app(s) found
[2026-09-16T10:51:30.284Z] [DEBUG] RSS ok: it/macos/Business/top-free entries=99
[2026-09-16T10:51:40.290Z] [DEBUG] Hits: it/macos/Business/top-free 2 app(s) found
[2026-09-16T10:51:41.124Z] [DEBUG] RSS ok: it/macos/Productivity/top-free entries=99
[2026-09-16T10:51:51.129Z] [DEBUG] Hits: it/macos/Productivity/top-free 5 app(s) found
[2026-09-16T10:51:51.826Z] [DEBUG] RSS ok: it/macos/Utilities/top-free entries=100
[2026-09-16T10:52:02.563Z] [DEBUG] RSS ok: pt/macos/Business/top-free entries=100
[2026-09-16T10:52:12.566Z] [DEBUG] Hits: pt/macos/Business/top-free 4 app(s) found
[2026-09-16T10:52:13.287Z] [DEBUG] RSS ok: pt/macos/Productivity/top-free entries=99
[2026-09-16T10:52:23.293Z] [DEBUG] Hits: pt/macos/Productivity/top-free 4 app(s) found
[2026-09-16T10:52:23.955Z] [DEBUG] RSS ok: pt/macos/Utilities/top-free entries=100
[2026-09-16T10:52:33.958Z] [INFO] RSS progress: 30/60 (30 ok, 0 error, 88 points)
[2026-09-16T10:52:34.787Z] [DEBUG] RSS ok: ch/macos/Business/top-free entries=100
[2026-09-16T10:52:44.794Z] [DEBUG] Hits: ch/macos/Business/top-free 3 app(s) found
[2026-09-16T10:52:45.602Z] [DEBUG] RSS ok: ch/macos/Productivity/top-free entries=99
[2026-09-16T10:52:55.605Z] [DEBUG] Hits: ch/macos/Productivity/top-free 4 app(s) found
[2026-09-16T10:52:56.250Z] [DEBUG] RSS ok: ch/macos/Utilities/top-free entries=100
[2026-09-16T10:53:06.257Z] [DEBUG] Hits: ch/macos/Utilities/top-free 2 app(s) found
[2026-09-16T10:53:06.977Z] [DEBUG] RSS ok: be/macos/Business/top-free entries=100
[2026-09-16T10:53:16.983Z] [DEBUG] Hits: be/macos/Business/top-free 4 app(s) found
[2026-09-16T10:53:17.720Z] [DEBUG] RSS ok: be/macos/Productivity/top-free entries=99
[2026-09-16T10:53:27.727Z] [DEBUG] Hits: be/macos/Productivity/top-free 5 app(s) found
[2026-09-16T10:53:28.628Z] [DEBUG] RSS ok: be/macos/Utilities/top-free entries=100
[2026-09-16T10:53:38.634Z] [DEBUG] Hits: be/macos/Utilities/top-free 2 app(s) found
[2026-09-16T10:53:39.441Z] [DEBUG] RSS ok: nl/macos/Business/top-free entries=100
[2026-09-16T10:53:49.443Z] [DEBUG] Hits: nl/macos/Business/top-free 1 app(s) found
[2026-09-16T10:53:50.096Z] [DEBUG] RSS ok: nl/macos/Productivity/top-free entries=99
[2026-09-16T10:54:00.103Z] [DEBUG] Hits: nl/macos/Productivity/top-free 4 app(s) found
[2026-09-16T10:54:00.849Z] [DEBUG] RSS ok: nl/macos/Utilities/top-free entries=100
[2026-09-16T10:54:10.855Z] [DEBUG] Hits: nl/macos/Utilities/top-free 2 app(s) found
[2026-09-16T10:54:11.552Z] [DEBUG] RSS ok: tw/macos/Business/top-free entries=100
[2026-09-16T10:54:21.558Z] [DEBUG] Hits: tw/macos/Business/top-free 2 app(s) found
[2026-09-16T10:54:21.558Z] [INFO] RSS progress: 40/60 (40 ok, 0 error, 117 points)
[2026-09-16T10:54:22.418Z] [DEBUG] RSS ok: tw/macos/Productivity/top-free entries=99
[2026-09-16T10:54:32.424Z] [DEBUG] Hits: tw/macos/Productivity/top-free 2 app(s) found
[2026-09-16T10:54:33.121Z] [DEBUG] RSS ok: tw/macos/Utilities/top-free entries=100
[2026-09-16T10:54:43.888Z] [DEBUG] RSS ok: hk/macos/Business/top-free entries=99
[2026-09-16T10:54:53.894Z] [DEBUG] Hits: hk/macos/Business/top-free 2 app(s) found
[2026-09-16T10:54:54.605Z] [DEBUG] RSS ok: hk/macos/Productivity/top-free entries=99
[2026-09-16T10:55:04.611Z] [DEBUG] Hits: hk/macos/Productivity/top-free 3 app(s) found
[2026-09-16T10:55:05.577Z] [DEBUG] RSS ok: hk/macos/Utilities/top-free entries=100
[2026-09-16T10:55:16.335Z] [DEBUG] RSS ok: nz/macos/Business/top-free entries=100
[2026-09-16T10:55:26.342Z] [DEBUG] Hits: nz/macos/Business/top-free 4 app(s) found
[2026-09-16T10:55:27.203Z] [DEBUG] RSS ok: nz/macos/Productivity/top-free entries=99
[2026-09-16T10:55:37.210Z] [DEBUG] Hits: nz/macos/Productivity/top-free 4 app(s) found
[2026-09-16T10:55:38.153Z] [DEBUG] RSS ok: nz/macos/Utilities/top-free entries=100
[2026-09-16T10:55:48.158Z] [DEBUG] Hits: nz/macos/Utilities/top-free 1 app(s) found
[2026-09-16T10:55:48.837Z] [DEBUG] RSS ok: sg/macos/Business/top-free entries=100
[2026-09-16T10:55:58.843Z] [DEBUG] Hits: sg/macos/Business/top-free 3 app(s) found
[2026-09-16T10:55:59.604Z] [DEBUG] RSS ok: sg/macos/Productivity/top-free entries=99
[2026-09-16T10:56:09.611Z] [DEBUG] Hits: sg/macos/Productivity/top-free 4 app(s) found
[2026-09-16T10:56:09.611Z] [INFO] RSS progress: 50/60 (50 ok, 0 error, 140 points)
[2026-09-16T10:56:10.329Z] [DEBUG] RSS ok: sg/macos/Utilities/top-free entries=100
[2026-09-16T10:56:20.335Z] [DEBUG] Hits: sg/macos/Utilities/top-free 1 app(s) found
[2026-09-16T10:56:21.023Z] [DEBUG] RSS ok: in/macos/Business/top-free entries=100
[2026-09-16T10:56:31.029Z] [DEBUG] Hits: in/macos/Business/top-free 3 app(s) found
[2026-09-16T10:56:31.631Z] [DEBUG] RSS ok: in/macos/Productivity/top-free entries=99
[2026-09-16T10:56:41.637Z] [DEBUG] Hits: in/macos/Productivity/top-free 2 app(s) found
[2026-09-16T10:56:42.364Z] [DEBUG] RSS ok: in/macos/Utilities/top-free entries=100
[2026-09-16T10:56:53.121Z] [DEBUG] RSS ok: za/macos/Business/top-free entries=100
[2026-09-16T10:57:03.127Z] [DEBUG] Hits: za/macos/Business/top-free 3 app(s) found
[2026-09-16T10:57:03.937Z] [DEBUG] RSS ok: za/macos/Productivity/top-free entries=99
[2026-09-16T10:57:13.943Z] [DEBUG] Hits: za/macos/Productivity/top-free 3 app(s) found
[2026-09-16T10:57:14.623Z] [DEBUG] RSS ok: za/macos/Utilities/top-free entries=100
[2026-09-16T10:57:24.628Z] [DEBUG] Hits: za/macos/Utilities/top-free 2 app(s) found
[2026-09-16T10:57:25.453Z] [DEBUG] RSS ok: br/macos/Business/top-free entries=100
[2026-09-16T10:57:35.459Z] [DEBUG] Hits: br/macos/Business/top-free 2 app(s) found
[2026-09-16T10:57:36.284Z] [DEBUG] RSS ok: br/macos/Productivity/top-free entries=99
[2026-09-16T10:57:46.291Z] [DEBUG] Hits: br/macos/Productivity/top-free 4 app(s) found
[2026-09-16T10:57:47.202Z] [DEBUG] RSS ok: br/macos/Utilities/top-free entries=100
[2026-09-16T10:57:57.205Z] [DEBUG] Hits: br/macos/Utilities/top-free 1 app(s) found
[2026-09-16T10:57:57.205Z] [INFO] RSS progress: 60/60 (60 ok, 0 error, 161 points)
[2026-09-16T10:57:57.205Z] [INFO] Platform max returned: macos = 100
[2026-09-16T10:57:57.205Z] [INFO] RSS fetch done: 60 ok, 0 error, 161 points
[2026-09-16T10:57:57.206Z] [INFO] RSS results: 60 ok, 0 error, 161 rank points
[2026-09-16T10:57:57.238Z] [INFO] Stored: 60 crawls, 161 points
[2026-09-16T10:57:57.267Z] [INFO] current.json written rows=23
[2026-09-16T10:57:57.268Z] [INFO] Current summary: on_chart=161, not_on_chart=299, depth_limited=0, crawl_error=0, total=460
[2026-09-16T10:57:57.268Z] [INFO] === Crawl complete === 645.5s
[2026-09-16T11:47:12.470Z] [INFO] === Crawl start === ts=2026-09-16T11:00:00Z
[2026-09-16T11:47:12.474Z] [INFO] Config loaded apps=4, platforms=macos, categories=Business,Productivity,Utilities
[2026-09-16T11:47:12.474Z] [INFO] App IDs to track: 23 our=4, competitors=19
[2026-09-16T11:47:12.476Z] [INFO] Lookup cached fetched_at=2026-09-16T00:47:17.547Z, 23 apps
[2026-09-16T11:47:12.477Z] [INFO] RSS requests: 60 countries=20, platforms=macos, categories=Business,Productivity,Utilities
[2026-09-16T11:47:12.477Z] [INFO] RSS fetch start: 60 requests, concurrency=1
[2026-09-16T11:47:13.523Z] [DEBUG] RSS ok: us/macos/Business/top-free entries=100
[2026-09-16T11:47:23.526Z] [DEBUG] Hits: us/macos/Business/top-free 4 app(s) found
[2026-09-16T11:47:24.371Z] [DEBUG] RSS ok: us/macos/Productivity/top-free entries=99
[2026-09-16T11:47:34.377Z] [DEBUG] Hits: us/macos/Productivity/top-free 6 app(s) found
[2026-09-16T11:47:35.043Z] [DEBUG] RSS ok: us/macos/Utilities/top-free entries=100
[2026-09-16T11:47:45.050Z] [DEBUG] Hits: us/macos/Utilities/top-free 1 app(s) found
[2026-09-16T11:47:45.889Z] [DEBUG] RSS ok: gb/macos/Business/top-free entries=100
[2026-09-16T11:47:55.894Z] [DEBUG] Hits: gb/macos/Business/top-free 4 app(s) found
[2026-09-16T11:47:56.758Z] [DEBUG] RSS ok: gb/macos/Productivity/top-free entries=99
[2026-09-16T11:48:06.764Z] [DEBUG] Hits: gb/macos/Productivity/top-free 5 app(s) found
[2026-09-16T11:48:07.500Z] [DEBUG] RSS ok: gb/macos/Utilities/top-free entries=100
[2026-09-16T11:48:17.506Z] [DEBUG] Hits: gb/macos/Utilities/top-free 2 app(s) found
[2026-09-16T11:48:18.348Z] [DEBUG] RSS ok: ca/macos/Business/top-free entries=100
[2026-09-16T11:48:28.355Z] [DEBUG] Hits: ca/macos/Business/top-free 4 app(s) found
[2026-09-16T11:48:29.028Z] [DEBUG] RSS ok: ca/macos/Productivity/top-free entries=99
[2026-09-16T11:48:39.034Z] [DEBUG] Hits: ca/macos/Productivity/top-free 4 app(s) found
[2026-09-16T11:48:39.826Z] [DEBUG] RSS ok: ca/macos/Utilities/top-free entries=100
[2026-09-16T11:48:49.832Z] [DEBUG] Hits: ca/macos/Utilities/top-free 1 app(s) found
[2026-09-16T11:48:50.757Z] [DEBUG] RSS ok: fr/macos/Business/top-free entries=100
[2026-09-16T11:49:00.763Z] [DEBUG] Hits: fr/macos/Business/top-free 3 app(s) found
[2026-09-16T11:49:00.763Z] [INFO] RSS progress: 10/60 (10 ok, 0 error, 34 points)
[2026-09-16T11:49:01.743Z] [DEBUG] RSS ok: fr/macos/Productivity/top-free entries=99
[2026-09-16T11:49:11.750Z] [DEBUG] Hits: fr/macos/Productivity/top-free 5 app(s) found
[2026-09-16T11:49:12.665Z] [DEBUG] RSS ok: fr/macos/Utilities/top-free entries=100
[2026-09-16T11:49:22.671Z] [DEBUG] Hits: fr/macos/Utilities/top-free 2 app(s) found
[2026-09-16T11:49:23.406Z] [DEBUG] RSS ok: de/macos/Business/top-free entries=100
[2026-09-16T11:49:34.263Z] [DEBUG] RSS ok: de/macos/Productivity/top-free entries=99
[2026-09-16T11:49:44.269Z] [DEBUG] Hits: de/macos/Productivity/top-free 4 app(s) found
[2026-09-16T11:49:45.286Z] [DEBUG] RSS ok: de/macos/Utilities/top-free entries=100
[2026-09-16T11:49:55.292Z] [DEBUG] Hits: de/macos/Utilities/top-free 1 app(s) found
[2026-09-16T11:49:56.275Z] [DEBUG] RSS ok: jp/macos/Business/top-free entries=100
[2026-09-16T11:50:06.279Z] [DEBUG] Hits: jp/macos/Business/top-free 2 app(s) found
[2026-09-16T11:50:07.076Z] [DEBUG] RSS ok: jp/macos/Productivity/top-free entries=99
[2026-09-16T11:50:17.082Z] [DEBUG] Hits: jp/macos/Productivity/top-free 2 app(s) found
[2026-09-16T11:50:17.833Z] [DEBUG] RSS ok: jp/macos/Utilities/top-free entries=100
[2026-09-16T11:50:27.839Z] [DEBUG] Hits: jp/macos/Utilities/top-free 5 app(s) found
[2026-09-16T11:50:28.661Z] [DEBUG] RSS ok: au/macos/Business/top-free entries=100
[2026-09-16T11:50:38.667Z] [DEBUG] Hits: au/macos/Business/top-free 3 app(s) found
[2026-09-16T11:50:39.485Z] [DEBUG] RSS ok: au/macos/Productivity/top-free entries=99
[2026-09-16T11:50:49.486Z] [DEBUG] Hits: au/macos/Productivity/top-free 4 app(s) found
[2026-09-16T11:50:49.487Z] [INFO] RSS progress: 20/60 (20 ok, 0 error, 62 points)
[2026-09-16T11:50:50.272Z] [DEBUG] RSS ok: au/macos/Utilities/top-free entries=100
[2026-09-16T11:51:00.278Z] [DEBUG] Hits: au/macos/Utilities/top-free 1 app(s) found
[2026-09-16T11:51:01.078Z] [DEBUG] RSS ok: es/macos/Business/top-free entries=100
[2026-09-16T11:51:11.079Z] [DEBUG] Hits: es/macos/Business/top-free 4 app(s) found
[2026-09-16T11:51:11.851Z] [DEBUG] RSS ok: es/macos/Productivity/top-free entries=99
[2026-09-16T11:51:21.858Z] [DEBUG] Hits: es/macos/Productivity/top-free 5 app(s) found
[2026-09-16T11:51:22.756Z] [DEBUG] RSS ok: es/macos/Utilities/top-free entries=100
[2026-09-16T11:51:32.763Z] [DEBUG] Hits: es/macos/Utilities/top-free 1 app(s) found
[2026-09-16T11:51:33.856Z] [DEBUG] RSS ok: it/macos/Business/top-free entries=99
[2026-09-16T11:51:43.862Z] [DEBUG] Hits: it/macos/Business/top-free 2 app(s) found
[2026-09-16T11:51:44.746Z] [DEBUG] RSS ok: it/macos/Productivity/top-free entries=99
[2026-09-16T11:51:54.751Z] [DEBUG] Hits: it/macos/Productivity/top-free 5 app(s) found
[2026-09-16T11:51:55.603Z] [DEBUG] RSS ok: it/macos/Utilities/top-free entries=100
[2026-09-16T11:52:06.414Z] [DEBUG] RSS ok: pt/macos/Business/top-free entries=100
[2026-09-16T11:52:16.421Z] [DEBUG] Hits: pt/macos/Business/top-free 4 app(s) found
[2026-09-16T11:52:17.325Z] [DEBUG] RSS ok: pt/macos/Productivity/top-free entries=99
[2026-09-16T11:52:27.331Z] [DEBUG] Hits: pt/macos/Productivity/top-free 4 app(s) found
[2026-09-16T11:52:28.518Z] [DEBUG] RSS ok: pt/macos/Utilities/top-free entries=100
[2026-09-16T11:52:38.523Z] [INFO] RSS progress: 30/60 (30 ok, 0 error, 88 points)
[2026-09-16T11:52:39.453Z] [DEBUG] RSS ok: ch/macos/Business/top-free entries=100
[2026-09-16T11:52:49.459Z] [DEBUG] Hits: ch/macos/Business/top-free 3 app(s) found
[2026-09-16T11:52:50.298Z] [DEBUG] RSS ok: ch/macos/Productivity/top-free entries=99
[2026-09-16T11:53:00.303Z] [DEBUG] Hits: ch/macos/Productivity/top-free 4 app(s) found
[2026-09-16T11:53:01.397Z] [DEBUG] RSS ok: ch/macos/Utilities/top-free entries=100
[2026-09-16T11:53:11.399Z] [DEBUG] Hits: ch/macos/Utilities/top-free 2 app(s) found
[2026-09-16T11:53:12.219Z] [DEBUG] RSS ok: be/macos/Business/top-free entries=100
[2026-09-16T11:53:22.225Z] [DEBUG] Hits: be/macos/Business/top-free 4 app(s) found
[2026-09-16T11:53:23.165Z] [DEBUG] RSS ok: be/macos/Productivity/top-free entries=99
[2026-09-16T11:53:33.171Z] [DEBUG] Hits: be/macos/Productivity/top-free 5 app(s) found
[2026-09-16T11:53:34.084Z] [DEBUG] RSS ok: be/macos/Utilities/top-free entries=100
[2026-09-16T11:53:44.086Z] [DEBUG] Hits: be/macos/Utilities/top-free 2 app(s) found
[2026-09-16T11:53:44.806Z] [DEBUG] RSS ok: nl/macos/Business/top-free entries=100
[2026-09-16T11:53:54.812Z] [DEBUG] Hits: nl/macos/Business/top-free 1 app(s) found
[2026-09-16T11:53:55.621Z] [DEBUG] RSS ok: nl/macos/Productivity/top-free entries=99
[2026-09-16T11:54:05.627Z] [DEBUG] Hits: nl/macos/Productivity/top-free 4 app(s) found
[2026-09-16T11:54:06.499Z] [DEBUG] RSS ok: nl/macos/Utilities/top-free entries=100
[2026-09-16T11:54:16.503Z] [DEBUG] Hits: nl/macos/Utilities/top-free 2 app(s) found
[2026-09-16T11:54:17.358Z] [DEBUG] RSS ok: tw/macos/Business/top-free entries=100
[2026-09-16T11:54:27.365Z] [DEBUG] Hits: tw/macos/Business/top-free 2 app(s) found
[2026-09-16T11:54:27.365Z] [INFO] RSS progress: 40/60 (40 ok, 0 error, 117 points)
[2026-09-16T11:54:28.293Z] [DEBUG] RSS ok: tw/macos/Productivity/top-free entries=99
[2026-09-16T11:54:38.299Z] [DEBUG] Hits: tw/macos/Productivity/top-free 2 app(s) found
[2026-09-16T11:54:39.090Z] [DEBUG] RSS ok: tw/macos/Utilities/top-free entries=100
[2026-09-16T11:54:49.825Z] [DEBUG] RSS ok: hk/macos/Business/top-free entries=99
[2026-09-16T11:54:59.831Z] [DEBUG] Hits: hk/macos/Business/top-free 2 app(s) found
[2026-09-16T11:55:00.625Z] [DEBUG] RSS ok: hk/macos/Productivity/top-free entries=99
[2026-09-16T11:55:10.631Z] [DEBUG] Hits: hk/macos/Productivity/top-free 3 app(s) found
[2026-09-16T11:55:11.391Z] [DEBUG] RSS ok: hk/macos/Utilities/top-free entries=100
[2026-09-16T11:55:22.316Z] [DEBUG] RSS ok: nz/macos/Business/top-free entries=100
[2026-09-16T11:55:32.323Z] [DEBUG] Hits: nz/macos/Business/top-free 4 app(s) found
[2026-09-16T11:55:33.121Z] [DEBUG] RSS ok: nz/macos/Productivity/top-free entries=99
[2026-09-16T11:55:43.127Z] [DEBUG] Hits: nz/macos/Productivity/top-free 4 app(s) found
[2026-09-16T11:55:43.940Z] [DEBUG] RSS ok: nz/macos/Utilities/top-free entries=100
[2026-09-16T11:55:53.946Z] [DEBUG] Hits: nz/macos/Utilities/top-free 1 app(s) found
[2026-09-16T11:55:54.791Z] [DEBUG] RSS ok: sg/macos/Business/top-free entries=100
[2026-09-16T11:56:04.797Z] [DEBUG] Hits: sg/macos/Business/top-free 3 app(s) found
[2026-09-16T11:56:05.748Z] [DEBUG] RSS ok: sg/macos/Productivity/top-free entries=99
[2026-09-16T11:56:15.754Z] [DEBUG] Hits: sg/macos/Productivity/top-free 4 app(s) found
[2026-09-16T11:56:15.754Z] [INFO] RSS progress: 50/60 (50 ok, 0 error, 140 points)
[2026-09-16T11:56:16.754Z] [DEBUG] RSS ok: sg/macos/Utilities/top-free entries=100
[2026-09-16T11:56:26.759Z] [DEBUG] Hits: sg/macos/Utilities/top-free 1 app(s) found
[2026-09-16T11:56:27.500Z] [DEBUG] RSS ok: in/macos/Business/top-free entries=100
[2026-09-16T11:56:37.507Z] [DEBUG] Hits: in/macos/Business/top-free 3 app(s) found
[2026-09-16T11:56:38.368Z] [DEBUG] RSS ok: in/macos/Productivity/top-free entries=99
[2026-09-16T11:56:48.374Z] [DEBUG] Hits: in/macos/Productivity/top-free 2 app(s) found
[2026-09-16T11:56:49.103Z] [DEBUG] RSS ok: in/macos/Utilities/top-free entries=100
[2026-09-16T11:57:00.237Z] [DEBUG] RSS ok: za/macos/Business/top-free entries=100
[2026-09-16T11:57:10.243Z] [DEBUG] Hits: za/macos/Business/top-free 3 app(s) found
[2026-09-16T11:57:11.116Z] [DEBUG] RSS ok: za/macos/Productivity/top-free entries=99
[2026-09-16T11:57:21.122Z] [DEBUG] Hits: za/macos/Productivity/top-free 3 app(s) found
[2026-09-16T11:57:22.066Z] [DEBUG] RSS ok: za/macos/Utilities/top-free entries=100
[2026-09-16T11:57:32.073Z] [DEBUG] Hits: za/macos/Utilities/top-free 2 app(s) found
[2026-09-16T11:57:33.023Z] [DEBUG] RSS ok: br/macos/Business/top-free entries=100
[2026-09-16T11:57:43.028Z] [DEBUG] Hits: br/macos/Business/top-free 2 app(s) found
[2026-09-16T11:57:43.923Z] [DEBUG] RSS ok: br/macos/Productivity/top-free entries=99
[2026-09-16T11:57:53.930Z] [DEBUG] Hits: br/macos/Productivity/top-free 4 app(s) found
[2026-09-16T11:57:54.805Z] [DEBUG] RSS ok: br/macos/Utilities/top-free entries=100
[2026-09-16T11:58:04.807Z] [DEBUG] Hits: br/macos/Utilities/top-free 1 app(s) found
[2026-09-16T11:58:04.807Z] [INFO] RSS progress: 60/60 (60 ok, 0 error, 161 points)
[2026-09-16T11:58:04.807Z] [INFO] RSS fetch done: 60 ok, 0 error, 161 points
[2026-09-16T11:58:04.807Z] [INFO] Platform max returned: macos = 100
[2026-09-16T11:58:04.808Z] [INFO] RSS results: 60 ok, 0 error, 161 rank points
[2026-09-16T11:58:04.849Z] [INFO] Stored: 60 crawls, 161 points
[2026-09-16T11:58:04.877Z] [INFO] current.json written rows=23
[2026-09-16T11:58:04.878Z] [INFO] Current summary: on_chart=161, not_on_chart=299, depth_limited=0, crawl_error=0, total=460
[2026-09-16T11:58:04.878Z] [INFO] === Crawl complete === 652.4s
[2026-09-16T12:47:14.342Z] [INFO] === Crawl start === ts=2026-09-16T12:00:00Z
[2026-09-16T12:47:14.347Z] [INFO] Config loaded apps=4, platforms=macos, categories=Business,Productivity,Utilities
[2026-09-16T12:47:14.347Z] [INFO] App IDs to track: 23 our=4, competitors=19
[2026-09-16T12:47:14.348Z] [INFO] Lookup cached fetched_at=2026-09-16T00:47:17.547Z, 23 apps
[2026-09-16T12:47:14.349Z] [INFO] RSS requests: 60 countries=20, platforms=macos, categories=Business,Productivity,Utilities
[2026-09-16T12:47:14.349Z] [INFO] RSS fetch start: 60 requests, concurrency=1
[2026-09-16T12:47:15.138Z] [DEBUG] RSS ok: us/macos/Business/top-free entries=100
[2026-09-16T12:47:25.143Z] [DEBUG] Hits: us/macos/Business/top-free 4 app(s) found
[2026-09-16T12:47:25.881Z] [DEBUG] RSS ok: us/macos/Productivity/top-free entries=99
[2026-09-16T12:47:35.887Z] [DEBUG] Hits: us/macos/Productivity/top-free 6 app(s) found
[2026-09-16T12:47:37.848Z] [DEBUG] RSS ok: us/macos/Utilities/top-free entries=100
[2026-09-16T12:47:47.854Z] [DEBUG] Hits: us/macos/Utilities/top-free 1 app(s) found
[2026-09-16T12:47:48.666Z] [DEBUG] RSS ok: gb/macos/Business/top-free entries=100
[2026-09-16T12:47:58.673Z] [DEBUG] Hits: gb/macos/Business/top-free 4 app(s) found
[2026-09-16T12:47:59.427Z] [DEBUG] RSS ok: gb/macos/Productivity/top-free entries=99
[2026-09-16T12:48:09.428Z] [DEBUG] Hits: gb/macos/Productivity/top-free 5 app(s) found
[2026-09-16T12:48:10.148Z] [DEBUG] RSS ok: gb/macos/Utilities/top-free entries=100
[2026-09-16T12:48:20.154Z] [DEBUG] Hits: gb/macos/Utilities/top-free 2 app(s) found
[2026-09-16T12:48:20.833Z] [DEBUG] RSS ok: ca/macos/Business/top-free entries=100
[2026-09-16T12:48:30.840Z] [DEBUG] Hits: ca/macos/Business/top-free 4 app(s) found
[2026-09-16T12:48:31.542Z] [DEBUG] RSS ok: ca/macos/Productivity/top-free entries=99
[2026-09-16T12:48:41.548Z] [DEBUG] Hits: ca/macos/Productivity/top-free 4 app(s) found
[2026-09-16T12:48:42.328Z] [DEBUG] RSS ok: ca/macos/Utilities/top-free entries=100
[2026-09-16T12:48:52.335Z] [DEBUG] Hits: ca/macos/Utilities/top-free 1 app(s) found
[2026-09-16T12:48:53.165Z] [DEBUG] RSS ok: fr/macos/Business/top-free entries=100
[2026-09-16T12:49:03.171Z] [DEBUG] Hits: fr/macos/Business/top-free 3 app(s) found
[2026-09-16T12:49:03.171Z] [INFO] RSS progress: 10/60 (10 ok, 0 error, 34 points)
[2026-09-16T12:49:03.898Z] [DEBUG] RSS ok: fr/macos/Productivity/top-free entries=99
[2026-09-16T12:49:13.904Z] [DEBUG] Hits: fr/macos/Productivity/top-free 5 app(s) found
[2026-09-16T12:49:14.574Z] [DEBUG] RSS ok: fr/macos/Utilities/top-free entries=100
[2026-09-16T12:49:24.580Z] [DEBUG] Hits: fr/macos/Utilities/top-free 2 app(s) found
[2026-09-16T12:49:25.312Z] [DEBUG] RSS ok: de/macos/Business/top-free entries=100
[2026-09-16T12:49:36.115Z] [DEBUG] RSS ok: de/macos/Productivity/top-free entries=99
[2026-09-16T12:49:46.121Z] [DEBUG] Hits: de/macos/Productivity/top-free 4 app(s) found
[2026-09-16T12:49:46.838Z] [DEBUG] RSS ok: de/macos/Utilities/top-free entries=100
[2026-09-16T12:49:56.845Z] [DEBUG] Hits: de/macos/Utilities/top-free 1 app(s) found
[2026-09-16T12:49:57.818Z] [DEBUG] RSS ok: jp/macos/Business/top-free entries=100
[2026-09-16T12:50:07.824Z] [DEBUG] Hits: jp/macos/Business/top-free 2 app(s) found
[2026-09-16T12:50:08.599Z] [DEBUG] RSS ok: jp/macos/Productivity/top-free entries=99
[2026-09-16T12:50:18.605Z] [DEBUG] Hits: jp/macos/Productivity/top-free 2 app(s) found
[2026-09-16T12:50:19.372Z] [DEBUG] RSS ok: jp/macos/Utilities/top-free entries=100
[2026-09-16T12:50:29.378Z] [DEBUG] Hits: jp/macos/Utilities/top-free 5 app(s) found
[2026-09-16T12:50:30.155Z] [DEBUG] RSS ok: au/macos/Business/top-free entries=100
[2026-09-16T12:50:40.161Z] [DEBUG] Hits: au/macos/Business/top-free 3 app(s) found
[2026-09-16T12:50:40.921Z] [DEBUG] RSS ok: au/macos/Productivity/top-free entries=99
[2026-09-16T12:50:50.927Z] [DEBUG] Hits: au/macos/Productivity/top-free 4 app(s) found
[2026-09-16T12:50:50.927Z] [INFO] RSS progress: 20/60 (20 ok, 0 error, 62 points)
[2026-09-16T12:50:51.746Z] [DEBUG] RSS ok: au/macos/Utilities/top-free entries=100
[2026-09-16T12:51:01.752Z] [DEBUG] Hits: au/macos/Utilities/top-free 1 app(s) found
[2026-09-16T12:51:02.590Z] [DEBUG] RSS ok: es/macos/Business/top-free entries=100
[2026-09-16T12:51:12.597Z] [DEBUG] Hits: es/macos/Business/top-free 4 app(s) found
[2026-09-16T12:51:13.340Z] [DEBUG] RSS ok: es/macos/Productivity/top-free entries=99
[2026-09-16T12:51:23.346Z] [DEBUG] Hits: es/macos/Productivity/top-free 5 app(s) found
[2026-09-16T12:51:24.105Z] [DEBUG] RSS ok: es/macos/Utilities/top-free entries=100
[2026-09-16T12:51:34.111Z] [DEBUG] Hits: es/macos/Utilities/top-free 1 app(s) found
[2026-09-16T12:51:34.906Z] [DEBUG] RSS ok: it/macos/Business/top-free entries=99
[2026-09-16T12:51:44.912Z] [DEBUG] Hits: it/macos/Business/top-free 2 app(s) found
[2026-09-16T12:51:45.898Z] [DEBUG] RSS ok: it/macos/Productivity/top-free entries=99
[2026-09-16T12:51:55.904Z] [DEBUG] Hits: it/macos/Productivity/top-free 5 app(s) found
[2026-09-16T12:51:56.826Z] [DEBUG] RSS ok: it/macos/Utilities/top-free entries=100
[2026-09-16T12:52:07.665Z] [DEBUG] RSS ok: pt/macos/Business/top-free entries=100
[2026-09-16T12:52:17.671Z] [DEBUG] Hits: pt/macos/Business/top-free 4 app(s) found
[2026-09-16T12:52:18.413Z] [DEBUG] RSS ok: pt/macos/Productivity/top-free entries=99
[2026-09-16T12:52:28.419Z] [DEBUG] Hits: pt/macos/Productivity/top-free 4 app(s) found
[2026-09-16T12:52:29.366Z] [DEBUG] RSS ok: pt/macos/Utilities/top-free entries=100
[2026-09-16T12:52:39.372Z] [INFO] RSS progress: 30/60 (30 ok, 0 error, 88 points)
[2026-09-16T12:52:40.186Z] [DEBUG] RSS ok: ch/macos/Business/top-free entries=100
[2026-09-16T12:52:50.193Z] [DEBUG] Hits: ch/macos/Business/top-free 3 app(s) found
[2026-09-16T12:52:50.972Z] [DEBUG] RSS ok: ch/macos/Productivity/top-free entries=99
[2026-09-16T12:53:00.979Z] [DEBUG] Hits: ch/macos/Productivity/top-free 4 app(s) found
[2026-09-16T12:53:01.797Z] [DEBUG] RSS ok: ch/macos/Utilities/top-free entries=100
[2026-09-16T12:53:11.804Z] [DEBUG] Hits: ch/macos/Utilities/top-free 2 app(s) found
[2026-09-16T12:53:12.493Z] [DEBUG] RSS ok: be/macos/Business/top-free entries=100
[2026-09-16T12:53:22.499Z] [DEBUG] Hits: be/macos/Business/top-free 4 app(s) found
[2026-09-16T12:53:23.273Z] [DEBUG] RSS ok: be/macos/Productivity/top-free entries=99
[2026-09-16T12:53:33.279Z] [DEBUG] Hits: be/macos/Productivity/top-free 5 app(s) found
[2026-09-16T12:53:34.584Z] [DEBUG] RSS ok: be/macos/Utilities/top-free entries=100
[2026-09-16T12:53:44.591Z] [DEBUG] Hits: be/macos/Utilities/top-free 2 app(s) found
[2026-09-16T12:53:45.215Z] [DEBUG] RSS ok: nl/macos/Business/top-free entries=100
[2026-09-16T12:53:55.221Z] [DEBUG] Hits: nl/macos/Business/top-free 1 app(s) found
[2026-09-16T12:53:55.980Z] [DEBUG] RSS ok: nl/macos/Productivity/top-free entries=99
[2026-09-16T12:54:05.986Z] [DEBUG] Hits: nl/macos/Productivity/top-free 4 app(s) found
[2026-09-16T12:54:06.925Z] [DEBUG] RSS ok: nl/macos/Utilities/top-free entries=100
[2026-09-16T12:54:16.931Z] [DEBUG] Hits: nl/macos/Utilities/top-free 2 app(s) found
[2026-09-16T12:54:17.942Z] [DEBUG] RSS ok: tw/macos/Business/top-free entries=100
[2026-09-16T12:54:27.948Z] [DEBUG] Hits: tw/macos/Business/top-free 2 app(s) found
[2026-09-16T12:54:27.948Z] [INFO] RSS progress: 40/60 (40 ok, 0 error, 117 points)
[2026-09-16T12:54:28.903Z] [DEBUG] RSS ok: tw/macos/Productivity/top-free entries=99
[2026-09-16T12:54:38.909Z] [DEBUG] Hits: tw/macos/Productivity/top-free 2 app(s) found
[2026-09-16T12:54:39.750Z] [DEBUG] RSS ok: tw/macos/Utilities/top-free entries=100
[2026-09-16T12:54:50.639Z] [DEBUG] RSS ok: hk/macos/Business/top-free entries=99
[2026-09-16T12:55:00.645Z] [DEBUG] Hits: hk/macos/Business/top-free 2 app(s) found
[2026-09-16T12:55:01.446Z] [DEBUG] RSS ok: hk/macos/Productivity/top-free entries=99
[2026-09-16T12:55:11.453Z] [DEBUG] Hits: hk/macos/Productivity/top-free 3 app(s) found
[2026-09-16T12:55:12.358Z] [DEBUG] RSS ok: hk/macos/Utilities/top-free entries=100
[2026-09-16T12:55:23.173Z] [DEBUG] RSS ok: nz/macos/Business/top-free entries=100
[2026-09-16T12:55:33.180Z] [DEBUG] Hits: nz/macos/Business/top-free 4 app(s) found
[2026-09-16T12:55:34.049Z] [DEBUG] RSS ok: nz/macos/Productivity/top-free entries=99
[2026-09-16T12:55:44.055Z] [DEBUG] Hits: nz/macos/Productivity/top-free 4 app(s) found
[2026-09-16T12:55:44.877Z] [DEBUG] RSS ok: nz/macos/Utilities/top-free entries=100
[2026-09-16T12:55:54.883Z] [DEBUG] Hits: nz/macos/Utilities/top-free 1 app(s) found
[2026-09-16T12:55:55.868Z] [DEBUG] RSS ok: sg/macos/Business/top-free entries=100
[2026-09-16T12:56:05.874Z] [DEBUG] Hits: sg/macos/Business/top-free 3 app(s) found
[2026-09-16T12:56:06.835Z] [DEBUG] RSS ok: sg/macos/Productivity/top-free entries=99
[2026-09-16T12:56:16.841Z] [DEBUG] Hits: sg/macos/Productivity/top-free 4 app(s) found
[2026-09-16T12:56:16.841Z] [INFO] RSS progress: 50/60 (50 ok, 0 error, 140 points)
[2026-09-16T12:56:17.558Z] [DEBUG] RSS ok: sg/macos/Utilities/top-free entries=100
[2026-09-16T12:56:27.565Z] [DEBUG] Hits: sg/macos/Utilities/top-free 1 app(s) found
[2026-09-16T12:56:28.352Z] [DEBUG] RSS ok: in/macos/Business/top-free entries=100
[2026-09-16T12:56:38.358Z] [DEBUG] Hits: in/macos/Business/top-free 3 app(s) found
[2026-09-16T12:56:39.234Z] [DEBUG] RSS ok: in/macos/Productivity/top-free entries=99
[2026-09-16T12:56:49.240Z] [DEBUG] Hits: in/macos/Productivity/top-free 2 app(s) found
[2026-09-16T12:56:50.206Z] [DEBUG] RSS ok: in/macos/Utilities/top-free entries=100
[2026-09-16T12:57:00.944Z] [DEBUG] RSS ok: za/macos/Business/top-free entries=100
[2026-09-16T12:57:10.948Z] [DEBUG] Hits: za/macos/Business/top-free 3 app(s) found
[2026-09-16T12:57:11.890Z] [DEBUG] RSS ok: za/macos/Productivity/top-free entries=99
[2026-09-16T12:57:21.896Z] [DEBUG] Hits: za/macos/Productivity/top-free 3 app(s) found
[2026-09-16T12:57:22.660Z] [DEBUG] RSS ok: za/macos/Utilities/top-free entries=100
[2026-09-16T12:57:32.666Z] [DEBUG] Hits: za/macos/Utilities/top-free 2 app(s) found
[2026-09-16T12:57:33.575Z] [DEBUG] RSS ok: br/macos/Business/top-free entries=100
[2026-09-16T12:57:43.581Z] [DEBUG] Hits: br/macos/Business/top-free 2 app(s) found
[2026-09-16T12:57:44.391Z] [DEBUG] RSS ok: br/macos/Productivity/top-free entries=99
[2026-09-16T12:57:54.396Z] [DEBUG] Hits: br/macos/Productivity/top-free 4 app(s) found
[2026-09-16T12:57:55.208Z] [DEBUG] RSS ok: br/macos/Utilities/top-free entries=100
[2026-09-16T12:58:05.212Z] [DEBUG] Hits: br/macos/Utilities/top-free 1 app(s) found
[2026-09-16T12:58:05.212Z] [INFO] RSS progress: 60/60 (60 ok, 0 error, 161 points)
[2026-09-16T12:58:05.212Z] [INFO] RSS fetch done: 60 ok, 0 error, 161 points
[2026-09-16T12:58:05.212Z] [INFO] Platform max returned: macos = 100
[2026-09-16T12:58:05.212Z] [INFO] RSS results: 60 ok, 0 error, 161 rank points
[2026-09-16T12:58:05.254Z] [INFO] Stored: 60 crawls, 161 points
[2026-09-16T12:58:05.282Z] [INFO] current.json written rows=23
[2026-09-16T12:58:05.283Z] [INFO] Current summary: on_chart=161, not_on_chart=299, depth_limited=0, crawl_error=0, total=460
[2026-09-16T12:58:05.283Z] [INFO] === Crawl complete === 650.9s
[2026-09-16T13:47:15.315Z] [INFO] === Crawl start === ts=2026-09-16T13:00:00Z
[2026-09-16T13:47:15.320Z] [INFO] Config loaded apps=4, platforms=macos, categories=Business,Productivity,Utilities
[2026-09-16T13:47:15.320Z] [INFO] App IDs to track: 23 our=4, competitors=19
[2026-09-16T13:47:15.321Z] [INFO] Lookup cached fetched_at=2026-09-16T00:47:17.547Z, 23 apps
[2026-09-16T13:47:15.322Z] [INFO] RSS requests: 60 countries=20, platforms=macos, categories=Business,Productivity,Utilities
[2026-09-16T13:47:15.322Z] [INFO] RSS fetch start: 60 requests, concurrency=1
[2026-09-16T13:47:16.108Z] [DEBUG] RSS ok: us/macos/Business/top-free entries=100
[2026-09-16T13:47:26.112Z] [DEBUG] Hits: us/macos/Business/top-free 4 app(s) found
[2026-09-16T13:47:26.779Z] [DEBUG] RSS ok: us/macos/Productivity/top-free entries=99
[2026-09-16T13:47:36.785Z] [DEBUG] Hits: us/macos/Productivity/top-free 6 app(s) found
[2026-09-16T13:47:37.505Z] [DEBUG] RSS ok: us/macos/Utilities/top-free entries=100
[2026-09-16T13:47:47.507Z] [DEBUG] Hits: us/macos/Utilities/top-free 1 app(s) found
[2026-09-16T13:47:48.147Z] [DEBUG] RSS ok: gb/macos/Business/top-free entries=100
[2026-09-16T13:47:58.153Z] [DEBUG] Hits: gb/macos/Business/top-free 4 app(s) found
[2026-09-16T13:47:58.848Z] [DEBUG] RSS ok: gb/macos/Productivity/top-free entries=99
[2026-09-16T13:48:08.854Z] [DEBUG] Hits: gb/macos/Productivity/top-free 5 app(s) found
[2026-09-16T13:48:09.534Z] [DEBUG] RSS ok: gb/macos/Utilities/top-free entries=100
[2026-09-16T13:48:19.540Z] [DEBUG] Hits: gb/macos/Utilities/top-free 3 app(s) found
[2026-09-16T13:48:20.229Z] [DEBUG] RSS ok: ca/macos/Business/top-free entries=100
[2026-09-16T13:48:30.236Z] [DEBUG] Hits: ca/macos/Business/top-free 3 app(s) found
[2026-09-16T13:48:31.031Z] [DEBUG] RSS ok: ca/macos/Productivity/top-free entries=99
[2026-09-16T13:48:41.038Z] [DEBUG] Hits: ca/macos/Productivity/top-free 4 app(s) found
[2026-09-16T13:48:41.813Z] [DEBUG] RSS ok: ca/macos/Utilities/top-free entries=100
[2026-09-16T13:48:52.688Z] [DEBUG] RSS ok: fr/macos/Business/top-free entries=99
[2026-09-16T13:49:02.694Z] [DEBUG] Hits: fr/macos/Business/top-free 3 app(s) found
[2026-09-16T13:49:02.695Z] [INFO] RSS progress: 10/60 (10 ok, 0 error, 33 points)
[2026-09-16T13:49:03.502Z] [DEBUG] RSS ok: fr/macos/Productivity/top-free entries=99
[2026-09-16T13:49:13.510Z] [DEBUG] Hits: fr/macos/Productivity/top-free 5 app(s) found
[2026-09-16T13:49:14.364Z] [DEBUG] RSS ok: fr/macos/Utilities/top-free entries=100
[2026-09-16T13:49:24.371Z] [DEBUG] Hits: fr/macos/Utilities/top-free 2 app(s) found
[2026-09-16T13:49:25.253Z] [DEBUG] RSS ok: de/macos/Business/top-free entries=100
[2026-09-16T13:49:35.923Z] [DEBUG] RSS ok: de/macos/Productivity/top-free entries=99
[2026-09-16T13:49:45.930Z] [DEBUG] Hits: de/macos/Productivity/top-free 4 app(s) found
[2026-09-16T13:49:46.632Z] [DEBUG] RSS ok: de/macos/Utilities/top-free entries=100
[2026-09-16T13:49:56.639Z] [DEBUG] Hits: de/macos/Utilities/top-free 2 app(s) found
[2026-09-16T13:49:57.365Z] [DEBUG] RSS ok: jp/macos/Business/top-free entries=100
[2026-09-16T13:50:07.371Z] [DEBUG] Hits: jp/macos/Business/top-free 2 app(s) found
[2026-09-16T13:50:08.124Z] [DEBUG] RSS ok: jp/macos/Productivity/top-free entries=99
[2026-09-16T13:50:18.131Z] [DEBUG] Hits: jp/macos/Productivity/top-free 2 app(s) found
[2026-09-16T13:50:18.828Z] [DEBUG] RSS ok: jp/macos/Utilities/top-free entries=100
[2026-09-16T13:50:28.834Z] [DEBUG] Hits: jp/macos/Utilities/top-free 4 app(s) found
[2026-09-16T13:50:29.448Z] [DEBUG] RSS ok: au/macos/Business/top-free entries=100
[2026-09-16T13:50:39.454Z] [DEBUG] Hits: au/macos/Business/top-free 4 app(s) found
[2026-09-16T13:50:40.099Z] [DEBUG] RSS ok: au/macos/Productivity/top-free entries=99
[2026-09-16T13:50:50.105Z] [DEBUG] Hits: au/macos/Productivity/top-free 5 app(s) found
[2026-09-16T13:50:50.105Z] [INFO] RSS progress: 20/60 (20 ok, 0 error, 63 points)
[2026-09-16T13:50:50.982Z] [DEBUG] RSS ok: au/macos/Utilities/top-free entries=100
[2026-09-16T13:51:00.989Z] [DEBUG] Hits: au/macos/Utilities/top-free 1 app(s) found
[2026-09-16T13:51:01.874Z] [DEBUG] RSS ok: es/macos/Business/top-free entries=100
[2026-09-16T13:51:11.880Z] [DEBUG] Hits: es/macos/Business/top-free 3 app(s) found
[2026-09-16T13:51:12.655Z] [DEBUG] RSS ok: es/macos/Productivity/top-free entries=99
[2026-09-16T13:51:22.661Z] [DEBUG] Hits: es/macos/Productivity/top-free 5 app(s) found
[2026-09-16T13:51:23.397Z] [DEBUG] RSS ok: es/macos/Utilities/top-free entries=100
[2026-09-16T13:51:33.403Z] [DEBUG] Hits: es/macos/Utilities/top-free 1 app(s) found
[2026-09-16T13:51:34.563Z] [DEBUG] RSS ok: it/macos/Business/top-free entries=99
[2026-09-16T13:51:44.569Z] [DEBUG] Hits: it/macos/Business/top-free 2 app(s) found
[2026-09-16T13:51:45.283Z] [DEBUG] RSS ok: it/macos/Productivity/top-free entries=99
[2026-09-16T13:51:55.284Z] [DEBUG] Hits: it/macos/Productivity/top-free 4 app(s) found
[2026-09-16T13:51:55.916Z] [DEBUG] RSS ok: it/macos/Utilities/top-free entries=100
[2026-09-16T13:52:06.726Z] [DEBUG] RSS ok: pt/macos/Business/top-free entries=100
[2026-09-16T13:52:16.732Z] [DEBUG] Hits: pt/macos/Business/top-free 4 app(s) found
[2026-09-16T13:52:17.665Z] [DEBUG] RSS ok: pt/macos/Productivity/top-free entries=99
[2026-09-16T13:52:27.668Z] [DEBUG] Hits: pt/macos/Productivity/top-free 4 app(s) found
[2026-09-16T13:52:28.684Z] [DEBUG] RSS ok: pt/macos/Utilities/top-free entries=100
[2026-09-16T13:52:38.690Z] [INFO] RSS progress: 30/60 (30 ok, 0 error, 87 points)
[2026-09-16T13:52:39.587Z] [DEBUG] RSS ok: ch/macos/Business/top-free entries=100
[2026-09-16T13:52:49.593Z] [DEBUG] Hits: ch/macos/Business/top-free 4 app(s) found
[2026-09-16T13:52:50.341Z] [DEBUG] RSS ok: ch/macos/Productivity/top-free entries=99
[2026-09-16T13:53:00.347Z] [DEBUG] Hits: ch/macos/Productivity/top-free 5 app(s) found
[2026-09-16T13:53:01.187Z] [DEBUG] RSS ok: ch/macos/Utilities/top-free entries=100
[2026-09-16T13:53:11.188Z] [DEBUG] Hits: ch/macos/Utilities/top-free 2 app(s) found
[2026-09-16T13:53:12.049Z] [DEBUG] RSS ok: be/macos/Business/top-free entries=100
[2026-09-16T13:53:22.055Z] [DEBUG] Hits: be/macos/Business/top-free 4 app(s) found
[2026-09-16T13:53:23.013Z] [DEBUG] RSS ok: be/macos/Productivity/top-free entries=99
[2026-09-16T13:53:33.019Z] [DEBUG] Hits: be/macos/Productivity/top-free 5 app(s) found
[2026-09-16T13:53:33.793Z] [DEBUG] RSS ok: be/macos/Utilities/top-free entries=100
[2026-09-16T13:53:43.799Z] [DEBUG] Hits: be/macos/Utilities/top-free 1 app(s) found
[2026-09-16T13:53:44.502Z] [DEBUG] RSS ok: nl/macos/Business/top-free entries=100
[2026-09-16T13:53:54.508Z] [DEBUG] Hits: nl/macos/Business/top-free 1 app(s) found
[2026-09-16T13:53:55.250Z] [DEBUG] RSS ok: nl/macos/Productivity/top-free entries=99
[2026-09-16T13:54:05.256Z] [DEBUG] Hits: nl/macos/Productivity/top-free 4 app(s) found
[2026-09-16T13:54:06.217Z] [DEBUG] RSS ok: nl/macos/Utilities/top-free entries=100
[2026-09-16T13:54:16.223Z] [DEBUG] Hits: nl/macos/Utilities/top-free 2 app(s) found
[2026-09-16T13:54:17.270Z] [DEBUG] RSS ok: tw/macos/Business/top-free entries=100
[2026-09-16T13:54:27.276Z] [INFO] RSS progress: 40/60 (40 ok, 0 error, 117 points)
[2026-09-16T13:54:27.276Z] [DEBUG] Hits: tw/macos/Business/top-free 2 app(s) found
[2026-09-16T13:54:27.926Z] [DEBUG] RSS ok: tw/macos/Productivity/top-free entries=99
[2026-09-16T13:54:37.927Z] [DEBUG] Hits: tw/macos/Productivity/top-free 2 app(s) found
[2026-09-16T13:54:38.581Z] [DEBUG] RSS ok: tw/macos/Utilities/top-free entries=100
[2026-09-16T13:54:49.243Z] [DEBUG] RSS ok: hk/macos/Business/top-free entries=99
[2026-09-16T13:54:59.244Z] [DEBUG] Hits: hk/macos/Business/top-free 2 app(s) found
[2026-09-16T13:54:59.945Z] [DEBUG] RSS ok: hk/macos/Productivity/top-free entries=99
[2026-09-16T13:55:09.951Z] [DEBUG] Hits: hk/macos/Productivity/top-free 4 app(s) found
[2026-09-16T13:55:10.779Z] [DEBUG] RSS ok: hk/macos/Utilities/top-free entries=100
[2026-09-16T13:55:21.490Z] [DEBUG] RSS ok: nz/macos/Business/top-free entries=100
[2026-09-16T13:55:31.494Z] [DEBUG] Hits: nz/macos/Business/top-free 4 app(s) found
[2026-09-16T13:55:32.350Z] [DEBUG] RSS ok: nz/macos/Productivity/top-free entries=99
[2026-09-16T13:55:42.356Z] [DEBUG] Hits: nz/macos/Productivity/top-free 4 app(s) found
[2026-09-16T13:55:43.125Z] [DEBUG] RSS ok: nz/macos/Utilities/top-free entries=100
[2026-09-16T13:55:53.131Z] [DEBUG] Hits: nz/macos/Utilities/top-free 1 app(s) found
[2026-09-16T13:55:53.908Z] [DEBUG] RSS ok: sg/macos/Business/top-free entries=100
[2026-09-16T13:56:03.914Z] [DEBUG] Hits: sg/macos/Business/top-free 3 app(s) found
[2026-09-16T13:56:04.753Z] [DEBUG] RSS ok: sg/macos/Productivity/top-free entries=99
[2026-09-16T13:56:14.758Z] [DEBUG] Hits: sg/macos/Productivity/top-free 4 app(s) found
[2026-09-16T13:56:14.759Z] [INFO] RSS progress: 50/60 (50 ok, 0 error, 141 points)
[2026-09-16T13:56:15.374Z] [DEBUG] RSS ok: sg/macos/Utilities/top-free entries=100
[2026-09-16T13:56:25.381Z] [DEBUG] Hits: sg/macos/Utilities/top-free 1 app(s) found
[2026-09-16T13:56:26.237Z] [DEBUG] RSS ok: in/macos/Business/top-free entries=100
[2026-09-16T13:56:36.242Z] [DEBUG] Hits: in/macos/Business/top-free 3 app(s) found
[2026-09-16T13:56:36.982Z] [DEBUG] RSS ok: in/macos/Productivity/top-free entries=99
[2026-09-16T13:56:46.988Z] [DEBUG] Hits: in/macos/Productivity/top-free 2 app(s) found
[2026-09-16T13:56:47.721Z] [DEBUG] RSS ok: in/macos/Utilities/top-free entries=100
[2026-09-16T13:56:58.415Z] [DEBUG] RSS ok: za/macos/Business/top-free entries=100
[2026-09-16T13:57:08.421Z] [DEBUG] Hits: za/macos/Business/top-free 3 app(s) found
[2026-09-16T13:57:09.342Z] [DEBUG] RSS ok: za/macos/Productivity/top-free entries=99
[2026-09-16T13:57:19.348Z] [DEBUG] Hits: za/macos/Productivity/top-free 4 app(s) found
[2026-09-16T13:57:20.023Z] [DEBUG] RSS ok: za/macos/Utilities/top-free entries=100
[2026-09-16T13:57:30.029Z] [DEBUG] Hits: za/macos/Utilities/top-free 1 app(s) found
[2026-09-16T13:57:31.067Z] [DEBUG] RSS ok: br/macos/Business/top-free entries=100
[2026-09-16T13:57:41.074Z] [DEBUG] Hits: br/macos/Business/top-free 2 app(s) found
[2026-09-16T13:57:41.948Z] [DEBUG] RSS ok: br/macos/Productivity/top-free entries=99
[2026-09-16T13:57:51.955Z] [DEBUG] Hits: br/macos/Productivity/top-free 3 app(s) found
[2026-09-16T13:57:52.682Z] [DEBUG] RSS ok: br/macos/Utilities/top-free entries=100
[2026-09-16T13:58:02.689Z] [DEBUG] Hits: br/macos/Utilities/top-free 1 app(s) found
[2026-09-16T13:58:02.689Z] [INFO] RSS progress: 60/60 (60 ok, 0 error, 161 points)
[2026-09-16T13:58:02.689Z] [INFO] RSS fetch done: 60 ok, 0 error, 161 points
[2026-09-16T13:58:02.689Z] [INFO] Platform max returned: macos = 100
[2026-09-16T13:58:02.689Z] [INFO] RSS results: 60 ok, 0 error, 161 rank points
[2026-09-16T13:58:02.734Z] [INFO] Stored: 60 crawls, 161 points
[2026-09-16T13:58:02.764Z] [INFO] current.json written rows=23
[2026-09-16T13:58:02.765Z] [INFO] Current summary: on_chart=161, not_on_chart=299, depth_limited=0, crawl_error=0, total=460
[2026-09-16T13:58:02.765Z] [INFO] === Crawl complete === 647.5s
[2026-09-16T14:47:12.424Z] [INFO] === Crawl start === ts=2026-09-16T14:00:00Z
[2026-09-16T14:47:12.429Z] [INFO] Config loaded apps=4, platforms=macos, categories=Business,Productivity,Utilities
[2026-09-16T14:47:12.429Z] [INFO] App IDs to track: 23 our=4, competitors=19
[2026-09-16T14:47:12.431Z] [INFO] Lookup cached fetched_at=2026-09-16T00:47:17.547Z, 23 apps
[2026-09-16T14:47:12.431Z] [INFO] RSS requests: 60 countries=20, platforms=macos, categories=Business,Productivity,Utilities
[2026-09-16T14:47:12.431Z] [INFO] RSS fetch start: 60 requests, concurrency=1
[2026-09-16T14:47:13.746Z] [DEBUG] RSS ok: us/macos/Business/top-free entries=100
[2026-09-16T14:47:23.750Z] [DEBUG] Hits: us/macos/Business/top-free 4 app(s) found
[2026-09-16T14:47:24.399Z] [DEBUG] RSS ok: us/macos/Productivity/top-free entries=99
[2026-09-16T14:47:34.405Z] [DEBUG] Hits: us/macos/Productivity/top-free 6 app(s) found
[2026-09-16T14:47:35.066Z] [DEBUG] RSS ok: us/macos/Utilities/top-free entries=100
[2026-09-16T14:47:45.073Z] [DEBUG] Hits: us/macos/Utilities/top-free 1 app(s) found
[2026-09-16T14:47:45.817Z] [DEBUG] RSS ok: gb/macos/Business/top-free entries=100
[2026-09-16T14:47:55.822Z] [DEBUG] Hits: gb/macos/Business/top-free 4 app(s) found
[2026-09-16T14:47:56.536Z] [DEBUG] RSS ok: gb/macos/Productivity/top-free entries=99
[2026-09-16T14:48:06.543Z] [DEBUG] Hits: gb/macos/Productivity/top-free 5 app(s) found
[2026-09-16T14:48:07.405Z] [DEBUG] RSS ok: gb/macos/Utilities/top-free entries=100
[2026-09-16T14:48:17.411Z] [DEBUG] Hits: gb/macos/Utilities/top-free 3 app(s) found
[2026-09-16T14:48:18.253Z] [DEBUG] RSS ok: ca/macos/Business/top-free entries=100
[2026-09-16T14:48:28.260Z] [DEBUG] Hits: ca/macos/Business/top-free 3 app(s) found
[2026-09-16T14:48:28.968Z] [DEBUG] RSS ok: ca/macos/Productivity/top-free entries=99
[2026-09-16T14:48:38.975Z] [DEBUG] Hits: ca/macos/Productivity/top-free 4 app(s) found
[2026-09-16T14:48:39.889Z] [DEBUG] RSS ok: ca/macos/Utilities/top-free entries=100
[2026-09-16T14:48:50.743Z] [DEBUG] RSS ok: fr/macos/Business/top-free entries=99
[2026-09-16T14:49:00.750Z] [DEBUG] Hits: fr/macos/Business/top-free 3 app(s) found
[2026-09-16T14:49:00.750Z] [INFO] RSS progress: 10/60 (10 ok, 0 error, 33 points)
[2026-09-16T14:49:01.634Z] [DEBUG] RSS ok: fr/macos/Productivity/top-free entries=99
[2026-09-16T14:49:11.639Z] [DEBUG] Hits: fr/macos/Productivity/top-free 5 app(s) found
[2026-09-16T14:49:12.637Z] [DEBUG] RSS ok: fr/macos/Utilities/top-free entries=100
[2026-09-16T14:49:22.643Z] [DEBUG] Hits: fr/macos/Utilities/top-free 2 app(s) found
[2026-09-16T14:49:24.172Z] [DEBUG] RSS ok: de/macos/Business/top-free entries=100
[2026-09-16T14:49:34.894Z] [DEBUG] RSS ok: de/macos/Productivity/top-free entries=99
[2026-09-16T14:49:44.901Z] [DEBUG] Hits: de/macos/Productivity/top-free 4 app(s) found
[2026-09-16T14:49:45.616Z] [DEBUG] RSS ok: de/macos/Utilities/top-free entries=100
[2026-09-16T14:49:55.623Z] [DEBUG] Hits: de/macos/Utilities/top-free 2 app(s) found
[2026-09-16T14:49:56.466Z] [DEBUG] RSS ok: jp/macos/Business/top-free entries=100
[2026-09-16T14:50:06.472Z] [DEBUG] Hits: jp/macos/Business/top-free 2 app(s) found
[2026-09-16T14:50:07.210Z] [DEBUG] RSS ok: jp/macos/Productivity/top-free entries=99
[2026-09-16T14:50:17.216Z] [DEBUG] Hits: jp/macos/Productivity/top-free 2 app(s) found
[2026-09-16T14:50:18.438Z] [DEBUG] RSS ok: jp/macos/Utilities/top-free entries=100
[2026-09-16T14:50:28.444Z] [DEBUG] Hits: jp/macos/Utilities/top-free 4 app(s) found
[2026-09-16T14:50:29.113Z] [DEBUG] RSS ok: au/macos/Business/top-free entries=100
[2026-09-16T14:50:39.118Z] [DEBUG] Hits: au/macos/Business/top-free 4 app(s) found
[2026-09-16T14:50:40.988Z] [DEBUG] RSS ok: au/macos/Productivity/top-free entries=99
[2026-09-16T14:50:50.994Z] [DEBUG] Hits: au/macos/Productivity/top-free 5 app(s) found
[2026-09-16T14:50:50.994Z] [INFO] RSS progress: 20/60 (20 ok, 0 error, 63 points)
[2026-09-16T14:50:51.682Z] [DEBUG] RSS ok: au/macos/Utilities/top-free entries=100
[2026-09-16T14:51:01.684Z] [DEBUG] Hits: au/macos/Utilities/top-free 1 app(s) found
[2026-09-16T14:51:02.523Z] [DEBUG] RSS ok: es/macos/Business/top-free entries=100
[2026-09-16T14:51:12.529Z] [DEBUG] Hits: es/macos/Business/top-free 3 app(s) found
[2026-09-16T14:51:13.292Z] [DEBUG] RSS ok: es/macos/Productivity/top-free entries=99
[2026-09-16T14:51:23.298Z] [DEBUG] Hits: es/macos/Productivity/top-free 5 app(s) found
[2026-09-16T14:51:24.189Z] [DEBUG] RSS ok: es/macos/Utilities/top-free entries=100
[2026-09-16T14:51:34.196Z] [DEBUG] Hits: es/macos/Utilities/top-free 1 app(s) found
[2026-09-16T14:51:34.941Z] [DEBUG] RSS ok: it/macos/Business/top-free entries=99
[2026-09-16T14:51:44.946Z] [DEBUG] Hits: it/macos/Business/top-free 2 app(s) found
[2026-09-16T14:51:45.667Z] [DEBUG] RSS ok: it/macos/Productivity/top-free entries=99
[2026-09-16T14:51:55.673Z] [DEBUG] Hits: it/macos/Productivity/top-free 4 app(s) found
[2026-09-16T14:51:56.327Z] [DEBUG] RSS ok: it/macos/Utilities/top-free entries=100
[2026-09-16T14:52:08.063Z] [DEBUG] RSS ok: pt/macos/Business/top-free entries=100
[2026-09-16T14:52:18.070Z] [DEBUG] Hits: pt/macos/Business/top-free 4 app(s) found
[2026-09-16T14:52:18.795Z] [DEBUG] RSS ok: pt/macos/Productivity/top-free entries=99
[2026-09-16T14:52:28.801Z] [DEBUG] Hits: pt/macos/Productivity/top-free 4 app(s) found
[2026-09-16T14:52:29.760Z] [DEBUG] RSS ok: pt/macos/Utilities/top-free entries=100
[2026-09-16T14:52:39.765Z] [INFO] RSS progress: 30/60 (30 ok, 0 error, 87 points)
[2026-09-16T14:52:40.876Z] [DEBUG] RSS ok: ch/macos/Business/top-free entries=100
[2026-09-16T14:52:50.883Z] [DEBUG] Hits: ch/macos/Business/top-free 4 app(s) found
[2026-09-16T14:52:51.664Z] [DEBUG] RSS ok: ch/macos/Productivity/top-free entries=99
[2026-09-16T14:53:01.671Z] [DEBUG] Hits: ch/macos/Productivity/top-free 5 app(s) found
[2026-09-16T14:53:02.433Z] [DEBUG] RSS ok: ch/macos/Utilities/top-free entries=100
[2026-09-16T14:53:12.440Z] [DEBUG] Hits: ch/macos/Utilities/top-free 2 app(s) found
[2026-09-16T14:53:13.354Z] [DEBUG] RSS ok: be/macos/Business/top-free entries=100
[2026-09-16T14:53:23.361Z] [DEBUG] Hits: be/macos/Business/top-free 4 app(s) found
[2026-09-16T14:53:24.167Z] [DEBUG] RSS ok: be/macos/Productivity/top-free entries=99
[2026-09-16T14:53:34.169Z] [DEBUG] Hits: be/macos/Productivity/top-free 5 app(s) found
[2026-09-16T14:53:34.987Z] [DEBUG] RSS ok: be/macos/Utilities/top-free entries=100
[2026-09-16T14:53:44.993Z] [DEBUG] Hits: be/macos/Utilities/top-free 1 app(s) found
[2026-09-16T14:53:45.809Z] [DEBUG] RSS ok: nl/macos/Business/top-free entries=100
[2026-09-16T14:53:55.815Z] [DEBUG] Hits: nl/macos/Business/top-free 1 app(s) found
[2026-09-16T14:53:56.548Z] [DEBUG] RSS ok: nl/macos/Productivity/top-free entries=99
[2026-09-16T14:54:06.555Z] [DEBUG] Hits: nl/macos/Productivity/top-free 4 app(s) found
[2026-09-16T14:54:07.371Z] [DEBUG] RSS ok: nl/macos/Utilities/top-free entries=100
[2026-09-16T14:54:17.376Z] [DEBUG] Hits: nl/macos/Utilities/top-free 2 app(s) found
[2026-09-16T14:54:18.104Z] [DEBUG] RSS ok: tw/macos/Business/top-free entries=100
[2026-09-16T14:54:28.111Z] [INFO] RSS progress: 40/60 (40 ok, 0 error, 117 points)
[2026-09-16T14:54:28.111Z] [DEBUG] Hits: tw/macos/Business/top-free 2 app(s) found
[2026-09-16T14:54:32.232Z] [DEBUG] RSS ok: tw/macos/Productivity/top-free entries=99
[2026-09-16T14:54:42.239Z] [DEBUG] Hits: tw/macos/Productivity/top-free 2 app(s) found
[2026-09-16T14:54:42.968Z] [DEBUG] RSS ok: tw/macos/Utilities/top-free entries=100
[2026-09-16T14:54:53.662Z] [DEBUG] RSS ok: hk/macos/Business/top-free entries=99
[2026-09-16T14:55:03.662Z] [DEBUG] Hits: hk/macos/Business/top-free 2 app(s) found
[2026-09-16T14:55:04.429Z] [DEBUG] RSS ok: hk/macos/Productivity/top-free entries=99
[2026-09-16T14:55:14.435Z] [DEBUG] Hits: hk/macos/Productivity/top-free 4 app(s) found
[2026-09-16T14:55:15.249Z] [DEBUG] RSS ok: hk/macos/Utilities/top-free entries=100
[2026-09-16T14:55:25.981Z] [DEBUG] RSS ok: nz/macos/Business/top-free entries=100
[2026-09-16T14:55:35.986Z] [DEBUG] Hits: nz/macos/Business/top-free 4 app(s) found
[2026-09-16T14:55:36.807Z] [DEBUG] RSS ok: nz/macos/Productivity/top-free entries=99
[2026-09-16T14:55:46.814Z] [DEBUG] Hits: nz/macos/Productivity/top-free 4 app(s) found
[2026-09-16T14:55:47.626Z] [DEBUG] RSS ok: nz/macos/Utilities/top-free entries=100
[2026-09-16T14:55:57.633Z] [DEBUG] Hits: nz/macos/Utilities/top-free 1 app(s) found
[2026-09-16T14:55:58.338Z] [DEBUG] RSS ok: sg/macos/Business/top-free entries=100
[2026-09-16T14:56:08.345Z] [DEBUG] Hits: sg/macos/Business/top-free 3 app(s) found
[2026-09-16T14:56:09.287Z] [DEBUG] RSS ok: sg/macos/Productivity/top-free entries=99
[2026-09-16T14:56:19.294Z] [DEBUG] Hits: sg/macos/Productivity/top-free 4 app(s) found
[2026-09-16T14:56:19.294Z] [INFO] RSS progress: 50/60 (50 ok, 0 error, 141 points)
[2026-09-16T14:56:20.141Z] [DEBUG] RSS ok: sg/macos/Utilities/top-free entries=100
[2026-09-16T14:56:30.148Z] [DEBUG] Hits: sg/macos/Utilities/top-free 1 app(s) found
[2026-09-16T14:56:30.889Z] [DEBUG] RSS ok: in/macos/Business/top-free entries=100
[2026-09-16T14:56:40.895Z] [DEBUG] Hits: in/macos/Business/top-free 3 app(s) found
[2026-09-16T14:56:41.668Z] [DEBUG] RSS ok: in/macos/Productivity/top-free entries=99
[2026-09-16T14:56:51.674Z] [DEBUG] Hits: in/macos/Productivity/top-free 2 app(s) found
[2026-09-16T14:56:52.375Z] [DEBUG] RSS ok: in/macos/Utilities/top-free entries=100
[2026-09-16T14:57:03.253Z] [DEBUG] RSS ok: za/macos/Business/top-free entries=100
[2026-09-16T14:57:13.260Z] [DEBUG] Hits: za/macos/Business/top-free 3 app(s) found
[2026-09-16T14:57:14.051Z] [DEBUG] RSS ok: za/macos/Productivity/top-free entries=99
[2026-09-16T14:57:24.057Z] [DEBUG] Hits: za/macos/Productivity/top-free 4 app(s) found
[2026-09-16T14:57:24.976Z] [DEBUG] RSS ok: za/macos/Utilities/top-free entries=100
[2026-09-16T14:57:34.982Z] [DEBUG] Hits: za/macos/Utilities/top-free 1 app(s) found
[2026-09-16T14:57:35.856Z] [DEBUG] RSS ok: br/macos/Business/top-free entries=100
[2026-09-16T14:57:45.863Z] [DEBUG] Hits: br/macos/Business/top-free 2 app(s) found
[2026-09-16T14:57:46.622Z] [DEBUG] RSS ok: br/macos/Productivity/top-free entries=99
[2026-09-16T14:57:56.628Z] [DEBUG] Hits: br/macos/Productivity/top-free 3 app(s) found
[2026-09-16T14:57:57.424Z] [DEBUG] RSS ok: br/macos/Utilities/top-free entries=100
[2026-09-16T14:58:07.431Z] [DEBUG] Hits: br/macos/Utilities/top-free 1 app(s) found
[2026-09-16T14:58:07.432Z] [INFO] RSS progress: 60/60 (60 ok, 0 error, 161 points)
[2026-09-16T14:58:07.432Z] [INFO] RSS fetch done: 60 ok, 0 error, 161 points
[2026-09-16T14:58:07.432Z] [INFO] Platform max returned: macos = 100
[2026-09-16T14:58:07.432Z] [INFO] RSS results: 60 ok, 0 error, 161 rank points
[2026-09-16T14:58:07.476Z] [INFO] Stored: 60 crawls, 161 points
[2026-09-16T14:58:07.496Z] [INFO] current.json written rows=23
[2026-09-16T14:58:07.497Z] [INFO] Current summary: on_chart=161, not_on_chart=299, depth_limited=0, crawl_error=0, total=460
[2026-09-16T14:58:07.497Z] [INFO] === Crawl complete === 655.1s
[2026-09-16T15:47:14.222Z] [INFO] === Crawl start === ts=2026-09-16T15:00:00Z
[2026-09-16T15:47:14.226Z] [INFO] Config loaded apps=4, platforms=macos, categories=Business,Productivity,Utilities
[2026-09-16T15:47:14.227Z] [INFO] App IDs to track: 23 our=4, competitors=19
[2026-09-16T15:47:14.228Z] [INFO] Lookup cached fetched_at=2026-09-16T00:47:17.547Z, 23 apps
[2026-09-16T15:47:14.229Z] [INFO] RSS requests: 60 countries=20, platforms=macos, categories=Business,Productivity,Utilities
[2026-09-16T15:47:14.229Z] [INFO] RSS fetch start: 60 requests, concurrency=1
[2026-09-16T15:47:15.247Z] [DEBUG] RSS ok: us/macos/Business/top-free entries=100
[2026-09-16T15:47:25.251Z] [DEBUG] Hits: us/macos/Business/top-free 4 app(s) found
[2026-09-16T15:47:26.050Z] [DEBUG] RSS ok: us/macos/Productivity/top-free entries=99
[2026-09-16T15:47:36.056Z] [DEBUG] Hits: us/macos/Productivity/top-free 6 app(s) found
[2026-09-16T15:47:36.834Z] [DEBUG] RSS ok: us/macos/Utilities/top-free entries=100
[2026-09-16T15:47:46.841Z] [DEBUG] Hits: us/macos/Utilities/top-free 1 app(s) found
[2026-09-16T15:47:47.986Z] [DEBUG] RSS ok: gb/macos/Business/top-free entries=100
[2026-09-16T15:47:57.992Z] [DEBUG] Hits: gb/macos/Business/top-free 4 app(s) found
[2026-09-16T15:47:58.713Z] [DEBUG] RSS ok: gb/macos/Productivity/top-free entries=99
[2026-09-16T15:48:08.720Z] [DEBUG] Hits: gb/macos/Productivity/top-free 5 app(s) found
[2026-09-16T15:48:09.690Z] [DEBUG] RSS ok: gb/macos/Utilities/top-free entries=100
[2026-09-16T15:48:19.696Z] [DEBUG] Hits: gb/macos/Utilities/top-free 3 app(s) found
[2026-09-16T15:48:20.448Z] [DEBUG] RSS ok: ca/macos/Business/top-free entries=100
[2026-09-16T15:48:30.454Z] [DEBUG] Hits: ca/macos/Business/top-free 3 app(s) found
[2026-09-16T15:48:31.381Z] [DEBUG] RSS ok: ca/macos/Productivity/top-free entries=99
[2026-09-16T15:48:41.387Z] [DEBUG] Hits: ca/macos/Productivity/top-free 4 app(s) found
[2026-09-16T15:48:42.330Z] [DEBUG] RSS ok: ca/macos/Utilities/top-free entries=100
[2026-09-16T15:48:53.381Z] [DEBUG] RSS ok: fr/macos/Business/top-free entries=99
[2026-09-16T15:49:03.387Z] [DEBUG] Hits: fr/macos/Business/top-free 3 app(s) found
[2026-09-16T15:49:03.387Z] [INFO] RSS progress: 10/60 (10 ok, 0 error, 33 points)
[2026-09-16T15:49:04.899Z] [DEBUG] RSS ok: fr/macos/Productivity/top-free entries=99
[2026-09-16T15:49:14.905Z] [DEBUG] Hits: fr/macos/Productivity/top-free 5 app(s) found
[2026-09-16T15:49:15.793Z] [DEBUG] RSS ok: fr/macos/Utilities/top-free entries=100
[2026-09-16T15:49:25.798Z] [DEBUG] Hits: fr/macos/Utilities/top-free 2 app(s) found
[2026-09-16T15:49:26.945Z] [DEBUG] RSS ok: de/macos/Business/top-free entries=100
[2026-09-16T15:49:38.038Z] [DEBUG] RSS ok: de/macos/Productivity/top-free entries=99
[2026-09-16T15:49:48.044Z] [DEBUG] Hits: de/macos/Productivity/top-free 4 app(s) found
[2026-09-16T15:49:48.980Z] [DEBUG] RSS ok: de/macos/Utilities/top-free entries=100
[2026-09-16T15:49:58.986Z] [DEBUG] Hits: de/macos/Utilities/top-free 2 app(s) found
[2026-09-16T15:49:59.911Z] [DEBUG] RSS ok: jp/macos/Business/top-free entries=100
[2026-09-16T15:50:09.918Z] [DEBUG] Hits: jp/macos/Business/top-free 2 app(s) found
[2026-09-16T15:50:10.776Z] [DEBUG] RSS ok: jp/macos/Productivity/top-free entries=99
[2026-09-16T15:50:20.782Z] [DEBUG] Hits: jp/macos/Productivity/top-free 2 app(s) found
[2026-09-16T15:50:21.637Z] [DEBUG] RSS ok: jp/macos/Utilities/top-free entries=100
[2026-09-16T15:50:31.643Z] [DEBUG] Hits: jp/macos/Utilities/top-free 4 app(s) found
[2026-09-16T15:50:32.610Z] [DEBUG] RSS ok: au/macos/Business/top-free entries=100
[2026-09-16T15:50:42.616Z] [DEBUG] Hits: au/macos/Business/top-free 4 app(s) found
[2026-09-16T15:50:43.648Z] [DEBUG] RSS ok: au/macos/Productivity/top-free entries=99
[2026-09-16T15:50:53.654Z] [DEBUG] Hits: au/macos/Productivity/top-free 5 app(s) found
[2026-09-16T15:50:53.654Z] [INFO] RSS progress: 20/60 (20 ok, 0 error, 63 points)
[2026-09-16T15:50:54.500Z] [DEBUG] RSS ok: au/macos/Utilities/top-free entries=100
[2026-09-16T15:51:04.507Z] [DEBUG] Hits: au/macos/Utilities/top-free 1 app(s) found
[2026-09-16T15:51:05.393Z] [DEBUG] RSS ok: es/macos/Business/top-free entries=100
[2026-09-16T15:51:15.399Z] [DEBUG] Hits: es/macos/Business/top-free 3 app(s) found
[2026-09-16T15:51:16.275Z] [DEBUG] RSS ok: es/macos/Productivity/top-free entries=99
[2026-09-16T15:51:26.282Z] [DEBUG] Hits: es/macos/Productivity/top-free 5 app(s) found
[2026-09-16T15:51:27.296Z] [DEBUG] RSS ok: es/macos/Utilities/top-free entries=100
[2026-09-16T15:51:37.303Z] [DEBUG] Hits: es/macos/Utilities/top-free 1 app(s) found
[2026-09-16T15:51:38.113Z] [DEBUG] RSS ok: it/macos/Business/top-free entries=99
[2026-09-16T15:51:48.119Z] [DEBUG] Hits: it/macos/Business/top-free 2 app(s) found
[2026-09-16T15:51:48.976Z] [DEBUG] RSS ok: it/macos/Productivity/top-free entries=99
[2026-09-16T15:51:58.976Z] [DEBUG] Hits: it/macos/Productivity/top-free 4 app(s) found
[2026-09-16T15:51:59.850Z] [DEBUG] RSS ok: it/macos/Utilities/top-free entries=100
[2026-09-16T15:52:10.707Z] [DEBUG] RSS ok: pt/macos/Business/top-free entries=100
[2026-09-16T15:52:20.714Z] [DEBUG] Hits: pt/macos/Business/top-free 4 app(s) found
[2026-09-16T15:52:21.718Z] [DEBUG] RSS ok: pt/macos/Productivity/top-free entries=99
[2026-09-16T15:52:31.723Z] [DEBUG] Hits: pt/macos/Productivity/top-free 4 app(s) found
[2026-09-16T15:52:32.721Z] [DEBUG] RSS ok: pt/macos/Utilities/top-free entries=100
[2026-09-16T15:52:42.727Z] [INFO] RSS progress: 30/60 (30 ok, 0 error, 87 points)
[2026-09-16T15:52:43.664Z] [DEBUG] RSS ok: ch/macos/Business/top-free entries=100
[2026-09-16T15:52:53.670Z] [DEBUG] Hits: ch/macos/Business/top-free 4 app(s) found
[2026-09-16T15:52:54.534Z] [DEBUG] RSS ok: ch/macos/Productivity/top-free entries=99
[2026-09-16T15:53:04.541Z] [DEBUG] Hits: ch/macos/Productivity/top-free 5 app(s) found
[2026-09-16T15:53:05.329Z] [DEBUG] RSS ok: ch/macos/Utilities/top-free entries=100
[2026-09-16T15:53:15.336Z] [DEBUG] Hits: ch/macos/Utilities/top-free 2 app(s) found
[2026-09-16T15:53:16.205Z] [DEBUG] RSS ok: be/macos/Business/top-free entries=100
[2026-09-16T15:53:26.208Z] [DEBUG] Hits: be/macos/Business/top-free 4 app(s) found
[2026-09-16T15:53:27.089Z] [DEBUG] RSS ok: be/macos/Productivity/top-free entries=99
[2026-09-16T15:53:37.092Z] [DEBUG] Hits: be/macos/Productivity/top-free 5 app(s) found
[2026-09-16T15:53:37.850Z] [DEBUG] RSS ok: be/macos/Utilities/top-free entries=100
[2026-09-16T15:53:47.856Z] [DEBUG] Hits: be/macos/Utilities/top-free 1 app(s) found
[2026-09-16T15:53:48.685Z] [DEBUG] RSS ok: nl/macos/Business/top-free entries=100
[2026-09-16T15:53:58.691Z] [DEBUG] Hits: nl/macos/Business/top-free 1 app(s) found
[2026-09-16T15:53:59.477Z] [DEBUG] RSS ok: nl/macos/Productivity/top-free entries=99
[2026-09-16T15:54:09.483Z] [DEBUG] Hits: nl/macos/Productivity/top-free 4 app(s) found
[2026-09-16T15:54:10.286Z] [DEBUG] RSS ok: nl/macos/Utilities/top-free entries=100
[2026-09-16T15:54:20.292Z] [DEBUG] Hits: nl/macos/Utilities/top-free 2 app(s) found
[2026-09-16T15:54:21.070Z] [DEBUG] RSS ok: tw/macos/Business/top-free entries=100
[2026-09-16T15:54:31.071Z] [DEBUG] Hits: tw/macos/Business/top-free 2 app(s) found
[2026-09-16T15:54:31.071Z] [INFO] RSS progress: 40/60 (40 ok, 0 error, 117 points)
[2026-09-16T15:54:31.892Z] [DEBUG] RSS ok: tw/macos/Productivity/top-free entries=99
[2026-09-16T15:54:41.898Z] [DEBUG] Hits: tw/macos/Productivity/top-free 2 app(s) found
[2026-09-16T15:54:42.574Z] [DEBUG] RSS ok: tw/macos/Utilities/top-free entries=100
[2026-09-16T15:54:53.538Z] [DEBUG] RSS ok: hk/macos/Business/top-free entries=99
[2026-09-16T15:55:03.544Z] [DEBUG] Hits: hk/macos/Business/top-free 2 app(s) found
[2026-09-16T15:55:04.554Z] [DEBUG] RSS ok: hk/macos/Productivity/top-free entries=99
[2026-09-16T15:55:14.560Z] [DEBUG] Hits: hk/macos/Productivity/top-free 4 app(s) found
[2026-09-16T15:55:15.268Z] [DEBUG] RSS ok: hk/macos/Utilities/top-free entries=100
[2026-09-16T15:55:26.060Z] [DEBUG] RSS ok: nz/macos/Business/top-free entries=100
[2026-09-16T15:55:36.066Z] [DEBUG] Hits: nz/macos/Business/top-free 4 app(s) found
[2026-09-16T15:55:36.963Z] [DEBUG] RSS ok: nz/macos/Productivity/top-free entries=99
[2026-09-16T15:55:46.969Z] [DEBUG] Hits: nz/macos/Productivity/top-free 4 app(s) found
[2026-09-16T15:55:47.977Z] [DEBUG] RSS ok: nz/macos/Utilities/top-free entries=100
[2026-09-16T15:55:57.984Z] [DEBUG] Hits: nz/macos/Utilities/top-free 1 app(s) found
[2026-09-16T15:55:58.947Z] [DEBUG] RSS ok: sg/macos/Business/top-free entries=100
[2026-09-16T15:56:08.952Z] [DEBUG] Hits: sg/macos/Business/top-free 3 app(s) found
[2026-09-16T15:56:10.080Z] [DEBUG] RSS ok: sg/macos/Productivity/top-free entries=99
[2026-09-16T15:56:20.081Z] [DEBUG] Hits: sg/macos/Productivity/top-free 4 app(s) found
[2026-09-16T15:56:20.081Z] [INFO] RSS progress: 50/60 (50 ok, 0 error, 141 points)
[2026-09-16T15:56:20.856Z] [DEBUG] RSS ok: sg/macos/Utilities/top-free entries=100
[2026-09-16T15:56:30.861Z] [DEBUG] Hits: sg/macos/Utilities/top-free 1 app(s) found
[2026-09-16T15:56:31.729Z] [DEBUG] RSS ok: in/macos/Business/top-free entries=100
[2026-09-16T15:56:41.735Z] [DEBUG] Hits: in/macos/Business/top-free 3 app(s) found
[2026-09-16T15:56:42.525Z] [DEBUG] RSS ok: in/macos/Productivity/top-free entries=99
[2026-09-16T15:56:52.530Z] [DEBUG] Hits: in/macos/Productivity/top-free 2 app(s) found
[2026-09-16T15:56:53.273Z] [DEBUG] RSS ok: in/macos/Utilities/top-free entries=100
[2026-09-16T15:57:04.226Z] [DEBUG] RSS ok: za/macos/Business/top-free entries=100
[2026-09-16T15:57:14.233Z] [DEBUG] Hits: za/macos/Business/top-free 3 app(s) found
[2026-09-16T15:57:15.245Z] [DEBUG] RSS ok: za/macos/Productivity/top-free entries=99
[2026-09-16T15:57:25.252Z] [DEBUG] Hits: za/macos/Productivity/top-free 4 app(s) found
[2026-09-16T15:57:26.136Z] [DEBUG] RSS ok: za/macos/Utilities/top-free entries=100
[2026-09-16T15:57:36.142Z] [DEBUG] Hits: za/macos/Utilities/top-free 1 app(s) found
[2026-09-16T15:57:37.193Z] [DEBUG] RSS ok: br/macos/Business/top-free entries=100
[2026-09-16T15:57:47.199Z] [DEBUG] Hits: br/macos/Business/top-free 2 app(s) found
[2026-09-16T15:57:48.073Z] [DEBUG] RSS ok: br/macos/Productivity/top-free entries=99
[2026-09-16T15:57:58.079Z] [DEBUG] Hits: br/macos/Productivity/top-free 3 app(s) found
[2026-09-16T15:57:58.921Z] [DEBUG] RSS ok: br/macos/Utilities/top-free entries=100
[2026-09-16T15:58:08.928Z] [DEBUG] Hits: br/macos/Utilities/top-free 1 app(s) found
[2026-09-16T15:58:08.928Z] [INFO] RSS progress: 60/60 (60 ok, 0 error, 161 points)
[2026-09-16T15:58:08.928Z] [INFO] RSS fetch done: 60 ok, 0 error, 161 points
[2026-09-16T15:58:08.928Z] [INFO] Platform max returned: macos = 100
[2026-09-16T15:58:08.928Z] [INFO] RSS results: 60 ok, 0 error, 161 rank points
[2026-09-16T15:58:08.973Z] [INFO] Stored: 60 crawls, 161 points
[2026-09-16T15:58:09.003Z] [INFO] current.json written rows=23
[2026-09-16T15:58:09.004Z] [INFO] Current summary: on_chart=161, not_on_chart=299, depth_limited=0, crawl_error=0, total=460
[2026-09-16T15:58:09.004Z] [INFO] === Crawl complete === 654.8s
[2026-09-16T16:47:11.359Z] [INFO] === Crawl start === ts=2026-09-16T16:00:00Z
[2026-09-16T16:47:11.362Z] [INFO] Config loaded apps=4, platforms=macos, categories=Business,Productivity,Utilities
[2026-09-16T16:47:11.363Z] [INFO] App IDs to track: 23 our=4, competitors=19
[2026-09-16T16:47:11.364Z] [INFO] Lookup cached fetched_at=2026-09-16T00:47:17.547Z, 23 apps
[2026-09-16T16:47:11.364Z] [INFO] RSS requests: 60 countries=20, platforms=macos, categories=Business,Productivity,Utilities
[2026-09-16T16:47:11.365Z] [INFO] RSS fetch start: 60 requests, concurrency=1
[2026-09-16T16:47:12.355Z] [DEBUG] RSS ok: us/macos/Business/top-free entries=100
[2026-09-16T16:47:22.358Z] [DEBUG] Hits: us/macos/Business/top-free 4 app(s) found
[2026-09-16T16:47:23.261Z] [DEBUG] RSS ok: us/macos/Productivity/top-free entries=99
[2026-09-16T16:47:33.267Z] [DEBUG] Hits: us/macos/Productivity/top-free 6 app(s) found
[2026-09-16T16:47:34.229Z] [DEBUG] RSS ok: us/macos/Utilities/top-free entries=100
[2026-09-16T16:47:44.236Z] [DEBUG] Hits: us/macos/Utilities/top-free 1 app(s) found
[2026-09-16T16:47:44.945Z] [DEBUG] RSS ok: gb/macos/Business/top-free entries=100
[2026-09-16T16:47:54.950Z] [DEBUG] Hits: gb/macos/Business/top-free 3 app(s) found
[2026-09-16T16:47:55.754Z] [DEBUG] RSS ok: gb/macos/Productivity/top-free entries=99
[2026-09-16T16:48:05.755Z] [DEBUG] Hits: gb/macos/Productivity/top-free 5 app(s) found
[2026-09-16T16:48:06.518Z] [DEBUG] RSS ok: gb/macos/Utilities/top-free entries=100
[2026-09-16T16:48:16.519Z] [DEBUG] Hits: gb/macos/Utilities/top-free 3 app(s) found
[2026-09-16T16:48:17.289Z] [DEBUG] RSS ok: ca/macos/Business/top-free entries=100
[2026-09-16T16:48:27.295Z] [DEBUG] Hits: ca/macos/Business/top-free 4 app(s) found
[2026-09-16T16:48:28.321Z] [DEBUG] RSS ok: ca/macos/Productivity/top-free entries=99
[2026-09-16T16:48:38.328Z] [DEBUG] Hits: ca/macos/Productivity/top-free 5 app(s) found
[2026-09-16T16:48:39.142Z] [DEBUG] RSS ok: ca/macos/Utilities/top-free entries=100
[2026-09-16T16:48:49.860Z] [DEBUG] RSS ok: fr/macos/Business/top-free entries=99
[2026-09-16T16:48:59.866Z] [DEBUG] Hits: fr/macos/Business/top-free 3 app(s) found
[2026-09-16T16:48:59.867Z] [INFO] RSS progress: 10/60 (10 ok, 0 error, 34 points)
[2026-09-16T16:49:00.840Z] [DEBUG] RSS ok: fr/macos/Productivity/top-free entries=99
[2026-09-16T16:49:10.841Z] [DEBUG] Hits: fr/macos/Productivity/top-free 5 app(s) found
[2026-09-16T16:49:11.837Z] [DEBUG] RSS ok: fr/macos/Utilities/top-free entries=100
[2026-09-16T16:49:21.844Z] [DEBUG] Hits: fr/macos/Utilities/top-free 1 app(s) found
[2026-09-16T16:49:22.726Z] [DEBUG] RSS ok: de/macos/Business/top-free entries=100
[2026-09-16T16:49:33.495Z] [DEBUG] RSS ok: de/macos/Productivity/top-free entries=99
[2026-09-16T16:49:43.502Z] [DEBUG] Hits: de/macos/Productivity/top-free 4 app(s) found
[2026-09-16T16:49:44.413Z] [DEBUG] RSS ok: de/macos/Utilities/top-free entries=100
[2026-09-16T16:49:54.419Z] [DEBUG] Hits: de/macos/Utilities/top-free 1 app(s) found
[2026-09-16T16:49:55.240Z] [DEBUG] RSS ok: jp/macos/Business/top-free entries=100
[2026-09-16T16:50:05.247Z] [DEBUG] Hits: jp/macos/Business/top-free 3 app(s) found
[2026-09-16T16:50:06.169Z] [DEBUG] RSS ok: jp/macos/Productivity/top-free entries=99
[2026-09-16T16:50:16.174Z] [DEBUG] Hits: jp/macos/Productivity/top-free 2 app(s) found
[2026-09-16T16:50:16.866Z] [DEBUG] RSS ok: jp/macos/Utilities/top-free entries=100
[2026-09-16T16:50:26.872Z] [DEBUG] Hits: jp/macos/Utilities/top-free 5 app(s) found
[2026-09-16T16:50:27.705Z] [DEBUG] RSS ok: au/macos/Business/top-free entries=100
[2026-09-16T16:50:37.711Z] [DEBUG] Hits: au/macos/Business/top-free 4 app(s) found
[2026-09-16T16:50:38.574Z] [DEBUG] RSS ok: au/macos/Productivity/top-free entries=99
[2026-09-16T16:50:48.580Z] [DEBUG] Hits: au/macos/Productivity/top-free 4 app(s) found
[2026-09-16T16:50:48.581Z] [INFO] RSS progress: 20/60 (20 ok, 0 error, 63 points)
[2026-09-16T16:50:49.451Z] [DEBUG] RSS ok: au/macos/Utilities/top-free entries=100
[2026-09-16T16:50:59.456Z] [DEBUG] Hits: au/macos/Utilities/top-free 1 app(s) found
[2026-09-16T16:51:00.324Z] [DEBUG] RSS ok: es/macos/Business/top-free entries=100
[2026-09-16T16:51:10.329Z] [DEBUG] Hits: es/macos/Business/top-free 3 app(s) found
[2026-09-16T16:51:11.131Z] [DEBUG] RSS ok: es/macos/Productivity/top-free entries=99
[2026-09-16T16:51:21.136Z] [DEBUG] Hits: es/macos/Productivity/top-free 5 app(s) found
[2026-09-16T16:51:21.809Z] [DEBUG] RSS ok: es/macos/Utilities/top-free entries=100
[2026-09-16T16:51:31.816Z] [DEBUG] Hits: es/macos/Utilities/top-free 1 app(s) found
[2026-09-16T16:51:32.625Z] [DEBUG] RSS ok: it/macos/Business/top-free entries=99
[2026-09-16T16:51:42.632Z] [DEBUG] Hits: it/macos/Business/top-free 2 app(s) found
[2026-09-16T16:51:43.347Z] [DEBUG] RSS ok: it/macos/Productivity/top-free entries=99
[2026-09-16T16:51:53.353Z] [DEBUG] Hits: it/macos/Productivity/top-free 5 app(s) found
[2026-09-16T16:51:54.214Z] [DEBUG] RSS ok: it/macos/Utilities/top-free entries=100
[2026-09-16T16:52:05.035Z] [DEBUG] RSS ok: pt/macos/Business/top-free entries=100
[2026-09-16T16:52:15.042Z] [DEBUG] Hits: pt/macos/Business/top-free 4 app(s) found
[2026-09-16T16:52:15.851Z] [DEBUG] RSS ok: pt/macos/Productivity/top-free entries=99
[2026-09-16T16:52:25.853Z] [DEBUG] Hits: pt/macos/Productivity/top-free 4 app(s) found
[2026-09-16T16:52:26.826Z] [DEBUG] RSS ok: pt/macos/Utilities/top-free entries=100
[2026-09-16T16:52:36.832Z] [INFO] RSS progress: 30/60 (30 ok, 0 error, 88 points)
[2026-09-16T16:52:37.627Z] [DEBUG] RSS ok: ch/macos/Business/top-free entries=100
[2026-09-16T16:52:47.633Z] [DEBUG] Hits: ch/macos/Business/top-free 5 app(s) found
[2026-09-16T16:52:48.420Z] [DEBUG] RSS ok: ch/macos/Productivity/top-free entries=99
[2026-09-16T16:52:58.426Z] [DEBUG] Hits: ch/macos/Productivity/top-free 5 app(s) found
[2026-09-16T16:52:59.451Z] [DEBUG] RSS ok: ch/macos/Utilities/top-free entries=100
[2026-09-16T16:53:09.457Z] [DEBUG] Hits: ch/macos/Utilities/top-free 1 app(s) found
[2026-09-16T16:53:10.350Z] [DEBUG] RSS ok: be/macos/Business/top-free entries=100
[2026-09-16T16:53:20.357Z] [DEBUG] Hits: be/macos/Business/top-free 4 app(s) found
[2026-09-16T16:53:21.101Z] [DEBUG] RSS ok: be/macos/Productivity/top-free entries=99
[2026-09-16T16:53:31.106Z] [DEBUG] Hits: be/macos/Productivity/top-free 5 app(s) found
[2026-09-16T16:53:32.052Z] [DEBUG] RSS ok: be/macos/Utilities/top-free entries=100
[2026-09-16T16:53:42.059Z] [DEBUG] Hits: be/macos/Utilities/top-free 2 app(s) found
[2026-09-16T16:53:42.823Z] [DEBUG] RSS ok: nl/macos/Business/top-free entries=100
[2026-09-16T16:53:53.578Z] [DEBUG] RSS ok: nl/macos/Productivity/top-free entries=99
[2026-09-16T16:54:03.585Z] [DEBUG] Hits: nl/macos/Productivity/top-free 5 app(s) found
[2026-09-16T16:54:04.393Z] [DEBUG] RSS ok: nl/macos/Utilities/top-free entries=100
[2026-09-16T16:54:14.399Z] [DEBUG] Hits: nl/macos/Utilities/top-free 3 app(s) found
[2026-09-16T16:54:15.147Z] [DEBUG] RSS ok: tw/macos/Business/top-free entries=100
[2026-09-16T16:54:25.153Z] [DEBUG] Hits: tw/macos/Business/top-free 2 app(s) found
[2026-09-16T16:54:25.153Z] [INFO] RSS progress: 40/60 (40 ok, 0 error, 120 points)
[2026-09-16T16:54:26.040Z] [DEBUG] RSS ok: tw/macos/Productivity/top-free entries=99
[2026-09-16T16:54:36.045Z] [DEBUG] Hits: tw/macos/Productivity/top-free 2 app(s) found
[2026-09-16T16:54:36.802Z] [DEBUG] RSS ok: tw/macos/Utilities/top-free entries=100
[2026-09-16T16:54:46.805Z] [DEBUG] Hits: tw/macos/Utilities/top-free 1 app(s) found
[2026-09-16T16:54:47.670Z] [DEBUG] RSS ok: hk/macos/Business/top-free entries=99
[2026-09-16T16:54:57.677Z] [DEBUG] Hits: hk/macos/Business/top-free 2 app(s) found
[2026-09-16T16:54:58.610Z] [DEBUG] RSS ok: hk/macos/Productivity/top-free entries=99
[2026-09-16T16:55:08.617Z] [DEBUG] Hits: hk/macos/Productivity/top-free 4 app(s) found
[2026-09-16T16:55:09.473Z] [DEBUG] RSS ok: hk/macos/Utilities/top-free entries=100
[2026-09-16T16:55:20.527Z] [DEBUG] RSS ok: nz/macos/Business/top-free entries=100
[2026-09-16T16:55:30.533Z] [DEBUG] Hits: nz/macos/Business/top-free 4 app(s) found
[2026-09-16T16:55:31.442Z] [DEBUG] RSS ok: nz/macos/Productivity/top-free entries=99
[2026-09-16T16:55:41.449Z] [DEBUG] Hits: nz/macos/Productivity/top-free 4 app(s) found
[2026-09-16T16:55:42.327Z] [DEBUG] RSS ok: nz/macos/Utilities/top-free entries=100
[2026-09-16T16:55:52.333Z] [DEBUG] Hits: nz/macos/Utilities/top-free 1 app(s) found
[2026-09-16T16:55:53.155Z] [DEBUG] RSS ok: sg/macos/Business/top-free entries=100
[2026-09-16T16:56:03.157Z] [DEBUG] Hits: sg/macos/Business/top-free 4 app(s) found
[2026-09-16T16:56:04.280Z] [DEBUG] RSS ok: sg/macos/Productivity/top-free entries=99
[2026-09-16T16:56:14.287Z] [DEBUG] Hits: sg/macos/Productivity/top-free 4 app(s) found
[2026-09-16T16:56:14.287Z] [INFO] RSS progress: 50/60 (50 ok, 0 error, 146 points)
[2026-09-16T16:56:15.100Z] [DEBUG] RSS ok: sg/macos/Utilities/top-free entries=100
[2026-09-16T16:56:25.105Z] [DEBUG] Hits: sg/macos/Utilities/top-free 1 app(s) found
[2026-09-16T16:56:25.984Z] [DEBUG] RSS ok: in/macos/Business/top-free entries=100
[2026-09-16T16:56:35.990Z] [DEBUG] Hits: in/macos/Business/top-free 3 app(s) found
[2026-09-16T16:56:36.787Z] [DEBUG] RSS ok: in/macos/Productivity/top-free entries=99
[2026-09-16T16:56:46.793Z] [DEBUG] Hits: in/macos/Productivity/top-free 2 app(s) found
[2026-09-16T16:56:47.753Z] [DEBUG] RSS ok: in/macos/Utilities/top-free entries=100
[2026-09-16T16:56:58.673Z] [DEBUG] RSS ok: za/macos/Business/top-free entries=100
[2026-09-16T16:57:08.679Z] [DEBUG] Hits: za/macos/Business/top-free 3 app(s) found
[2026-09-16T16:57:09.655Z] [DEBUG] RSS ok: za/macos/Productivity/top-free entries=99
[2026-09-16T16:57:19.662Z] [DEBUG] Hits: za/macos/Productivity/top-free 4 app(s) found
[2026-09-16T16:57:20.543Z] [DEBUG] RSS ok: za/macos/Utilities/top-free entries=100
[2026-09-16T16:57:30.548Z] [DEBUG] Hits: za/macos/Utilities/top-free 1 app(s) found
[2026-09-16T16:57:31.271Z] [DEBUG] RSS ok: br/macos/Business/top-free entries=99
[2026-09-16T16:57:41.270Z] [DEBUG] Hits: br/macos/Business/top-free 2 app(s) found
[2026-09-16T16:57:42.256Z] [DEBUG] RSS ok: br/macos/Productivity/top-free entries=99
[2026-09-16T16:57:52.263Z] [DEBUG] Hits: br/macos/Productivity/top-free 4 app(s) found
[2026-09-16T16:57:53.016Z] [DEBUG] RSS ok: br/macos/Utilities/top-free entries=100
[2026-09-16T16:58:03.021Z] [DEBUG] Hits: br/macos/Utilities/top-free 1 app(s) found
[2026-09-16T16:58:03.021Z] [INFO] RSS progress: 60/60 (60 ok, 0 error, 167 points)
[2026-09-16T16:58:03.021Z] [INFO] RSS fetch done: 60 ok, 0 error, 167 points
[2026-09-16T16:58:03.021Z] [INFO] Platform max returned: macos = 100
[2026-09-16T16:58:03.022Z] [INFO] RSS results: 60 ok, 0 error, 167 rank points
[2026-09-16T16:58:03.054Z] [INFO] Stored: 60 crawls, 167 points
[2026-09-16T16:58:03.080Z] [INFO] current.json written rows=23
[2026-09-16T16:58:03.081Z] [INFO] Current summary: on_chart=167, not_on_chart=293, depth_limited=0, crawl_error=0, total=460
[2026-09-16T16:58:03.081Z] [INFO] === Crawl complete === 651.7s
[2026-09-16T17:47:12.176Z] [INFO] === Crawl start === ts=2026-09-16T17:00:00Z
[2026-09-16T17:47:12.180Z] [INFO] Config loaded apps=4, platforms=macos, categories=Business,Productivity,Utilities
[2026-09-16T17:47:12.180Z] [INFO] App IDs to track: 23 our=4, competitors=19
[2026-09-16T17:47:12.182Z] [INFO] Lookup cached fetched_at=2026-09-16T00:47:17.547Z, 23 apps
[2026-09-16T17:47:12.182Z] [INFO] RSS requests: 60 countries=20, platforms=macos, categories=Business,Productivity,Utilities
[2026-09-16T17:47:12.183Z] [INFO] RSS fetch start: 60 requests, concurrency=1
[2026-09-16T17:47:12.990Z] [DEBUG] RSS ok: us/macos/Business/top-free entries=100
[2026-09-16T17:47:22.992Z] [DEBUG] Hits: us/macos/Business/top-free 4 app(s) found
[2026-09-16T17:47:23.632Z] [DEBUG] RSS ok: us/macos/Productivity/top-free entries=99
[2026-09-16T17:47:33.638Z] [DEBUG] Hits: us/macos/Productivity/top-free 6 app(s) found
[2026-09-16T17:47:34.276Z] [DEBUG] RSS ok: us/macos/Utilities/top-free entries=100
[2026-09-16T17:47:44.282Z] [DEBUG] Hits: us/macos/Utilities/top-free 1 app(s) found
[2026-09-16T17:47:45.325Z] [DEBUG] RSS ok: gb/macos/Business/top-free entries=100
[2026-09-16T17:47:55.330Z] [DEBUG] Hits: gb/macos/Business/top-free 3 app(s) found
[2026-09-16T17:47:55.958Z] [DEBUG] RSS ok: gb/macos/Productivity/top-free entries=99
[2026-09-16T17:48:05.965Z] [DEBUG] Hits: gb/macos/Productivity/top-free 5 app(s) found
[2026-09-16T17:48:06.710Z] [DEBUG] RSS ok: gb/macos/Utilities/top-free entries=100
[2026-09-16T17:48:16.713Z] [DEBUG] Hits: gb/macos/Utilities/top-free 3 app(s) found
[2026-09-16T17:48:17.555Z] [DEBUG] RSS ok: ca/macos/Business/top-free entries=100
[2026-09-16T17:48:27.561Z] [DEBUG] Hits: ca/macos/Business/top-free 4 app(s) found
[2026-09-16T17:48:28.293Z] [DEBUG] RSS ok: ca/macos/Productivity/top-free entries=99
[2026-09-16T17:48:38.300Z] [DEBUG] Hits: ca/macos/Productivity/top-free 5 app(s) found
[2026-09-16T17:48:39.100Z] [DEBUG] RSS ok: ca/macos/Utilities/top-free entries=100
[2026-09-16T17:48:49.867Z] [DEBUG] RSS ok: fr/macos/Business/top-free entries=99
[2026-09-16T17:48:59.874Z] [DEBUG] Hits: fr/macos/Business/top-free 3 app(s) found
[2026-09-16T17:48:59.874Z] [INFO] RSS progress: 10/60 (10 ok, 0 error, 34 points)
[2026-09-16T17:49:00.725Z] [DEBUG] RSS ok: fr/macos/Productivity/top-free entries=99
[2026-09-16T17:49:10.731Z] [DEBUG] Hits: fr/macos/Productivity/top-free 5 app(s) found
[2026-09-16T17:49:11.433Z] [DEBUG] RSS ok: fr/macos/Utilities/top-free entries=100
[2026-09-16T17:49:21.439Z] [DEBUG] Hits: fr/macos/Utilities/top-free 1 app(s) found
[2026-09-16T17:49:22.111Z] [DEBUG] RSS ok: de/macos/Business/top-free entries=100
[2026-09-16T17:49:32.945Z] [DEBUG] RSS ok: de/macos/Productivity/top-free entries=99
[2026-09-16T17:49:42.952Z] [DEBUG] Hits: de/macos/Productivity/top-free 4 app(s) found
[2026-09-16T17:49:43.952Z] [DEBUG] RSS ok: de/macos/Utilities/top-free entries=100
[2026-09-16T17:49:53.958Z] [DEBUG] Hits: de/macos/Utilities/top-free 1 app(s) found
[2026-09-16T17:49:54.775Z] [DEBUG] RSS ok: jp/macos/Business/top-free entries=100
[2026-09-16T17:50:04.781Z] [DEBUG] Hits: jp/macos/Business/top-free 3 app(s) found
[2026-09-16T17:50:05.473Z] [DEBUG] RSS ok: jp/macos/Productivity/top-free entries=99
[2026-09-16T17:50:15.480Z] [DEBUG] Hits: jp/macos/Productivity/top-free 2 app(s) found
[2026-09-16T17:50:16.402Z] [DEBUG] RSS ok: jp/macos/Utilities/top-free entries=100
[2026-09-16T17:50:26.409Z] [DEBUG] Hits: jp/macos/Utilities/top-free 5 app(s) found
[2026-09-16T17:50:27.192Z] [DEBUG] RSS ok: au/macos/Business/top-free entries=100
[2026-09-16T17:50:37.198Z] [DEBUG] Hits: au/macos/Business/top-free 4 app(s) found
[2026-09-16T17:50:37.964Z] [DEBUG] RSS ok: au/macos/Productivity/top-free entries=99
[2026-09-16T17:50:47.970Z] [DEBUG] Hits: au/macos/Productivity/top-free 4 app(s) found
[2026-09-16T17:50:47.971Z] [INFO] RSS progress: 20/60 (20 ok, 0 error, 63 points)
[2026-09-16T17:50:48.796Z] [DEBUG] RSS ok: au/macos/Utilities/top-free entries=100
[2026-09-16T17:50:58.802Z] [DEBUG] Hits: au/macos/Utilities/top-free 1 app(s) found
[2026-09-16T17:50:59.647Z] [DEBUG] RSS ok: es/macos/Business/top-free entries=100
[2026-09-16T17:51:09.654Z] [DEBUG] Hits: es/macos/Business/top-free 3 app(s) found
[2026-09-16T17:51:10.472Z] [DEBUG] RSS ok: es/macos/Productivity/top-free entries=99
[2026-09-16T17:51:20.478Z] [DEBUG] Hits: es/macos/Productivity/top-free 5 app(s) found
[2026-09-16T17:51:21.322Z] [DEBUG] RSS ok: es/macos/Utilities/top-free entries=100
[2026-09-16T17:51:31.328Z] [DEBUG] Hits: es/macos/Utilities/top-free 1 app(s) found
[2026-09-16T17:51:32.351Z] [DEBUG] RSS ok: it/macos/Business/top-free entries=99
[2026-09-16T17:51:42.356Z] [DEBUG] Hits: it/macos/Business/top-free 2 app(s) found
[2026-09-16T17:51:43.313Z] [DEBUG] RSS ok: it/macos/Productivity/top-free entries=99
[2026-09-16T17:51:53.316Z] [DEBUG] Hits: it/macos/Productivity/top-free 5 app(s) found
[2026-09-16T17:51:53.981Z] [DEBUG] RSS ok: it/macos/Utilities/top-free entries=100
[2026-09-16T17:52:05.004Z] [DEBUG] RSS ok: pt/macos/Business/top-free entries=100
[2026-09-16T17:52:15.009Z] [DEBUG] Hits: pt/macos/Business/top-free 4 app(s) found
[2026-09-16T17:52:15.975Z] [DEBUG] RSS ok: pt/macos/Productivity/top-free entries=99
[2026-09-16T17:52:25.982Z] [DEBUG] Hits: pt/macos/Productivity/top-free 4 app(s) found
[2026-09-16T17:52:26.956Z] [DEBUG] RSS ok: pt/macos/Utilities/top-free entries=100
[2026-09-16T17:52:36.962Z] [INFO] RSS progress: 30/60 (30 ok, 0 error, 88 points)
[2026-09-16T17:52:37.865Z] [DEBUG] RSS ok: ch/macos/Business/top-free entries=100
[2026-09-16T17:52:47.872Z] [DEBUG] Hits: ch/macos/Business/top-free 5 app(s) found
[2026-09-16T17:52:48.626Z] [DEBUG] RSS ok: ch/macos/Productivity/top-free entries=99
[2026-09-16T17:52:58.633Z] [DEBUG] Hits: ch/macos/Productivity/top-free 5 app(s) found
[2026-09-16T17:52:59.835Z] [DEBUG] RSS ok: ch/macos/Utilities/top-free entries=100
[2026-09-16T17:53:09.841Z] [DEBUG] Hits: ch/macos/Utilities/top-free 1 app(s) found
[2026-09-16T17:53:10.575Z] [DEBUG] RSS ok: be/macos/Business/top-free entries=100
[2026-09-16T17:53:20.581Z] [DEBUG] Hits: be/macos/Business/top-free 4 app(s) found
[2026-09-16T17:53:21.255Z] [DEBUG] RSS ok: be/macos/Productivity/top-free entries=99
[2026-09-16T17:53:31.260Z] [DEBUG] Hits: be/macos/Productivity/top-free 5 app(s) found
[2026-09-16T17:53:31.985Z] [DEBUG] RSS ok: be/macos/Utilities/top-free entries=100
[2026-09-16T17:53:41.990Z] [DEBUG] Hits: be/macos/Utilities/top-free 2 app(s) found
[2026-09-16T17:53:42.619Z] [DEBUG] RSS ok: nl/macos/Business/top-free entries=100
[2026-09-16T17:53:53.261Z] [DEBUG] RSS ok: nl/macos/Productivity/top-free entries=99
[2026-09-16T17:54:03.267Z] [DEBUG] Hits: nl/macos/Productivity/top-free 5 app(s) found
[2026-09-16T17:54:04.105Z] [DEBUG] RSS ok: nl/macos/Utilities/top-free entries=100
[2026-09-16T17:54:14.110Z] [DEBUG] Hits: nl/macos/Utilities/top-free 3 app(s) found
[2026-09-16T17:54:14.796Z] [DEBUG] RSS ok: tw/macos/Business/top-free entries=100
[2026-09-16T17:54:24.802Z] [DEBUG] Hits: tw/macos/Business/top-free 2 app(s) found
[2026-09-16T17:54:24.802Z] [INFO] RSS progress: 40/60 (40 ok, 0 error, 120 points)
[2026-09-16T17:54:25.683Z] [DEBUG] RSS ok: tw/macos/Productivity/top-free entries=99
[2026-09-16T17:54:35.689Z] [DEBUG] Hits: tw/macos/Productivity/top-free 2 app(s) found
[2026-09-16T17:54:36.354Z] [DEBUG] RSS ok: tw/macos/Utilities/top-free entries=100
[2026-09-16T17:54:46.361Z] [DEBUG] Hits: tw/macos/Utilities/top-free 1 app(s) found
[2026-09-16T17:54:47.105Z] [DEBUG] RSS ok: hk/macos/Business/top-free entries=99
[2026-09-16T17:54:57.112Z] [DEBUG] Hits: hk/macos/Business/top-free 2 app(s) found
[2026-09-16T17:54:57.933Z] [DEBUG] RSS ok: hk/macos/Productivity/top-free entries=99
[2026-09-16T17:55:07.939Z] [DEBUG] Hits: hk/macos/Productivity/top-free 4 app(s) found
[2026-09-16T17:55:08.706Z] [DEBUG] RSS ok: hk/macos/Utilities/top-free entries=100
[2026-09-16T17:55:19.413Z] [DEBUG] RSS ok: nz/macos/Business/top-free entries=100
[2026-09-16T17:55:29.417Z] [DEBUG] Hits: nz/macos/Business/top-free 4 app(s) found
[2026-09-16T17:55:30.123Z] [DEBUG] RSS ok: nz/macos/Productivity/top-free entries=99
[2026-09-16T17:55:40.129Z] [DEBUG] Hits: nz/macos/Productivity/top-free 4 app(s) found
[2026-09-16T17:55:40.873Z] [DEBUG] RSS ok: nz/macos/Utilities/top-free entries=100
[2026-09-16T17:55:50.879Z] [DEBUG] Hits: nz/macos/Utilities/top-free 1 app(s) found
[2026-09-16T17:55:51.747Z] [DEBUG] RSS ok: sg/macos/Business/top-free entries=100
[2026-09-16T17:56:01.753Z] [DEBUG] Hits: sg/macos/Business/top-free 4 app(s) found
[2026-09-16T17:56:02.387Z] [DEBUG] RSS ok: sg/macos/Productivity/top-free entries=99
[2026-09-16T17:56:12.394Z] [DEBUG] Hits: sg/macos/Productivity/top-free 4 app(s) found
[2026-09-16T17:56:12.394Z] [INFO] RSS progress: 50/60 (50 ok, 0 error, 146 points)
[2026-09-16T17:56:13.169Z] [DEBUG] RSS ok: sg/macos/Utilities/top-free entries=100
[2026-09-16T17:56:23.173Z] [DEBUG] Hits: sg/macos/Utilities/top-free 1 app(s) found
[2026-09-16T17:56:23.933Z] [DEBUG] RSS ok: in/macos/Business/top-free entries=100
[2026-09-16T17:56:33.940Z] [DEBUG] Hits: in/macos/Business/top-free 3 app(s) found
[2026-09-16T17:56:34.849Z] [DEBUG] RSS ok: in/macos/Productivity/top-free entries=99
[2026-09-16T17:56:44.855Z] [DEBUG] Hits: in/macos/Productivity/top-free 2 app(s) found
[2026-09-16T17:56:45.588Z] [DEBUG] RSS ok: in/macos/Utilities/top-free entries=100
[2026-09-16T17:56:56.293Z] [DEBUG] RSS ok: za/macos/Business/top-free entries=100
[2026-09-16T17:57:06.298Z] [DEBUG] Hits: za/macos/Business/top-free 3 app(s) found
[2026-09-16T17:57:07.155Z] [DEBUG] RSS ok: za/macos/Productivity/top-free entries=99
[2026-09-16T17:57:17.160Z] [DEBUG] Hits: za/macos/Productivity/top-free 4 app(s) found
[2026-09-16T17:57:18.342Z] [DEBUG] RSS ok: za/macos/Utilities/top-free entries=100
[2026-09-16T17:57:28.342Z] [DEBUG] Hits: za/macos/Utilities/top-free 1 app(s) found
[2026-09-16T17:57:29.300Z] [DEBUG] RSS ok: br/macos/Business/top-free entries=99
[2026-09-16T17:57:39.306Z] [DEBUG] Hits: br/macos/Business/top-free 2 app(s) found
[2026-09-16T17:57:40.185Z] [DEBUG] RSS ok: br/macos/Productivity/top-free entries=99
[2026-09-16T17:57:50.192Z] [DEBUG] Hits: br/macos/Productivity/top-free 4 app(s) found
[2026-09-16T17:57:50.923Z] [DEBUG] RSS ok: br/macos/Utilities/top-free entries=100
[2026-09-16T17:58:00.924Z] [DEBUG] Hits: br/macos/Utilities/top-free 1 app(s) found
[2026-09-16T17:58:00.924Z] [INFO] RSS progress: 60/60 (60 ok, 0 error, 167 points)
[2026-09-16T17:58:00.925Z] [INFO] RSS fetch done: 60 ok, 0 error, 167 points
[2026-09-16T17:58:00.925Z] [INFO] Platform max returned: macos = 100
[2026-09-16T17:58:00.926Z] [INFO] RSS results: 60 ok, 0 error, 167 rank points
[2026-09-16T17:58:00.969Z] [INFO] Stored: 60 crawls, 167 points
[2026-09-16T17:58:01.003Z] [INFO] current.json written rows=23
[2026-09-16T17:58:01.005Z] [INFO] Current summary: on_chart=167, not_on_chart=293, depth_limited=0, crawl_error=0, total=460
[2026-09-16T17:58:01.005Z] [INFO] === Crawl complete === 648.8s
[2026-09-16T18:47:14.037Z] [INFO] === Crawl start === ts=2026-09-16T18:00:00Z
[2026-09-16T18:47:14.042Z] [INFO] Config loaded apps=4, platforms=macos, categories=Business,Productivity,Utilities
[2026-09-16T18:47:14.042Z] [INFO] App IDs to track: 23 our=4, competitors=19
[2026-09-16T18:47:14.044Z] [INFO] Lookup cached fetched_at=2026-09-16T00:47:17.547Z, 23 apps
[2026-09-16T18:47:14.044Z] [INFO] RSS requests: 60 countries=20, platforms=macos, categories=Business,Productivity,Utilities
[2026-09-16T18:47:14.044Z] [INFO] RSS fetch start: 60 requests, concurrency=1
[2026-09-16T18:47:14.913Z] [DEBUG] RSS ok: us/macos/Business/top-free entries=100
[2026-09-16T18:47:24.916Z] [DEBUG] Hits: us/macos/Business/top-free 4 app(s) found
[2026-09-16T18:47:25.590Z] [DEBUG] RSS ok: us/macos/Productivity/top-free entries=99
[2026-09-16T18:47:35.596Z] [DEBUG] Hits: us/macos/Productivity/top-free 6 app(s) found
[2026-09-16T18:47:36.379Z] [DEBUG] RSS ok: us/macos/Utilities/top-free entries=100
[2026-09-16T18:47:46.385Z] [DEBUG] Hits: us/macos/Utilities/top-free 1 app(s) found
[2026-09-16T18:47:47.061Z] [DEBUG] RSS ok: gb/macos/Business/top-free entries=100
[2026-09-16T18:47:57.067Z] [DEBUG] Hits: gb/macos/Business/top-free 3 app(s) found
[2026-09-16T18:47:57.758Z] [DEBUG] RSS ok: gb/macos/Productivity/top-free entries=99
[2026-09-16T18:48:07.764Z] [DEBUG] Hits: gb/macos/Productivity/top-free 5 app(s) found
[2026-09-16T18:48:08.586Z] [DEBUG] RSS ok: gb/macos/Utilities/top-free entries=100
[2026-09-16T18:48:18.592Z] [DEBUG] Hits: gb/macos/Utilities/top-free 3 app(s) found
[2026-09-16T18:48:19.319Z] [DEBUG] RSS ok: ca/macos/Business/top-free entries=100
[2026-09-16T18:48:29.325Z] [DEBUG] Hits: ca/macos/Business/top-free 4 app(s) found
[2026-09-16T18:48:30.158Z] [DEBUG] RSS ok: ca/macos/Productivity/top-free entries=99
[2026-09-16T18:48:40.165Z] [DEBUG] Hits: ca/macos/Productivity/top-free 5 app(s) found
[2026-09-16T18:48:41.441Z] [DEBUG] RSS ok: ca/macos/Utilities/top-free entries=100
[2026-09-16T18:48:52.390Z] [DEBUG] RSS ok: fr/macos/Business/top-free entries=99
[2026-09-16T18:49:02.391Z] [DEBUG] Hits: fr/macos/Business/top-free 3 app(s) found
[2026-09-16T18:49:02.391Z] [INFO] RSS progress: 10/60 (10 ok, 0 error, 34 points)
[2026-09-16T18:49:03.562Z] [DEBUG] RSS ok: fr/macos/Productivity/top-free entries=99
[2026-09-16T18:49:13.568Z] [DEBUG] Hits: fr/macos/Productivity/top-free 5 app(s) found
[2026-09-16T18:49:14.410Z] [DEBUG] RSS ok: fr/macos/Utilities/top-free entries=100
[2026-09-16T18:49:24.417Z] [DEBUG] Hits: fr/macos/Utilities/top-free 1 app(s) found
[2026-09-16T18:49:25.138Z] [DEBUG] RSS ok: de/macos/Business/top-free entries=100
[2026-09-16T18:49:35.981Z] [DEBUG] RSS ok: de/macos/Productivity/top-free entries=99
[2026-09-16T18:49:45.988Z] [DEBUG] Hits: de/macos/Productivity/top-free 4 app(s) found
[2026-09-16T18:49:46.991Z] [DEBUG] RSS ok: de/macos/Utilities/top-free entries=100
[2026-09-16T18:49:56.997Z] [DEBUG] Hits: de/macos/Utilities/top-free 1 app(s) found
[2026-09-16T18:49:57.777Z] [DEBUG] RSS ok: jp/macos/Business/top-free entries=100
[2026-09-16T18:50:07.778Z] [DEBUG] Hits: jp/macos/Business/top-free 3 app(s) found
[2026-09-16T18:50:08.483Z] [DEBUG] RSS ok: jp/macos/Productivity/top-free entries=99
[2026-09-16T18:50:18.489Z] [DEBUG] Hits: jp/macos/Productivity/top-free 2 app(s) found
[2026-09-16T18:50:19.691Z] [DEBUG] RSS ok: jp/macos/Utilities/top-free entries=100
[2026-09-16T18:50:29.697Z] [DEBUG] Hits: jp/macos/Utilities/top-free 5 app(s) found
[2026-09-16T18:50:30.419Z] [DEBUG] RSS ok: au/macos/Business/top-free entries=100
[2026-09-16T18:50:40.425Z] [DEBUG] Hits: au/macos/Business/top-free 4 app(s) found
[2026-09-16T18:50:41.387Z] [DEBUG] RSS ok: au/macos/Productivity/top-free entries=99
[2026-09-16T18:50:51.392Z] [INFO] RSS progress: 20/60 (20 ok, 0 error, 63 points)
[2026-09-16T18:50:51.392Z] [DEBUG] Hits: au/macos/Productivity/top-free 4 app(s) found
[2026-09-16T18:50:52.311Z] [DEBUG] RSS ok: au/macos/Utilities/top-free entries=100
[2026-09-16T18:51:02.318Z] [DEBUG] Hits: au/macos/Utilities/top-free 1 app(s) found
[2026-09-16T18:51:03.116Z] [DEBUG] RSS ok: es/macos/Business/top-free entries=100
[2026-09-16T18:51:13.122Z] [DEBUG] Hits: es/macos/Business/top-free 3 app(s) found
[2026-09-16T18:51:14.000Z] [DEBUG] RSS ok: es/macos/Productivity/top-free entries=99
[2026-09-16T18:51:24.002Z] [DEBUG] Hits: es/macos/Productivity/top-free 5 app(s) found
[2026-09-16T18:51:24.791Z] [DEBUG] RSS ok: es/macos/Utilities/top-free entries=100
[2026-09-16T18:51:34.797Z] [DEBUG] Hits: es/macos/Utilities/top-free 1 app(s) found
[2026-09-16T18:51:35.707Z] [DEBUG] RSS ok: it/macos/Business/top-free entries=99
[2026-09-16T18:51:45.713Z] [DEBUG] Hits: it/macos/Business/top-free 2 app(s) found
[2026-09-16T18:51:46.583Z] [DEBUG] RSS ok: it/macos/Productivity/top-free entries=99
[2026-09-16T18:51:56.590Z] [DEBUG] Hits: it/macos/Productivity/top-free 5 app(s) found
[2026-09-16T18:51:57.498Z] [DEBUG] RSS ok: it/macos/Utilities/top-free entries=100
[2026-09-16T18:52:08.409Z] [DEBUG] RSS ok: pt/macos/Business/top-free entries=100
[2026-09-16T18:52:18.416Z] [DEBUG] Hits: pt/macos/Business/top-free 4 app(s) found
[2026-09-16T18:52:19.214Z] [DEBUG] RSS ok: pt/macos/Productivity/top-free entries=99
[2026-09-16T18:52:29.218Z] [DEBUG] Hits: pt/macos/Productivity/top-free 4 app(s) found
[2026-09-16T18:52:30.216Z] [DEBUG] RSS ok: pt/macos/Utilities/top-free entries=100
[2026-09-16T18:52:40.222Z] [INFO] RSS progress: 30/60 (30 ok, 0 error, 88 points)
[2026-09-16T18:52:40.939Z] [DEBUG] RSS ok: ch/macos/Business/top-free entries=100
[2026-09-16T18:52:50.944Z] [DEBUG] Hits: ch/macos/Business/top-free 5 app(s) found
[2026-09-16T18:52:51.852Z] [DEBUG] RSS ok: ch/macos/Productivity/top-free entries=99
[2026-09-16T18:53:01.858Z] [DEBUG] Hits: ch/macos/Productivity/top-free 5 app(s) found
[2026-09-16T18:53:02.773Z] [DEBUG] RSS ok: ch/macos/Utilities/top-free entries=100
[2026-09-16T18:53:12.779Z] [DEBUG] Hits: ch/macos/Utilities/top-free 1 app(s) found
[2026-09-16T18:53:13.801Z] [DEBUG] RSS ok: be/macos/Business/top-free entries=100
[2026-09-16T18:53:23.807Z] [DEBUG] Hits: be/macos/Business/top-free 4 app(s) found
[2026-09-16T18:53:24.513Z] [DEBUG] RSS ok: be/macos/Productivity/top-free entries=99
[2026-09-16T18:53:34.520Z] [DEBUG] Hits: be/macos/Productivity/top-free 5 app(s) found
[2026-09-16T18:53:35.310Z] [DEBUG] RSS ok: be/macos/Utilities/top-free entries=100
[2026-09-16T18:53:45.315Z] [DEBUG] Hits: be/macos/Utilities/top-free 2 app(s) found
[2026-09-16T18:53:46.419Z] [DEBUG] RSS ok: nl/macos/Business/top-free entries=100
[2026-09-16T18:53:57.115Z] [DEBUG] RSS ok: nl/macos/Productivity/top-free entries=99
[2026-09-16T18:54:07.121Z] [DEBUG] Hits: nl/macos/Productivity/top-free 5 app(s) found
[2026-09-16T18:54:07.890Z] [DEBUG] RSS ok: nl/macos/Utilities/top-free entries=100
[2026-09-16T18:54:17.895Z] [DEBUG] Hits: nl/macos/Utilities/top-free 3 app(s) found
[2026-09-16T18:54:18.648Z] [DEBUG] RSS ok: tw/macos/Business/top-free entries=100
[2026-09-16T18:54:28.654Z] [DEBUG] Hits: tw/macos/Business/top-free 2 app(s) found
[2026-09-16T18:54:28.654Z] [INFO] RSS progress: 40/60 (40 ok, 0 error, 120 points)
[2026-09-16T18:54:29.446Z] [DEBUG] RSS ok: tw/macos/Productivity/top-free entries=99
[2026-09-16T18:54:39.446Z] [DEBUG] Hits: tw/macos/Productivity/top-free 2 app(s) found
[2026-09-16T18:54:40.227Z] [DEBUG] RSS ok: tw/macos/Utilities/top-free entries=100
[2026-09-16T18:54:50.232Z] [DEBUG] Hits: tw/macos/Utilities/top-free 1 app(s) found
[2026-09-16T18:54:51.106Z] [DEBUG] RSS ok: hk/macos/Business/top-free entries=99
[2026-09-16T18:55:01.112Z] [DEBUG] Hits: hk/macos/Business/top-free 2 app(s) found
[2026-09-16T18:55:01.946Z] [DEBUG] RSS ok: hk/macos/Productivity/top-free entries=99
[2026-09-16T18:55:11.953Z] [DEBUG] Hits: hk/macos/Productivity/top-free 4 app(s) found
[2026-09-16T18:55:12.933Z] [DEBUG] RSS ok: hk/macos/Utilities/top-free entries=100
[2026-09-16T18:55:23.758Z] [DEBUG] RSS ok: nz/macos/Business/top-free entries=100
[2026-09-16T18:55:33.764Z] [DEBUG] Hits: nz/macos/Business/top-free 4 app(s) found
[2026-09-16T18:55:34.709Z] [DEBUG] RSS ok: nz/macos/Productivity/top-free entries=99
[2026-09-16T18:55:44.714Z] [DEBUG] Hits: nz/macos/Productivity/top-free 4 app(s) found
[2026-09-16T18:55:45.648Z] [DEBUG] RSS ok: nz/macos/Utilities/top-free entries=100
[2026-09-16T18:55:55.654Z] [DEBUG] Hits: nz/macos/Utilities/top-free 1 app(s) found
[2026-09-16T18:55:56.865Z] [DEBUG] RSS ok: sg/macos/Business/top-free entries=100
[2026-09-16T18:56:06.871Z] [DEBUG] Hits: sg/macos/Business/top-free 4 app(s) found
[2026-09-16T18:56:07.658Z] [DEBUG] RSS ok: sg/macos/Productivity/top-free entries=99
[2026-09-16T18:56:17.664Z] [DEBUG] Hits: sg/macos/Productivity/top-free 4 app(s) found
[2026-09-16T18:56:17.664Z] [INFO] RSS progress: 50/60 (50 ok, 0 error, 146 points)
[2026-09-16T18:56:18.420Z] [DEBUG] RSS ok: sg/macos/Utilities/top-free entries=100
[2026-09-16T18:56:28.426Z] [DEBUG] Hits: sg/macos/Utilities/top-free 1 app(s) found
[2026-09-16T18:56:29.276Z] [DEBUG] RSS ok: in/macos/Business/top-free entries=100
[2026-09-16T18:56:39.282Z] [DEBUG] Hits: in/macos/Business/top-free 3 app(s) found
[2026-09-16T18:56:40.067Z] [DEBUG] RSS ok: in/macos/Productivity/top-free entries=99
[2026-09-16T18:56:50.073Z] [DEBUG] Hits: in/macos/Productivity/top-free 2 app(s) found
[2026-09-16T18:56:50.843Z] [DEBUG] RSS ok: in/macos/Utilities/top-free entries=100
[2026-09-16T18:57:01.795Z] [DEBUG] RSS ok: za/macos/Business/top-free entries=100
[2026-09-16T18:57:11.801Z] [DEBUG] Hits: za/macos/Business/top-free 3 app(s) found
[2026-09-16T18:57:12.605Z] [DEBUG] RSS ok: za/macos/Productivity/top-free entries=99
[2026-09-16T18:57:22.610Z] [DEBUG] Hits: za/macos/Productivity/top-free 4 app(s) found
[2026-09-16T18:57:23.453Z] [DEBUG] RSS ok: za/macos/Utilities/top-free entries=100
[2026-09-16T18:57:33.459Z] [DEBUG] Hits: za/macos/Utilities/top-free 1 app(s) found
[2026-09-16T18:57:34.262Z] [DEBUG] RSS ok: br/macos/Business/top-free entries=99
[2026-09-16T18:57:44.270Z] [DEBUG] Hits: br/macos/Business/top-free 2 app(s) found
[2026-09-16T18:57:45.519Z] [DEBUG] RSS ok: br/macos/Productivity/top-free entries=99
[2026-09-16T18:57:55.525Z] [DEBUG] Hits: br/macos/Productivity/top-free 4 app(s) found
[2026-09-16T18:57:56.282Z] [DEBUG] RSS ok: br/macos/Utilities/top-free entries=100
[2026-09-16T18:58:06.288Z] [DEBUG] Hits: br/macos/Utilities/top-free 1 app(s) found
[2026-09-16T18:58:06.288Z] [INFO] RSS progress: 60/60 (60 ok, 0 error, 167 points)
[2026-09-16T18:58:06.289Z] [INFO] RSS fetch done: 60 ok, 0 error, 167 points
[2026-09-16T18:58:06.289Z] [INFO] Platform max returned: macos = 100
[2026-09-16T18:58:06.289Z] [INFO] RSS results: 60 ok, 0 error, 167 rank points
[2026-09-16T18:58:06.333Z] [INFO] Stored: 60 crawls, 167 points
[2026-09-16T18:58:06.365Z] [INFO] current.json written rows=23
[2026-09-16T18:58:06.366Z] [INFO] Current summary: on_chart=167, not_on_chart=293, depth_limited=0, crawl_error=0, total=460
[2026-09-16T18:58:06.366Z] [INFO] === Crawl complete === 652.3s
[2026-09-16T19:47:11.752Z] [INFO] === Crawl start === ts=2026-09-16T19:00:00Z
[2026-09-16T19:47:11.756Z] [INFO] Config loaded apps=4, platforms=macos, categories=Business,Productivity,Utilities
[2026-09-16T19:47:11.756Z] [INFO] App IDs to track: 23 our=4, competitors=19
[2026-09-16T19:47:11.758Z] [INFO] Lookup cached fetched_at=2026-09-16T00:47:17.547Z, 23 apps
[2026-09-16T19:47:11.758Z] [INFO] RSS requests: 60 countries=20, platforms=macos, categories=Business,Productivity,Utilities
[2026-09-16T19:47:11.759Z] [INFO] RSS fetch start: 60 requests, concurrency=1
[2026-09-16T19:47:14.783Z] [DEBUG] RSS ok: us/macos/Business/top-free entries=100
[2026-09-16T19:47:24.789Z] [DEBUG] Hits: us/macos/Business/top-free 4 app(s) found
[2026-09-16T19:47:25.563Z] [DEBUG] RSS ok: us/macos/Productivity/top-free entries=99
[2026-09-16T19:47:35.569Z] [DEBUG] Hits: us/macos/Productivity/top-free 6 app(s) found
[2026-09-16T19:47:36.512Z] [DEBUG] RSS ok: us/macos/Utilities/top-free entries=100
[2026-09-16T19:47:46.518Z] [DEBUG] Hits: us/macos/Utilities/top-free 1 app(s) found
[2026-09-16T19:47:47.447Z] [DEBUG] RSS ok: gb/macos/Business/top-free entries=100
[2026-09-16T19:47:57.453Z] [DEBUG] Hits: gb/macos/Business/top-free 4 app(s) found
[2026-09-16T19:47:58.229Z] [DEBUG] RSS ok: gb/macos/Productivity/top-free entries=99
[2026-09-16T19:48:08.230Z] [DEBUG] Hits: gb/macos/Productivity/top-free 5 app(s) found
[2026-09-16T19:48:09.238Z] [DEBUG] RSS ok: gb/macos/Utilities/top-free entries=100
[2026-09-16T19:48:19.242Z] [DEBUG] Hits: gb/macos/Utilities/top-free 3 app(s) found
[2026-09-16T19:48:20.158Z] [DEBUG] RSS ok: ca/macos/Business/top-free entries=100
[2026-09-16T19:48:30.164Z] [DEBUG] Hits: ca/macos/Business/top-free 4 app(s) found
[2026-09-16T19:48:31.103Z] [DEBUG] RSS ok: ca/macos/Productivity/top-free entries=99
[2026-09-16T19:48:41.109Z] [DEBUG] Hits: ca/macos/Productivity/top-free 5 app(s) found
[2026-09-16T19:48:42.031Z] [DEBUG] RSS ok: ca/macos/Utilities/top-free entries=100
[2026-09-16T19:48:52.967Z] [DEBUG] RSS ok: fr/macos/Business/top-free entries=99
[2026-09-16T19:49:02.973Z] [DEBUG] Hits: fr/macos/Business/top-free 3 app(s) found
[2026-09-16T19:49:02.973Z] [INFO] RSS progress: 10/60 (10 ok, 0 error, 35 points)
[2026-09-16T19:49:04.110Z] [DEBUG] RSS ok: fr/macos/Productivity/top-free entries=99
[2026-09-16T19:49:14.116Z] [DEBUG] Hits: fr/macos/Productivity/top-free 5 app(s) found
[2026-09-16T19:49:15.088Z] [DEBUG] RSS ok: fr/macos/Utilities/top-free entries=100
[2026-09-16T19:49:25.094Z] [DEBUG] Hits: fr/macos/Utilities/top-free 1 app(s) found
[2026-09-16T19:49:26.070Z] [DEBUG] RSS ok: de/macos/Business/top-free entries=100
[2026-09-16T19:49:37.103Z] [DEBUG] RSS ok: de/macos/Productivity/top-free entries=99
[2026-09-16T19:49:47.109Z] [DEBUG] Hits: de/macos/Productivity/top-free 4 app(s) found
[2026-09-16T19:49:47.931Z] [DEBUG] RSS ok: de/macos/Utilities/top-free entries=100
[2026-09-16T19:49:57.938Z] [DEBUG] Hits: de/macos/Utilities/top-free 1 app(s) found
[2026-09-16T19:49:59.082Z] [DEBUG] RSS ok: jp/macos/Business/top-free entries=100
[2026-09-16T19:50:09.089Z] [DEBUG] Hits: jp/macos/Business/top-free 3 app(s) found
[2026-09-16T19:50:09.959Z] [DEBUG] RSS ok: jp/macos/Productivity/top-free entries=99
[2026-09-16T19:50:19.966Z] [DEBUG] Hits: jp/macos/Productivity/top-free 3 app(s) found
[2026-09-16T19:50:20.785Z] [DEBUG] RSS ok: jp/macos/Utilities/top-free entries=100
[2026-09-16T19:50:30.791Z] [DEBUG] Hits: jp/macos/Utilities/top-free 4 app(s) found
[2026-09-16T19:50:31.614Z] [DEBUG] RSS ok: au/macos/Business/top-free entries=100
[2026-09-16T19:50:41.620Z] [DEBUG] Hits: au/macos/Business/top-free 4 app(s) found
[2026-09-16T19:50:42.341Z] [DEBUG] RSS ok: au/macos/Productivity/top-free entries=99
[2026-09-16T19:50:52.347Z] [DEBUG] Hits: au/macos/Productivity/top-free 4 app(s) found
[2026-09-16T19:50:52.347Z] [INFO] RSS progress: 20/60 (20 ok, 0 error, 64 points)
[2026-09-16T19:50:53.355Z] [DEBUG] RSS ok: au/macos/Utilities/top-free entries=100
[2026-09-16T19:51:03.361Z] [DEBUG] Hits: au/macos/Utilities/top-free 1 app(s) found
[2026-09-16T19:51:04.321Z] [DEBUG] RSS ok: es/macos/Business/top-free entries=100
[2026-09-16T19:51:14.328Z] [DEBUG] Hits: es/macos/Business/top-free 3 app(s) found
[2026-09-16T19:51:15.173Z] [DEBUG] RSS ok: es/macos/Productivity/top-free entries=99
[2026-09-16T19:51:25.179Z] [DEBUG] Hits: es/macos/Productivity/top-free 5 app(s) found
[2026-09-16T19:51:25.996Z] [DEBUG] RSS ok: es/macos/Utilities/top-free entries=100
[2026-09-16T19:51:36.783Z] [DEBUG] RSS ok: it/macos/Business/top-free entries=98
[2026-09-16T19:51:46.790Z] [DEBUG] Hits: it/macos/Business/top-free 2 app(s) found
[2026-09-16T19:51:47.817Z] [DEBUG] RSS ok: it/macos/Productivity/top-free entries=99
[2026-09-16T19:51:57.824Z] [DEBUG] Hits: it/macos/Productivity/top-free 4 app(s) found
[2026-09-16T19:51:58.609Z] [DEBUG] RSS ok: it/macos/Utilities/top-free entries=100
[2026-09-16T19:52:08.616Z] [DEBUG] Hits: it/macos/Utilities/top-free 1 app(s) found
[2026-09-16T19:52:09.630Z] [DEBUG] RSS ok: pt/macos/Business/top-free entries=100
[2026-09-16T19:52:19.634Z] [DEBUG] Hits: pt/macos/Business/top-free 4 app(s) found
[2026-09-16T19:52:20.613Z] [DEBUG] RSS ok: pt/macos/Productivity/top-free entries=99
[2026-09-16T19:52:30.619Z] [DEBUG] Hits: pt/macos/Productivity/top-free 4 app(s) found
[2026-09-16T19:52:31.662Z] [DEBUG] RSS ok: pt/macos/Utilities/top-free entries=100
[2026-09-16T19:52:41.667Z] [INFO] RSS progress: 30/60 (30 ok, 0 error, 88 points)
[2026-09-16T19:52:42.678Z] [DEBUG] RSS ok: ch/macos/Business/top-free entries=100
[2026-09-16T19:52:52.678Z] [DEBUG] Hits: ch/macos/Business/top-free 4 app(s) found
[2026-09-16T19:52:53.503Z] [DEBUG] RSS ok: ch/macos/Productivity/top-free entries=99
[2026-09-16T19:53:03.509Z] [DEBUG] Hits: ch/macos/Productivity/top-free 5 app(s) found
[2026-09-16T19:53:04.579Z] [DEBUG] RSS ok: ch/macos/Utilities/top-free entries=100
[2026-09-16T19:53:14.586Z] [DEBUG] Hits: ch/macos/Utilities/top-free 2 app(s) found
[2026-09-16T19:53:15.375Z] [DEBUG] RSS ok: be/macos/Business/top-free entries=100
[2026-09-16T19:53:25.381Z] [DEBUG] Hits: be/macos/Business/top-free 4 app(s) found
[2026-09-16T19:53:26.225Z] [DEBUG] RSS ok: be/macos/Productivity/top-free entries=99
[2026-09-16T19:53:36.232Z] [DEBUG] Hits: be/macos/Productivity/top-free 5 app(s) found
[2026-09-16T19:53:37.480Z] [DEBUG] RSS ok: be/macos/Utilities/top-free entries=100
[2026-09-16T19:53:47.486Z] [DEBUG] Hits: be/macos/Utilities/top-free 2 app(s) found
[2026-09-16T19:53:49.683Z] [DEBUG] RSS ok: nl/macos/Business/top-free entries=100
[2026-09-16T19:54:00.553Z] [DEBUG] RSS ok: nl/macos/Productivity/top-free entries=99
[2026-09-16T19:54:10.559Z] [DEBUG] Hits: nl/macos/Productivity/top-free 5 app(s) found
[2026-09-16T19:54:11.516Z] [DEBUG] RSS ok: nl/macos/Utilities/top-free entries=100
[2026-09-16T19:54:21.522Z] [DEBUG] Hits: nl/macos/Utilities/top-free 3 app(s) found
[2026-09-16T19:54:22.857Z] [DEBUG] RSS ok: tw/macos/Business/top-free entries=100
[2026-09-16T19:54:32.863Z] [DEBUG] Hits: tw/macos/Business/top-free 3 app(s) found
[2026-09-16T19:54:32.863Z] [INFO] RSS progress: 40/60 (40 ok, 0 error, 121 points)
[2026-09-16T19:54:33.787Z] [DEBUG] RSS ok: tw/macos/Productivity/top-free entries=99
[2026-09-16T19:54:43.793Z] [DEBUG] Hits: tw/macos/Productivity/top-free 3 app(s) found
[2026-09-16T19:54:44.776Z] [DEBUG] RSS ok: tw/macos/Utilities/top-free entries=100
[2026-09-16T19:54:54.783Z] [DEBUG] Hits: tw/macos/Utilities/top-free 1 app(s) found
[2026-09-16T19:54:55.612Z] [DEBUG] RSS ok: hk/macos/Business/top-free entries=99
[2026-09-16T19:55:05.619Z] [DEBUG] Hits: hk/macos/Business/top-free 2 app(s) found
[2026-09-16T19:55:06.578Z] [DEBUG] RSS ok: hk/macos/Productivity/top-free entries=99
[2026-09-16T19:55:16.584Z] [DEBUG] Hits: hk/macos/Productivity/top-free 3 app(s) found
[2026-09-16T19:55:17.543Z] [DEBUG] RSS ok: hk/macos/Utilities/top-free entries=100
[2026-09-16T19:55:27.550Z] [DEBUG] Hits: hk/macos/Utilities/top-free 1 app(s) found
[2026-09-16T19:55:28.489Z] [DEBUG] RSS ok: nz/macos/Business/top-free entries=100
[2026-09-16T19:55:38.490Z] [DEBUG] Hits: nz/macos/Business/top-free 4 app(s) found
[2026-09-16T19:55:39.468Z] [DEBUG] RSS ok: nz/macos/Productivity/top-free entries=99
[2026-09-16T19:55:49.474Z] [DEBUG] Hits: nz/macos/Productivity/top-free 4 app(s) found
[2026-09-16T19:55:50.441Z] [DEBUG] RSS ok: nz/macos/Utilities/top-free entries=100
[2026-09-16T19:56:00.447Z] [DEBUG] Hits: nz/macos/Utilities/top-free 1 app(s) found
[2026-09-16T19:56:01.531Z] [DEBUG] RSS ok: sg/macos/Business/top-free entries=100
[2026-09-16T19:56:11.538Z] [DEBUG] Hits: sg/macos/Business/top-free 4 app(s) found
[2026-09-16T19:56:12.467Z] [DEBUG] RSS ok: sg/macos/Productivity/top-free entries=99
[2026-09-16T19:56:22.473Z] [DEBUG] Hits: sg/macos/Productivity/top-free 4 app(s) found
[2026-09-16T19:56:22.473Z] [INFO] RSS progress: 50/60 (50 ok, 0 error, 148 points)
[2026-09-16T19:56:23.990Z] [DEBUG] RSS ok: sg/macos/Utilities/top-free entries=100
[2026-09-16T19:56:33.996Z] [DEBUG] Hits: sg/macos/Utilities/top-free 2 app(s) found
[2026-09-16T19:56:34.831Z] [DEBUG] RSS ok: in/macos/Business/top-free entries=100
[2026-09-16T19:56:44.837Z] [DEBUG] Hits: in/macos/Business/top-free 3 app(s) found
[2026-09-16T19:56:45.699Z] [DEBUG] RSS ok: in/macos/Productivity/top-free entries=99
[2026-09-16T19:56:55.705Z] [DEBUG] Hits: in/macos/Productivity/top-free 2 app(s) found
[2026-09-16T19:56:56.515Z] [DEBUG] RSS ok: in/macos/Utilities/top-free entries=100
[2026-09-16T19:57:07.376Z] [DEBUG] RSS ok: za/macos/Business/top-free entries=100
[2026-09-16T19:57:17.382Z] [DEBUG] Hits: za/macos/Business/top-free 3 app(s) found
[2026-09-16T19:57:18.172Z] [DEBUG] RSS ok: za/macos/Productivity/top-free entries=99
[2026-09-16T19:57:28.179Z] [DEBUG] Hits: za/macos/Productivity/top-free 4 app(s) found
[2026-09-16T19:57:29.527Z] [DEBUG] RSS ok: za/macos/Utilities/top-free entries=100
[2026-09-16T19:57:39.534Z] [DEBUG] Hits: za/macos/Utilities/top-free 2 app(s) found
[2026-09-16T19:57:40.373Z] [DEBUG] RSS ok: br/macos/Business/top-free entries=99
[2026-09-16T19:57:50.378Z] [DEBUG] Hits: br/macos/Business/top-free 2 app(s) found
[2026-09-16T19:57:51.282Z] [DEBUG] RSS ok: br/macos/Productivity/top-free entries=99
[2026-09-16T19:58:01.288Z] [DEBUG] Hits: br/macos/Productivity/top-free 4 app(s) found
[2026-09-16T19:58:02.374Z] [DEBUG] RSS ok: br/macos/Utilities/top-free entries=100
[2026-09-16T19:58:12.381Z] [DEBUG] Hits: br/macos/Utilities/top-free 1 app(s) found
[2026-09-16T19:58:12.381Z] [INFO] RSS progress: 60/60 (60 ok, 0 error, 171 points)
[2026-09-16T19:58:12.382Z] [INFO] RSS fetch done: 60 ok, 0 error, 171 points
[2026-09-16T19:58:12.382Z] [INFO] Platform max returned: macos = 100
[2026-09-16T19:58:12.382Z] [INFO] RSS results: 60 ok, 0 error, 171 rank points
[2026-09-16T19:58:12.420Z] [INFO] Stored: 60 crawls, 171 points
[2026-09-16T19:58:12.454Z] [INFO] current.json written rows=23
[2026-09-16T19:58:12.455Z] [INFO] Current summary: on_chart=171, not_on_chart=289, depth_limited=0, crawl_error=0, total=460
[2026-09-16T19:58:12.455Z] [INFO] === Crawl complete === 660.7s
[2026-09-16T20:47:10.695Z] [INFO] === Crawl start === ts=2026-09-16T20:00:00Z
[2026-09-16T20:47:10.699Z] [INFO] Config loaded apps=4, platforms=macos, categories=Business,Productivity,Utilities
[2026-09-16T20:47:10.699Z] [INFO] App IDs to track: 23 our=4, competitors=19
[2026-09-16T20:47:10.700Z] [INFO] Lookup cached fetched_at=2026-09-16T00:47:17.547Z, 23 apps
[2026-09-16T20:47:10.701Z] [INFO] RSS requests: 60 countries=20, platforms=macos, categories=Business,Productivity,Utilities
[2026-09-16T20:47:10.701Z] [INFO] RSS fetch start: 60 requests, concurrency=1
[2026-09-16T20:47:11.434Z] [DEBUG] RSS ok: us/macos/Business/top-free entries=100
[2026-09-16T20:47:21.436Z] [DEBUG] Hits: us/macos/Business/top-free 4 app(s) found
[2026-09-16T20:47:22.097Z] [DEBUG] RSS ok: us/macos/Productivity/top-free entries=99
[2026-09-16T20:47:32.103Z] [DEBUG] Hits: us/macos/Productivity/top-free 6 app(s) found
[2026-09-16T20:47:32.927Z] [DEBUG] RSS ok: us/macos/Utilities/top-free entries=100
[2026-09-16T20:47:42.933Z] [DEBUG] Hits: us/macos/Utilities/top-free 1 app(s) found
[2026-09-16T20:47:43.619Z] [DEBUG] RSS ok: gb/macos/Business/top-free entries=100
[2026-09-16T20:47:53.625Z] [DEBUG] Hits: gb/macos/Business/top-free 4 app(s) found
[2026-09-16T20:47:54.281Z] [DEBUG] RSS ok: gb/macos/Productivity/top-free entries=99
[2026-09-16T20:48:04.287Z] [DEBUG] Hits: gb/macos/Productivity/top-free 5 app(s) found
[2026-09-16T20:48:05.029Z] [DEBUG] RSS ok: gb/macos/Utilities/top-free entries=100
[2026-09-16T20:48:15.035Z] [DEBUG] Hits: gb/macos/Utilities/top-free 3 app(s) found
[2026-09-16T20:48:15.668Z] [DEBUG] RSS ok: ca/macos/Business/top-free entries=100
[2026-09-16T20:48:25.674Z] [DEBUG] Hits: ca/macos/Business/top-free 4 app(s) found
[2026-09-16T20:48:26.326Z] [DEBUG] RSS ok: ca/macos/Productivity/top-free entries=99
[2026-09-16T20:48:36.332Z] [DEBUG] Hits: ca/macos/Productivity/top-free 5 app(s) found
[2026-09-16T20:48:37.209Z] [DEBUG] RSS ok: ca/macos/Utilities/top-free entries=100
[2026-09-16T20:48:48.019Z] [DEBUG] RSS ok: fr/macos/Business/top-free entries=99
[2026-09-16T20:48:58.025Z] [DEBUG] Hits: fr/macos/Business/top-free 3 app(s) found
[2026-09-16T20:48:58.025Z] [INFO] RSS progress: 10/60 (10 ok, 0 error, 35 points)
[2026-09-16T20:48:58.807Z] [DEBUG] RSS ok: fr/macos/Productivity/top-free entries=99
[2026-09-16T20:49:08.808Z] [DEBUG] Hits: fr/macos/Productivity/top-free 5 app(s) found
[2026-09-16T20:49:10.697Z] [DEBUG] RSS ok: fr/macos/Utilities/top-free entries=100
[2026-09-16T20:49:20.703Z] [DEBUG] Hits: fr/macos/Utilities/top-free 1 app(s) found
[2026-09-16T20:49:21.460Z] [DEBUG] RSS ok: de/macos/Business/top-free entries=100
[2026-09-16T20:49:32.689Z] [DEBUG] RSS ok: de/macos/Productivity/top-free entries=99
[2026-09-16T20:49:42.695Z] [DEBUG] Hits: de/macos/Productivity/top-free 4 app(s) found
[2026-09-16T20:49:44.411Z] [DEBUG] RSS ok: de/macos/Utilities/top-free entries=100
[2026-09-16T20:49:54.418Z] [DEBUG] Hits: de/macos/Utilities/top-free 1 app(s) found
[2026-09-16T20:49:55.205Z] [DEBUG] RSS ok: jp/macos/Business/top-free entries=100
[2026-09-16T20:50:05.211Z] [DEBUG] Hits: jp/macos/Business/top-free 3 app(s) found
[2026-09-16T20:50:06.803Z] [DEBUG] RSS ok: jp/macos/Productivity/top-free entries=99
[2026-09-16T20:50:16.809Z] [DEBUG] Hits: jp/macos/Productivity/top-free 3 app(s) found
[2026-09-16T20:50:17.736Z] [DEBUG] RSS ok: jp/macos/Utilities/top-free entries=100
[2026-09-16T20:50:27.740Z] [DEBUG] Hits: jp/macos/Utilities/top-free 4 app(s) found
[2026-09-16T20:50:28.470Z] [DEBUG] RSS ok: au/macos/Business/top-free entries=100
[2026-09-16T20:50:38.476Z] [DEBUG] Hits: au/macos/Business/top-free 4 app(s) found
[2026-09-16T20:50:39.251Z] [DEBUG] RSS ok: au/macos/Productivity/top-free entries=99
[2026-09-16T20:50:49.257Z] [DEBUG] Hits: au/macos/Productivity/top-free 4 app(s) found
[2026-09-16T20:50:49.257Z] [INFO] RSS progress: 20/60 (20 ok, 0 error, 64 points)
[2026-09-16T20:50:50.397Z] [DEBUG] RSS ok: au/macos/Utilities/top-free entries=100
[2026-09-16T20:51:00.403Z] [DEBUG] Hits: au/macos/Utilities/top-free 1 app(s) found
[2026-09-16T20:51:01.156Z] [DEBUG] RSS ok: es/macos/Business/top-free entries=100
[2026-09-16T20:51:11.162Z] [DEBUG] Hits: es/macos/Business/top-free 3 app(s) found
[2026-09-16T20:51:12.048Z] [DEBUG] RSS ok: es/macos/Productivity/top-free entries=99
[2026-09-16T20:51:22.054Z] [DEBUG] Hits: es/macos/Productivity/top-free 5 app(s) found
[2026-09-16T20:51:22.757Z] [DEBUG] RSS ok: es/macos/Utilities/top-free entries=100
[2026-09-16T20:51:34.136Z] [DEBUG] RSS ok: it/macos/Business/top-free entries=98
[2026-09-16T20:51:44.144Z] [DEBUG] Hits: it/macos/Business/top-free 2 app(s) found
[2026-09-16T20:51:44.944Z] [DEBUG] RSS ok: it/macos/Productivity/top-free entries=99
[2026-09-16T20:51:54.950Z] [DEBUG] Hits: it/macos/Productivity/top-free 4 app(s) found
[2026-09-16T20:51:55.790Z] [DEBUG] RSS ok: it/macos/Utilities/top-free entries=100
[2026-09-16T20:52:05.796Z] [DEBUG] Hits: it/macos/Utilities/top-free 1 app(s) found
[2026-09-16T20:52:06.413Z] [DEBUG] RSS ok: pt/macos/Business/top-free entries=100
[2026-09-16T20:52:16.419Z] [DEBUG] Hits: pt/macos/Business/top-free 4 app(s) found
[2026-09-16T20:52:17.187Z] [DEBUG] RSS ok: pt/macos/Productivity/top-free entries=99
[2026-09-16T20:52:27.194Z] [DEBUG] Hits: pt/macos/Productivity/top-free 4 app(s) found
[2026-09-16T20:52:27.893Z] [DEBUG] RSS ok: pt/macos/Utilities/top-free entries=100
[2026-09-16T20:52:37.899Z] [INFO] RSS progress: 30/60 (30 ok, 0 error, 88 points)
[2026-09-16T20:52:38.764Z] [DEBUG] RSS ok: ch/macos/Business/top-free entries=100
[2026-09-16T20:52:48.772Z] [DEBUG] Hits: ch/macos/Business/top-free 4 app(s) found
[2026-09-16T20:52:49.612Z] [DEBUG] RSS ok: ch/macos/Productivity/top-free entries=99
[2026-09-16T20:52:59.618Z] [DEBUG] Hits: ch/macos/Productivity/top-free 5 app(s) found
[2026-09-16T20:53:00.507Z] [DEBUG] RSS ok: ch/macos/Utilities/top-free entries=100
[2026-09-16T20:53:10.508Z] [DEBUG] Hits: ch/macos/Utilities/top-free 2 app(s) found
[2026-09-16T20:53:11.227Z] [DEBUG] RSS ok: be/macos/Business/top-free entries=100
[2026-09-16T20:53:21.232Z] [DEBUG] Hits: be/macos/Business/top-free 4 app(s) found
[2026-09-16T20:53:22.056Z] [DEBUG] RSS ok: be/macos/Productivity/top-free entries=99
[2026-09-16T20:53:32.060Z] [DEBUG] Hits: be/macos/Productivity/top-free 5 app(s) found
[2026-09-16T20:53:32.800Z] [DEBUG] RSS ok: be/macos/Utilities/top-free entries=100
[2026-09-16T20:53:42.806Z] [DEBUG] Hits: be/macos/Utilities/top-free 2 app(s) found
[2026-09-16T20:53:43.584Z] [DEBUG] RSS ok: nl/macos/Business/top-free entries=100
[2026-09-16T20:53:54.633Z] [DEBUG] RSS ok: nl/macos/Productivity/top-free entries=99
[2026-09-16T20:54:04.638Z] [DEBUG] Hits: nl/macos/Productivity/top-free 5 app(s) found
[2026-09-16T20:54:05.419Z] [DEBUG] RSS ok: nl/macos/Utilities/top-free entries=100
[2026-09-16T20:54:15.425Z] [DEBUG] Hits: nl/macos/Utilities/top-free 3 app(s) found
[2026-09-16T20:54:16.141Z] [DEBUG] RSS ok: tw/macos/Business/top-free entries=100
[2026-09-16T20:54:26.143Z] [DEBUG] Hits: tw/macos/Business/top-free 3 app(s) found
[2026-09-16T20:54:26.143Z] [INFO] RSS progress: 40/60 (40 ok, 0 error, 121 points)
[2026-09-16T20:54:27.470Z] [DEBUG] RSS ok: tw/macos/Productivity/top-free entries=99
[2026-09-16T20:54:37.470Z] [DEBUG] Hits: tw/macos/Productivity/top-free 3 app(s) found
[2026-09-16T20:54:38.259Z] [DEBUG] RSS ok: tw/macos/Utilities/top-free entries=100
[2026-09-16T20:54:48.265Z] [DEBUG] Hits: tw/macos/Utilities/top-free 1 app(s) found
[2026-09-16T20:54:49.173Z] [DEBUG] RSS ok: hk/macos/Business/top-free entries=99
[2026-09-16T20:54:59.179Z] [DEBUG] Hits: hk/macos/Business/top-free 2 app(s) found
[2026-09-16T20:54:59.887Z] [DEBUG] RSS ok: hk/macos/Productivity/top-free entries=99
[2026-09-16T20:55:09.893Z] [DEBUG] Hits: hk/macos/Productivity/top-free 3 app(s) found
[2026-09-16T20:55:10.640Z] [DEBUG] RSS ok: hk/macos/Utilities/top-free entries=100
[2026-09-16T20:55:20.646Z] [DEBUG] Hits: hk/macos/Utilities/top-free 1 app(s) found
[2026-09-16T20:55:23.124Z] [DEBUG] RSS ok: nz/macos/Business/top-free entries=100
[2026-09-16T20:55:33.130Z] [DEBUG] Hits: nz/macos/Business/top-free 4 app(s) found
[2026-09-16T20:55:33.872Z] [DEBUG] RSS ok: nz/macos/Productivity/top-free entries=99
[2026-09-16T20:55:43.878Z] [DEBUG] Hits: nz/macos/Productivity/top-free 4 app(s) found
[2026-09-16T20:55:44.639Z] [DEBUG] RSS ok: nz/macos/Utilities/top-free entries=100
[2026-09-16T20:55:54.645Z] [DEBUG] Hits: nz/macos/Utilities/top-free 1 app(s) found
[2026-09-16T20:55:55.368Z] [DEBUG] RSS ok: sg/macos/Business/top-free entries=100
[2026-09-16T20:56:05.374Z] [DEBUG] Hits: sg/macos/Business/top-free 4 app(s) found
[2026-09-16T20:56:06.071Z] [DEBUG] RSS ok: sg/macos/Productivity/top-free entries=99
[2026-09-16T20:56:16.077Z] [DEBUG] Hits: sg/macos/Productivity/top-free 4 app(s) found
[2026-09-16T20:56:16.077Z] [INFO] RSS progress: 50/60 (50 ok, 0 error, 148 points)
[2026-09-16T20:56:16.819Z] [DEBUG] RSS ok: sg/macos/Utilities/top-free entries=100
[2026-09-16T20:56:26.825Z] [DEBUG] Hits: sg/macos/Utilities/top-free 2 app(s) found
[2026-09-16T20:56:27.614Z] [DEBUG] RSS ok: in/macos/Business/top-free entries=100
[2026-09-16T20:56:37.621Z] [DEBUG] Hits: in/macos/Business/top-free 3 app(s) found
[2026-09-16T20:56:38.405Z] [DEBUG] RSS ok: in/macos/Productivity/top-free entries=99
[2026-09-16T20:56:48.412Z] [DEBUG] Hits: in/macos/Productivity/top-free 2 app(s) found
[2026-09-16T20:56:49.180Z] [DEBUG] RSS ok: in/macos/Utilities/top-free entries=100
[2026-09-16T20:57:00.011Z] [DEBUG] RSS ok: za/macos/Business/top-free entries=100
[2026-09-16T20:57:10.018Z] [DEBUG] Hits: za/macos/Business/top-free 3 app(s) found
[2026-09-16T20:57:10.895Z] [DEBUG] RSS ok: za/macos/Productivity/top-free entries=99
[2026-09-16T20:57:20.902Z] [DEBUG] Hits: za/macos/Productivity/top-free 4 app(s) found
[2026-09-16T20:57:21.640Z] [DEBUG] RSS ok: za/macos/Utilities/top-free entries=100
[2026-09-16T20:57:31.644Z] [DEBUG] Hits: za/macos/Utilities/top-free 2 app(s) found
[2026-09-16T20:57:32.673Z] [DEBUG] RSS ok: br/macos/Business/top-free entries=99
[2026-09-16T20:57:42.679Z] [DEBUG] Hits: br/macos/Business/top-free 2 app(s) found
[2026-09-16T20:57:43.589Z] [DEBUG] RSS ok: br/macos/Productivity/top-free entries=99
[2026-09-16T20:57:53.596Z] [DEBUG] Hits: br/macos/Productivity/top-free 4 app(s) found
[2026-09-16T20:57:54.542Z] [DEBUG] RSS ok: br/macos/Utilities/top-free entries=100
[2026-09-16T20:58:04.547Z] [DEBUG] Hits: br/macos/Utilities/top-free 1 app(s) found
[2026-09-16T20:58:04.548Z] [INFO] RSS progress: 60/60 (60 ok, 0 error, 171 points)
[2026-09-16T20:58:04.548Z] [INFO] RSS fetch done: 60 ok, 0 error, 171 points
[2026-09-16T20:58:04.548Z] [INFO] Platform max returned: macos = 100
[2026-09-16T20:58:04.548Z] [INFO] RSS results: 60 ok, 0 error, 171 rank points
[2026-09-16T20:58:04.594Z] [INFO] Stored: 60 crawls, 171 points
[2026-09-16T20:58:04.627Z] [INFO] current.json written rows=23
[2026-09-16T20:58:04.629Z] [INFO] Current summary: on_chart=171, not_on_chart=289, depth_limited=0, crawl_error=0, total=460
[2026-09-16T20:58:04.629Z] [INFO] === Crawl complete === 653.9s
[2026-09-16T21:47:10.141Z] [INFO] === Crawl start === ts=2026-09-16T21:00:00Z
[2026-09-16T21:47:10.145Z] [INFO] Config loaded apps=4, platforms=macos, categories=Business,Productivity,Utilities
[2026-09-16T21:47:10.145Z] [INFO] App IDs to track: 23 our=4, competitors=19
[2026-09-16T21:47:10.147Z] [INFO] Lookup cached fetched_at=2026-09-16T00:47:17.547Z, 23 apps
[2026-09-16T21:47:10.148Z] [INFO] RSS requests: 60 countries=20, platforms=macos, categories=Business,Productivity,Utilities
[2026-09-16T21:47:10.148Z] [INFO] RSS fetch start: 60 requests, concurrency=1
[2026-09-16T21:47:11.285Z] [DEBUG] RSS ok: us/macos/Business/top-free entries=100
[2026-09-16T21:47:21.289Z] [DEBUG] Hits: us/macos/Business/top-free 4 app(s) found
[2026-09-16T21:47:21.994Z] [DEBUG] RSS ok: us/macos/Productivity/top-free entries=99
[2026-09-16T21:47:32.000Z] [DEBUG] Hits: us/macos/Productivity/top-free 6 app(s) found
[2026-09-16T21:47:32.766Z] [DEBUG] RSS ok: us/macos/Utilities/top-free entries=100
[2026-09-16T21:47:42.772Z] [DEBUG] Hits: us/macos/Utilities/top-free 1 app(s) found
[2026-09-16T21:47:43.386Z] [DEBUG] RSS ok: gb/macos/Business/top-free entries=100
[2026-09-16T21:47:53.391Z] [DEBUG] Hits: gb/macos/Business/top-free 4 app(s) found
[2026-09-16T21:47:54.088Z] [DEBUG] RSS ok: gb/macos/Productivity/top-free entries=99
[2026-09-16T21:48:04.093Z] [DEBUG] Hits: gb/macos/Productivity/top-free 5 app(s) found
[2026-09-16T21:48:04.779Z] [DEBUG] RSS ok: gb/macos/Utilities/top-free entries=100
[2026-09-16T21:48:14.785Z] [DEBUG] Hits: gb/macos/Utilities/top-free 3 app(s) found
[2026-09-16T21:48:15.826Z] [DEBUG] RSS ok: ca/macos/Business/top-free entries=100
[2026-09-16T21:48:25.833Z] [DEBUG] Hits: ca/macos/Business/top-free 4 app(s) found
[2026-09-16T21:48:26.469Z] [DEBUG] RSS ok: ca/macos/Productivity/top-free entries=99
[2026-09-16T21:48:36.474Z] [DEBUG] Hits: ca/macos/Productivity/top-free 5 app(s) found
[2026-09-16T21:48:37.104Z] [DEBUG] RSS ok: ca/macos/Utilities/top-free entries=100
[2026-09-16T21:48:47.840Z] [DEBUG] RSS ok: fr/macos/Business/top-free entries=99
[2026-09-16T21:48:57.846Z] [DEBUG] Hits: fr/macos/Business/top-free 3 app(s) found
[2026-09-16T21:48:57.846Z] [INFO] RSS progress: 10/60 (10 ok, 0 error, 35 points)
[2026-09-16T21:48:58.580Z] [DEBUG] RSS ok: fr/macos/Productivity/top-free entries=99
[2026-09-16T21:49:08.586Z] [DEBUG] Hits: fr/macos/Productivity/top-free 5 app(s) found
[2026-09-16T21:49:09.462Z] [DEBUG] RSS ok: fr/macos/Utilities/top-free entries=100
[2026-09-16T21:49:19.465Z] [DEBUG] Hits: fr/macos/Utilities/top-free 1 app(s) found
[2026-09-16T21:49:20.190Z] [DEBUG] RSS ok: de/macos/Business/top-free entries=100
[2026-09-16T21:49:30.981Z] [DEBUG] RSS ok: de/macos/Productivity/top-free entries=99
[2026-09-16T21:49:40.988Z] [DEBUG] Hits: de/macos/Productivity/top-free 4 app(s) found
[2026-09-16T21:49:41.620Z] [DEBUG] RSS ok: de/macos/Utilities/top-free entries=100
[2026-09-16T21:49:51.626Z] [DEBUG] Hits: de/macos/Utilities/top-free 1 app(s) found
[2026-09-16T21:49:52.386Z] [DEBUG] RSS ok: jp/macos/Business/top-free entries=100
[2026-09-16T21:50:02.392Z] [DEBUG] Hits: jp/macos/Business/top-free 3 app(s) found
[2026-09-16T21:50:03.129Z] [DEBUG] RSS ok: jp/macos/Productivity/top-free entries=99
[2026-09-16T21:50:13.133Z] [DEBUG] Hits: jp/macos/Productivity/top-free 3 app(s) found
[2026-09-16T21:50:13.740Z] [DEBUG] RSS ok: jp/macos/Utilities/top-free entries=100
[2026-09-16T21:50:23.741Z] [DEBUG] Hits: jp/macos/Utilities/top-free 4 app(s) found
[2026-09-16T21:50:24.454Z] [DEBUG] RSS ok: au/macos/Business/top-free entries=100
[2026-09-16T21:50:34.459Z] [DEBUG] Hits: au/macos/Business/top-free 4 app(s) found
[2026-09-16T21:50:35.287Z] [DEBUG] RSS ok: au/macos/Productivity/top-free entries=99
[2026-09-16T21:50:45.293Z] [DEBUG] Hits: au/macos/Productivity/top-free 4 app(s) found
[2026-09-16T21:50:45.293Z] [INFO] RSS progress: 20/60 (20 ok, 0 error, 64 points)
[2026-09-16T21:50:46.166Z] [DEBUG] RSS ok: au/macos/Utilities/top-free entries=100
[2026-09-16T21:50:56.166Z] [DEBUG] Hits: au/macos/Utilities/top-free 1 app(s) found
[2026-09-16T21:50:57.137Z] [DEBUG] RSS ok: es/macos/Business/top-free entries=100
[2026-09-16T21:51:07.143Z] [DEBUG] Hits: es/macos/Business/top-free 3 app(s) found
[2026-09-16T21:51:07.974Z] [DEBUG] RSS ok: es/macos/Productivity/top-free entries=99
[2026-09-16T21:51:17.979Z] [DEBUG] Hits: es/macos/Productivity/top-free 5 app(s) found
[2026-09-16T21:51:18.700Z] [DEBUG] RSS ok: es/macos/Utilities/top-free entries=100
[2026-09-16T21:51:29.448Z] [DEBUG] RSS ok: it/macos/Business/top-free entries=98
[2026-09-16T21:51:39.453Z] [DEBUG] Hits: it/macos/Business/top-free 2 app(s) found
[2026-09-16T21:51:40.589Z] [DEBUG] RSS ok: it/macos/Productivity/top-free entries=99
[2026-09-16T21:51:50.596Z] [DEBUG] Hits: it/macos/Productivity/top-free 4 app(s) found
[2026-09-16T21:51:51.245Z] [DEBUG] RSS ok: it/macos/Utilities/top-free entries=100
[2026-09-16T21:52:01.251Z] [DEBUG] Hits: it/macos/Utilities/top-free 1 app(s) found
[2026-09-16T21:52:02.078Z] [DEBUG] RSS ok: pt/macos/Business/top-free entries=100
[2026-09-16T21:52:12.085Z] [DEBUG] Hits: pt/macos/Business/top-free 4 app(s) found
[2026-09-16T21:52:12.863Z] [DEBUG] RSS ok: pt/macos/Productivity/top-free entries=99
[2026-09-16T21:52:22.869Z] [DEBUG] Hits: pt/macos/Productivity/top-free 4 app(s) found
[2026-09-16T21:52:23.624Z] [DEBUG] RSS ok: pt/macos/Utilities/top-free entries=100
[2026-09-16T21:52:33.631Z] [INFO] RSS progress: 30/60 (30 ok, 0 error, 88 points)
[2026-09-16T21:52:34.443Z] [DEBUG] RSS ok: ch/macos/Business/top-free entries=100
[2026-09-16T21:52:44.448Z] [DEBUG] Hits: ch/macos/Business/top-free 4 app(s) found
[2026-09-16T21:52:45.191Z] [DEBUG] RSS ok: ch/macos/Productivity/top-free entries=99
[2026-09-16T21:52:55.197Z] [DEBUG] Hits: ch/macos/Productivity/top-free 5 app(s) found
[2026-09-16T21:52:55.865Z] [DEBUG] RSS ok: ch/macos/Utilities/top-free entries=100
[2026-09-16T21:53:05.870Z] [DEBUG] Hits: ch/macos/Utilities/top-free 2 app(s) found
[2026-09-16T21:53:06.588Z] [DEBUG] RSS ok: be/macos/Business/top-free entries=100
[2026-09-16T21:53:16.591Z] [DEBUG] Hits: be/macos/Business/top-free 4 app(s) found
[2026-09-16T21:53:17.515Z] [DEBUG] RSS ok: be/macos/Productivity/top-free entries=99
[2026-09-16T21:53:27.520Z] [DEBUG] Hits: be/macos/Productivity/top-free 5 app(s) found
[2026-09-16T21:53:28.482Z] [DEBUG] RSS ok: be/macos/Utilities/top-free entries=100
[2026-09-16T21:53:38.489Z] [DEBUG] Hits: be/macos/Utilities/top-free 2 app(s) found
[2026-09-16T21:53:39.235Z] [DEBUG] RSS ok: nl/macos/Business/top-free entries=100
[2026-09-16T21:53:50.163Z] [DEBUG] RSS ok: nl/macos/Productivity/top-free entries=99
[2026-09-16T21:54:00.169Z] [DEBUG] Hits: nl/macos/Productivity/top-free 5 app(s) found
[2026-09-16T21:54:00.869Z] [DEBUG] RSS ok: nl/macos/Utilities/top-free entries=100
[2026-09-16T21:54:10.876Z] [DEBUG] Hits: nl/macos/Utilities/top-free 3 app(s) found
[2026-09-16T21:54:11.487Z] [DEBUG] RSS ok: tw/macos/Business/top-free entries=100
[2026-09-16T21:54:21.493Z] [DEBUG] Hits: tw/macos/Business/top-free 3 app(s) found
[2026-09-16T21:54:21.493Z] [INFO] RSS progress: 40/60 (40 ok, 0 error, 121 points)
[2026-09-16T21:54:22.308Z] [DEBUG] RSS ok: tw/macos/Productivity/top-free entries=99
[2026-09-16T21:54:32.311Z] [DEBUG] Hits: tw/macos/Productivity/top-free 3 app(s) found
[2026-09-16T21:54:32.994Z] [DEBUG] RSS ok: tw/macos/Utilities/top-free entries=100
[2026-09-16T21:54:43.001Z] [DEBUG] Hits: tw/macos/Utilities/top-free 1 app(s) found
[2026-09-16T21:54:43.784Z] [DEBUG] RSS ok: hk/macos/Business/top-free entries=99
[2026-09-16T21:54:53.790Z] [DEBUG] Hits: hk/macos/Business/top-free 2 app(s) found
[2026-09-16T21:54:54.442Z] [DEBUG] RSS ok: hk/macos/Productivity/top-free entries=99
[2026-09-16T21:55:04.448Z] [DEBUG] Hits: hk/macos/Productivity/top-free 3 app(s) found
[2026-09-16T21:55:06.084Z] [DEBUG] RSS ok: hk/macos/Utilities/top-free entries=100
[2026-09-16T21:55:16.090Z] [DEBUG] Hits: hk/macos/Utilities/top-free 1 app(s) found
[2026-09-16T21:55:16.725Z] [DEBUG] RSS ok: nz/macos/Business/top-free entries=100
[2026-09-16T21:55:26.730Z] [DEBUG] Hits: nz/macos/Business/top-free 4 app(s) found
[2026-09-16T21:55:27.496Z] [DEBUG] RSS ok: nz/macos/Productivity/top-free entries=99
[2026-09-16T21:55:37.502Z] [DEBUG] Hits: nz/macos/Productivity/top-free 4 app(s) found
[2026-09-16T21:55:38.239Z] [DEBUG] RSS ok: nz/macos/Utilities/top-free entries=100
[2026-09-16T21:55:48.244Z] [DEBUG] Hits: nz/macos/Utilities/top-free 1 app(s) found
[2026-09-16T21:55:48.893Z] [DEBUG] RSS ok: sg/macos/Business/top-free entries=100
[2026-09-16T21:55:58.898Z] [DEBUG] Hits: sg/macos/Business/top-free 4 app(s) found
[2026-09-16T21:55:59.719Z] [DEBUG] RSS ok: sg/macos/Productivity/top-free entries=99
[2026-09-16T21:56:09.725Z] [DEBUG] Hits: sg/macos/Productivity/top-free 4 app(s) found
[2026-09-16T21:56:09.725Z] [INFO] RSS progress: 50/60 (50 ok, 0 error, 148 points)
[2026-09-16T21:56:10.513Z] [DEBUG] RSS ok: sg/macos/Utilities/top-free entries=100
[2026-09-16T21:56:20.520Z] [DEBUG] Hits: sg/macos/Utilities/top-free 2 app(s) found
[2026-09-16T21:56:21.159Z] [DEBUG] RSS ok: in/macos/Business/top-free entries=100
[2026-09-16T21:56:31.165Z] [DEBUG] Hits: in/macos/Business/top-free 3 app(s) found
[2026-09-16T21:56:32.021Z] [DEBUG] RSS ok: in/macos/Productivity/top-free entries=99
[2026-09-16T21:56:42.028Z] [DEBUG] Hits: in/macos/Productivity/top-free 2 app(s) found
[2026-09-16T21:56:42.748Z] [DEBUG] RSS ok: in/macos/Utilities/top-free entries=100
[2026-09-16T21:56:53.575Z] [DEBUG] RSS ok: za/macos/Business/top-free entries=100
[2026-09-16T21:57:03.582Z] [DEBUG] Hits: za/macos/Business/top-free 3 app(s) found
[2026-09-16T21:57:04.383Z] [DEBUG] RSS ok: za/macos/Productivity/top-free entries=99
[2026-09-16T21:57:14.388Z] [DEBUG] Hits: za/macos/Productivity/top-free 4 app(s) found
[2026-09-16T21:57:15.549Z] [DEBUG] RSS ok: za/macos/Utilities/top-free entries=100
[2026-09-16T21:57:25.554Z] [DEBUG] Hits: za/macos/Utilities/top-free 2 app(s) found
[2026-09-16T21:57:26.466Z] [DEBUG] RSS ok: br/macos/Business/top-free entries=99
[2026-09-16T21:57:36.473Z] [DEBUG] Hits: br/macos/Business/top-free 2 app(s) found
[2026-09-16T21:57:37.561Z] [DEBUG] RSS ok: br/macos/Productivity/top-free entries=99
[2026-09-16T21:57:47.566Z] [DEBUG] Hits: br/macos/Productivity/top-free 4 app(s) found
[2026-09-16T21:57:48.847Z] [DEBUG] RSS ok: br/macos/Utilities/top-free entries=100
[2026-09-16T21:57:58.854Z] [DEBUG] Hits: br/macos/Utilities/top-free 1 app(s) found
[2026-09-16T21:57:58.854Z] [INFO] RSS progress: 60/60 (60 ok, 0 error, 171 points)
[2026-09-16T21:57:58.854Z] [INFO] RSS fetch done: 60 ok, 0 error, 171 points
[2026-09-16T21:57:58.854Z] [INFO] Platform max returned: macos = 100
[2026-09-16T21:57:58.854Z] [INFO] RSS results: 60 ok, 0 error, 171 rank points
[2026-09-16T21:57:58.899Z] [INFO] Stored: 60 crawls, 171 points
[2026-09-16T21:57:58.931Z] [INFO] current.json written rows=23
[2026-09-16T21:57:58.932Z] [INFO] Current summary: on_chart=171, not_on_chart=289, depth_limited=0, crawl_error=0, total=460
[2026-09-16T21:57:58.933Z] [INFO] === Crawl complete === 648.8s
[2026-09-16T22:47:12.545Z] [INFO] === Crawl start === ts=2026-09-16T22:00:00Z
[2026-09-16T22:47:12.549Z] [INFO] Config loaded apps=4, platforms=macos, categories=Business,Productivity,Utilities
[2026-09-16T22:47:12.549Z] [INFO] App IDs to track: 23 our=4, competitors=19
[2026-09-16T22:47:12.551Z] [INFO] Lookup cached fetched_at=2026-09-16T00:47:17.547Z, 23 apps
[2026-09-16T22:47:12.551Z] [INFO] RSS requests: 60 countries=20, platforms=macos, categories=Business,Productivity,Utilities
[2026-09-16T22:47:12.552Z] [INFO] RSS fetch start: 60 requests, concurrency=1
[2026-09-16T22:47:13.548Z] [DEBUG] RSS ok: us/macos/Business/top-free entries=100
[2026-09-16T22:47:23.550Z] [DEBUG] Hits: us/macos/Business/top-free 4 app(s) found
[2026-09-16T22:47:24.390Z] [DEBUG] RSS ok: us/macos/Productivity/top-free entries=99
[2026-09-16T22:47:34.396Z] [DEBUG] Hits: us/macos/Productivity/top-free 6 app(s) found
[2026-09-16T22:47:36.056Z] [DEBUG] RSS ok: us/macos/Utilities/top-free entries=100
[2026-09-16T22:47:46.062Z] [DEBUG] Hits: us/macos/Utilities/top-free 1 app(s) found
[2026-09-16T22:47:46.907Z] [DEBUG] RSS ok: gb/macos/Business/top-free entries=100
[2026-09-16T22:47:56.912Z] [DEBUG] Hits: gb/macos/Business/top-free 4 app(s) found
[2026-09-16T22:47:59.608Z] [DEBUG] RSS ok: gb/macos/Productivity/top-free entries=99
[2026-09-16T22:48:09.613Z] [DEBUG] Hits: gb/macos/Productivity/top-free 5 app(s) found
[2026-09-16T22:48:10.417Z] [DEBUG] RSS ok: gb/macos/Utilities/top-free entries=100
[2026-09-16T22:48:20.420Z] [DEBUG] Hits: gb/macos/Utilities/top-free 3 app(s) found
[2026-09-16T22:48:21.594Z] [DEBUG] RSS ok: ca/macos/Business/top-free entries=100
[2026-09-16T22:48:31.600Z] [DEBUG] Hits: ca/macos/Business/top-free 5 app(s) found
[2026-09-16T22:48:32.407Z] [DEBUG] RSS ok: ca/macos/Productivity/top-free entries=99
[2026-09-16T22:48:42.413Z] [DEBUG] Hits: ca/macos/Productivity/top-free 5 app(s) found
[2026-09-16T22:48:43.209Z] [DEBUG] RSS ok: ca/macos/Utilities/top-free entries=100
[2026-09-16T22:48:53.975Z] [DEBUG] RSS ok: fr/macos/Business/top-free entries=99
[2026-09-16T22:49:03.982Z] [DEBUG] Hits: fr/macos/Business/top-free 3 app(s) found
[2026-09-16T22:49:03.982Z] [INFO] RSS progress: 10/60 (10 ok, 0 error, 36 points)
[2026-09-16T22:49:06.360Z] [DEBUG] RSS ok: fr/macos/Productivity/top-free entries=99
[2026-09-16T22:49:16.366Z] [DEBUG] Hits: fr/macos/Productivity/top-free 5 app(s) found
[2026-09-16T22:49:17.281Z] [DEBUG] RSS ok: fr/macos/Utilities/top-free entries=100
[2026-09-16T22:49:27.288Z] [DEBUG] Hits: fr/macos/Utilities/top-free 1 app(s) found
[2026-09-16T22:49:28.173Z] [DEBUG] RSS ok: de/macos/Business/top-free entries=100
[2026-09-16T22:49:38.935Z] [DEBUG] RSS ok: de/macos/Productivity/top-free entries=99
[2026-09-16T22:49:48.941Z] [DEBUG] Hits: de/macos/Productivity/top-free 4 app(s) found
[2026-09-16T22:49:50.994Z] [DEBUG] RSS ok: de/macos/Utilities/top-free entries=100
[2026-09-16T22:50:01.000Z] [DEBUG] Hits: de/macos/Utilities/top-free 1 app(s) found
[2026-09-16T22:50:01.869Z] [DEBUG] RSS ok: jp/macos/Business/top-free entries=100
[2026-09-16T22:50:11.875Z] [DEBUG] Hits: jp/macos/Business/top-free 3 app(s) found
[2026-09-16T22:50:12.677Z] [DEBUG] RSS ok: jp/macos/Productivity/top-free entries=99
[2026-09-16T22:50:22.684Z] [DEBUG] Hits: jp/macos/Productivity/top-free 3 app(s) found
[2026-09-16T22:50:23.506Z] [DEBUG] RSS ok: jp/macos/Utilities/top-free entries=100
[2026-09-16T22:50:33.512Z] [DEBUG] Hits: jp/macos/Utilities/top-free 4 app(s) found
[2026-09-16T22:50:34.409Z] [DEBUG] RSS ok: au/macos/Business/top-free entries=100
[2026-09-16T22:50:44.416Z] [DEBUG] Hits: au/macos/Business/top-free 4 app(s) found
[2026-09-16T22:50:45.274Z] [DEBUG] RSS ok: au/macos/Productivity/top-free entries=99
[2026-09-16T22:50:55.281Z] [DEBUG] Hits: au/macos/Productivity/top-free 4 app(s) found
[2026-09-16T22:50:55.281Z] [INFO] RSS progress: 20/60 (20 ok, 0 error, 65 points)
[2026-09-16T22:50:56.187Z] [DEBUG] RSS ok: au/macos/Utilities/top-free entries=100
[2026-09-16T22:51:06.192Z] [DEBUG] Hits: au/macos/Utilities/top-free 1 app(s) found
[2026-09-16T22:51:07.036Z] [DEBUG] RSS ok: es/macos/Business/top-free entries=100
[2026-09-16T22:51:17.043Z] [DEBUG] Hits: es/macos/Business/top-free 3 app(s) found
[2026-09-16T22:51:17.792Z] [DEBUG] RSS ok: es/macos/Productivity/top-free entries=99
[2026-09-16T22:51:27.798Z] [DEBUG] Hits: es/macos/Productivity/top-free 5 app(s) found
[2026-09-16T22:51:28.649Z] [DEBUG] RSS ok: es/macos/Utilities/top-free entries=100
[2026-09-16T22:51:39.511Z] [DEBUG] RSS ok: it/macos/Business/top-free entries=99
[2026-09-16T22:51:49.518Z] [DEBUG] Hits: it/macos/Business/top-free 2 app(s) found
[2026-09-16T22:51:50.619Z] [DEBUG] RSS ok: it/macos/Productivity/top-free entries=99
[2026-09-16T22:52:00.625Z] [DEBUG] Hits: it/macos/Productivity/top-free 4 app(s) found
[2026-09-16T22:52:01.417Z] [DEBUG] RSS ok: it/macos/Utilities/top-free entries=100
[2026-09-16T22:52:11.424Z] [DEBUG] Hits: it/macos/Utilities/top-free 1 app(s) found
[2026-09-16T22:52:12.301Z] [DEBUG] RSS ok: pt/macos/Business/top-free entries=100
[2026-09-16T22:52:22.307Z] [DEBUG] Hits: pt/macos/Business/top-free 4 app(s) found
[2026-09-16T22:52:23.212Z] [DEBUG] RSS ok: pt/macos/Productivity/top-free entries=99
[2026-09-16T22:52:33.217Z] [DEBUG] Hits: pt/macos/Productivity/top-free 4 app(s) found
[2026-09-16T22:52:33.990Z] [DEBUG] RSS ok: pt/macos/Utilities/top-free entries=100
[2026-09-16T22:52:43.995Z] [INFO] RSS progress: 30/60 (30 ok, 0 error, 89 points)
[2026-09-16T22:52:45.310Z] [DEBUG] RSS ok: ch/macos/Business/top-free entries=100
[2026-09-16T22:52:55.316Z] [DEBUG] Hits: ch/macos/Business/top-free 4 app(s) found
[2026-09-16T22:52:56.099Z] [DEBUG] RSS ok: ch/macos/Productivity/top-free entries=99
[2026-09-16T22:53:06.105Z] [DEBUG] Hits: ch/macos/Productivity/top-free 5 app(s) found
[2026-09-16T22:53:06.837Z] [DEBUG] RSS ok: ch/macos/Utilities/top-free entries=100
[2026-09-16T22:53:16.844Z] [DEBUG] Hits: ch/macos/Utilities/top-free 3 app(s) found
[2026-09-16T22:53:17.741Z] [DEBUG] RSS ok: be/macos/Business/top-free entries=100
[2026-09-16T22:53:27.747Z] [DEBUG] Hits: be/macos/Business/top-free 3 app(s) found
[2026-09-16T22:53:28.568Z] [DEBUG] RSS ok: be/macos/Productivity/top-free entries=99
[2026-09-16T22:53:38.573Z] [DEBUG] Hits: be/macos/Productivity/top-free 5 app(s) found
[2026-09-16T22:53:39.247Z] [DEBUG] RSS ok: be/macos/Utilities/top-free entries=100
[2026-09-16T22:53:49.252Z] [DEBUG] Hits: be/macos/Utilities/top-free 2 app(s) found
[2026-09-16T22:53:50.387Z] [DEBUG] RSS ok: nl/macos/Business/top-free entries=100
[2026-09-16T22:54:00.393Z] [DEBUG] Hits: nl/macos/Business/top-free 1 app(s) found
[2026-09-16T22:54:01.322Z] [DEBUG] RSS ok: nl/macos/Productivity/top-free entries=99
[2026-09-16T22:54:11.327Z] [DEBUG] Hits: nl/macos/Productivity/top-free 5 app(s) found
[2026-09-16T22:54:12.066Z] [DEBUG] RSS ok: nl/macos/Utilities/top-free entries=100
[2026-09-16T22:54:22.068Z] [DEBUG] Hits: nl/macos/Utilities/top-free 3 app(s) found
[2026-09-16T22:54:22.783Z] [DEBUG] RSS ok: tw/macos/Business/top-free entries=100
[2026-09-16T22:54:32.788Z] [DEBUG] Hits: tw/macos/Business/top-free 3 app(s) found
[2026-09-16T22:54:32.788Z] [INFO] RSS progress: 40/60 (40 ok, 0 error, 123 points)
[2026-09-16T22:54:33.626Z] [DEBUG] RSS ok: tw/macos/Productivity/top-free entries=99
[2026-09-16T22:54:43.631Z] [DEBUG] Hits: tw/macos/Productivity/top-free 3 app(s) found
[2026-09-16T22:54:44.300Z] [DEBUG] RSS ok: tw/macos/Utilities/top-free entries=100
[2026-09-16T22:54:54.307Z] [DEBUG] Hits: tw/macos/Utilities/top-free 1 app(s) found
[2026-09-16T22:54:55.210Z] [DEBUG] RSS ok: hk/macos/Business/top-free entries=99
[2026-09-16T22:55:05.215Z] [DEBUG] Hits: hk/macos/Business/top-free 2 app(s) found
[2026-09-16T22:55:06.091Z] [DEBUG] RSS ok: hk/macos/Productivity/top-free entries=99
[2026-09-16T22:55:16.093Z] [DEBUG] Hits: hk/macos/Productivity/top-free 3 app(s) found
[2026-09-16T22:55:16.826Z] [DEBUG] RSS ok: hk/macos/Utilities/top-free entries=100
[2026-09-16T22:55:27.555Z] [DEBUG] RSS ok: nz/macos/Business/top-free entries=100
[2026-09-16T22:55:37.561Z] [DEBUG] Hits: nz/macos/Business/top-free 4 app(s) found
[2026-09-16T22:55:38.401Z] [DEBUG] RSS ok: nz/macos/Productivity/top-free entries=99
[2026-09-16T22:55:48.408Z] [DEBUG] Hits: nz/macos/Productivity/top-free 4 app(s) found
[2026-09-16T22:55:49.248Z] [DEBUG] RSS ok: nz/macos/Utilities/top-free entries=100
[2026-09-16T22:55:59.255Z] [DEBUG] Hits: nz/macos/Utilities/top-free 1 app(s) found
[2026-09-16T22:56:00.402Z] [DEBUG] RSS ok: sg/macos/Business/top-free entries=100
[2026-09-16T22:56:10.409Z] [DEBUG] Hits: sg/macos/Business/top-free 4 app(s) found
[2026-09-16T22:56:11.174Z] [DEBUG] RSS ok: sg/macos/Productivity/top-free entries=99
[2026-09-16T22:56:21.180Z] [DEBUG] Hits: sg/macos/Productivity/top-free 4 app(s) found
[2026-09-16T22:56:21.180Z] [INFO] RSS progress: 50/60 (50 ok, 0 error, 149 points)
[2026-09-16T22:56:22.083Z] [DEBUG] RSS ok: sg/macos/Utilities/top-free entries=100
[2026-09-16T22:56:32.090Z] [DEBUG] Hits: sg/macos/Utilities/top-free 2 app(s) found
[2026-09-16T22:56:32.929Z] [DEBUG] RSS ok: in/macos/Business/top-free entries=100
[2026-09-16T22:56:42.935Z] [DEBUG] Hits: in/macos/Business/top-free 3 app(s) found
[2026-09-16T22:56:43.848Z] [DEBUG] RSS ok: in/macos/Productivity/top-free entries=99
[2026-09-16T22:56:53.854Z] [DEBUG] Hits: in/macos/Productivity/top-free 2 app(s) found
[2026-09-16T22:56:54.592Z] [DEBUG] RSS ok: in/macos/Utilities/top-free entries=100
[2026-09-16T22:57:05.375Z] [DEBUG] RSS ok: za/macos/Business/top-free entries=100
[2026-09-16T22:57:15.381Z] [DEBUG] Hits: za/macos/Business/top-free 3 app(s) found
[2026-09-16T22:57:16.135Z] [DEBUG] RSS ok: za/macos/Productivity/top-free entries=99
[2026-09-16T22:57:26.141Z] [DEBUG] Hits: za/macos/Productivity/top-free 4 app(s) found
[2026-09-16T22:57:26.940Z] [DEBUG] RSS ok: za/macos/Utilities/top-free entries=100
[2026-09-16T22:57:36.946Z] [DEBUG] Hits: za/macos/Utilities/top-free 2 app(s) found
[2026-09-16T22:57:37.759Z] [DEBUG] RSS ok: br/macos/Business/top-free entries=99
[2026-09-16T22:57:47.764Z] [DEBUG] Hits: br/macos/Business/top-free 2 app(s) found
[2026-09-16T22:57:48.532Z] [DEBUG] RSS ok: br/macos/Productivity/top-free entries=99
[2026-09-16T22:57:58.538Z] [DEBUG] Hits: br/macos/Productivity/top-free 4 app(s) found
[2026-09-16T22:57:59.344Z] [DEBUG] RSS ok: br/macos/Utilities/top-free entries=100
[2026-09-16T22:58:09.351Z] [DEBUG] Hits: br/macos/Utilities/top-free 1 app(s) found
[2026-09-16T22:58:09.351Z] [INFO] RSS progress: 60/60 (60 ok, 0 error, 172 points)
[2026-09-16T22:58:09.351Z] [INFO] RSS fetch done: 60 ok, 0 error, 172 points
[2026-09-16T22:58:09.351Z] [INFO] Platform max returned: macos = 100
[2026-09-16T22:58:09.351Z] [INFO] RSS results: 60 ok, 0 error, 172 rank points
[2026-09-16T22:58:09.398Z] [INFO] Stored: 60 crawls, 172 points
[2026-09-16T22:58:09.432Z] [INFO] current.json written rows=23
[2026-09-16T22:58:09.433Z] [INFO] Current summary: on_chart=172, not_on_chart=288, depth_limited=0, crawl_error=0, total=460
[2026-09-16T22:58:09.433Z] [INFO] === Crawl complete === 656.9s
[2026-09-16T23:47:12.692Z] [INFO] === Crawl start === ts=2026-09-16T23:00:00Z
[2026-09-16T23:47:12.696Z] [INFO] Config loaded apps=4, platforms=macos, categories=Business,Productivity,Utilities
[2026-09-16T23:47:12.696Z] [INFO] App IDs to track: 23 our=4, competitors=19
[2026-09-16T23:47:12.697Z] [INFO] Lookup cached fetched_at=2026-09-16T00:47:17.547Z, 23 apps
[2026-09-16T23:47:12.697Z] [INFO] RSS requests: 60 countries=20, platforms=macos, categories=Business,Productivity,Utilities
[2026-09-16T23:47:12.698Z] [INFO] RSS fetch start: 60 requests, concurrency=1
[2026-09-16T23:47:13.599Z] [DEBUG] RSS ok: us/macos/Business/top-free entries=100
[2026-09-16T23:47:23.601Z] [DEBUG] Hits: us/macos/Business/top-free 4 app(s) found
[2026-09-16T23:47:24.296Z] [DEBUG] RSS ok: us/macos/Productivity/top-free entries=99
[2026-09-16T23:47:34.303Z] [DEBUG] Hits: us/macos/Productivity/top-free 6 app(s) found
[2026-09-16T23:47:35.254Z] [DEBUG] RSS ok: us/macos/Utilities/top-free entries=100
[2026-09-16T23:47:45.260Z] [DEBUG] Hits: us/macos/Utilities/top-free 1 app(s) found
[2026-09-16T23:47:46.030Z] [DEBUG] RSS ok: gb/macos/Business/top-free entries=100
[2026-09-16T23:47:56.037Z] [DEBUG] Hits: gb/macos/Business/top-free 4 app(s) found
[2026-09-16T23:47:56.973Z] [DEBUG] RSS ok: gb/macos/Productivity/top-free entries=99
[2026-09-16T23:48:06.980Z] [DEBUG] Hits: gb/macos/Productivity/top-free 5 app(s) found
[2026-09-16T23:48:07.784Z] [DEBUG] RSS ok: gb/macos/Utilities/top-free entries=100
[2026-09-16T23:48:17.787Z] [DEBUG] Hits: gb/macos/Utilities/top-free 3 app(s) found
[2026-09-16T23:48:18.932Z] [DEBUG] RSS ok: ca/macos/Business/top-free entries=100
[2026-09-16T23:48:28.939Z] [DEBUG] Hits: ca/macos/Business/top-free 5 app(s) found
[2026-09-16T23:48:29.694Z] [DEBUG] RSS ok: ca/macos/Productivity/top-free entries=99
[2026-09-16T23:48:39.701Z] [DEBUG] Hits: ca/macos/Productivity/top-free 5 app(s) found
[2026-09-16T23:48:40.899Z] [DEBUG] RSS ok: ca/macos/Utilities/top-free entries=100
[2026-09-16T23:48:51.636Z] [DEBUG] RSS ok: fr/macos/Business/top-free entries=99
[2026-09-16T23:49:01.642Z] [DEBUG] Hits: fr/macos/Business/top-free 3 app(s) found
[2026-09-16T23:49:01.642Z] [INFO] RSS progress: 10/60 (10 ok, 0 error, 36 points)
[2026-09-16T23:49:02.471Z] [DEBUG] RSS ok: fr/macos/Productivity/top-free entries=99
[2026-09-16T23:49:12.477Z] [DEBUG] Hits: fr/macos/Productivity/top-free 5 app(s) found
[2026-09-16T23:49:13.176Z] [DEBUG] RSS ok: fr/macos/Utilities/top-free entries=100
[2026-09-16T23:49:23.182Z] [DEBUG] Hits: fr/macos/Utilities/top-free 1 app(s) found
[2026-09-16T23:49:24.031Z] [DEBUG] RSS ok: de/macos/Business/top-free entries=100
[2026-09-16T23:49:34.878Z] [DEBUG] RSS ok: de/macos/Productivity/top-free entries=99
[2026-09-16T23:49:44.885Z] [DEBUG] Hits: de/macos/Productivity/top-free 4 app(s) found
[2026-09-16T23:49:45.887Z] [DEBUG] RSS ok: de/macos/Utilities/top-free entries=100
[2026-09-16T23:49:55.894Z] [DEBUG] Hits: de/macos/Utilities/top-free 1 app(s) found
[2026-09-16T23:49:56.823Z] [DEBUG] RSS ok: jp/macos/Business/top-free entries=100
[2026-09-16T23:50:06.829Z] [DEBUG] Hits: jp/macos/Business/top-free 3 app(s) found
[2026-09-16T23:50:07.814Z] [DEBUG] RSS ok: jp/macos/Productivity/top-free entries=99
[2026-09-16T23:50:17.820Z] [DEBUG] Hits: jp/macos/Productivity/top-free 3 app(s) found
[2026-09-16T23:50:18.928Z] [DEBUG] RSS ok: jp/macos/Utilities/top-free entries=100
[2026-09-16T23:50:28.934Z] [DEBUG] Hits: jp/macos/Utilities/top-free 4 app(s) found
[2026-09-16T23:50:29.827Z] [DEBUG] RSS ok: au/macos/Business/top-free entries=100
[2026-09-16T23:50:39.833Z] [DEBUG] Hits: au/macos/Business/top-free 4 app(s) found
[2026-09-16T23:50:40.669Z] [DEBUG] RSS ok: au/macos/Productivity/top-free entries=99
[2026-09-16T23:50:50.672Z] [DEBUG] Hits: au/macos/Productivity/top-free 4 app(s) found
[2026-09-16T23:50:50.672Z] [INFO] RSS progress: 20/60 (20 ok, 0 error, 65 points)
[2026-09-16T23:50:51.587Z] [DEBUG] RSS ok: au/macos/Utilities/top-free entries=100
[2026-09-16T23:51:01.593Z] [DEBUG] Hits: au/macos/Utilities/top-free 1 app(s) found
[2026-09-16T23:51:02.458Z] [DEBUG] RSS ok: es/macos/Business/top-free entries=100
[2026-09-16T23:51:12.464Z] [DEBUG] Hits: es/macos/Business/top-free 3 app(s) found
[2026-09-16T23:51:13.390Z] [DEBUG] RSS ok: es/macos/Productivity/top-free entries=99
[2026-09-16T23:51:23.395Z] [DEBUG] Hits: es/macos/Productivity/top-free 5 app(s) found
[2026-09-16T23:51:24.331Z] [DEBUG] RSS ok: es/macos/Utilities/top-free entries=100
[2026-09-16T23:51:35.321Z] [DEBUG] RSS ok: it/macos/Business/top-free entries=99
[2026-09-16T23:51:45.327Z] [DEBUG] Hits: it/macos/Business/top-free 2 app(s) found
[2026-09-16T23:51:46.125Z] [DEBUG] RSS ok: it/macos/Productivity/top-free entries=99
[2026-09-16T23:51:56.131Z] [DEBUG] Hits: it/macos/Productivity/top-free 4 app(s) found
[2026-09-16T23:51:57.038Z] [DEBUG] RSS ok: it/macos/Utilities/top-free entries=100
[2026-09-16T23:52:07.043Z] [DEBUG] Hits: it/macos/Utilities/top-free 1 app(s) found
[2026-09-16T23:52:07.976Z] [DEBUG] RSS ok: pt/macos/Business/top-free entries=100
[2026-09-16T23:52:17.983Z] [DEBUG] Hits: pt/macos/Business/top-free 4 app(s) found
[2026-09-16T23:52:19.307Z] [DEBUG] RSS ok: pt/macos/Productivity/top-free entries=99
[2026-09-16T23:52:29.313Z] [DEBUG] Hits: pt/macos/Productivity/top-free 4 app(s) found
[2026-09-16T23:52:30.158Z] [DEBUG] RSS ok: pt/macos/Utilities/top-free entries=100
[2026-09-16T23:52:40.164Z] [INFO] RSS progress: 30/60 (30 ok, 0 error, 89 points)
[2026-09-16T23:52:40.937Z] [DEBUG] RSS ok: ch/macos/Business/top-free entries=100
[2026-09-16T23:52:50.944Z] [DEBUG] Hits: ch/macos/Business/top-free 4 app(s) found
[2026-09-16T23:52:51.829Z] [DEBUG] RSS ok: ch/macos/Productivity/top-free entries=99
[2026-09-16T23:53:01.836Z] [DEBUG] Hits: ch/macos/Productivity/top-free 5 app(s) found
[2026-09-16T23:53:02.772Z] [DEBUG] RSS ok: ch/macos/Utilities/top-free entries=100
[2026-09-16T23:53:12.779Z] [DEBUG] Hits: ch/macos/Utilities/top-free 3 app(s) found
[2026-09-16T23:53:13.732Z] [DEBUG] RSS ok: be/macos/Business/top-free entries=100
[2026-09-16T23:53:23.739Z] [DEBUG] Hits: be/macos/Business/top-free 3 app(s) found
[2026-09-16T23:53:24.549Z] [DEBUG] RSS ok: be/macos/Productivity/top-free entries=99
[2026-09-16T23:53:34.555Z] [DEBUG] Hits: be/macos/Productivity/top-free 5 app(s) found
[2026-09-16T23:53:35.405Z] [DEBUG] RSS ok: be/macos/Utilities/top-free entries=100
[2026-09-16T23:53:45.411Z] [DEBUG] Hits: be/macos/Utilities/top-free 2 app(s) found
[2026-09-16T23:53:46.291Z] [DEBUG] RSS ok: nl/macos/Business/top-free entries=100
[2026-09-16T23:53:56.297Z] [DEBUG] Hits: nl/macos/Business/top-free 1 app(s) found
[2026-09-16T23:53:57.219Z] [DEBUG] RSS ok: nl/macos/Productivity/top-free entries=99
[2026-09-16T23:54:07.226Z] [DEBUG] Hits: nl/macos/Productivity/top-free 5 app(s) found
[2026-09-16T23:54:08.019Z] [DEBUG] RSS ok: nl/macos/Utilities/top-free entries=100
[2026-09-16T23:54:18.023Z] [DEBUG] Hits: nl/macos/Utilities/top-free 3 app(s) found
[2026-09-16T23:54:18.873Z] [DEBUG] RSS ok: tw/macos/Business/top-free entries=100
[2026-09-16T23:54:28.879Z] [DEBUG] Hits: tw/macos/Business/top-free 3 app(s) found
[2026-09-16T23:54:28.879Z] [INFO] RSS progress: 40/60 (40 ok, 0 error, 123 points)
[2026-09-16T23:54:29.678Z] [DEBUG] RSS ok: tw/macos/Productivity/top-free entries=99
[2026-09-16T23:54:39.683Z] [DEBUG] Hits: tw/macos/Productivity/top-free 3 app(s) found
[2026-09-16T23:54:40.376Z] [DEBUG] RSS ok: tw/macos/Utilities/top-free entries=100
[2026-09-16T23:54:50.382Z] [DEBUG] Hits: tw/macos/Utilities/top-free 1 app(s) found
[2026-09-16T23:54:51.383Z] [DEBUG] RSS ok: hk/macos/Business/top-free entries=99
[2026-09-16T23:55:01.390Z] [DEBUG] Hits: hk/macos/Business/top-free 2 app(s) found
[2026-09-16T23:55:02.255Z] [DEBUG] RSS ok: hk/macos/Productivity/top-free entries=99
[2026-09-16T23:55:12.261Z] [DEBUG] Hits: hk/macos/Productivity/top-free 3 app(s) found
[2026-09-16T23:55:13.025Z] [DEBUG] RSS ok: hk/macos/Utilities/top-free entries=100
[2026-09-16T23:55:23.789Z] [DEBUG] RSS ok: nz/macos/Business/top-free entries=100
[2026-09-16T23:55:33.795Z] [DEBUG] Hits: nz/macos/Business/top-free 4 app(s) found
[2026-09-16T23:55:34.630Z] [DEBUG] RSS ok: nz/macos/Productivity/top-free entries=99
[2026-09-16T23:55:44.636Z] [DEBUG] Hits: nz/macos/Productivity/top-free 4 app(s) found
[2026-09-16T23:55:45.417Z] [DEBUG] RSS ok: nz/macos/Utilities/top-free entries=100
[2026-09-16T23:55:55.424Z] [DEBUG] Hits: nz/macos/Utilities/top-free 1 app(s) found
[2026-09-16T23:55:56.136Z] [DEBUG] RSS ok: sg/macos/Business/top-free entries=100
[2026-09-16T23:56:06.143Z] [DEBUG] Hits: sg/macos/Business/top-free 4 app(s) found
[2026-09-16T23:56:07.067Z] [DEBUG] RSS ok: sg/macos/Productivity/top-free entries=99
[2026-09-16T23:56:17.073Z] [DEBUG] Hits: sg/macos/Productivity/top-free 4 app(s) found
[2026-09-16T23:56:17.073Z] [INFO] RSS progress: 50/60 (50 ok, 0 error, 149 points)
[2026-09-16T23:56:17.938Z] [DEBUG] RSS ok: sg/macos/Utilities/top-free entries=100
[2026-09-16T23:56:27.944Z] [DEBUG] Hits: sg/macos/Utilities/top-free 2 app(s) found
[2026-09-16T23:56:29.092Z] [DEBUG] RSS ok: in/macos/Business/top-free entries=100
[2026-09-16T23:56:39.099Z] [DEBUG] Hits: in/macos/Business/top-free 3 app(s) found
[2026-09-16T23:56:39.902Z] [DEBUG] RSS ok: in/macos/Productivity/top-free entries=99
[2026-09-16T23:56:49.909Z] [DEBUG] Hits: in/macos/Productivity/top-free 2 app(s) found
[2026-09-16T23:56:50.818Z] [DEBUG] RSS ok: in/macos/Utilities/top-free entries=100
[2026-09-16T23:57:01.703Z] [DEBUG] RSS ok: za/macos/Business/top-free entries=100
[2026-09-16T23:57:11.707Z] [DEBUG] Hits: za/macos/Business/top-free 3 app(s) found
[2026-09-16T23:57:12.586Z] [DEBUG] RSS ok: za/macos/Productivity/top-free entries=99
[2026-09-16T23:57:22.592Z] [DEBUG] Hits: za/macos/Productivity/top-free 4 app(s) found
[2026-09-16T23:57:23.434Z] [DEBUG] RSS ok: za/macos/Utilities/top-free entries=100
[2026-09-16T23:57:33.441Z] [DEBUG] Hits: za/macos/Utilities/top-free 2 app(s) found
[2026-09-16T23:57:34.403Z] [DEBUG] RSS ok: br/macos/Business/top-free entries=99
[2026-09-16T23:57:44.409Z] [DEBUG] Hits: br/macos/Business/top-free 2 app(s) found
[2026-09-16T23:57:45.270Z] [DEBUG] RSS ok: br/macos/Productivity/top-free entries=99
[2026-09-16T23:57:55.277Z] [DEBUG] Hits: br/macos/Productivity/top-free 4 app(s) found
[2026-09-16T23:57:56.023Z] [DEBUG] RSS ok: br/macos/Utilities/top-free entries=100
[2026-09-16T23:58:06.029Z] [DEBUG] Hits: br/macos/Utilities/top-free 1 app(s) found
[2026-09-16T23:58:06.029Z] [INFO] RSS progress: 60/60 (60 ok, 0 error, 172 points)
[2026-09-16T23:58:06.029Z] [INFO] RSS fetch done: 60 ok, 0 error, 172 points
[2026-09-16T23:58:06.029Z] [INFO] Platform max returned: macos = 100
[2026-09-16T23:58:06.029Z] [INFO] RSS results: 60 ok, 0 error, 172 rank points
[2026-09-16T23:58:06.054Z] [INFO] Stored: 60 crawls, 172 points
[2026-09-16T23:58:06.082Z] [INFO] current.json written rows=23
[2026-09-16T23:58:06.082Z] [INFO] Current summary: on_chart=172, not_on_chart=288, depth_limited=0, crawl_error=0, total=460
[2026-09-16T23:58:06.082Z] [INFO] === Crawl complete === 653.4s
