[2026-09-18T00:47:12.773Z] [INFO] === Crawl start === ts=2026-09-18T00:00:00Z
[2026-09-18T00:47:12.777Z] [INFO] Config loaded apps=4, platforms=macos, categories=Business,Productivity,Utilities
[2026-09-18T00:47:12.777Z] [INFO] App IDs to track: 23 our=4, competitors=19
[2026-09-18T00:47:12.779Z] [INFO] Lookup needed (daily refresh), fetching 23 apps...
[2026-09-18T00:47:12.779Z] [INFO] Lookup: 23 unique IDs in 1 batch(es)
[2026-09-18T00:47:12.779Z] [DEBUG] Lookup batch 1/1: 23 IDs
[2026-09-18T00:47:13.043Z] [DEBUG] Lookup batch 1: 23 results
[2026-09-18T00:47:13.044Z] [INFO] Lookup result: 23/23 apps found
[2026-09-18T00:47:13.046Z] [INFO] Lookup done: 23/23 results
[2026-09-18T00:47:13.047Z] [INFO] RSS requests: 60 countries=20, platforms=macos, categories=Business,Productivity,Utilities
[2026-09-18T00:47:13.048Z] [INFO] RSS fetch start: 60 requests, concurrency=1
[2026-09-18T00:47:13.843Z] [DEBUG] RSS ok: us/macos/Business/top-free entries=100
[2026-09-18T00:47:23.845Z] [DEBUG] Hits: us/macos/Business/top-free 4 app(s) found
[2026-09-18T00:47:24.972Z] [DEBUG] RSS ok: us/macos/Productivity/top-free entries=99
[2026-09-18T00:47:34.978Z] [DEBUG] Hits: us/macos/Productivity/top-free 6 app(s) found
[2026-09-18T00:47:35.922Z] [DEBUG] RSS ok: us/macos/Utilities/top-free entries=100
[2026-09-18T00:47:45.922Z] [DEBUG] Hits: us/macos/Utilities/top-free 1 app(s) found
[2026-09-18T00:47:46.796Z] [DEBUG] RSS ok: gb/macos/Business/top-free entries=100
[2026-09-18T00:47:56.802Z] [DEBUG] Hits: gb/macos/Business/top-free 3 app(s) found
[2026-09-18T00:47:57.580Z] [DEBUG] RSS ok: gb/macos/Productivity/top-free entries=99
[2026-09-18T00:48:07.586Z] [DEBUG] Hits: gb/macos/Productivity/top-free 4 app(s) found
[2026-09-18T00:48:08.444Z] [DEBUG] RSS ok: gb/macos/Utilities/top-free entries=100
[2026-09-18T00:48:18.451Z] [DEBUG] Hits: gb/macos/Utilities/top-free 3 app(s) found
[2026-09-18T00:48:19.356Z] [DEBUG] RSS ok: ca/macos/Business/top-free entries=100
[2026-09-18T00:48:29.362Z] [DEBUG] Hits: ca/macos/Business/top-free 5 app(s) found
[2026-09-18T00:48:30.244Z] [DEBUG] RSS ok: ca/macos/Productivity/top-free entries=99
[2026-09-18T00:48:40.249Z] [DEBUG] Hits: ca/macos/Productivity/top-free 5 app(s) found
[2026-09-18T00:48:41.310Z] [DEBUG] RSS ok: ca/macos/Utilities/top-free entries=100
[2026-09-18T00:48:52.116Z] [DEBUG] RSS ok: fr/macos/Business/top-free entries=99
[2026-09-18T00:49:02.121Z] [DEBUG] Hits: fr/macos/Business/top-free 3 app(s) found
[2026-09-18T00:49:02.122Z] [INFO] RSS progress: 10/60 (10 ok, 0 error, 34 points)
[2026-09-18T00:49:02.926Z] [DEBUG] RSS ok: fr/macos/Productivity/top-free entries=99
[2026-09-18T00:49:12.933Z] [DEBUG] Hits: fr/macos/Productivity/top-free 4 app(s) found
[2026-09-18T00:49:13.784Z] [DEBUG] RSS ok: fr/macos/Utilities/top-free entries=100
[2026-09-18T00:49:23.787Z] [DEBUG] Hits: fr/macos/Utilities/top-free 2 app(s) found
[2026-09-18T00:49:24.549Z] [DEBUG] RSS ok: de/macos/Business/top-free entries=99
[2026-09-18T00:49:35.301Z] [DEBUG] RSS ok: de/macos/Productivity/top-free entries=99
[2026-09-18T00:49:45.307Z] [DEBUG] Hits: de/macos/Productivity/top-free 4 app(s) found
[2026-09-18T00:49:46.094Z] [DEBUG] RSS ok: de/macos/Utilities/top-free entries=100
[2026-09-18T00:49:56.101Z] [DEBUG] Hits: de/macos/Utilities/top-free 2 app(s) found
[2026-09-18T00:49:56.972Z] [DEBUG] RSS ok: jp/macos/Business/top-free entries=100
[2026-09-18T00:50:06.979Z] [DEBUG] Hits: jp/macos/Business/top-free 2 app(s) found
[2026-09-18T00:50:08.080Z] [DEBUG] RSS ok: jp/macos/Productivity/top-free entries=99
[2026-09-18T00:50:18.087Z] [DEBUG] Hits: jp/macos/Productivity/top-free 3 app(s) found
[2026-09-18T00:50:18.957Z] [DEBUG] RSS ok: jp/macos/Utilities/top-free entries=100
[2026-09-18T00:50:28.964Z] [DEBUG] Hits: jp/macos/Utilities/top-free 4 app(s) found
[2026-09-18T00:50:29.699Z] [DEBUG] RSS ok: au/macos/Business/top-free entries=100
[2026-09-18T00:50:39.703Z] [DEBUG] Hits: au/macos/Business/top-free 4 app(s) found
[2026-09-18T00:50:40.600Z] [DEBUG] RSS ok: au/macos/Productivity/top-free entries=99
[2026-09-18T00:50:50.607Z] [DEBUG] Hits: au/macos/Productivity/top-free 3 app(s) found
[2026-09-18T00:50:50.607Z] [INFO] RSS progress: 20/60 (20 ok, 0 error, 62 points)
[2026-09-18T00:50:51.647Z] [DEBUG] RSS ok: au/macos/Utilities/top-free entries=100
[2026-09-18T00:51:01.651Z] [DEBUG] Hits: au/macos/Utilities/top-free 1 app(s) found
[2026-09-18T00:51:02.389Z] [DEBUG] RSS ok: es/macos/Business/top-free entries=99
[2026-09-18T00:51:12.395Z] [DEBUG] Hits: es/macos/Business/top-free 3 app(s) found
[2026-09-18T00:51:13.337Z] [DEBUG] RSS ok: es/macos/Productivity/top-free entries=99
[2026-09-18T00:51:23.339Z] [DEBUG] Hits: es/macos/Productivity/top-free 5 app(s) found
[2026-09-18T00:51:24.051Z] [DEBUG] RSS ok: es/macos/Utilities/top-free entries=100
[2026-09-18T00:51:34.058Z] [DEBUG] Hits: es/macos/Utilities/top-free 1 app(s) found
[2026-09-18T00:51:34.935Z] [DEBUG] RSS ok: it/macos/Business/top-free entries=100
[2026-09-18T00:51:44.942Z] [DEBUG] Hits: it/macos/Business/top-free 2 app(s) found
[2026-09-18T00:51:45.823Z] [DEBUG] RSS ok: it/macos/Productivity/top-free entries=99
[2026-09-18T00:51:55.830Z] [DEBUG] Hits: it/macos/Productivity/top-free 5 app(s) found
[2026-09-18T00:51:56.811Z] [DEBUG] RSS ok: it/macos/Utilities/top-free entries=100
[2026-09-18T00:52:06.816Z] [DEBUG] Hits: it/macos/Utilities/top-free 2 app(s) found
[2026-09-18T00:52:07.645Z] [DEBUG] RSS ok: pt/macos/Business/top-free entries=99
[2026-09-18T00:52:17.651Z] [DEBUG] Hits: pt/macos/Business/top-free 3 app(s) found
[2026-09-18T00:52:18.765Z] [DEBUG] RSS ok: pt/macos/Productivity/top-free entries=99
[2026-09-18T00:52:28.772Z] [DEBUG] Hits: pt/macos/Productivity/top-free 4 app(s) found
[2026-09-18T00:52:29.705Z] [DEBUG] RSS ok: pt/macos/Utilities/top-free entries=100
[2026-09-18T00:52:39.711Z] [INFO] RSS progress: 30/60 (30 ok, 0 error, 88 points)
[2026-09-18T00:52:41.205Z] [DEBUG] RSS ok: ch/macos/Business/top-free entries=100
[2026-09-18T00:52:51.211Z] [DEBUG] Hits: ch/macos/Business/top-free 3 app(s) found
[2026-09-18T00:52:52.237Z] [DEBUG] RSS ok: ch/macos/Productivity/top-free entries=99
[2026-09-18T00:53:02.243Z] [DEBUG] Hits: ch/macos/Productivity/top-free 5 app(s) found
[2026-09-18T00:53:03.209Z] [DEBUG] RSS ok: ch/macos/Utilities/top-free entries=100
[2026-09-18T00:53:13.215Z] [DEBUG] Hits: ch/macos/Utilities/top-free 3 app(s) found
[2026-09-18T00:53:14.081Z] [DEBUG] RSS ok: be/macos/Business/top-free entries=100
[2026-09-18T00:53:24.088Z] [DEBUG] Hits: be/macos/Business/top-free 2 app(s) found
[2026-09-18T00:53:24.906Z] [DEBUG] RSS ok: be/macos/Productivity/top-free entries=99
[2026-09-18T00:53:34.907Z] [DEBUG] Hits: be/macos/Productivity/top-free 3 app(s) found
[2026-09-18T00:53:35.694Z] [DEBUG] RSS ok: be/macos/Utilities/top-free entries=100
[2026-09-18T00:53:45.701Z] [DEBUG] Hits: be/macos/Utilities/top-free 3 app(s) found
[2026-09-18T00:53:46.555Z] [DEBUG] RSS ok: nl/macos/Business/top-free entries=100
[2026-09-18T00:53:56.561Z] [DEBUG] Hits: nl/macos/Business/top-free 3 app(s) found
[2026-09-18T00:53:57.387Z] [DEBUG] RSS ok: nl/macos/Productivity/top-free entries=99
[2026-09-18T00:54:07.393Z] [DEBUG] Hits: nl/macos/Productivity/top-free 4 app(s) found
[2026-09-18T00:54:08.278Z] [DEBUG] RSS ok: nl/macos/Utilities/top-free entries=100
[2026-09-18T00:54:18.281Z] [DEBUG] Hits: nl/macos/Utilities/top-free 2 app(s) found
[2026-09-18T00:54:18.978Z] [DEBUG] RSS ok: tw/macos/Business/top-free entries=100
[2026-09-18T00:54:28.984Z] [DEBUG] Hits: tw/macos/Business/top-free 4 app(s) found
[2026-09-18T00:54:28.984Z] [INFO] RSS progress: 40/60 (40 ok, 0 error, 120 points)
[2026-09-18T00:54:30.962Z] [DEBUG] RSS ok: tw/macos/Productivity/top-free entries=99
[2026-09-18T00:54:40.969Z] [DEBUG] Hits: tw/macos/Productivity/top-free 3 app(s) found
[2026-09-18T00:54:41.729Z] [DEBUG] RSS ok: tw/macos/Utilities/top-free entries=100
[2026-09-18T00:54:52.545Z] [DEBUG] RSS ok: hk/macos/Business/top-free entries=94
[2026-09-18T00:55:02.550Z] [DEBUG] Hits: hk/macos/Business/top-free 2 app(s) found
[2026-09-18T00:55:03.468Z] [DEBUG] RSS ok: hk/macos/Productivity/top-free entries=99
[2026-09-18T00:55:13.475Z] [DEBUG] Hits: hk/macos/Productivity/top-free 4 app(s) found
[2026-09-18T00:55:14.375Z] [DEBUG] RSS ok: hk/macos/Utilities/top-free entries=100
[2026-09-18T00:55:24.382Z] [DEBUG] Hits: hk/macos/Utilities/top-free 1 app(s) found
[2026-09-18T00:55:25.216Z] [DEBUG] RSS ok: nz/macos/Business/top-free entries=100
[2026-09-18T00:55:35.221Z] [DEBUG] Hits: nz/macos/Business/top-free 3 app(s) found
[2026-09-18T00:55:36.042Z] [DEBUG] RSS ok: nz/macos/Productivity/top-free entries=99
[2026-09-18T00:55:46.049Z] [DEBUG] Hits: nz/macos/Productivity/top-free 3 app(s) found
[2026-09-18T00:55:46.937Z] [DEBUG] RSS ok: nz/macos/Utilities/top-free entries=100
[2026-09-18T00:55:57.737Z] [DEBUG] RSS ok: sg/macos/Business/top-free entries=100
[2026-09-18T00:56:07.742Z] [DEBUG] Hits: sg/macos/Business/top-free 4 app(s) found
[2026-09-18T00:56:08.601Z] [DEBUG] RSS ok: sg/macos/Productivity/top-free entries=99
[2026-09-18T00:56:18.607Z] [DEBUG] Hits: sg/macos/Productivity/top-free 3 app(s) found
[2026-09-18T00:56:18.607Z] [INFO] RSS progress: 50/60 (50 ok, 0 error, 143 points)
[2026-09-18T00:56:19.588Z] [DEBUG] RSS ok: sg/macos/Utilities/top-free entries=100
[2026-09-18T00:56:29.593Z] [DEBUG] Hits: sg/macos/Utilities/top-free 1 app(s) found
[2026-09-18T00:56:30.351Z] [DEBUG] RSS ok: in/macos/Business/top-free entries=100
[2026-09-18T00:56:40.357Z] [DEBUG] Hits: in/macos/Business/top-free 3 app(s) found
[2026-09-18T00:56:41.326Z] [DEBUG] RSS ok: in/macos/Productivity/top-free entries=99
[2026-09-18T00:56:51.332Z] [DEBUG] Hits: in/macos/Productivity/top-free 3 app(s) found
[2026-09-18T00:56:52.308Z] [DEBUG] RSS ok: in/macos/Utilities/top-free entries=100
[2026-09-18T00:57:03.241Z] [DEBUG] RSS ok: za/macos/Business/top-free entries=100
[2026-09-18T00:57:13.247Z] [DEBUG] Hits: za/macos/Business/top-free 4 app(s) found
[2026-09-18T00:57:14.285Z] [DEBUG] RSS ok: za/macos/Productivity/top-free entries=99
[2026-09-18T00:57:24.292Z] [DEBUG] Hits: za/macos/Productivity/top-free 3 app(s) found
[2026-09-18T00:57:25.090Z] [DEBUG] RSS ok: za/macos/Utilities/top-free entries=100
[2026-09-18T00:57:35.097Z] [DEBUG] Hits: za/macos/Utilities/top-free 3 app(s) found
[2026-09-18T00:57:35.934Z] [DEBUG] RSS ok: br/macos/Business/top-free entries=100
[2026-09-18T00:57:45.940Z] [DEBUG] Hits: br/macos/Business/top-free 2 app(s) found
[2026-09-18T00:57:47.244Z] [DEBUG] RSS ok: br/macos/Productivity/top-free entries=99
[2026-09-18T00:57:57.250Z] [DEBUG] Hits: br/macos/Productivity/top-free 3 app(s) found
[2026-09-18T00:57:58.178Z] [DEBUG] RSS ok: br/macos/Utilities/top-free entries=100
[2026-09-18T00:58:08.184Z] [INFO] RSS progress: 60/60 (60 ok, 0 error, 165 points)
[2026-09-18T00:58:08.184Z] [INFO] RSS fetch done: 60 ok, 0 error, 165 points
[2026-09-18T00:58:08.184Z] [INFO] Platform max returned: macos = 100
[2026-09-18T00:58:08.184Z] [INFO] RSS results: 60 ok, 0 error, 165 rank points
[2026-09-18T00:58:08.217Z] [INFO] Stored: 60 crawls, 165 points
[2026-09-18T00:58:08.242Z] [INFO] current.json written rows=23
[2026-09-18T00:58:08.244Z] [INFO] Current summary: on_chart=165, not_on_chart=289, depth_limited=6, crawl_error=0, total=460
[2026-09-18T00:58:08.244Z] [INFO] === Crawl complete === 655.5s
[2026-09-18T01:47:14.282Z] [INFO] === Crawl start === ts=2026-09-18T01:00:00Z
[2026-09-18T01:47:14.285Z] [INFO] Config loaded apps=4, platforms=macos, categories=Business,Productivity,Utilities
[2026-09-18T01:47:14.285Z] [INFO] App IDs to track: 23 our=4, competitors=19
[2026-09-18T01:47:14.286Z] [INFO] Lookup cached fetched_at=2026-09-18T00:47:13.044Z, 23 apps
[2026-09-18T01:47:14.287Z] [INFO] RSS requests: 60 countries=20, platforms=macos, categories=Business,Productivity,Utilities
[2026-09-18T01:47:14.287Z] [INFO] RSS fetch start: 60 requests, concurrency=1
[2026-09-18T01:47:15.190Z] [DEBUG] RSS ok: us/macos/Business/top-free entries=100
[2026-09-18T01:47:25.194Z] [DEBUG] Hits: us/macos/Business/top-free 4 app(s) found
[2026-09-18T01:47:25.856Z] [DEBUG] RSS ok: us/macos/Productivity/top-free entries=99
[2026-09-18T01:47:35.862Z] [DEBUG] Hits: us/macos/Productivity/top-free 6 app(s) found
[2026-09-18T01:47:37.184Z] [DEBUG] RSS ok: us/macos/Utilities/top-free entries=100
[2026-09-18T01:47:47.191Z] [DEBUG] Hits: us/macos/Utilities/top-free 1 app(s) found
[2026-09-18T01:47:48.591Z] [DEBUG] RSS ok: gb/macos/Business/top-free entries=99
[2026-09-18T01:47:58.597Z] [DEBUG] Hits: gb/macos/Business/top-free 3 app(s) found
[2026-09-18T01:47:59.358Z] [DEBUG] RSS ok: gb/macos/Productivity/top-free entries=99
[2026-09-18T01:48:09.363Z] [DEBUG] Hits: gb/macos/Productivity/top-free 4 app(s) found
[2026-09-18T01:48:10.536Z] [DEBUG] RSS ok: gb/macos/Utilities/top-free entries=100
[2026-09-18T01:48:20.541Z] [DEBUG] Hits: gb/macos/Utilities/top-free 3 app(s) found
[2026-09-18T01:48:21.383Z] [DEBUG] RSS ok: ca/macos/Business/top-free entries=100
[2026-09-18T01:48:31.390Z] [DEBUG] Hits: ca/macos/Business/top-free 5 app(s) found
[2026-09-18T01:48:32.201Z] [DEBUG] RSS ok: ca/macos/Productivity/top-free entries=99
[2026-09-18T01:48:42.202Z] [DEBUG] Hits: ca/macos/Productivity/top-free 5 app(s) found
[2026-09-18T01:48:43.089Z] [DEBUG] RSS ok: ca/macos/Utilities/top-free entries=100
[2026-09-18T01:48:53.856Z] [DEBUG] RSS ok: fr/macos/Business/top-free entries=99
[2026-09-18T01:49:03.863Z] [DEBUG] Hits: fr/macos/Business/top-free 3 app(s) found
[2026-09-18T01:49:03.863Z] [INFO] RSS progress: 10/60 (10 ok, 0 error, 34 points)
[2026-09-18T01:49:04.670Z] [DEBUG] RSS ok: fr/macos/Productivity/top-free entries=99
[2026-09-18T01:49:14.676Z] [DEBUG] Hits: fr/macos/Productivity/top-free 4 app(s) found
[2026-09-18T01:49:15.471Z] [DEBUG] RSS ok: fr/macos/Utilities/top-free entries=100
[2026-09-18T01:49:25.476Z] [DEBUG] Hits: fr/macos/Utilities/top-free 2 app(s) found
[2026-09-18T01:49:26.468Z] [DEBUG] RSS ok: de/macos/Business/top-free entries=99
[2026-09-18T01:49:37.224Z] [DEBUG] RSS ok: de/macos/Productivity/top-free entries=99
[2026-09-18T01:49:47.229Z] [DEBUG] Hits: de/macos/Productivity/top-free 4 app(s) found
[2026-09-18T01:49:48.073Z] [DEBUG] RSS ok: de/macos/Utilities/top-free entries=100
[2026-09-18T01:49:58.079Z] [DEBUG] Hits: de/macos/Utilities/top-free 2 app(s) found
[2026-09-18T01:49:58.998Z] [DEBUG] RSS ok: jp/macos/Business/top-free entries=100
[2026-09-18T01:50:09.002Z] [DEBUG] Hits: jp/macos/Business/top-free 2 app(s) found
[2026-09-18T01:50:10.087Z] [DEBUG] RSS ok: jp/macos/Productivity/top-free entries=99
[2026-09-18T01:50:20.093Z] [DEBUG] Hits: jp/macos/Productivity/top-free 3 app(s) found
[2026-09-18T01:50:20.895Z] [DEBUG] RSS ok: jp/macos/Utilities/top-free entries=100
[2026-09-18T01:50:30.902Z] [DEBUG] Hits: jp/macos/Utilities/top-free 4 app(s) found
[2026-09-18T01:50:31.717Z] [DEBUG] RSS ok: au/macos/Business/top-free entries=100
[2026-09-18T01:50:41.723Z] [DEBUG] Hits: au/macos/Business/top-free 4 app(s) found
[2026-09-18T01:50:42.577Z] [DEBUG] RSS ok: au/macos/Productivity/top-free entries=99
[2026-09-18T01:50:52.583Z] [DEBUG] Hits: au/macos/Productivity/top-free 4 app(s) found
[2026-09-18T01:50:52.583Z] [INFO] RSS progress: 20/60 (20 ok, 0 error, 63 points)
[2026-09-18T01:50:53.498Z] [DEBUG] RSS ok: au/macos/Utilities/top-free entries=100
[2026-09-18T01:51:03.500Z] [DEBUG] Hits: au/macos/Utilities/top-free 1 app(s) found
[2026-09-18T01:51:04.407Z] [DEBUG] RSS ok: es/macos/Business/top-free entries=99
[2026-09-18T01:51:14.412Z] [DEBUG] Hits: es/macos/Business/top-free 3 app(s) found
[2026-09-18T01:51:15.174Z] [DEBUG] RSS ok: es/macos/Productivity/top-free entries=99
[2026-09-18T01:51:25.180Z] [DEBUG] Hits: es/macos/Productivity/top-free 5 app(s) found
[2026-09-18T01:51:26.078Z] [DEBUG] RSS ok: es/macos/Utilities/top-free entries=100
[2026-09-18T01:51:36.085Z] [DEBUG] Hits: es/macos/Utilities/top-free 1 app(s) found
[2026-09-18T01:51:36.986Z] [DEBUG] RSS ok: it/macos/Business/top-free entries=100
[2026-09-18T01:51:46.993Z] [DEBUG] Hits: it/macos/Business/top-free 2 app(s) found
[2026-09-18T01:51:47.973Z] [DEBUG] RSS ok: it/macos/Productivity/top-free entries=99
[2026-09-18T01:51:57.974Z] [DEBUG] Hits: it/macos/Productivity/top-free 5 app(s) found
[2026-09-18T01:51:58.882Z] [DEBUG] RSS ok: it/macos/Utilities/top-free entries=100
[2026-09-18T01:52:08.884Z] [DEBUG] Hits: it/macos/Utilities/top-free 1 app(s) found
[2026-09-18T01:52:09.812Z] [DEBUG] RSS ok: pt/macos/Business/top-free entries=99
[2026-09-18T01:52:19.818Z] [DEBUG] Hits: pt/macos/Business/top-free 3 app(s) found
[2026-09-18T01:52:20.755Z] [DEBUG] RSS ok: pt/macos/Productivity/top-free entries=99
[2026-09-18T01:52:30.761Z] [DEBUG] Hits: pt/macos/Productivity/top-free 4 app(s) found
[2026-09-18T01:52:31.685Z] [DEBUG] RSS ok: pt/macos/Utilities/top-free entries=100
[2026-09-18T01:52:41.691Z] [INFO] RSS progress: 30/60 (30 ok, 0 error, 88 points)
[2026-09-18T01:52:42.697Z] [DEBUG] RSS ok: ch/macos/Business/top-free entries=100
[2026-09-18T01:52:52.703Z] [DEBUG] Hits: ch/macos/Business/top-free 3 app(s) found
[2026-09-18T01:52:53.593Z] [DEBUG] RSS ok: ch/macos/Productivity/top-free entries=99
[2026-09-18T01:53:03.600Z] [DEBUG] Hits: ch/macos/Productivity/top-free 5 app(s) found
[2026-09-18T01:53:04.757Z] [DEBUG] RSS ok: ch/macos/Utilities/top-free entries=100
[2026-09-18T01:53:14.763Z] [DEBUG] Hits: ch/macos/Utilities/top-free 3 app(s) found
[2026-09-18T01:53:15.639Z] [DEBUG] RSS ok: be/macos/Business/top-free entries=100
[2026-09-18T01:53:25.646Z] [DEBUG] Hits: be/macos/Business/top-free 3 app(s) found
[2026-09-18T01:53:26.599Z] [DEBUG] RSS ok: be/macos/Productivity/top-free entries=99
[2026-09-18T01:53:36.606Z] [DEBUG] Hits: be/macos/Productivity/top-free 3 app(s) found
[2026-09-18T01:53:37.514Z] [DEBUG] RSS ok: be/macos/Utilities/top-free entries=100
[2026-09-18T01:53:47.519Z] [DEBUG] Hits: be/macos/Utilities/top-free 3 app(s) found
[2026-09-18T01:53:48.387Z] [DEBUG] RSS ok: nl/macos/Business/top-free entries=100
[2026-09-18T01:53:58.393Z] [DEBUG] Hits: nl/macos/Business/top-free 3 app(s) found
[2026-09-18T01:53:59.684Z] [DEBUG] RSS ok: nl/macos/Productivity/top-free entries=99
[2026-09-18T01:54:09.690Z] [DEBUG] Hits: nl/macos/Productivity/top-free 4 app(s) found
[2026-09-18T01:54:10.614Z] [DEBUG] RSS ok: nl/macos/Utilities/top-free entries=100
[2026-09-18T01:54:20.619Z] [DEBUG] Hits: nl/macos/Utilities/top-free 2 app(s) found
[2026-09-18T01:54:21.414Z] [DEBUG] RSS ok: tw/macos/Business/top-free entries=100
[2026-09-18T01:54:31.418Z] [DEBUG] Hits: tw/macos/Business/top-free 4 app(s) found
[2026-09-18T01:54:31.419Z] [INFO] RSS progress: 40/60 (40 ok, 0 error, 121 points)
[2026-09-18T01:54:32.277Z] [DEBUG] RSS ok: tw/macos/Productivity/top-free entries=99
[2026-09-18T01:54:42.284Z] [DEBUG] Hits: tw/macos/Productivity/top-free 3 app(s) found
[2026-09-18T01:54:43.346Z] [DEBUG] RSS ok: tw/macos/Utilities/top-free entries=100
[2026-09-18T01:54:54.187Z] [DEBUG] RSS ok: hk/macos/Business/top-free entries=100
[2026-09-18T01:55:04.192Z] [DEBUG] Hits: hk/macos/Business/top-free 2 app(s) found
[2026-09-18T01:55:05.414Z] [DEBUG] RSS ok: hk/macos/Productivity/top-free entries=99
[2026-09-18T01:55:15.420Z] [DEBUG] Hits: hk/macos/Productivity/top-free 4 app(s) found
[2026-09-18T01:55:16.229Z] [DEBUG] RSS ok: hk/macos/Utilities/top-free entries=100
[2026-09-18T01:55:26.233Z] [DEBUG] Hits: hk/macos/Utilities/top-free 1 app(s) found
[2026-09-18T01:55:27.332Z] [DEBUG] RSS ok: nz/macos/Business/top-free entries=100
[2026-09-18T01:55:37.339Z] [DEBUG] Hits: nz/macos/Business/top-free 3 app(s) found
[2026-09-18T01:55:38.204Z] [DEBUG] RSS ok: nz/macos/Productivity/top-free entries=99
[2026-09-18T01:55:48.210Z] [DEBUG] Hits: nz/macos/Productivity/top-free 4 app(s) found
[2026-09-18T01:55:49.165Z] [DEBUG] RSS ok: nz/macos/Utilities/top-free entries=100
[2026-09-18T01:56:00.336Z] [DEBUG] RSS ok: sg/macos/Business/top-free entries=100
[2026-09-18T01:56:10.343Z] [DEBUG] Hits: sg/macos/Business/top-free 4 app(s) found
[2026-09-18T01:56:11.322Z] [DEBUG] RSS ok: sg/macos/Productivity/top-free entries=99
[2026-09-18T01:56:21.328Z] [DEBUG] Hits: sg/macos/Productivity/top-free 3 app(s) found
[2026-09-18T01:56:21.328Z] [INFO] RSS progress: 50/60 (50 ok, 0 error, 145 points)
[2026-09-18T01:56:22.266Z] [DEBUG] RSS ok: sg/macos/Utilities/top-free entries=100
[2026-09-18T01:56:32.273Z] [DEBUG] Hits: sg/macos/Utilities/top-free 1 app(s) found
[2026-09-18T01:56:33.274Z] [DEBUG] RSS ok: in/macos/Business/top-free entries=100
[2026-09-18T01:56:43.281Z] [DEBUG] Hits: in/macos/Business/top-free 3 app(s) found
[2026-09-18T01:56:44.346Z] [DEBUG] RSS ok: in/macos/Productivity/top-free entries=99
[2026-09-18T01:56:54.352Z] [DEBUG] Hits: in/macos/Productivity/top-free 3 app(s) found
[2026-09-18T01:56:55.286Z] [DEBUG] RSS ok: in/macos/Utilities/top-free entries=100
[2026-09-18T01:57:06.203Z] [DEBUG] RSS ok: za/macos/Business/top-free entries=100
[2026-09-18T01:57:16.210Z] [DEBUG] Hits: za/macos/Business/top-free 4 app(s) found
[2026-09-18T01:57:17.103Z] [DEBUG] RSS ok: za/macos/Productivity/top-free entries=99
[2026-09-18T01:57:27.110Z] [DEBUG] Hits: za/macos/Productivity/top-free 3 app(s) found
[2026-09-18T01:57:28.116Z] [DEBUG] RSS ok: za/macos/Utilities/top-free entries=100
[2026-09-18T01:57:38.121Z] [DEBUG] Hits: za/macos/Utilities/top-free 3 app(s) found
[2026-09-18T01:57:38.937Z] [DEBUG] RSS ok: br/macos/Business/top-free entries=99
[2026-09-18T01:57:48.944Z] [DEBUG] Hits: br/macos/Business/top-free 2 app(s) found
[2026-09-18T01:57:49.763Z] [DEBUG] RSS ok: br/macos/Productivity/top-free entries=99
[2026-09-18T01:57:59.762Z] [DEBUG] Hits: br/macos/Productivity/top-free 3 app(s) found
[2026-09-18T01:58:00.674Z] [DEBUG] RSS ok: br/macos/Utilities/top-free entries=100
[2026-09-18T01:58:10.681Z] [INFO] RSS progress: 60/60 (60 ok, 0 error, 167 points)
[2026-09-18T01:58:10.681Z] [INFO] RSS fetch done: 60 ok, 0 error, 167 points
[2026-09-18T01:58:10.681Z] [INFO] Platform max returned: macos = 100
[2026-09-18T01:58:10.681Z] [INFO] RSS results: 60 ok, 0 error, 167 rank points
[2026-09-18T01:58:10.706Z] [INFO] Stored: 60 crawls, 167 points
[2026-09-18T01:58:10.718Z] [INFO] current.json written rows=23
[2026-09-18T01:58:10.719Z] [INFO] Current summary: on_chart=167, not_on_chart=293, depth_limited=0, crawl_error=0, total=460
[2026-09-18T01:58:10.719Z] [INFO] === Crawl complete === 656.4s
[2026-09-18T02:47:12.936Z] [INFO] === Crawl start === ts=2026-09-18T02:00:00Z
[2026-09-18T02:47:12.939Z] [INFO] Config loaded apps=4, platforms=macos, categories=Business,Productivity,Utilities
[2026-09-18T02:47:12.940Z] [INFO] App IDs to track: 23 our=4, competitors=19
[2026-09-18T02:47:12.941Z] [INFO] Lookup cached fetched_at=2026-09-18T00:47:13.044Z, 23 apps
[2026-09-18T02:47:12.942Z] [INFO] RSS requests: 60 countries=20, platforms=macos, categories=Business,Productivity,Utilities
[2026-09-18T02:47:12.942Z] [INFO] RSS fetch start: 60 requests, concurrency=1
[2026-09-18T02:47:13.966Z] [DEBUG] RSS ok: us/macos/Business/top-free entries=100
[2026-09-18T02:47:23.969Z] [DEBUG] Hits: us/macos/Business/top-free 4 app(s) found
[2026-09-18T02:47:24.704Z] [DEBUG] RSS ok: us/macos/Productivity/top-free entries=99
[2026-09-18T02:47:34.711Z] [DEBUG] Hits: us/macos/Productivity/top-free 6 app(s) found
[2026-09-18T02:47:35.662Z] [DEBUG] RSS ok: us/macos/Utilities/top-free entries=100
[2026-09-18T02:47:45.669Z] [DEBUG] Hits: us/macos/Utilities/top-free 1 app(s) found
[2026-09-18T02:47:46.515Z] [DEBUG] RSS ok: gb/macos/Business/top-free entries=99
[2026-09-18T02:47:56.522Z] [DEBUG] Hits: gb/macos/Business/top-free 3 app(s) found
[2026-09-18T02:47:57.451Z] [DEBUG] RSS ok: gb/macos/Productivity/top-free entries=99
[2026-09-18T02:48:07.457Z] [DEBUG] Hits: gb/macos/Productivity/top-free 4 app(s) found
[2026-09-18T02:48:08.334Z] [DEBUG] RSS ok: gb/macos/Utilities/top-free entries=100
[2026-09-18T02:48:18.340Z] [DEBUG] Hits: gb/macos/Utilities/top-free 3 app(s) found
[2026-09-18T02:48:19.249Z] [DEBUG] RSS ok: ca/macos/Business/top-free entries=100
[2026-09-18T02:48:29.256Z] [DEBUG] Hits: ca/macos/Business/top-free 5 app(s) found
[2026-09-18T02:48:30.458Z] [DEBUG] RSS ok: ca/macos/Productivity/top-free entries=99
[2026-09-18T02:48:40.464Z] [DEBUG] Hits: ca/macos/Productivity/top-free 5 app(s) found
[2026-09-18T02:48:41.330Z] [DEBUG] RSS ok: ca/macos/Utilities/top-free entries=100
[2026-09-18T02:48:52.224Z] [DEBUG] RSS ok: fr/macos/Business/top-free entries=99
[2026-09-18T02:49:02.231Z] [DEBUG] Hits: fr/macos/Business/top-free 3 app(s) found
[2026-09-18T02:49:02.231Z] [INFO] RSS progress: 10/60 (10 ok, 0 error, 34 points)
[2026-09-18T02:49:03.232Z] [DEBUG] RSS ok: fr/macos/Productivity/top-free entries=99
[2026-09-18T02:49:13.238Z] [DEBUG] Hits: fr/macos/Productivity/top-free 4 app(s) found
[2026-09-18T02:49:14.152Z] [DEBUG] RSS ok: fr/macos/Utilities/top-free entries=100
[2026-09-18T02:49:24.157Z] [DEBUG] Hits: fr/macos/Utilities/top-free 2 app(s) found
[2026-09-18T02:49:24.970Z] [DEBUG] RSS ok: de/macos/Business/top-free entries=99
[2026-09-18T02:49:36.256Z] [DEBUG] RSS ok: de/macos/Productivity/top-free entries=99
[2026-09-18T02:49:46.262Z] [DEBUG] Hits: de/macos/Productivity/top-free 4 app(s) found
[2026-09-18T02:49:47.078Z] [DEBUG] RSS ok: de/macos/Utilities/top-free entries=100
[2026-09-18T02:49:57.085Z] [DEBUG] Hits: de/macos/Utilities/top-free 2 app(s) found
[2026-09-18T02:49:57.969Z] [DEBUG] RSS ok: jp/macos/Business/top-free entries=100
[2026-09-18T02:50:07.975Z] [DEBUG] Hits: jp/macos/Business/top-free 2 app(s) found
[2026-09-18T02:50:08.843Z] [DEBUG] RSS ok: jp/macos/Productivity/top-free entries=99
[2026-09-18T02:50:18.850Z] [DEBUG] Hits: jp/macos/Productivity/top-free 3 app(s) found
[2026-09-18T02:50:19.661Z] [DEBUG] RSS ok: jp/macos/Utilities/top-free entries=100
[2026-09-18T02:50:29.667Z] [DEBUG] Hits: jp/macos/Utilities/top-free 4 app(s) found
[2026-09-18T02:50:30.565Z] [DEBUG] RSS ok: au/macos/Business/top-free entries=100
[2026-09-18T02:50:40.571Z] [DEBUG] Hits: au/macos/Business/top-free 4 app(s) found
[2026-09-18T02:50:41.218Z] [DEBUG] RSS ok: au/macos/Productivity/top-free entries=99
[2026-09-18T02:50:51.225Z] [DEBUG] Hits: au/macos/Productivity/top-free 4 app(s) found
[2026-09-18T02:50:51.225Z] [INFO] RSS progress: 20/60 (20 ok, 0 error, 63 points)
[2026-09-18T02:50:52.118Z] [DEBUG] RSS ok: au/macos/Utilities/top-free entries=100
[2026-09-18T02:51:02.125Z] [DEBUG] Hits: au/macos/Utilities/top-free 1 app(s) found
[2026-09-18T02:51:02.873Z] [DEBUG] RSS ok: es/macos/Business/top-free entries=99
[2026-09-18T02:51:12.880Z] [DEBUG] Hits: es/macos/Business/top-free 3 app(s) found
[2026-09-18T02:51:13.667Z] [DEBUG] RSS ok: es/macos/Productivity/top-free entries=99
[2026-09-18T02:51:23.672Z] [DEBUG] Hits: es/macos/Productivity/top-free 5 app(s) found
[2026-09-18T02:51:24.527Z] [DEBUG] RSS ok: es/macos/Utilities/top-free entries=100
[2026-09-18T02:51:34.534Z] [DEBUG] Hits: es/macos/Utilities/top-free 1 app(s) found
[2026-09-18T02:51:35.340Z] [DEBUG] RSS ok: it/macos/Business/top-free entries=100
[2026-09-18T02:51:45.346Z] [DEBUG] Hits: it/macos/Business/top-free 2 app(s) found
[2026-09-18T02:51:46.244Z] [DEBUG] RSS ok: it/macos/Productivity/top-free entries=99
[2026-09-18T02:51:56.253Z] [DEBUG] Hits: it/macos/Productivity/top-free 5 app(s) found
[2026-09-18T02:51:57.064Z] [DEBUG] RSS ok: it/macos/Utilities/top-free entries=100
[2026-09-18T02:52:07.070Z] [DEBUG] Hits: it/macos/Utilities/top-free 1 app(s) found
[2026-09-18T02:52:08.060Z] [DEBUG] RSS ok: pt/macos/Business/top-free entries=99
[2026-09-18T02:52:18.065Z] [DEBUG] Hits: pt/macos/Business/top-free 3 app(s) found
[2026-09-18T02:52:18.930Z] [DEBUG] RSS ok: pt/macos/Productivity/top-free entries=99
[2026-09-18T02:52:28.937Z] [DEBUG] Hits: pt/macos/Productivity/top-free 4 app(s) found
[2026-09-18T02:52:29.858Z] [DEBUG] RSS ok: pt/macos/Utilities/top-free entries=100
[2026-09-18T02:52:39.865Z] [INFO] RSS progress: 30/60 (30 ok, 0 error, 88 points)
[2026-09-18T02:52:40.750Z] [DEBUG] RSS ok: ch/macos/Business/top-free entries=100
[2026-09-18T02:52:50.755Z] [DEBUG] Hits: ch/macos/Business/top-free 3 app(s) found
[2026-09-18T02:52:51.494Z] [DEBUG] RSS ok: ch/macos/Productivity/top-free entries=99
[2026-09-18T02:53:01.500Z] [DEBUG] Hits: ch/macos/Productivity/top-free 5 app(s) found
[2026-09-18T02:53:02.283Z] [DEBUG] RSS ok: ch/macos/Utilities/top-free entries=100
[2026-09-18T02:53:12.289Z] [DEBUG] Hits: ch/macos/Utilities/top-free 3 app(s) found
[2026-09-18T02:53:13.203Z] [DEBUG] RSS ok: be/macos/Business/top-free entries=100
[2026-09-18T02:53:23.209Z] [DEBUG] Hits: be/macos/Business/top-free 3 app(s) found
[2026-09-18T02:53:23.972Z] [DEBUG] RSS ok: be/macos/Productivity/top-free entries=99
[2026-09-18T02:53:33.978Z] [DEBUG] Hits: be/macos/Productivity/top-free 3 app(s) found
[2026-09-18T02:53:34.732Z] [DEBUG] RSS ok: be/macos/Utilities/top-free entries=100
[2026-09-18T02:53:44.739Z] [DEBUG] Hits: be/macos/Utilities/top-free 3 app(s) found
[2026-09-18T02:53:45.669Z] [DEBUG] RSS ok: nl/macos/Business/top-free entries=100
[2026-09-18T02:53:55.676Z] [DEBUG] Hits: nl/macos/Business/top-free 3 app(s) found
[2026-09-18T02:53:56.419Z] [DEBUG] RSS ok: nl/macos/Productivity/top-free entries=99
[2026-09-18T02:54:06.426Z] [DEBUG] Hits: nl/macos/Productivity/top-free 4 app(s) found
[2026-09-18T02:54:07.464Z] [DEBUG] RSS ok: nl/macos/Utilities/top-free entries=100
[2026-09-18T02:54:17.469Z] [DEBUG] Hits: nl/macos/Utilities/top-free 2 app(s) found
[2026-09-18T02:54:18.152Z] [DEBUG] RSS ok: tw/macos/Business/top-free entries=100
[2026-09-18T02:54:28.159Z] [DEBUG] Hits: tw/macos/Business/top-free 4 app(s) found
[2026-09-18T02:54:28.159Z] [INFO] RSS progress: 40/60 (40 ok, 0 error, 121 points)
[2026-09-18T02:54:28.855Z] [DEBUG] RSS ok: tw/macos/Productivity/top-free entries=99
[2026-09-18T02:54:38.860Z] [DEBUG] Hits: tw/macos/Productivity/top-free 3 app(s) found
[2026-09-18T02:54:39.739Z] [DEBUG] RSS ok: tw/macos/Utilities/top-free entries=100
[2026-09-18T02:54:50.628Z] [DEBUG] RSS ok: hk/macos/Business/top-free entries=100
[2026-09-18T02:55:00.635Z] [DEBUG] Hits: hk/macos/Business/top-free 2 app(s) found
[2026-09-18T02:55:01.433Z] [DEBUG] RSS ok: hk/macos/Productivity/top-free entries=99
[2026-09-18T02:55:11.439Z] [DEBUG] Hits: hk/macos/Productivity/top-free 4 app(s) found
[2026-09-18T02:55:12.195Z] [DEBUG] RSS ok: hk/macos/Utilities/top-free entries=100
[2026-09-18T02:55:22.200Z] [DEBUG] Hits: hk/macos/Utilities/top-free 1 app(s) found
[2026-09-18T02:55:22.902Z] [DEBUG] RSS ok: nz/macos/Business/top-free entries=100
[2026-09-18T02:55:32.908Z] [DEBUG] Hits: nz/macos/Business/top-free 3 app(s) found
[2026-09-18T02:55:33.858Z] [DEBUG] RSS ok: nz/macos/Productivity/top-free entries=99
[2026-09-18T02:55:43.864Z] [DEBUG] Hits: nz/macos/Productivity/top-free 4 app(s) found
[2026-09-18T02:55:44.778Z] [DEBUG] RSS ok: nz/macos/Utilities/top-free entries=100
[2026-09-18T02:55:55.847Z] [DEBUG] RSS ok: sg/macos/Business/top-free entries=100
[2026-09-18T02:56:05.854Z] [DEBUG] Hits: sg/macos/Business/top-free 4 app(s) found
[2026-09-18T02:56:06.911Z] [DEBUG] RSS ok: sg/macos/Productivity/top-free entries=99
[2026-09-18T02:56:16.917Z] [DEBUG] Hits: sg/macos/Productivity/top-free 3 app(s) found
[2026-09-18T02:56:16.917Z] [INFO] RSS progress: 50/60 (50 ok, 0 error, 145 points)
[2026-09-18T02:56:17.718Z] [DEBUG] RSS ok: sg/macos/Utilities/top-free entries=100
[2026-09-18T02:56:27.719Z] [DEBUG] Hits: sg/macos/Utilities/top-free 1 app(s) found
[2026-09-18T02:56:28.446Z] [DEBUG] RSS ok: in/macos/Business/top-free entries=100
[2026-09-18T02:56:38.452Z] [DEBUG] Hits: in/macos/Business/top-free 3 app(s) found
[2026-09-18T02:56:39.140Z] [DEBUG] RSS ok: in/macos/Productivity/top-free entries=99
[2026-09-18T02:56:49.146Z] [DEBUG] Hits: in/macos/Productivity/top-free 3 app(s) found
[2026-09-18T02:56:49.898Z] [DEBUG] RSS ok: in/macos/Utilities/top-free entries=100
[2026-09-18T02:57:01.046Z] [DEBUG] RSS ok: za/macos/Business/top-free entries=100
[2026-09-18T02:57:11.052Z] [DEBUG] Hits: za/macos/Business/top-free 4 app(s) found
[2026-09-18T02:57:11.858Z] [DEBUG] RSS ok: za/macos/Productivity/top-free entries=99
[2026-09-18T02:57:21.864Z] [DEBUG] Hits: za/macos/Productivity/top-free 3 app(s) found
[2026-09-18T02:57:22.570Z] [DEBUG] RSS ok: za/macos/Utilities/top-free entries=100
[2026-09-18T02:57:32.577Z] [DEBUG] Hits: za/macos/Utilities/top-free 3 app(s) found
[2026-09-18T02:57:33.338Z] [DEBUG] RSS ok: br/macos/Business/top-free entries=99
[2026-09-18T02:57:43.343Z] [DEBUG] Hits: br/macos/Business/top-free 2 app(s) found
[2026-09-18T02:57:44.128Z] [DEBUG] RSS ok: br/macos/Productivity/top-free entries=99
[2026-09-18T02:57:54.133Z] [DEBUG] Hits: br/macos/Productivity/top-free 3 app(s) found
[2026-09-18T02:57:54.865Z] [DEBUG] RSS ok: br/macos/Utilities/top-free entries=100
[2026-09-18T02:58:04.872Z] [INFO] RSS progress: 60/60 (60 ok, 0 error, 167 points)
[2026-09-18T02:58:04.872Z] [INFO] RSS fetch done: 60 ok, 0 error, 167 points
[2026-09-18T02:58:04.872Z] [INFO] Platform max returned: macos = 100
[2026-09-18T02:58:04.873Z] [INFO] RSS results: 60 ok, 0 error, 167 rank points
[2026-09-18T02:58:04.907Z] [INFO] Stored: 60 crawls, 167 points
[2026-09-18T02:58:04.923Z] [INFO] current.json written rows=23
[2026-09-18T02:58:04.924Z] [INFO] Current summary: on_chart=167, not_on_chart=293, depth_limited=0, crawl_error=0, total=460
[2026-09-18T02:58:04.924Z] [INFO] === Crawl complete === 652.0s
[2026-09-18T03:47:14.712Z] [INFO] === Crawl start === ts=2026-09-18T03:00:00Z
[2026-09-18T03:47:14.715Z] [INFO] Config loaded apps=4, platforms=macos, categories=Business,Productivity,Utilities
[2026-09-18T03:47:14.715Z] [INFO] App IDs to track: 23 our=4, competitors=19
[2026-09-18T03:47:14.716Z] [INFO] Lookup cached fetched_at=2026-09-18T00:47:13.044Z, 23 apps
[2026-09-18T03:47:14.716Z] [INFO] RSS requests: 60 countries=20, platforms=macos, categories=Business,Productivity,Utilities
[2026-09-18T03:47:14.716Z] [INFO] RSS fetch start: 60 requests, concurrency=1
[2026-09-18T03:47:15.815Z] [DEBUG] RSS ok: us/macos/Business/top-free entries=100
[2026-09-18T03:47:25.818Z] [DEBUG] Hits: us/macos/Business/top-free 4 app(s) found
[2026-09-18T03:47:26.779Z] [DEBUG] RSS ok: us/macos/Productivity/top-free entries=99
[2026-09-18T03:47:36.785Z] [DEBUG] Hits: us/macos/Productivity/top-free 6 app(s) found
[2026-09-18T03:47:37.689Z] [DEBUG] RSS ok: us/macos/Utilities/top-free entries=100
[2026-09-18T03:47:47.695Z] [DEBUG] Hits: us/macos/Utilities/top-free 1 app(s) found
[2026-09-18T03:47:48.680Z] [DEBUG] RSS ok: gb/macos/Business/top-free entries=99
[2026-09-18T03:47:58.687Z] [DEBUG] Hits: gb/macos/Business/top-free 3 app(s) found
[2026-09-18T03:47:59.482Z] [DEBUG] RSS ok: gb/macos/Productivity/top-free entries=99
[2026-09-18T03:48:09.488Z] [DEBUG] Hits: gb/macos/Productivity/top-free 4 app(s) found
[2026-09-18T03:48:10.358Z] [DEBUG] RSS ok: gb/macos/Utilities/top-free entries=100
[2026-09-18T03:48:20.365Z] [DEBUG] Hits: gb/macos/Utilities/top-free 3 app(s) found
[2026-09-18T03:48:21.141Z] [DEBUG] RSS ok: ca/macos/Business/top-free entries=100
[2026-09-18T03:48:31.148Z] [DEBUG] Hits: ca/macos/Business/top-free 5 app(s) found
[2026-09-18T03:48:31.910Z] [DEBUG] RSS ok: ca/macos/Productivity/top-free entries=99
[2026-09-18T03:48:41.917Z] [DEBUG] Hits: ca/macos/Productivity/top-free 5 app(s) found
[2026-09-18T03:48:42.804Z] [DEBUG] RSS ok: ca/macos/Utilities/top-free entries=100
[2026-09-18T03:48:54.060Z] [DEBUG] RSS ok: fr/macos/Business/top-free entries=99
[2026-09-18T03:49:04.067Z] [DEBUG] Hits: fr/macos/Business/top-free 3 app(s) found
[2026-09-18T03:49:04.067Z] [INFO] RSS progress: 10/60 (10 ok, 0 error, 34 points)
[2026-09-18T03:49:04.997Z] [DEBUG] RSS ok: fr/macos/Productivity/top-free entries=99
[2026-09-18T03:49:15.003Z] [DEBUG] Hits: fr/macos/Productivity/top-free 4 app(s) found
[2026-09-18T03:49:15.729Z] [DEBUG] RSS ok: fr/macos/Utilities/top-free entries=100
[2026-09-18T03:49:25.732Z] [DEBUG] Hits: fr/macos/Utilities/top-free 2 app(s) found
[2026-09-18T03:49:26.660Z] [DEBUG] RSS ok: de/macos/Business/top-free entries=99
[2026-09-18T03:49:37.532Z] [DEBUG] RSS ok: de/macos/Productivity/top-free entries=99
[2026-09-18T03:49:47.538Z] [DEBUG] Hits: de/macos/Productivity/top-free 4 app(s) found
[2026-09-18T03:49:48.366Z] [DEBUG] RSS ok: de/macos/Utilities/top-free entries=100
[2026-09-18T03:49:58.372Z] [DEBUG] Hits: de/macos/Utilities/top-free 2 app(s) found
[2026-09-18T03:49:59.344Z] [DEBUG] RSS ok: jp/macos/Business/top-free entries=100
[2026-09-18T03:50:09.350Z] [DEBUG] Hits: jp/macos/Business/top-free 2 app(s) found
[2026-09-18T03:50:10.177Z] [DEBUG] RSS ok: jp/macos/Productivity/top-free entries=99
[2026-09-18T03:50:20.183Z] [DEBUG] Hits: jp/macos/Productivity/top-free 3 app(s) found
[2026-09-18T03:50:21.008Z] [DEBUG] RSS ok: jp/macos/Utilities/top-free entries=100
[2026-09-18T03:50:31.015Z] [DEBUG] Hits: jp/macos/Utilities/top-free 4 app(s) found
[2026-09-18T03:50:31.807Z] [DEBUG] RSS ok: au/macos/Business/top-free entries=100
[2026-09-18T03:50:41.813Z] [DEBUG] Hits: au/macos/Business/top-free 4 app(s) found
[2026-09-18T03:50:42.588Z] [DEBUG] RSS ok: au/macos/Productivity/top-free entries=99
[2026-09-18T03:50:52.595Z] [DEBUG] Hits: au/macos/Productivity/top-free 4 app(s) found
[2026-09-18T03:50:52.595Z] [INFO] RSS progress: 20/60 (20 ok, 0 error, 63 points)
[2026-09-18T03:50:53.506Z] [DEBUG] RSS ok: au/macos/Utilities/top-free entries=100
[2026-09-18T03:51:03.513Z] [DEBUG] Hits: au/macos/Utilities/top-free 1 app(s) found
[2026-09-18T03:51:04.392Z] [DEBUG] RSS ok: es/macos/Business/top-free entries=99
[2026-09-18T03:51:14.398Z] [DEBUG] Hits: es/macos/Business/top-free 3 app(s) found
[2026-09-18T03:51:15.346Z] [DEBUG] RSS ok: es/macos/Productivity/top-free entries=99
[2026-09-18T03:51:25.347Z] [DEBUG] Hits: es/macos/Productivity/top-free 5 app(s) found
[2026-09-18T03:51:26.180Z] [DEBUG] RSS ok: es/macos/Utilities/top-free entries=100
[2026-09-18T03:51:36.186Z] [DEBUG] Hits: es/macos/Utilities/top-free 1 app(s) found
[2026-09-18T03:51:37.406Z] [DEBUG] RSS ok: it/macos/Business/top-free entries=100
[2026-09-18T03:51:47.411Z] [DEBUG] Hits: it/macos/Business/top-free 2 app(s) found
[2026-09-18T03:51:48.308Z] [DEBUG] RSS ok: it/macos/Productivity/top-free entries=99
[2026-09-18T03:51:58.308Z] [DEBUG] Hits: it/macos/Productivity/top-free 5 app(s) found
[2026-09-18T03:51:59.179Z] [DEBUG] RSS ok: it/macos/Utilities/top-free entries=100
[2026-09-18T03:52:09.184Z] [DEBUG] Hits: it/macos/Utilities/top-free 1 app(s) found
[2026-09-18T03:52:11.068Z] [DEBUG] RSS ok: pt/macos/Business/top-free entries=99
[2026-09-18T03:52:21.075Z] [DEBUG] Hits: pt/macos/Business/top-free 3 app(s) found
[2026-09-18T03:52:22.639Z] [DEBUG] RSS ok: pt/macos/Productivity/top-free entries=99
[2026-09-18T03:52:32.646Z] [DEBUG] Hits: pt/macos/Productivity/top-free 4 app(s) found
[2026-09-18T03:52:33.483Z] [DEBUG] RSS ok: pt/macos/Utilities/top-free entries=100
[2026-09-18T03:52:43.485Z] [INFO] RSS progress: 30/60 (30 ok, 0 error, 88 points)
[2026-09-18T03:52:44.568Z] [DEBUG] RSS ok: ch/macos/Business/top-free entries=100
[2026-09-18T03:52:54.575Z] [DEBUG] Hits: ch/macos/Business/top-free 3 app(s) found
[2026-09-18T03:52:55.683Z] [DEBUG] RSS ok: ch/macos/Productivity/top-free entries=99
[2026-09-18T03:53:05.689Z] [DEBUG] Hits: ch/macos/Productivity/top-free 5 app(s) found
[2026-09-18T03:53:06.676Z] [DEBUG] RSS ok: ch/macos/Utilities/top-free entries=100
[2026-09-18T03:53:16.683Z] [DEBUG] Hits: ch/macos/Utilities/top-free 3 app(s) found
[2026-09-18T03:53:17.397Z] [DEBUG] RSS ok: be/macos/Business/top-free entries=100
[2026-09-18T03:53:27.404Z] [DEBUG] Hits: be/macos/Business/top-free 3 app(s) found
[2026-09-18T03:53:28.273Z] [DEBUG] RSS ok: be/macos/Productivity/top-free entries=99
[2026-09-18T03:53:38.279Z] [DEBUG] Hits: be/macos/Productivity/top-free 3 app(s) found
[2026-09-18T03:53:39.048Z] [DEBUG] RSS ok: be/macos/Utilities/top-free entries=100
[2026-09-18T03:53:49.053Z] [DEBUG] Hits: be/macos/Utilities/top-free 3 app(s) found
[2026-09-18T03:53:50.159Z] [DEBUG] RSS ok: nl/macos/Business/top-free entries=100
[2026-09-18T03:54:00.164Z] [DEBUG] Hits: nl/macos/Business/top-free 3 app(s) found
[2026-09-18T03:54:00.923Z] [DEBUG] RSS ok: nl/macos/Productivity/top-free entries=99
[2026-09-18T03:54:10.928Z] [DEBUG] Hits: nl/macos/Productivity/top-free 4 app(s) found
[2026-09-18T03:54:11.751Z] [DEBUG] RSS ok: nl/macos/Utilities/top-free entries=100
[2026-09-18T03:54:21.758Z] [DEBUG] Hits: nl/macos/Utilities/top-free 2 app(s) found
[2026-09-18T03:54:22.567Z] [DEBUG] RSS ok: tw/macos/Business/top-free entries=100
[2026-09-18T03:54:32.574Z] [DEBUG] Hits: tw/macos/Business/top-free 4 app(s) found
[2026-09-18T03:54:32.574Z] [INFO] RSS progress: 40/60 (40 ok, 0 error, 121 points)
[2026-09-18T03:54:33.521Z] [DEBUG] RSS ok: tw/macos/Productivity/top-free entries=99
[2026-09-18T03:54:43.524Z] [DEBUG] Hits: tw/macos/Productivity/top-free 3 app(s) found
[2026-09-18T03:54:44.418Z] [DEBUG] RSS ok: tw/macos/Utilities/top-free entries=100
[2026-09-18T03:54:55.345Z] [DEBUG] RSS ok: hk/macos/Business/top-free entries=100
[2026-09-18T03:55:05.350Z] [DEBUG] Hits: hk/macos/Business/top-free 2 app(s) found
[2026-09-18T03:55:06.266Z] [DEBUG] RSS ok: hk/macos/Productivity/top-free entries=99
[2026-09-18T03:55:16.272Z] [DEBUG] Hits: hk/macos/Productivity/top-free 4 app(s) found
[2026-09-18T03:55:17.005Z] [DEBUG] RSS ok: hk/macos/Utilities/top-free entries=100
[2026-09-18T03:55:27.011Z] [DEBUG] Hits: hk/macos/Utilities/top-free 1 app(s) found
[2026-09-18T03:55:27.720Z] [DEBUG] RSS ok: nz/macos/Business/top-free entries=100
[2026-09-18T03:55:37.727Z] [DEBUG] Hits: nz/macos/Business/top-free 3 app(s) found
[2026-09-18T03:55:38.507Z] [DEBUG] RSS ok: nz/macos/Productivity/top-free entries=99
[2026-09-18T03:55:48.512Z] [DEBUG] Hits: nz/macos/Productivity/top-free 4 app(s) found
[2026-09-18T03:55:49.406Z] [DEBUG] RSS ok: nz/macos/Utilities/top-free entries=100
[2026-09-18T03:56:00.157Z] [DEBUG] RSS ok: sg/macos/Business/top-free entries=100
[2026-09-18T03:56:10.163Z] [DEBUG] Hits: sg/macos/Business/top-free 4 app(s) found
[2026-09-18T03:56:10.899Z] [DEBUG] RSS ok: sg/macos/Productivity/top-free entries=99
[2026-09-18T03:56:20.904Z] [DEBUG] Hits: sg/macos/Productivity/top-free 3 app(s) found
[2026-09-18T03:56:20.904Z] [INFO] RSS progress: 50/60 (50 ok, 0 error, 145 points)
[2026-09-18T03:56:21.702Z] [DEBUG] RSS ok: sg/macos/Utilities/top-free entries=100
[2026-09-18T03:56:31.708Z] [DEBUG] Hits: sg/macos/Utilities/top-free 1 app(s) found
[2026-09-18T03:56:32.354Z] [DEBUG] RSS ok: in/macos/Business/top-free entries=100
[2026-09-18T03:56:42.359Z] [DEBUG] Hits: in/macos/Business/top-free 3 app(s) found
[2026-09-18T03:56:43.192Z] [DEBUG] RSS ok: in/macos/Productivity/top-free entries=99
[2026-09-18T03:56:53.198Z] [DEBUG] Hits: in/macos/Productivity/top-free 3 app(s) found
[2026-09-18T03:56:53.896Z] [DEBUG] RSS ok: in/macos/Utilities/top-free entries=100
[2026-09-18T03:57:04.954Z] [DEBUG] RSS ok: za/macos/Business/top-free entries=100
[2026-09-18T03:57:14.960Z] [DEBUG] Hits: za/macos/Business/top-free 4 app(s) found
[2026-09-18T03:57:15.692Z] [DEBUG] RSS ok: za/macos/Productivity/top-free entries=99
[2026-09-18T03:57:25.699Z] [DEBUG] Hits: za/macos/Productivity/top-free 3 app(s) found
[2026-09-18T03:57:26.518Z] [DEBUG] RSS ok: za/macos/Utilities/top-free entries=100
[2026-09-18T03:57:36.524Z] [DEBUG] Hits: za/macos/Utilities/top-free 3 app(s) found
[2026-09-18T03:57:37.329Z] [DEBUG] RSS ok: br/macos/Business/top-free entries=99
[2026-09-18T03:57:47.336Z] [DEBUG] Hits: br/macos/Business/top-free 2 app(s) found
[2026-09-18T03:57:48.217Z] [DEBUG] RSS ok: br/macos/Productivity/top-free entries=99
[2026-09-18T03:57:58.224Z] [DEBUG] Hits: br/macos/Productivity/top-free 3 app(s) found
[2026-09-18T03:57:59.071Z] [DEBUG] RSS ok: br/macos/Utilities/top-free entries=100
[2026-09-18T03:58:09.078Z] [INFO] Platform max returned: macos = 100
[2026-09-18T03:58:09.078Z] [INFO] RSS fetch done: 60 ok, 0 error, 167 points
[2026-09-18T03:58:09.077Z] [INFO] RSS progress: 60/60 (60 ok, 0 error, 167 points)
[2026-09-18T03:58:09.078Z] [INFO] RSS results: 60 ok, 0 error, 167 rank points
[2026-09-18T03:58:09.098Z] [INFO] Stored: 60 crawls, 167 points
[2026-09-18T03:58:09.114Z] [INFO] current.json written rows=23
[2026-09-18T03:58:09.115Z] [INFO] Current summary: on_chart=167, not_on_chart=293, depth_limited=0, crawl_error=0, total=460
[2026-09-18T03:58:09.115Z] [INFO] === Crawl complete === 654.4s
[2026-09-18T04:47:10.277Z] [INFO] === Crawl start === ts=2026-09-18T04:00:00Z
[2026-09-18T04:47:10.281Z] [INFO] Config loaded apps=4, platforms=macos, categories=Business,Productivity,Utilities
[2026-09-18T04:47:10.282Z] [INFO] App IDs to track: 23 our=4, competitors=19
[2026-09-18T04:47:10.283Z] [INFO] Lookup cached fetched_at=2026-09-18T00:47:13.044Z, 23 apps
[2026-09-18T04:47:10.284Z] [INFO] RSS requests: 60 countries=20, platforms=macos, categories=Business,Productivity,Utilities
[2026-09-18T04:47:10.284Z] [INFO] RSS fetch start: 60 requests, concurrency=1
[2026-09-18T04:47:11.273Z] [DEBUG] RSS ok: us/macos/Business/top-free entries=100
[2026-09-18T04:47:21.276Z] [DEBUG] Hits: us/macos/Business/top-free 4 app(s) found
[2026-09-18T04:47:21.954Z] [DEBUG] RSS ok: us/macos/Productivity/top-free entries=99
[2026-09-18T04:47:31.961Z] [DEBUG] Hits: us/macos/Productivity/top-free 6 app(s) found
[2026-09-18T04:47:32.618Z] [DEBUG] RSS ok: us/macos/Utilities/top-free entries=100
[2026-09-18T04:47:42.624Z] [DEBUG] Hits: us/macos/Utilities/top-free 1 app(s) found
[2026-09-18T04:47:43.251Z] [DEBUG] RSS ok: gb/macos/Business/top-free entries=100
[2026-09-18T04:47:53.258Z] [DEBUG] Hits: gb/macos/Business/top-free 3 app(s) found
[2026-09-18T04:47:53.919Z] [DEBUG] RSS ok: gb/macos/Productivity/top-free entries=99
[2026-09-18T04:48:03.925Z] [DEBUG] Hits: gb/macos/Productivity/top-free 4 app(s) found
[2026-09-18T04:48:09.638Z] [DEBUG] RSS ok: gb/macos/Utilities/top-free entries=100
[2026-09-18T04:48:19.643Z] [DEBUG] Hits: gb/macos/Utilities/top-free 3 app(s) found
[2026-09-18T04:48:20.316Z] [DEBUG] RSS ok: ca/macos/Business/top-free entries=100
[2026-09-18T04:48:30.319Z] [DEBUG] Hits: ca/macos/Business/top-free 4 app(s) found
[2026-09-18T04:48:31.061Z] [DEBUG] RSS ok: ca/macos/Productivity/top-free entries=99
[2026-09-18T04:48:41.068Z] [DEBUG] Hits: ca/macos/Productivity/top-free 5 app(s) found
[2026-09-18T04:48:42.026Z] [DEBUG] RSS ok: ca/macos/Utilities/top-free entries=100
[2026-09-18T04:48:52.883Z] [DEBUG] RSS ok: fr/macos/Business/top-free entries=99
[2026-09-18T04:49:02.889Z] [DEBUG] Hits: fr/macos/Business/top-free 3 app(s) found
[2026-09-18T04:49:02.889Z] [INFO] RSS progress: 10/60 (10 ok, 0 error, 33 points)
[2026-09-18T04:49:03.690Z] [DEBUG] RSS ok: fr/macos/Productivity/top-free entries=99
[2026-09-18T04:49:13.696Z] [DEBUG] Hits: fr/macos/Productivity/top-free 4 app(s) found
[2026-09-18T04:49:14.559Z] [DEBUG] RSS ok: fr/macos/Utilities/top-free entries=100
[2026-09-18T04:49:24.567Z] [DEBUG] Hits: fr/macos/Utilities/top-free 2 app(s) found
[2026-09-18T04:49:25.333Z] [DEBUG] RSS ok: de/macos/Business/top-free entries=99
[2026-09-18T04:49:36.069Z] [DEBUG] RSS ok: de/macos/Productivity/top-free entries=99
[2026-09-18T04:49:46.075Z] [DEBUG] Hits: de/macos/Productivity/top-free 4 app(s) found
[2026-09-18T04:49:46.865Z] [DEBUG] RSS ok: de/macos/Utilities/top-free entries=100
[2026-09-18T04:49:56.872Z] [DEBUG] Hits: de/macos/Utilities/top-free 2 app(s) found
[2026-09-18T04:49:57.609Z] [DEBUG] RSS ok: jp/macos/Business/top-free entries=100
[2026-09-18T04:50:07.614Z] [DEBUG] Hits: jp/macos/Business/top-free 3 app(s) found
[2026-09-18T04:50:08.618Z] [DEBUG] RSS ok: jp/macos/Productivity/top-free entries=99
[2026-09-18T04:50:18.624Z] [DEBUG] Hits: jp/macos/Productivity/top-free 3 app(s) found
[2026-09-18T04:50:19.316Z] [DEBUG] RSS ok: jp/macos/Utilities/top-free entries=100
[2026-09-18T04:50:29.322Z] [DEBUG] Hits: jp/macos/Utilities/top-free 4 app(s) found
[2026-09-18T04:50:29.941Z] [DEBUG] RSS ok: au/macos/Business/top-free entries=100
[2026-09-18T04:50:39.948Z] [DEBUG] Hits: au/macos/Business/top-free 4 app(s) found
[2026-09-18T04:50:40.842Z] [DEBUG] RSS ok: au/macos/Productivity/top-free entries=99
[2026-09-18T04:50:50.848Z] [DEBUG] Hits: au/macos/Productivity/top-free 4 app(s) found
[2026-09-18T04:50:50.849Z] [INFO] RSS progress: 20/60 (20 ok, 0 error, 63 points)
[2026-09-18T04:50:51.577Z] [DEBUG] RSS ok: au/macos/Utilities/top-free entries=100
[2026-09-18T04:51:01.584Z] [DEBUG] Hits: au/macos/Utilities/top-free 2 app(s) found
[2026-09-18T04:51:02.253Z] [DEBUG] RSS ok: es/macos/Business/top-free entries=99
[2026-09-18T04:51:12.260Z] [DEBUG] Hits: es/macos/Business/top-free 3 app(s) found
[2026-09-18T04:51:13.233Z] [DEBUG] RSS ok: es/macos/Productivity/top-free entries=99
[2026-09-18T04:51:23.238Z] [DEBUG] Hits: es/macos/Productivity/top-free 5 app(s) found
[2026-09-18T04:51:23.971Z] [DEBUG] RSS ok: es/macos/Utilities/top-free entries=100
[2026-09-18T04:51:33.975Z] [DEBUG] Hits: es/macos/Utilities/top-free 1 app(s) found
[2026-09-18T04:51:34.801Z] [DEBUG] RSS ok: it/macos/Business/top-free entries=100
[2026-09-18T04:51:44.807Z] [DEBUG] Hits: it/macos/Business/top-free 2 app(s) found
[2026-09-18T04:51:45.622Z] [DEBUG] RSS ok: it/macos/Productivity/top-free entries=99
[2026-09-18T04:51:55.629Z] [DEBUG] Hits: it/macos/Productivity/top-free 5 app(s) found
[2026-09-18T04:51:56.295Z] [DEBUG] RSS ok: it/macos/Utilities/top-free entries=100
[2026-09-18T04:52:06.300Z] [DEBUG] Hits: it/macos/Utilities/top-free 1 app(s) found
[2026-09-18T04:52:07.430Z] [DEBUG] RSS ok: pt/macos/Business/top-free entries=99
[2026-09-18T04:52:17.436Z] [DEBUG] Hits: pt/macos/Business/top-free 3 app(s) found
[2026-09-18T04:52:18.203Z] [DEBUG] RSS ok: pt/macos/Productivity/top-free entries=99
[2026-09-18T04:52:28.208Z] [DEBUG] Hits: pt/macos/Productivity/top-free 4 app(s) found
[2026-09-18T04:52:29.062Z] [DEBUG] RSS ok: pt/macos/Utilities/top-free entries=100
[2026-09-18T04:52:39.068Z] [INFO] RSS progress: 30/60 (30 ok, 0 error, 89 points)
[2026-09-18T04:52:39.844Z] [DEBUG] RSS ok: ch/macos/Business/top-free entries=100
[2026-09-18T04:52:49.850Z] [DEBUG] Hits: ch/macos/Business/top-free 3 app(s) found
[2026-09-18T04:52:50.589Z] [DEBUG] RSS ok: ch/macos/Productivity/top-free entries=99
[2026-09-18T04:53:00.595Z] [DEBUG] Hits: ch/macos/Productivity/top-free 5 app(s) found
[2026-09-18T04:53:01.371Z] [DEBUG] RSS ok: ch/macos/Utilities/top-free entries=100
[2026-09-18T04:53:11.378Z] [DEBUG] Hits: ch/macos/Utilities/top-free 3 app(s) found
[2026-09-18T04:53:12.037Z] [DEBUG] RSS ok: be/macos/Business/top-free entries=100
[2026-09-18T04:53:22.043Z] [DEBUG] Hits: be/macos/Business/top-free 3 app(s) found
[2026-09-18T04:53:22.850Z] [DEBUG] RSS ok: be/macos/Productivity/top-free entries=99
[2026-09-18T04:53:32.857Z] [DEBUG] Hits: be/macos/Productivity/top-free 3 app(s) found
[2026-09-18T04:53:33.517Z] [DEBUG] RSS ok: be/macos/Utilities/top-free entries=100
[2026-09-18T04:53:43.524Z] [DEBUG] Hits: be/macos/Utilities/top-free 3 app(s) found
[2026-09-18T04:53:44.171Z] [DEBUG] RSS ok: nl/macos/Business/top-free entries=100
[2026-09-18T04:53:54.178Z] [DEBUG] Hits: nl/macos/Business/top-free 3 app(s) found
[2026-09-18T04:53:54.946Z] [DEBUG] RSS ok: nl/macos/Productivity/top-free entries=99
[2026-09-18T04:54:04.952Z] [DEBUG] Hits: nl/macos/Productivity/top-free 4 app(s) found
[2026-09-18T04:54:05.719Z] [DEBUG] RSS ok: nl/macos/Utilities/top-free entries=100
[2026-09-18T04:54:15.725Z] [DEBUG] Hits: nl/macos/Utilities/top-free 2 app(s) found
[2026-09-18T04:54:16.559Z] [DEBUG] RSS ok: tw/macos/Business/top-free entries=100
[2026-09-18T04:54:26.566Z] [DEBUG] Hits: tw/macos/Business/top-free 4 app(s) found
[2026-09-18T04:54:26.566Z] [INFO] RSS progress: 40/60 (40 ok, 0 error, 122 points)
[2026-09-18T04:54:27.307Z] [DEBUG] RSS ok: tw/macos/Productivity/top-free entries=99
[2026-09-18T04:54:37.314Z] [DEBUG] Hits: tw/macos/Productivity/top-free 4 app(s) found
[2026-09-18T04:54:37.887Z] [DEBUG] RSS ok: tw/macos/Utilities/top-free entries=100
[2026-09-18T04:54:47.893Z] [DEBUG] Hits: tw/macos/Utilities/top-free 2 app(s) found
[2026-09-18T04:54:48.551Z] [DEBUG] RSS ok: hk/macos/Business/top-free entries=100
[2026-09-18T04:54:58.558Z] [DEBUG] Hits: hk/macos/Business/top-free 1 app(s) found
[2026-09-18T04:54:59.064Z] [DEBUG] RSS ok: hk/macos/Productivity/top-free entries=99
[2026-09-18T04:55:09.069Z] [DEBUG] Hits: hk/macos/Productivity/top-free 4 app(s) found
[2026-09-18T04:55:09.702Z] [DEBUG] RSS ok: hk/macos/Utilities/top-free entries=100
[2026-09-18T04:55:19.709Z] [DEBUG] Hits: hk/macos/Utilities/top-free 1 app(s) found
[2026-09-18T04:55:20.540Z] [DEBUG] RSS ok: nz/macos/Business/top-free entries=100
[2026-09-18T04:55:30.543Z] [DEBUG] Hits: nz/macos/Business/top-free 3 app(s) found
[2026-09-18T04:55:31.410Z] [DEBUG] RSS ok: nz/macos/Productivity/top-free entries=99
[2026-09-18T04:55:41.417Z] [DEBUG] Hits: nz/macos/Productivity/top-free 3 app(s) found
[2026-09-18T04:55:42.192Z] [DEBUG] RSS ok: nz/macos/Utilities/top-free entries=100
[2026-09-18T04:55:52.941Z] [DEBUG] RSS ok: sg/macos/Business/top-free entries=100
[2026-09-18T04:56:02.948Z] [DEBUG] Hits: sg/macos/Business/top-free 4 app(s) found
[2026-09-18T04:56:03.656Z] [DEBUG] RSS ok: sg/macos/Productivity/top-free entries=99
[2026-09-18T04:56:13.663Z] [DEBUG] Hits: sg/macos/Productivity/top-free 3 app(s) found
[2026-09-18T04:56:13.663Z] [INFO] RSS progress: 50/60 (50 ok, 0 error, 147 points)
[2026-09-18T04:56:14.371Z] [DEBUG] RSS ok: sg/macos/Utilities/top-free entries=100
[2026-09-18T04:56:25.026Z] [DEBUG] RSS ok: in/macos/Business/top-free entries=100
[2026-09-18T04:56:35.033Z] [DEBUG] Hits: in/macos/Business/top-free 3 app(s) found
[2026-09-18T04:56:35.703Z] [DEBUG] RSS ok: in/macos/Productivity/top-free entries=99
[2026-09-18T04:56:45.710Z] [DEBUG] Hits: in/macos/Productivity/top-free 3 app(s) found
[2026-09-18T04:56:46.490Z] [DEBUG] RSS ok: in/macos/Utilities/top-free entries=100
[2026-09-18T04:56:57.339Z] [DEBUG] RSS ok: za/macos/Business/top-free entries=100
[2026-09-18T04:57:07.345Z] [DEBUG] Hits: za/macos/Business/top-free 4 app(s) found
[2026-09-18T04:57:08.197Z] [DEBUG] RSS ok: za/macos/Productivity/top-free entries=99
[2026-09-18T04:57:18.203Z] [DEBUG] Hits: za/macos/Productivity/top-free 3 app(s) found
[2026-09-18T04:57:19.216Z] [DEBUG] RSS ok: za/macos/Utilities/top-free entries=100
[2026-09-18T04:57:29.223Z] [DEBUG] Hits: za/macos/Utilities/top-free 3 app(s) found
[2026-09-18T04:57:29.829Z] [DEBUG] RSS ok: br/macos/Business/top-free entries=99
[2026-09-18T04:57:39.835Z] [DEBUG] Hits: br/macos/Business/top-free 3 app(s) found
[2026-09-18T04:58:06.838Z] [DEBUG] RSS ok: br/macos/Productivity/top-free entries=99
[2026-09-18T04:58:16.844Z] [DEBUG] Hits: br/macos/Productivity/top-free 3 app(s) found
[2026-09-18T04:58:17.653Z] [DEBUG] RSS ok: br/macos/Utilities/top-free entries=100
[2026-09-18T04:58:27.658Z] [DEBUG] Hits: br/macos/Utilities/top-free 1 app(s) found
[2026-09-18T04:58:27.658Z] [INFO] RSS progress: 60/60 (60 ok, 0 error, 170 points)
[2026-09-18T04:58:27.659Z] [INFO] RSS fetch done: 60 ok, 0 error, 170 points
[2026-09-18T04:58:27.659Z] [INFO] Platform max returned: macos = 100
[2026-09-18T04:58:27.659Z] [INFO] RSS results: 60 ok, 0 error, 170 rank points
[2026-09-18T04:58:27.706Z] [INFO] Stored: 60 crawls, 170 points
[2026-09-18T04:58:27.731Z] [INFO] current.json written rows=23
[2026-09-18T04:58:27.732Z] [INFO] Current summary: on_chart=170, not_on_chart=290, depth_limited=0, crawl_error=0, total=460
[2026-09-18T04:58:27.732Z] [INFO] === Crawl complete === 677.5s
[2026-09-18T05:47:12.961Z] [INFO] === Crawl start === ts=2026-09-18T05:00:00Z
[2026-09-18T05:47:12.966Z] [INFO] Config loaded apps=4, platforms=macos, categories=Business,Productivity,Utilities
[2026-09-18T05:47:12.966Z] [INFO] App IDs to track: 23 our=4, competitors=19
[2026-09-18T05:47:12.967Z] [INFO] Lookup cached fetched_at=2026-09-18T00:47:13.044Z, 23 apps
[2026-09-18T05:47:12.968Z] [INFO] RSS requests: 60 countries=20, platforms=macos, categories=Business,Productivity,Utilities
[2026-09-18T05:47:12.968Z] [INFO] RSS fetch start: 60 requests, concurrency=1
[2026-09-18T05:47:14.006Z] [DEBUG] RSS ok: us/macos/Business/top-free entries=100
[2026-09-18T05:47:24.008Z] [DEBUG] Hits: us/macos/Business/top-free 4 app(s) found
[2026-09-18T05:47:24.766Z] [DEBUG] RSS ok: us/macos/Productivity/top-free entries=99
[2026-09-18T05:47:34.773Z] [DEBUG] Hits: us/macos/Productivity/top-free 6 app(s) found
[2026-09-18T05:47:35.462Z] [DEBUG] RSS ok: us/macos/Utilities/top-free entries=100
[2026-09-18T05:47:45.469Z] [DEBUG] Hits: us/macos/Utilities/top-free 1 app(s) found
[2026-09-18T05:47:46.206Z] [DEBUG] RSS ok: gb/macos/Business/top-free entries=100
[2026-09-18T05:47:56.207Z] [DEBUG] Hits: gb/macos/Business/top-free 3 app(s) found
[2026-09-18T05:47:56.939Z] [DEBUG] RSS ok: gb/macos/Productivity/top-free entries=99
[2026-09-18T05:48:06.946Z] [DEBUG] Hits: gb/macos/Productivity/top-free 4 app(s) found
[2026-09-18T05:48:07.665Z] [DEBUG] RSS ok: gb/macos/Utilities/top-free entries=100
[2026-09-18T05:48:17.672Z] [DEBUG] Hits: gb/macos/Utilities/top-free 3 app(s) found
[2026-09-18T05:48:18.563Z] [DEBUG] RSS ok: ca/macos/Business/top-free entries=100
[2026-09-18T05:48:28.570Z] [DEBUG] Hits: ca/macos/Business/top-free 4 app(s) found
[2026-09-18T05:48:29.247Z] [DEBUG] RSS ok: ca/macos/Productivity/top-free entries=99
[2026-09-18T05:48:39.252Z] [DEBUG] Hits: ca/macos/Productivity/top-free 5 app(s) found
[2026-09-18T05:48:40.022Z] [DEBUG] RSS ok: ca/macos/Utilities/top-free entries=100
[2026-09-18T05:48:50.983Z] [DEBUG] RSS ok: fr/macos/Business/top-free entries=99
[2026-09-18T05:49:00.989Z] [DEBUG] Hits: fr/macos/Business/top-free 3 app(s) found
[2026-09-18T05:49:00.989Z] [INFO] RSS progress: 10/60 (10 ok, 0 error, 33 points)
[2026-09-18T05:49:01.668Z] [DEBUG] RSS ok: fr/macos/Productivity/top-free entries=99
[2026-09-18T05:49:11.673Z] [DEBUG] Hits: fr/macos/Productivity/top-free 4 app(s) found
[2026-09-18T05:49:12.412Z] [DEBUG] RSS ok: fr/macos/Utilities/top-free entries=100
[2026-09-18T05:49:22.416Z] [DEBUG] Hits: fr/macos/Utilities/top-free 2 app(s) found
[2026-09-18T05:49:23.242Z] [DEBUG] RSS ok: de/macos/Business/top-free entries=99
[2026-09-18T05:49:34.157Z] [DEBUG] RSS ok: de/macos/Productivity/top-free entries=99
[2026-09-18T05:49:44.164Z] [DEBUG] Hits: de/macos/Productivity/top-free 4 app(s) found
[2026-09-18T05:49:45.061Z] [DEBUG] RSS ok: de/macos/Utilities/top-free entries=100
[2026-09-18T05:49:55.068Z] [DEBUG] Hits: de/macos/Utilities/top-free 2 app(s) found
[2026-09-18T05:49:55.920Z] [DEBUG] RSS ok: jp/macos/Business/top-free entries=100
[2026-09-18T05:50:05.927Z] [DEBUG] Hits: jp/macos/Business/top-free 3 app(s) found
[2026-09-18T05:50:06.719Z] [DEBUG] RSS ok: jp/macos/Productivity/top-free entries=99
[2026-09-18T05:50:16.726Z] [DEBUG] Hits: jp/macos/Productivity/top-free 3 app(s) found
[2026-09-18T05:50:17.605Z] [DEBUG] RSS ok: jp/macos/Utilities/top-free entries=100
[2026-09-18T05:50:27.612Z] [DEBUG] Hits: jp/macos/Utilities/top-free 4 app(s) found
[2026-09-18T05:50:28.379Z] [DEBUG] RSS ok: au/macos/Business/top-free entries=100
[2026-09-18T05:50:38.386Z] [DEBUG] Hits: au/macos/Business/top-free 4 app(s) found
[2026-09-18T05:50:39.053Z] [DEBUG] RSS ok: au/macos/Productivity/top-free entries=99
[2026-09-18T05:50:49.059Z] [DEBUG] Hits: au/macos/Productivity/top-free 4 app(s) found
[2026-09-18T05:50:49.059Z] [INFO] RSS progress: 20/60 (20 ok, 0 error, 63 points)
[2026-09-18T05:50:49.905Z] [DEBUG] RSS ok: au/macos/Utilities/top-free entries=100
[2026-09-18T05:50:59.911Z] [DEBUG] Hits: au/macos/Utilities/top-free 2 app(s) found
[2026-09-18T05:51:00.630Z] [DEBUG] RSS ok: es/macos/Business/top-free entries=99
[2026-09-18T05:51:10.637Z] [DEBUG] Hits: es/macos/Business/top-free 3 app(s) found
[2026-09-18T05:51:11.429Z] [DEBUG] RSS ok: es/macos/Productivity/top-free entries=99
[2026-09-18T05:51:21.436Z] [DEBUG] Hits: es/macos/Productivity/top-free 5 app(s) found
[2026-09-18T05:51:22.262Z] [DEBUG] RSS ok: es/macos/Utilities/top-free entries=100
[2026-09-18T05:51:32.268Z] [DEBUG] Hits: es/macos/Utilities/top-free 1 app(s) found
[2026-09-18T05:51:33.056Z] [DEBUG] RSS ok: it/macos/Business/top-free entries=100
[2026-09-18T05:51:43.062Z] [DEBUG] Hits: it/macos/Business/top-free 2 app(s) found
[2026-09-18T05:51:43.854Z] [DEBUG] RSS ok: it/macos/Productivity/top-free entries=99
[2026-09-18T05:51:53.854Z] [DEBUG] Hits: it/macos/Productivity/top-free 5 app(s) found
[2026-09-18T05:51:54.728Z] [DEBUG] RSS ok: it/macos/Utilities/top-free entries=100
[2026-09-18T05:52:04.735Z] [DEBUG] Hits: it/macos/Utilities/top-free 1 app(s) found
[2026-09-18T05:52:05.718Z] [DEBUG] RSS ok: pt/macos/Business/top-free entries=99
[2026-09-18T05:52:15.724Z] [DEBUG] Hits: pt/macos/Business/top-free 3 app(s) found
[2026-09-18T05:52:16.517Z] [DEBUG] RSS ok: pt/macos/Productivity/top-free entries=99
[2026-09-18T05:52:26.522Z] [DEBUG] Hits: pt/macos/Productivity/top-free 4 app(s) found
[2026-09-18T05:52:27.372Z] [DEBUG] RSS ok: pt/macos/Utilities/top-free entries=100
[2026-09-18T05:52:37.378Z] [INFO] RSS progress: 30/60 (30 ok, 0 error, 89 points)
[2026-09-18T05:52:38.153Z] [DEBUG] RSS ok: ch/macos/Business/top-free entries=100
[2026-09-18T05:52:48.159Z] [DEBUG] Hits: ch/macos/Business/top-free 3 app(s) found
[2026-09-18T05:52:48.947Z] [DEBUG] RSS ok: ch/macos/Productivity/top-free entries=99
[2026-09-18T05:52:58.953Z] [DEBUG] Hits: ch/macos/Productivity/top-free 5 app(s) found
[2026-09-18T05:52:59.706Z] [DEBUG] RSS ok: ch/macos/Utilities/top-free entries=100
[2026-09-18T05:53:09.713Z] [DEBUG] Hits: ch/macos/Utilities/top-free 3 app(s) found
[2026-09-18T05:53:10.561Z] [DEBUG] RSS ok: be/macos/Business/top-free entries=100
[2026-09-18T05:53:20.567Z] [DEBUG] Hits: be/macos/Business/top-free 3 app(s) found
[2026-09-18T05:53:21.289Z] [DEBUG] RSS ok: be/macos/Productivity/top-free entries=99
[2026-09-18T05:53:31.294Z] [DEBUG] Hits: be/macos/Productivity/top-free 3 app(s) found
[2026-09-18T05:53:32.354Z] [DEBUG] RSS ok: be/macos/Utilities/top-free entries=100
[2026-09-18T05:53:42.361Z] [DEBUG] Hits: be/macos/Utilities/top-free 3 app(s) found
[2026-09-18T05:53:43.197Z] [DEBUG] RSS ok: nl/macos/Business/top-free entries=100
[2026-09-18T05:53:53.204Z] [DEBUG] Hits: nl/macos/Business/top-free 3 app(s) found
[2026-09-18T05:53:53.948Z] [DEBUG] RSS ok: nl/macos/Productivity/top-free entries=99
[2026-09-18T05:54:03.954Z] [DEBUG] Hits: nl/macos/Productivity/top-free 4 app(s) found
[2026-09-18T05:54:04.716Z] [DEBUG] RSS ok: nl/macos/Utilities/top-free entries=100
[2026-09-18T05:54:14.721Z] [DEBUG] Hits: nl/macos/Utilities/top-free 2 app(s) found
[2026-09-18T05:54:15.671Z] [DEBUG] RSS ok: tw/macos/Business/top-free entries=100
[2026-09-18T05:54:25.677Z] [DEBUG] Hits: tw/macos/Business/top-free 4 app(s) found
[2026-09-18T05:54:25.677Z] [INFO] RSS progress: 40/60 (40 ok, 0 error, 122 points)
[2026-09-18T05:54:26.490Z] [DEBUG] RSS ok: tw/macos/Productivity/top-free entries=99
[2026-09-18T05:54:36.497Z] [DEBUG] Hits: tw/macos/Productivity/top-free 4 app(s) found
[2026-09-18T05:54:37.261Z] [DEBUG] RSS ok: tw/macos/Utilities/top-free entries=100
[2026-09-18T05:54:47.268Z] [DEBUG] Hits: tw/macos/Utilities/top-free 2 app(s) found
[2026-09-18T05:54:48.128Z] [DEBUG] RSS ok: hk/macos/Business/top-free entries=100
[2026-09-18T05:54:58.134Z] [DEBUG] Hits: hk/macos/Business/top-free 1 app(s) found
[2026-09-18T05:54:58.957Z] [DEBUG] RSS ok: hk/macos/Productivity/top-free entries=99
[2026-09-18T05:55:08.963Z] [DEBUG] Hits: hk/macos/Productivity/top-free 4 app(s) found
[2026-09-18T05:55:09.895Z] [DEBUG] RSS ok: hk/macos/Utilities/top-free entries=100
[2026-09-18T05:55:19.901Z] [DEBUG] Hits: hk/macos/Utilities/top-free 1 app(s) found
[2026-09-18T05:55:20.924Z] [DEBUG] RSS ok: nz/macos/Business/top-free entries=100
[2026-09-18T05:55:30.930Z] [DEBUG] Hits: nz/macos/Business/top-free 3 app(s) found
[2026-09-18T05:55:31.682Z] [DEBUG] RSS ok: nz/macos/Productivity/top-free entries=99
[2026-09-18T05:55:41.688Z] [DEBUG] Hits: nz/macos/Productivity/top-free 3 app(s) found
[2026-09-18T05:55:42.950Z] [DEBUG] RSS ok: nz/macos/Utilities/top-free entries=100
[2026-09-18T05:55:53.956Z] [DEBUG] RSS ok: sg/macos/Business/top-free entries=100
[2026-09-18T05:56:03.963Z] [DEBUG] Hits: sg/macos/Business/top-free 4 app(s) found
[2026-09-18T05:56:04.834Z] [DEBUG] RSS ok: sg/macos/Productivity/top-free entries=99
[2026-09-18T05:56:14.839Z] [DEBUG] Hits: sg/macos/Productivity/top-free 3 app(s) found
[2026-09-18T05:56:14.839Z] [INFO] RSS progress: 50/60 (50 ok, 0 error, 147 points)
[2026-09-18T05:56:15.603Z] [DEBUG] RSS ok: sg/macos/Utilities/top-free entries=100
[2026-09-18T05:56:26.356Z] [DEBUG] RSS ok: in/macos/Business/top-free entries=100
[2026-09-18T05:56:36.363Z] [DEBUG] Hits: in/macos/Business/top-free 3 app(s) found
[2026-09-18T05:56:37.137Z] [DEBUG] RSS ok: in/macos/Productivity/top-free entries=99
[2026-09-18T05:56:47.144Z] [DEBUG] Hits: in/macos/Productivity/top-free 3 app(s) found
[2026-09-18T05:56:47.995Z] [DEBUG] RSS ok: in/macos/Utilities/top-free entries=100
[2026-09-18T05:56:58.815Z] [DEBUG] RSS ok: za/macos/Business/top-free entries=100
[2026-09-18T05:57:08.822Z] [DEBUG] Hits: za/macos/Business/top-free 4 app(s) found
[2026-09-18T05:57:09.740Z] [DEBUG] RSS ok: za/macos/Productivity/top-free entries=99
[2026-09-18T05:57:19.747Z] [DEBUG] Hits: za/macos/Productivity/top-free 3 app(s) found
[2026-09-18T05:57:20.773Z] [DEBUG] RSS ok: za/macos/Utilities/top-free entries=100
[2026-09-18T05:57:30.780Z] [DEBUG] Hits: za/macos/Utilities/top-free 3 app(s) found
[2026-09-18T05:57:31.586Z] [DEBUG] RSS ok: br/macos/Business/top-free entries=99
[2026-09-18T05:57:41.591Z] [DEBUG] Hits: br/macos/Business/top-free 3 app(s) found
[2026-09-18T05:57:42.344Z] [DEBUG] RSS ok: br/macos/Productivity/top-free entries=99
[2026-09-18T05:57:52.351Z] [DEBUG] Hits: br/macos/Productivity/top-free 3 app(s) found
[2026-09-18T05:57:53.398Z] [DEBUG] RSS ok: br/macos/Utilities/top-free entries=100
[2026-09-18T05:58:03.405Z] [DEBUG] Hits: br/macos/Utilities/top-free 1 app(s) found
[2026-09-18T05:58:03.405Z] [INFO] RSS progress: 60/60 (60 ok, 0 error, 170 points)
[2026-09-18T05:58:03.405Z] [INFO] RSS fetch done: 60 ok, 0 error, 170 points
[2026-09-18T05:58:03.405Z] [INFO] Platform max returned: macos = 100
[2026-09-18T05:58:03.405Z] [INFO] RSS results: 60 ok, 0 error, 170 rank points
[2026-09-18T05:58:03.449Z] [INFO] Stored: 60 crawls, 170 points
[2026-09-18T05:58:03.473Z] [INFO] current.json written rows=23
[2026-09-18T05:58:03.474Z] [INFO] Current summary: on_chart=170, not_on_chart=290, depth_limited=0, crawl_error=0, total=460
[2026-09-18T05:58:03.474Z] [INFO] === Crawl complete === 650.5s
[2026-09-18T06:47:11.812Z] [INFO] === Crawl start === ts=2026-09-18T06:00:00Z
[2026-09-18T06:47:11.817Z] [INFO] Config loaded apps=4, platforms=macos, categories=Business,Productivity,Utilities
[2026-09-18T06:47:11.817Z] [INFO] App IDs to track: 23 our=4, competitors=19
[2026-09-18T06:47:11.818Z] [INFO] Lookup cached fetched_at=2026-09-18T00:47:13.044Z, 23 apps
[2026-09-18T06:47:11.819Z] [INFO] RSS requests: 60 countries=20, platforms=macos, categories=Business,Productivity,Utilities
[2026-09-18T06:47:11.819Z] [INFO] RSS fetch start: 60 requests, concurrency=1
[2026-09-18T06:47:12.573Z] [DEBUG] RSS ok: us/macos/Business/top-free entries=100
[2026-09-18T06:47:22.576Z] [DEBUG] Hits: us/macos/Business/top-free 4 app(s) found
[2026-09-18T06:47:23.251Z] [DEBUG] RSS ok: us/macos/Productivity/top-free entries=99
[2026-09-18T06:47:33.258Z] [DEBUG] Hits: us/macos/Productivity/top-free 6 app(s) found
[2026-09-18T06:47:34.270Z] [DEBUG] RSS ok: us/macos/Utilities/top-free entries=100
[2026-09-18T06:47:44.276Z] [DEBUG] Hits: us/macos/Utilities/top-free 1 app(s) found
[2026-09-18T06:47:44.886Z] [DEBUG] RSS ok: gb/macos/Business/top-free entries=100
[2026-09-18T06:47:54.892Z] [DEBUG] Hits: gb/macos/Business/top-free 3 app(s) found
[2026-09-18T06:47:55.538Z] [DEBUG] RSS ok: gb/macos/Productivity/top-free entries=99
[2026-09-18T06:48:05.544Z] [DEBUG] Hits: gb/macos/Productivity/top-free 4 app(s) found
[2026-09-18T06:48:06.406Z] [DEBUG] RSS ok: gb/macos/Utilities/top-free entries=100
[2026-09-18T06:48:16.412Z] [DEBUG] Hits: gb/macos/Utilities/top-free 3 app(s) found
[2026-09-18T06:48:17.101Z] [DEBUG] RSS ok: ca/macos/Business/top-free entries=100
[2026-09-18T06:48:27.108Z] [DEBUG] Hits: ca/macos/Business/top-free 4 app(s) found
[2026-09-18T06:48:27.754Z] [DEBUG] RSS ok: ca/macos/Productivity/top-free entries=99
[2026-09-18T06:48:37.759Z] [DEBUG] Hits: ca/macos/Productivity/top-free 5 app(s) found
[2026-09-18T06:48:38.512Z] [DEBUG] RSS ok: ca/macos/Utilities/top-free entries=100
[2026-09-18T06:48:49.306Z] [DEBUG] RSS ok: fr/macos/Business/top-free entries=99
[2026-09-18T06:48:59.313Z] [DEBUG] Hits: fr/macos/Business/top-free 3 app(s) found
[2026-09-18T06:48:59.313Z] [INFO] RSS progress: 10/60 (10 ok, 0 error, 33 points)
[2026-09-18T06:49:00.143Z] [DEBUG] RSS ok: fr/macos/Productivity/top-free entries=99
[2026-09-18T06:49:10.147Z] [DEBUG] Hits: fr/macos/Productivity/top-free 4 app(s) found
[2026-09-18T06:49:10.788Z] [DEBUG] RSS ok: fr/macos/Utilities/top-free entries=100
[2026-09-18T06:49:20.795Z] [DEBUG] Hits: fr/macos/Utilities/top-free 2 app(s) found
[2026-09-18T06:49:21.810Z] [DEBUG] RSS ok: de/macos/Business/top-free entries=99
[2026-09-18T06:49:32.546Z] [DEBUG] RSS ok: de/macos/Productivity/top-free entries=99
[2026-09-18T06:49:42.552Z] [DEBUG] Hits: de/macos/Productivity/top-free 4 app(s) found
[2026-09-18T06:49:43.206Z] [DEBUG] RSS ok: de/macos/Utilities/top-free entries=100
[2026-09-18T06:49:53.211Z] [DEBUG] Hits: de/macos/Utilities/top-free 2 app(s) found
[2026-09-18T06:49:53.940Z] [DEBUG] RSS ok: jp/macos/Business/top-free entries=100
[2026-09-18T06:50:03.946Z] [DEBUG] Hits: jp/macos/Business/top-free 3 app(s) found
[2026-09-18T06:50:05.028Z] [DEBUG] RSS ok: jp/macos/Productivity/top-free entries=99
[2026-09-18T06:50:15.034Z] [DEBUG] Hits: jp/macos/Productivity/top-free 3 app(s) found
[2026-09-18T06:50:15.748Z] [DEBUG] RSS ok: jp/macos/Utilities/top-free entries=100
[2026-09-18T06:50:25.755Z] [DEBUG] Hits: jp/macos/Utilities/top-free 4 app(s) found
[2026-09-18T06:50:26.562Z] [DEBUG] RSS ok: au/macos/Business/top-free entries=100
[2026-09-18T06:50:36.569Z] [DEBUG] Hits: au/macos/Business/top-free 4 app(s) found
[2026-09-18T06:50:37.447Z] [DEBUG] RSS ok: au/macos/Productivity/top-free entries=99
[2026-09-18T06:50:47.448Z] [DEBUG] Hits: au/macos/Productivity/top-free 4 app(s) found
[2026-09-18T06:50:47.448Z] [INFO] RSS progress: 20/60 (20 ok, 0 error, 63 points)
[2026-09-18T06:50:48.287Z] [DEBUG] RSS ok: au/macos/Utilities/top-free entries=100
[2026-09-18T06:50:58.293Z] [DEBUG] Hits: au/macos/Utilities/top-free 2 app(s) found
[2026-09-18T06:50:59.181Z] [DEBUG] RSS ok: es/macos/Business/top-free entries=99
[2026-09-18T06:51:09.187Z] [DEBUG] Hits: es/macos/Business/top-free 3 app(s) found
[2026-09-18T06:51:10.207Z] [DEBUG] RSS ok: es/macos/Productivity/top-free entries=99
[2026-09-18T06:51:20.213Z] [DEBUG] Hits: es/macos/Productivity/top-free 5 app(s) found
[2026-09-18T06:51:20.875Z] [DEBUG] RSS ok: es/macos/Utilities/top-free entries=100
[2026-09-18T06:51:30.877Z] [DEBUG] Hits: es/macos/Utilities/top-free 1 app(s) found
[2026-09-18T06:51:31.787Z] [DEBUG] RSS ok: it/macos/Business/top-free entries=100
[2026-09-18T06:51:41.793Z] [DEBUG] Hits: it/macos/Business/top-free 2 app(s) found
[2026-09-18T06:51:42.414Z] [DEBUG] RSS ok: it/macos/Productivity/top-free entries=99
[2026-09-18T06:51:52.421Z] [DEBUG] Hits: it/macos/Productivity/top-free 5 app(s) found
[2026-09-18T06:51:53.044Z] [DEBUG] RSS ok: it/macos/Utilities/top-free entries=100
[2026-09-18T06:52:03.051Z] [DEBUG] Hits: it/macos/Utilities/top-free 1 app(s) found
[2026-09-18T06:52:03.787Z] [DEBUG] RSS ok: pt/macos/Business/top-free entries=99
[2026-09-18T06:52:13.793Z] [DEBUG] Hits: pt/macos/Business/top-free 3 app(s) found
[2026-09-18T06:52:14.560Z] [DEBUG] RSS ok: pt/macos/Productivity/top-free entries=99
[2026-09-18T06:52:24.566Z] [DEBUG] Hits: pt/macos/Productivity/top-free 4 app(s) found
[2026-09-18T06:52:25.234Z] [DEBUG] RSS ok: pt/macos/Utilities/top-free entries=100
[2026-09-18T06:52:35.240Z] [INFO] RSS progress: 30/60 (30 ok, 0 error, 89 points)
[2026-09-18T06:52:35.960Z] [DEBUG] RSS ok: ch/macos/Business/top-free entries=100
[2026-09-18T06:52:45.966Z] [DEBUG] Hits: ch/macos/Business/top-free 3 app(s) found
[2026-09-18T06:52:46.803Z] [DEBUG] RSS ok: ch/macos/Productivity/top-free entries=99
[2026-09-18T06:52:56.804Z] [DEBUG] Hits: ch/macos/Productivity/top-free 5 app(s) found
[2026-09-18T06:52:57.552Z] [DEBUG] RSS ok: ch/macos/Utilities/top-free entries=100
[2026-09-18T06:53:07.559Z] [DEBUG] Hits: ch/macos/Utilities/top-free 3 app(s) found
[2026-09-18T06:53:08.430Z] [DEBUG] RSS ok: be/macos/Business/top-free entries=100
[2026-09-18T06:53:18.435Z] [DEBUG] Hits: be/macos/Business/top-free 3 app(s) found
[2026-09-18T06:53:19.200Z] [DEBUG] RSS ok: be/macos/Productivity/top-free entries=99
[2026-09-18T06:53:29.206Z] [DEBUG] Hits: be/macos/Productivity/top-free 3 app(s) found
[2026-09-18T06:53:29.910Z] [DEBUG] RSS ok: be/macos/Utilities/top-free entries=100
[2026-09-18T06:53:39.916Z] [DEBUG] Hits: be/macos/Utilities/top-free 3 app(s) found
[2026-09-18T06:53:40.721Z] [DEBUG] RSS ok: nl/macos/Business/top-free entries=100
[2026-09-18T06:53:50.727Z] [DEBUG] Hits: nl/macos/Business/top-free 3 app(s) found
[2026-09-18T06:53:51.350Z] [DEBUG] RSS ok: nl/macos/Productivity/top-free entries=99
[2026-09-18T06:54:01.354Z] [DEBUG] Hits: nl/macos/Productivity/top-free 4 app(s) found
[2026-09-18T06:54:02.003Z] [DEBUG] RSS ok: nl/macos/Utilities/top-free entries=100
[2026-09-18T06:54:12.010Z] [DEBUG] Hits: nl/macos/Utilities/top-free 2 app(s) found
[2026-09-18T06:54:12.898Z] [DEBUG] RSS ok: tw/macos/Business/top-free entries=100
[2026-09-18T06:54:22.904Z] [DEBUG] Hits: tw/macos/Business/top-free 4 app(s) found
[2026-09-18T06:54:22.905Z] [INFO] RSS progress: 40/60 (40 ok, 0 error, 122 points)
[2026-09-18T06:54:23.628Z] [DEBUG] RSS ok: tw/macos/Productivity/top-free entries=99
[2026-09-18T06:54:33.633Z] [DEBUG] Hits: tw/macos/Productivity/top-free 4 app(s) found
[2026-09-18T06:54:34.374Z] [DEBUG] RSS ok: tw/macos/Utilities/top-free entries=100
[2026-09-18T06:54:44.379Z] [DEBUG] Hits: tw/macos/Utilities/top-free 2 app(s) found
[2026-09-18T06:54:45.099Z] [DEBUG] RSS ok: hk/macos/Business/top-free entries=100
[2026-09-18T06:54:55.106Z] [DEBUG] Hits: hk/macos/Business/top-free 1 app(s) found
[2026-09-18T06:54:55.719Z] [DEBUG] RSS ok: hk/macos/Productivity/top-free entries=99
[2026-09-18T06:55:05.720Z] [DEBUG] Hits: hk/macos/Productivity/top-free 4 app(s) found
[2026-09-18T06:55:06.660Z] [DEBUG] RSS ok: hk/macos/Utilities/top-free entries=100
[2026-09-18T06:55:16.665Z] [DEBUG] Hits: hk/macos/Utilities/top-free 1 app(s) found
[2026-09-18T06:55:17.444Z] [DEBUG] RSS ok: nz/macos/Business/top-free entries=100
[2026-09-18T06:55:27.451Z] [DEBUG] Hits: nz/macos/Business/top-free 3 app(s) found
[2026-09-18T06:55:28.213Z] [DEBUG] RSS ok: nz/macos/Productivity/top-free entries=99
[2026-09-18T06:55:38.216Z] [DEBUG] Hits: nz/macos/Productivity/top-free 3 app(s) found
[2026-09-18T06:55:39.052Z] [DEBUG] RSS ok: nz/macos/Utilities/top-free entries=100
[2026-09-18T06:55:49.767Z] [DEBUG] RSS ok: sg/macos/Business/top-free entries=100
[2026-09-18T06:55:59.773Z] [DEBUG] Hits: sg/macos/Business/top-free 4 app(s) found
[2026-09-18T06:56:00.490Z] [DEBUG] RSS ok: sg/macos/Productivity/top-free entries=99
[2026-09-18T06:56:10.496Z] [DEBUG] Hits: sg/macos/Productivity/top-free 3 app(s) found
[2026-09-18T06:56:10.496Z] [INFO] RSS progress: 50/60 (50 ok, 0 error, 147 points)
[2026-09-18T06:56:11.245Z] [DEBUG] RSS ok: sg/macos/Utilities/top-free entries=100
[2026-09-18T06:56:21.909Z] [DEBUG] RSS ok: in/macos/Business/top-free entries=100
[2026-09-18T06:56:31.915Z] [DEBUG] Hits: in/macos/Business/top-free 3 app(s) found
[2026-09-18T06:56:32.680Z] [DEBUG] RSS ok: in/macos/Productivity/top-free entries=99
[2026-09-18T06:56:42.686Z] [DEBUG] Hits: in/macos/Productivity/top-free 3 app(s) found
[2026-09-18T06:56:43.497Z] [DEBUG] RSS ok: in/macos/Utilities/top-free entries=100
[2026-09-18T06:56:54.464Z] [DEBUG] RSS ok: za/macos/Business/top-free entries=100
[2026-09-18T06:57:04.470Z] [DEBUG] Hits: za/macos/Business/top-free 4 app(s) found
[2026-09-18T06:57:05.208Z] [DEBUG] RSS ok: za/macos/Productivity/top-free entries=99
[2026-09-18T06:57:15.213Z] [DEBUG] Hits: za/macos/Productivity/top-free 3 app(s) found
[2026-09-18T06:57:15.840Z] [DEBUG] RSS ok: za/macos/Utilities/top-free entries=100
[2026-09-18T06:57:25.846Z] [DEBUG] Hits: za/macos/Utilities/top-free 3 app(s) found
[2026-09-18T06:57:26.624Z] [DEBUG] RSS ok: br/macos/Business/top-free entries=99
[2026-09-18T06:57:36.630Z] [DEBUG] Hits: br/macos/Business/top-free 3 app(s) found
[2026-09-18T06:57:37.375Z] [DEBUG] RSS ok: br/macos/Productivity/top-free entries=99
[2026-09-18T06:57:47.380Z] [DEBUG] Hits: br/macos/Productivity/top-free 3 app(s) found
[2026-09-18T06:57:48.200Z] [DEBUG] RSS ok: br/macos/Utilities/top-free entries=100
[2026-09-18T06:57:58.205Z] [DEBUG] Hits: br/macos/Utilities/top-free 1 app(s) found
[2026-09-18T06:57:58.206Z] [INFO] RSS progress: 60/60 (60 ok, 0 error, 170 points)
[2026-09-18T06:57:58.206Z] [INFO] RSS fetch done: 60 ok, 0 error, 170 points
[2026-09-18T06:57:58.206Z] [INFO] RSS results: 60 ok, 0 error, 170 rank points
[2026-09-18T06:57:58.206Z] [INFO] Platform max returned: macos = 100
[2026-09-18T06:57:58.253Z] [INFO] Stored: 60 crawls, 170 points
[2026-09-18T06:57:58.272Z] [INFO] current.json written rows=23
[2026-09-18T06:57:58.273Z] [INFO] === Crawl complete === 646.5s
[2026-09-18T06:57:58.273Z] [INFO] Current summary: on_chart=170, not_on_chart=290, depth_limited=0, crawl_error=0, total=460
[2026-09-18T07:47:12.238Z] [INFO] === Crawl start === ts=2026-09-18T07:00:00Z
[2026-09-18T07:47:12.242Z] [INFO] Config loaded apps=4, platforms=macos, categories=Business,Productivity,Utilities
[2026-09-18T07:47:12.243Z] [INFO] App IDs to track: 23 our=4, competitors=19
[2026-09-18T07:47:12.244Z] [INFO] Lookup cached fetched_at=2026-09-18T00:47:13.044Z, 23 apps
[2026-09-18T07:47:12.244Z] [INFO] RSS requests: 60 countries=20, platforms=macos, categories=Business,Productivity,Utilities
[2026-09-18T07:47:12.245Z] [INFO] RSS fetch start: 60 requests, concurrency=1
[2026-09-18T07:47:13.051Z] [DEBUG] RSS ok: us/macos/Business/top-free entries=100
[2026-09-18T07:47:23.054Z] [DEBUG] Hits: us/macos/Business/top-free 5 app(s) found
[2026-09-18T07:47:23.760Z] [DEBUG] RSS ok: us/macos/Productivity/top-free entries=99
[2026-09-18T07:47:33.766Z] [DEBUG] Hits: us/macos/Productivity/top-free 6 app(s) found
[2026-09-18T07:47:34.584Z] [DEBUG] RSS ok: us/macos/Utilities/top-free entries=100
[2026-09-18T07:47:44.590Z] [DEBUG] Hits: us/macos/Utilities/top-free 1 app(s) found
[2026-09-18T07:47:45.433Z] [DEBUG] RSS ok: gb/macos/Business/top-free entries=100
[2026-09-18T07:47:55.438Z] [DEBUG] Hits: gb/macos/Business/top-free 3 app(s) found
[2026-09-18T07:47:56.190Z] [DEBUG] RSS ok: gb/macos/Productivity/top-free entries=99
[2026-09-18T07:48:06.195Z] [DEBUG] Hits: gb/macos/Productivity/top-free 4 app(s) found
[2026-09-18T07:48:07.012Z] [DEBUG] RSS ok: gb/macos/Utilities/top-free entries=100
[2026-09-18T07:48:17.018Z] [DEBUG] Hits: gb/macos/Utilities/top-free 3 app(s) found
[2026-09-18T07:48:17.861Z] [DEBUG] RSS ok: ca/macos/Business/top-free entries=100
[2026-09-18T07:48:27.867Z] [DEBUG] Hits: ca/macos/Business/top-free 4 app(s) found
[2026-09-18T07:48:28.494Z] [DEBUG] RSS ok: ca/macos/Productivity/top-free entries=99
[2026-09-18T07:48:38.501Z] [DEBUG] Hits: ca/macos/Productivity/top-free 4 app(s) found
[2026-09-18T07:48:39.317Z] [DEBUG] RSS ok: ca/macos/Utilities/top-free entries=100
[2026-09-18T07:48:50.074Z] [DEBUG] RSS ok: fr/macos/Business/top-free entries=99
[2026-09-18T07:49:00.080Z] [DEBUG] Hits: fr/macos/Business/top-free 4 app(s) found
[2026-09-18T07:49:00.081Z] [INFO] RSS progress: 10/60 (10 ok, 0 error, 34 points)
[2026-09-18T07:49:01.080Z] [DEBUG] RSS ok: fr/macos/Productivity/top-free entries=99
[2026-09-18T07:49:11.087Z] [DEBUG] Hits: fr/macos/Productivity/top-free 4 app(s) found
[2026-09-18T07:49:11.841Z] [DEBUG] RSS ok: fr/macos/Utilities/top-free entries=100
[2026-09-18T07:49:21.847Z] [DEBUG] Hits: fr/macos/Utilities/top-free 2 app(s) found
[2026-09-18T07:49:22.724Z] [DEBUG] RSS ok: de/macos/Business/top-free entries=100
[2026-09-18T07:49:33.653Z] [DEBUG] RSS ok: de/macos/Productivity/top-free entries=99
[2026-09-18T07:49:43.660Z] [DEBUG] Hits: de/macos/Productivity/top-free 4 app(s) found
[2026-09-18T07:49:44.507Z] [DEBUG] RSS ok: de/macos/Utilities/top-free entries=100
[2026-09-18T07:49:54.514Z] [DEBUG] Hits: de/macos/Utilities/top-free 2 app(s) found
[2026-09-18T07:49:55.283Z] [DEBUG] RSS ok: jp/macos/Business/top-free entries=100
[2026-09-18T07:50:05.289Z] [DEBUG] Hits: jp/macos/Business/top-free 3 app(s) found
[2026-09-18T07:50:06.233Z] [DEBUG] RSS ok: jp/macos/Productivity/top-free entries=99
[2026-09-18T07:50:16.239Z] [DEBUG] Hits: jp/macos/Productivity/top-free 3 app(s) found
[2026-09-18T07:50:17.091Z] [DEBUG] RSS ok: jp/macos/Utilities/top-free entries=100
[2026-09-18T07:50:27.098Z] [DEBUG] Hits: jp/macos/Utilities/top-free 4 app(s) found
[2026-09-18T07:50:27.766Z] [DEBUG] RSS ok: au/macos/Business/top-free entries=100
[2026-09-18T07:50:37.773Z] [DEBUG] Hits: au/macos/Business/top-free 3 app(s) found
[2026-09-18T07:50:38.785Z] [DEBUG] RSS ok: au/macos/Productivity/top-free entries=99
[2026-09-18T07:50:48.790Z] [DEBUG] Hits: au/macos/Productivity/top-free 5 app(s) found
[2026-09-18T07:50:48.790Z] [INFO] RSS progress: 20/60 (20 ok, 0 error, 64 points)
[2026-09-18T07:50:49.657Z] [DEBUG] RSS ok: au/macos/Utilities/top-free entries=100
[2026-09-18T07:50:59.662Z] [DEBUG] Hits: au/macos/Utilities/top-free 2 app(s) found
[2026-09-18T07:51:00.417Z] [DEBUG] RSS ok: es/macos/Business/top-free entries=99
[2026-09-18T07:51:10.423Z] [DEBUG] Hits: es/macos/Business/top-free 3 app(s) found
[2026-09-18T07:51:11.397Z] [DEBUG] RSS ok: es/macos/Productivity/top-free entries=99
[2026-09-18T07:51:21.402Z] [DEBUG] Hits: es/macos/Productivity/top-free 5 app(s) found
[2026-09-18T07:51:22.035Z] [DEBUG] RSS ok: es/macos/Utilities/top-free entries=100
[2026-09-18T07:51:32.951Z] [DEBUG] RSS ok: it/macos/Business/top-free entries=100
[2026-09-18T07:51:42.957Z] [DEBUG] Hits: it/macos/Business/top-free 2 app(s) found
[2026-09-18T07:51:43.999Z] [DEBUG] RSS ok: it/macos/Productivity/top-free entries=99
[2026-09-18T07:51:54.006Z] [DEBUG] Hits: it/macos/Productivity/top-free 5 app(s) found
[2026-09-18T07:51:54.782Z] [DEBUG] RSS ok: it/macos/Utilities/top-free entries=100
[2026-09-18T07:52:04.789Z] [DEBUG] Hits: it/macos/Utilities/top-free 1 app(s) found
[2026-09-18T07:52:05.602Z] [DEBUG] RSS ok: pt/macos/Business/top-free entries=99
[2026-09-18T07:52:15.609Z] [DEBUG] Hits: pt/macos/Business/top-free 3 app(s) found
[2026-09-18T07:52:16.502Z] [DEBUG] RSS ok: pt/macos/Productivity/top-free entries=99
[2026-09-18T07:52:26.508Z] [DEBUG] Hits: pt/macos/Productivity/top-free 4 app(s) found
[2026-09-18T07:52:27.332Z] [DEBUG] RSS ok: pt/macos/Utilities/top-free entries=100
[2026-09-18T07:52:37.339Z] [INFO] RSS progress: 30/60 (30 ok, 0 error, 89 points)
[2026-09-18T07:52:38.130Z] [DEBUG] RSS ok: ch/macos/Business/top-free entries=100
[2026-09-18T07:52:48.136Z] [DEBUG] Hits: ch/macos/Business/top-free 3 app(s) found
[2026-09-18T07:52:48.936Z] [DEBUG] RSS ok: ch/macos/Productivity/top-free entries=99
[2026-09-18T07:52:58.942Z] [DEBUG] Hits: ch/macos/Productivity/top-free 5 app(s) found
[2026-09-18T07:52:59.725Z] [DEBUG] RSS ok: ch/macos/Utilities/top-free entries=100
[2026-09-18T07:53:09.726Z] [DEBUG] Hits: ch/macos/Utilities/top-free 2 app(s) found
[2026-09-18T07:53:10.480Z] [DEBUG] RSS ok: be/macos/Business/top-free entries=100
[2026-09-18T07:53:20.486Z] [DEBUG] Hits: be/macos/Business/top-free 3 app(s) found
[2026-09-18T07:53:21.112Z] [DEBUG] RSS ok: be/macos/Productivity/top-free entries=99
[2026-09-18T07:53:31.118Z] [DEBUG] Hits: be/macos/Productivity/top-free 4 app(s) found
[2026-09-18T07:53:31.924Z] [DEBUG] RSS ok: be/macos/Utilities/top-free entries=100
[2026-09-18T07:53:41.930Z] [DEBUG] Hits: be/macos/Utilities/top-free 3 app(s) found
[2026-09-18T07:53:42.808Z] [DEBUG] RSS ok: nl/macos/Business/top-free entries=100
[2026-09-18T07:53:52.814Z] [DEBUG] Hits: nl/macos/Business/top-free 3 app(s) found
[2026-09-18T07:53:53.658Z] [DEBUG] RSS ok: nl/macos/Productivity/top-free entries=99
[2026-09-18T07:54:03.662Z] [DEBUG] Hits: nl/macos/Productivity/top-free 4 app(s) found
[2026-09-18T07:54:04.426Z] [DEBUG] RSS ok: nl/macos/Utilities/top-free entries=100
[2026-09-18T07:54:14.432Z] [DEBUG] Hits: nl/macos/Utilities/top-free 1 app(s) found
[2026-09-18T07:54:15.173Z] [DEBUG] RSS ok: tw/macos/Business/top-free entries=100
[2026-09-18T07:54:25.179Z] [DEBUG] Hits: tw/macos/Business/top-free 4 app(s) found
[2026-09-18T07:54:25.180Z] [INFO] RSS progress: 40/60 (40 ok, 0 error, 121 points)
[2026-09-18T07:54:25.939Z] [DEBUG] RSS ok: tw/macos/Productivity/top-free entries=99
[2026-09-18T07:54:35.945Z] [DEBUG] Hits: tw/macos/Productivity/top-free 3 app(s) found
[2026-09-18T07:54:36.773Z] [DEBUG] RSS ok: tw/macos/Utilities/top-free entries=100
[2026-09-18T07:54:46.779Z] [DEBUG] Hits: tw/macos/Utilities/top-free 2 app(s) found
[2026-09-18T07:54:47.561Z] [DEBUG] RSS ok: hk/macos/Business/top-free entries=100
[2026-09-18T07:54:57.567Z] [DEBUG] Hits: hk/macos/Business/top-free 1 app(s) found
[2026-09-18T07:54:58.303Z] [DEBUG] RSS ok: hk/macos/Productivity/top-free entries=99
[2026-09-18T07:55:08.308Z] [DEBUG] Hits: hk/macos/Productivity/top-free 3 app(s) found
[2026-09-18T07:55:09.073Z] [DEBUG] RSS ok: hk/macos/Utilities/top-free entries=100
[2026-09-18T07:55:19.080Z] [DEBUG] Hits: hk/macos/Utilities/top-free 3 app(s) found
[2026-09-18T07:55:19.814Z] [DEBUG] RSS ok: nz/macos/Business/top-free entries=100
[2026-09-18T07:55:29.821Z] [DEBUG] Hits: nz/macos/Business/top-free 3 app(s) found
[2026-09-18T07:55:30.704Z] [DEBUG] RSS ok: nz/macos/Productivity/top-free entries=99
[2026-09-18T07:55:40.710Z] [DEBUG] Hits: nz/macos/Productivity/top-free 3 app(s) found
[2026-09-18T07:55:41.476Z] [DEBUG] RSS ok: nz/macos/Utilities/top-free entries=100
[2026-09-18T07:55:52.321Z] [DEBUG] RSS ok: sg/macos/Business/top-free entries=100
[2026-09-18T07:56:02.328Z] [DEBUG] Hits: sg/macos/Business/top-free 4 app(s) found
[2026-09-18T07:56:03.113Z] [DEBUG] RSS ok: sg/macos/Productivity/top-free entries=99
[2026-09-18T07:56:13.119Z] [DEBUG] Hits: sg/macos/Productivity/top-free 3 app(s) found
[2026-09-18T07:56:13.119Z] [INFO] RSS progress: 50/60 (50 ok, 0 error, 146 points)
[2026-09-18T07:56:13.902Z] [DEBUG] RSS ok: sg/macos/Utilities/top-free entries=100
[2026-09-18T07:56:24.754Z] [DEBUG] RSS ok: in/macos/Business/top-free entries=100
[2026-09-18T07:56:34.759Z] [DEBUG] Hits: in/macos/Business/top-free 3 app(s) found
[2026-09-18T07:56:35.473Z] [DEBUG] RSS ok: in/macos/Productivity/top-free entries=99
[2026-09-18T07:56:45.478Z] [DEBUG] Hits: in/macos/Productivity/top-free 3 app(s) found
[2026-09-18T07:56:46.390Z] [DEBUG] RSS ok: in/macos/Utilities/top-free entries=100
[2026-09-18T07:56:57.244Z] [DEBUG] RSS ok: za/macos/Business/top-free entries=100
[2026-09-18T07:57:07.250Z] [DEBUG] Hits: za/macos/Business/top-free 4 app(s) found
[2026-09-18T07:57:08.081Z] [DEBUG] RSS ok: za/macos/Productivity/top-free entries=99
[2026-09-18T07:57:18.087Z] [DEBUG] Hits: za/macos/Productivity/top-free 3 app(s) found
[2026-09-18T07:57:18.952Z] [DEBUG] RSS ok: za/macos/Utilities/top-free entries=100
[2026-09-18T07:57:28.958Z] [DEBUG] Hits: za/macos/Utilities/top-free 3 app(s) found
[2026-09-18T07:57:29.723Z] [DEBUG] RSS ok: br/macos/Business/top-free entries=99
[2026-09-18T07:57:39.726Z] [DEBUG] Hits: br/macos/Business/top-free 3 app(s) found
[2026-09-18T07:57:40.587Z] [DEBUG] RSS ok: br/macos/Productivity/top-free entries=99
[2026-09-18T07:57:50.593Z] [DEBUG] Hits: br/macos/Productivity/top-free 3 app(s) found
[2026-09-18T07:57:51.332Z] [DEBUG] RSS ok: br/macos/Utilities/top-free entries=100
[2026-09-18T07:58:01.339Z] [DEBUG] Hits: br/macos/Utilities/top-free 1 app(s) found
[2026-09-18T07:58:01.339Z] [INFO] RSS progress: 60/60 (60 ok, 0 error, 169 points)
[2026-09-18T07:58:01.339Z] [INFO] RSS fetch done: 60 ok, 0 error, 169 points
[2026-09-18T07:58:01.339Z] [INFO] Platform max returned: macos = 100
[2026-09-18T07:58:01.339Z] [INFO] RSS results: 60 ok, 0 error, 169 rank points
[2026-09-18T07:58:01.372Z] [INFO] Stored: 60 crawls, 169 points
[2026-09-18T07:58:01.398Z] [INFO] current.json written rows=23
[2026-09-18T07:58:01.399Z] [INFO] === Crawl complete === 649.2s
[2026-09-18T07:58:01.399Z] [INFO] Current summary: on_chart=169, not_on_chart=291, depth_limited=0, crawl_error=0, total=460
[2026-09-18T08:47:13.051Z] [INFO] === Crawl start === ts=2026-09-18T08:00:00Z
[2026-09-18T08:47:13.055Z] [INFO] Config loaded apps=4, platforms=macos, categories=Business,Productivity,Utilities
[2026-09-18T08:47:13.055Z] [INFO] App IDs to track: 23 our=4, competitors=19
[2026-09-18T08:47:13.056Z] [INFO] Lookup cached fetched_at=2026-09-18T00:47:13.044Z, 23 apps
[2026-09-18T08:47:13.057Z] [INFO] RSS requests: 60 countries=20, platforms=macos, categories=Business,Productivity,Utilities
[2026-09-18T08:47:13.057Z] [INFO] RSS fetch start: 60 requests, concurrency=1
[2026-09-18T08:47:13.811Z] [DEBUG] RSS ok: us/macos/Business/top-free entries=100
[2026-09-18T08:47:23.815Z] [DEBUG] Hits: us/macos/Business/top-free 5 app(s) found
[2026-09-18T08:47:24.429Z] [DEBUG] RSS ok: us/macos/Productivity/top-free entries=99
[2026-09-18T08:47:34.435Z] [DEBUG] Hits: us/macos/Productivity/top-free 6 app(s) found
[2026-09-18T08:47:35.162Z] [DEBUG] RSS ok: us/macos/Utilities/top-free entries=100
[2026-09-18T08:47:45.168Z] [DEBUG] Hits: us/macos/Utilities/top-free 1 app(s) found
[2026-09-18T08:47:45.829Z] [DEBUG] RSS ok: gb/macos/Business/top-free entries=100
[2026-09-18T08:47:55.835Z] [DEBUG] Hits: gb/macos/Business/top-free 3 app(s) found
[2026-09-18T08:47:56.556Z] [DEBUG] RSS ok: gb/macos/Productivity/top-free entries=99
[2026-09-18T08:48:06.562Z] [DEBUG] Hits: gb/macos/Productivity/top-free 4 app(s) found
[2026-09-18T08:48:07.235Z] [DEBUG] RSS ok: gb/macos/Utilities/top-free entries=100
[2026-09-18T08:48:17.241Z] [DEBUG] Hits: gb/macos/Utilities/top-free 3 app(s) found
[2026-09-18T08:48:17.997Z] [DEBUG] RSS ok: ca/macos/Business/top-free entries=100
[2026-09-18T08:48:28.003Z] [DEBUG] Hits: ca/macos/Business/top-free 4 app(s) found
[2026-09-18T08:48:28.612Z] [DEBUG] RSS ok: ca/macos/Productivity/top-free entries=99
[2026-09-18T08:48:38.618Z] [DEBUG] Hits: ca/macos/Productivity/top-free 4 app(s) found
[2026-09-18T08:48:39.487Z] [DEBUG] RSS ok: ca/macos/Utilities/top-free entries=100
[2026-09-18T08:48:50.197Z] [DEBUG] RSS ok: fr/macos/Business/top-free entries=99
[2026-09-18T08:49:00.203Z] [DEBUG] Hits: fr/macos/Business/top-free 4 app(s) found
[2026-09-18T08:49:00.203Z] [INFO] RSS progress: 10/60 (10 ok, 0 error, 34 points)
[2026-09-18T08:49:01.002Z] [DEBUG] RSS ok: fr/macos/Productivity/top-free entries=99
[2026-09-18T08:49:11.008Z] [DEBUG] Hits: fr/macos/Productivity/top-free 4 app(s) found
[2026-09-18T08:49:11.932Z] [DEBUG] RSS ok: fr/macos/Utilities/top-free entries=100
[2026-09-18T08:49:21.938Z] [DEBUG] Hits: fr/macos/Utilities/top-free 2 app(s) found
[2026-09-18T08:49:22.804Z] [DEBUG] RSS ok: de/macos/Business/top-free entries=100
[2026-09-18T08:49:33.538Z] [DEBUG] RSS ok: de/macos/Productivity/top-free entries=99
[2026-09-18T08:49:43.544Z] [DEBUG] Hits: de/macos/Productivity/top-free 4 app(s) found
[2026-09-18T08:49:44.309Z] [DEBUG] RSS ok: de/macos/Utilities/top-free entries=100
[2026-09-18T08:49:54.315Z] [DEBUG] Hits: de/macos/Utilities/top-free 2 app(s) found
[2026-09-18T08:49:55.163Z] [DEBUG] RSS ok: jp/macos/Business/top-free entries=100
[2026-09-18T08:50:05.169Z] [DEBUG] Hits: jp/macos/Business/top-free 3 app(s) found
[2026-09-18T08:50:06.421Z] [DEBUG] RSS ok: jp/macos/Productivity/top-free entries=99
[2026-09-18T08:50:16.427Z] [DEBUG] Hits: jp/macos/Productivity/top-free 3 app(s) found
[2026-09-18T08:50:17.440Z] [DEBUG] RSS ok: jp/macos/Utilities/top-free entries=100
[2026-09-18T08:50:27.444Z] [DEBUG] Hits: jp/macos/Utilities/top-free 4 app(s) found
[2026-09-18T08:50:28.081Z] [DEBUG] RSS ok: au/macos/Business/top-free entries=100
[2026-09-18T08:50:38.087Z] [DEBUG] Hits: au/macos/Business/top-free 3 app(s) found
[2026-09-18T08:50:38.918Z] [DEBUG] RSS ok: au/macos/Productivity/top-free entries=99
[2026-09-18T08:50:48.924Z] [DEBUG] Hits: au/macos/Productivity/top-free 5 app(s) found
[2026-09-18T08:50:48.925Z] [INFO] RSS progress: 20/60 (20 ok, 0 error, 64 points)
[2026-09-18T08:50:49.744Z] [DEBUG] RSS ok: au/macos/Utilities/top-free entries=100
[2026-09-18T08:50:59.750Z] [DEBUG] Hits: au/macos/Utilities/top-free 2 app(s) found
[2026-09-18T08:51:00.583Z] [DEBUG] RSS ok: es/macos/Business/top-free entries=99
[2026-09-18T08:51:10.589Z] [DEBUG] Hits: es/macos/Business/top-free 3 app(s) found
[2026-09-18T08:51:11.358Z] [DEBUG] RSS ok: es/macos/Productivity/top-free entries=99
[2026-09-18T08:51:21.365Z] [DEBUG] Hits: es/macos/Productivity/top-free 5 app(s) found
[2026-09-18T08:51:22.099Z] [DEBUG] RSS ok: es/macos/Utilities/top-free entries=100
[2026-09-18T08:51:32.857Z] [DEBUG] RSS ok: it/macos/Business/top-free entries=100
[2026-09-18T08:51:42.864Z] [DEBUG] Hits: it/macos/Business/top-free 2 app(s) found
[2026-09-18T08:51:43.553Z] [DEBUG] RSS ok: it/macos/Productivity/top-free entries=99
[2026-09-18T08:51:53.559Z] [DEBUG] Hits: it/macos/Productivity/top-free 5 app(s) found
[2026-09-18T08:51:54.280Z] [DEBUG] RSS ok: it/macos/Utilities/top-free entries=100
[2026-09-18T08:52:04.286Z] [DEBUG] Hits: it/macos/Utilities/top-free 1 app(s) found
[2026-09-18T08:52:05.211Z] [DEBUG] RSS ok: pt/macos/Business/top-free entries=99
[2026-09-18T08:52:15.217Z] [DEBUG] Hits: pt/macos/Business/top-free 3 app(s) found
[2026-09-18T08:52:16.137Z] [DEBUG] RSS ok: pt/macos/Productivity/top-free entries=99
[2026-09-18T08:52:26.143Z] [DEBUG] Hits: pt/macos/Productivity/top-free 4 app(s) found
[2026-09-18T08:52:26.798Z] [DEBUG] RSS ok: pt/macos/Utilities/top-free entries=100
[2026-09-18T08:52:36.805Z] [INFO] RSS progress: 30/60 (30 ok, 0 error, 89 points)
[2026-09-18T08:52:37.547Z] [DEBUG] RSS ok: ch/macos/Business/top-free entries=100
[2026-09-18T08:52:47.553Z] [DEBUG] Hits: ch/macos/Business/top-free 3 app(s) found
[2026-09-18T08:52:48.417Z] [DEBUG] RSS ok: ch/macos/Productivity/top-free entries=99
[2026-09-18T08:52:58.424Z] [DEBUG] Hits: ch/macos/Productivity/top-free 5 app(s) found
[2026-09-18T08:52:59.108Z] [DEBUG] RSS ok: ch/macos/Utilities/top-free entries=100
[2026-09-18T08:53:09.115Z] [DEBUG] Hits: ch/macos/Utilities/top-free 2 app(s) found
[2026-09-18T08:53:09.773Z] [DEBUG] RSS ok: be/macos/Business/top-free entries=100
[2026-09-18T08:53:19.779Z] [DEBUG] Hits: be/macos/Business/top-free 3 app(s) found
[2026-09-18T08:53:20.474Z] [DEBUG] RSS ok: be/macos/Productivity/top-free entries=99
[2026-09-18T08:53:30.478Z] [DEBUG] Hits: be/macos/Productivity/top-free 4 app(s) found
[2026-09-18T08:53:31.166Z] [DEBUG] RSS ok: be/macos/Utilities/top-free entries=100
[2026-09-18T08:53:41.173Z] [DEBUG] Hits: be/macos/Utilities/top-free 3 app(s) found
[2026-09-18T08:53:41.904Z] [DEBUG] RSS ok: nl/macos/Business/top-free entries=100
[2026-09-18T08:53:51.910Z] [DEBUG] Hits: nl/macos/Business/top-free 3 app(s) found
[2026-09-18T08:53:52.585Z] [DEBUG] RSS ok: nl/macos/Productivity/top-free entries=99
[2026-09-18T08:54:02.591Z] [DEBUG] Hits: nl/macos/Productivity/top-free 4 app(s) found
[2026-09-18T08:54:03.346Z] [DEBUG] RSS ok: nl/macos/Utilities/top-free entries=100
[2026-09-18T08:54:13.353Z] [DEBUG] Hits: nl/macos/Utilities/top-free 1 app(s) found
[2026-09-18T08:54:13.974Z] [DEBUG] RSS ok: tw/macos/Business/top-free entries=100
[2026-09-18T08:54:23.980Z] [DEBUG] Hits: tw/macos/Business/top-free 4 app(s) found
[2026-09-18T08:54:23.981Z] [INFO] RSS progress: 40/60 (40 ok, 0 error, 121 points)
[2026-09-18T08:54:24.703Z] [DEBUG] RSS ok: tw/macos/Productivity/top-free entries=99
[2026-09-18T08:54:34.710Z] [DEBUG] Hits: tw/macos/Productivity/top-free 3 app(s) found
[2026-09-18T08:54:35.449Z] [DEBUG] RSS ok: tw/macos/Utilities/top-free entries=100
[2026-09-18T08:54:45.456Z] [DEBUG] Hits: tw/macos/Utilities/top-free 2 app(s) found
[2026-09-18T08:54:46.173Z] [DEBUG] RSS ok: hk/macos/Business/top-free entries=100
[2026-09-18T08:54:56.179Z] [DEBUG] Hits: hk/macos/Business/top-free 1 app(s) found
[2026-09-18T08:54:57.068Z] [DEBUG] RSS ok: hk/macos/Productivity/top-free entries=99
[2026-09-18T08:55:07.074Z] [DEBUG] Hits: hk/macos/Productivity/top-free 3 app(s) found
[2026-09-18T08:55:07.873Z] [DEBUG] RSS ok: hk/macos/Utilities/top-free entries=100
[2026-09-18T08:55:17.880Z] [DEBUG] Hits: hk/macos/Utilities/top-free 3 app(s) found
[2026-09-18T08:55:18.558Z] [DEBUG] RSS ok: nz/macos/Business/top-free entries=100
[2026-09-18T08:55:28.564Z] [DEBUG] Hits: nz/macos/Business/top-free 3 app(s) found
[2026-09-18T08:55:29.334Z] [DEBUG] RSS ok: nz/macos/Productivity/top-free entries=99
[2026-09-18T08:55:39.341Z] [DEBUG] Hits: nz/macos/Productivity/top-free 3 app(s) found
[2026-09-18T08:55:40.183Z] [DEBUG] RSS ok: nz/macos/Utilities/top-free entries=100
[2026-09-18T08:55:50.880Z] [DEBUG] RSS ok: sg/macos/Business/top-free entries=100
[2026-09-18T08:56:00.886Z] [DEBUG] Hits: sg/macos/Business/top-free 4 app(s) found
[2026-09-18T08:56:02.201Z] [DEBUG] RSS ok: sg/macos/Productivity/top-free entries=99
[2026-09-18T08:56:12.206Z] [DEBUG] Hits: sg/macos/Productivity/top-free 3 app(s) found
[2026-09-18T08:56:12.206Z] [INFO] RSS progress: 50/60 (50 ok, 0 error, 146 points)
[2026-09-18T08:56:12.959Z] [DEBUG] RSS ok: sg/macos/Utilities/top-free entries=100
[2026-09-18T08:56:23.666Z] [DEBUG] RSS ok: in/macos/Business/top-free entries=100
[2026-09-18T08:56:33.672Z] [DEBUG] Hits: in/macos/Business/top-free 3 app(s) found
[2026-09-18T08:56:34.511Z] [DEBUG] RSS ok: in/macos/Productivity/top-free entries=99
[2026-09-18T08:56:44.518Z] [DEBUG] Hits: in/macos/Productivity/top-free 3 app(s) found
[2026-09-18T08:56:45.338Z] [DEBUG] RSS ok: in/macos/Utilities/top-free entries=100
[2026-09-18T08:56:56.106Z] [DEBUG] RSS ok: za/macos/Business/top-free entries=100
[2026-09-18T08:57:06.112Z] [DEBUG] Hits: za/macos/Business/top-free 4 app(s) found
[2026-09-18T08:57:06.938Z] [DEBUG] RSS ok: za/macos/Productivity/top-free entries=99
[2026-09-18T08:57:16.943Z] [DEBUG] Hits: za/macos/Productivity/top-free 3 app(s) found
[2026-09-18T08:57:17.701Z] [DEBUG] RSS ok: za/macos/Utilities/top-free entries=100
[2026-09-18T08:57:27.707Z] [DEBUG] Hits: za/macos/Utilities/top-free 3 app(s) found
[2026-09-18T08:57:28.710Z] [DEBUG] RSS ok: br/macos/Business/top-free entries=99
[2026-09-18T08:57:38.716Z] [DEBUG] Hits: br/macos/Business/top-free 3 app(s) found
[2026-09-18T08:57:39.454Z] [DEBUG] RSS ok: br/macos/Productivity/top-free entries=99
[2026-09-18T08:57:49.460Z] [DEBUG] Hits: br/macos/Productivity/top-free 3 app(s) found
[2026-09-18T08:57:50.189Z] [DEBUG] RSS ok: br/macos/Utilities/top-free entries=100
[2026-09-18T08:58:00.196Z] [DEBUG] Hits: br/macos/Utilities/top-free 1 app(s) found
[2026-09-18T08:58:00.196Z] [INFO] RSS progress: 60/60 (60 ok, 0 error, 169 points)
[2026-09-18T08:58:00.196Z] [INFO] RSS fetch done: 60 ok, 0 error, 169 points
[2026-09-18T08:58:00.196Z] [INFO] Platform max returned: macos = 100
[2026-09-18T08:58:00.197Z] [INFO] RSS results: 60 ok, 0 error, 169 rank points
[2026-09-18T08:58:00.241Z] [INFO] Stored: 60 crawls, 169 points
[2026-09-18T08:58:00.259Z] [INFO] current.json written rows=23
[2026-09-18T08:58:00.260Z] [INFO] Current summary: on_chart=169, not_on_chart=291, depth_limited=0, crawl_error=0, total=460
[2026-09-18T08:58:00.260Z] [INFO] === Crawl complete === 647.2s
[2026-09-18T09:47:11.979Z] [INFO] === Crawl start === ts=2026-09-18T09:00:00Z
[2026-09-18T09:47:11.983Z] [INFO] Config loaded apps=4, platforms=macos, categories=Business,Productivity,Utilities
[2026-09-18T09:47:11.983Z] [INFO] App IDs to track: 23 our=4, competitors=19
[2026-09-18T09:47:11.984Z] [INFO] Lookup cached fetched_at=2026-09-18T00:47:13.044Z, 23 apps
[2026-09-18T09:47:11.985Z] [INFO] RSS requests: 60 countries=20, platforms=macos, categories=Business,Productivity,Utilities
[2026-09-18T09:47:11.985Z] [INFO] RSS fetch start: 60 requests, concurrency=1
[2026-09-18T09:47:12.896Z] [DEBUG] RSS ok: us/macos/Business/top-free entries=100
[2026-09-18T09:47:22.900Z] [DEBUG] Hits: us/macos/Business/top-free 5 app(s) found
[2026-09-18T09:47:23.767Z] [DEBUG] RSS ok: us/macos/Productivity/top-free entries=99
[2026-09-18T09:47:33.773Z] [DEBUG] Hits: us/macos/Productivity/top-free 6 app(s) found
[2026-09-18T09:47:34.608Z] [DEBUG] RSS ok: us/macos/Utilities/top-free entries=100
[2026-09-18T09:47:44.614Z] [DEBUG] Hits: us/macos/Utilities/top-free 1 app(s) found
[2026-09-18T09:47:45.254Z] [DEBUG] RSS ok: gb/macos/Business/top-free entries=100
[2026-09-18T09:47:55.261Z] [DEBUG] Hits: gb/macos/Business/top-free 3 app(s) found
[2026-09-18T09:47:55.894Z] [DEBUG] RSS ok: gb/macos/Productivity/top-free entries=99
[2026-09-18T09:48:05.900Z] [DEBUG] Hits: gb/macos/Productivity/top-free 4 app(s) found
[2026-09-18T09:48:06.567Z] [DEBUG] RSS ok: gb/macos/Utilities/top-free entries=100
[2026-09-18T09:48:16.573Z] [DEBUG] Hits: gb/macos/Utilities/top-free 3 app(s) found
[2026-09-18T09:48:17.303Z] [DEBUG] RSS ok: ca/macos/Business/top-free entries=100
[2026-09-18T09:48:27.310Z] [DEBUG] Hits: ca/macos/Business/top-free 4 app(s) found
[2026-09-18T09:48:27.995Z] [DEBUG] RSS ok: ca/macos/Productivity/top-free entries=99
[2026-09-18T09:48:38.001Z] [DEBUG] Hits: ca/macos/Productivity/top-free 4 app(s) found
[2026-09-18T09:48:38.628Z] [DEBUG] RSS ok: ca/macos/Utilities/top-free entries=100
[2026-09-18T09:48:49.333Z] [DEBUG] RSS ok: fr/macos/Business/top-free entries=99
[2026-09-18T09:48:59.339Z] [DEBUG] Hits: fr/macos/Business/top-free 4 app(s) found
[2026-09-18T09:48:59.339Z] [INFO] RSS progress: 10/60 (10 ok, 0 error, 34 points)
[2026-09-18T09:49:00.057Z] [DEBUG] RSS ok: fr/macos/Productivity/top-free entries=99
[2026-09-18T09:49:10.063Z] [DEBUG] Hits: fr/macos/Productivity/top-free 4 app(s) found
[2026-09-18T09:49:10.756Z] [DEBUG] RSS ok: fr/macos/Utilities/top-free entries=100
[2026-09-18T09:49:20.763Z] [DEBUG] Hits: fr/macos/Utilities/top-free 2 app(s) found
[2026-09-18T09:49:21.409Z] [DEBUG] RSS ok: de/macos/Business/top-free entries=100
[2026-09-18T09:49:32.527Z] [DEBUG] RSS ok: de/macos/Productivity/top-free entries=99
[2026-09-18T09:49:42.533Z] [DEBUG] Hits: de/macos/Productivity/top-free 4 app(s) found
[2026-09-18T09:49:43.284Z] [DEBUG] RSS ok: de/macos/Utilities/top-free entries=100
[2026-09-18T09:49:53.290Z] [DEBUG] Hits: de/macos/Utilities/top-free 2 app(s) found
[2026-09-18T09:49:54.081Z] [DEBUG] RSS ok: jp/macos/Business/top-free entries=100
[2026-09-18T09:50:04.088Z] [DEBUG] Hits: jp/macos/Business/top-free 3 app(s) found
[2026-09-18T09:50:05.373Z] [DEBUG] RSS ok: jp/macos/Productivity/top-free entries=99
[2026-09-18T09:50:15.380Z] [DEBUG] Hits: jp/macos/Productivity/top-free 3 app(s) found
[2026-09-18T09:50:16.095Z] [DEBUG] RSS ok: jp/macos/Utilities/top-free entries=100
[2026-09-18T09:50:26.101Z] [DEBUG] Hits: jp/macos/Utilities/top-free 4 app(s) found
[2026-09-18T09:50:26.824Z] [DEBUG] RSS ok: au/macos/Business/top-free entries=100
[2026-09-18T09:50:36.831Z] [DEBUG] Hits: au/macos/Business/top-free 3 app(s) found
[2026-09-18T09:50:37.454Z] [DEBUG] RSS ok: au/macos/Productivity/top-free entries=99
[2026-09-18T09:50:47.460Z] [DEBUG] Hits: au/macos/Productivity/top-free 5 app(s) found
[2026-09-18T09:50:47.460Z] [INFO] RSS progress: 20/60 (20 ok, 0 error, 64 points)
[2026-09-18T09:50:48.207Z] [DEBUG] RSS ok: au/macos/Utilities/top-free entries=100
[2026-09-18T09:50:58.212Z] [DEBUG] Hits: au/macos/Utilities/top-free 2 app(s) found
[2026-09-18T09:50:58.906Z] [DEBUG] RSS ok: es/macos/Business/top-free entries=99
[2026-09-18T09:51:08.913Z] [DEBUG] Hits: es/macos/Business/top-free 3 app(s) found
[2026-09-18T09:51:09.997Z] [DEBUG] RSS ok: es/macos/Productivity/top-free entries=99
[2026-09-18T09:51:20.003Z] [DEBUG] Hits: es/macos/Productivity/top-free 5 app(s) found
[2026-09-18T09:51:20.706Z] [DEBUG] RSS ok: es/macos/Utilities/top-free entries=100
[2026-09-18T09:51:31.926Z] [DEBUG] RSS ok: it/macos/Business/top-free entries=100
[2026-09-18T09:51:41.932Z] [DEBUG] Hits: it/macos/Business/top-free 2 app(s) found
[2026-09-18T09:51:42.716Z] [DEBUG] RSS ok: it/macos/Productivity/top-free entries=99
[2026-09-18T09:51:52.722Z] [DEBUG] Hits: it/macos/Productivity/top-free 5 app(s) found
[2026-09-18T09:51:53.596Z] [DEBUG] RSS ok: it/macos/Utilities/top-free entries=100
[2026-09-18T09:52:03.602Z] [DEBUG] Hits: it/macos/Utilities/top-free 1 app(s) found
[2026-09-18T09:52:04.453Z] [DEBUG] RSS ok: pt/macos/Business/top-free entries=99
[2026-09-18T09:52:14.459Z] [DEBUG] Hits: pt/macos/Business/top-free 3 app(s) found
[2026-09-18T09:52:15.298Z] [DEBUG] RSS ok: pt/macos/Productivity/top-free entries=99
[2026-09-18T09:52:25.304Z] [DEBUG] Hits: pt/macos/Productivity/top-free 4 app(s) found
[2026-09-18T09:52:26.028Z] [DEBUG] RSS ok: pt/macos/Utilities/top-free entries=100
[2026-09-18T09:52:36.034Z] [INFO] RSS progress: 30/60 (30 ok, 0 error, 89 points)
[2026-09-18T09:52:36.724Z] [DEBUG] RSS ok: ch/macos/Business/top-free entries=100
[2026-09-18T09:52:46.730Z] [DEBUG] Hits: ch/macos/Business/top-free 3 app(s) found
[2026-09-18T09:52:47.481Z] [DEBUG] RSS ok: ch/macos/Productivity/top-free entries=99
[2026-09-18T09:52:57.486Z] [DEBUG] Hits: ch/macos/Productivity/top-free 5 app(s) found
[2026-09-18T09:52:58.246Z] [DEBUG] RSS ok: ch/macos/Utilities/top-free entries=100
[2026-09-18T09:53:08.254Z] [DEBUG] Hits: ch/macos/Utilities/top-free 2 app(s) found
[2026-09-18T09:53:09.026Z] [DEBUG] RSS ok: be/macos/Business/top-free entries=100
[2026-09-18T09:53:19.033Z] [DEBUG] Hits: be/macos/Business/top-free 3 app(s) found
[2026-09-18T09:53:19.670Z] [DEBUG] RSS ok: be/macos/Productivity/top-free entries=99
[2026-09-18T09:53:29.676Z] [DEBUG] Hits: be/macos/Productivity/top-free 4 app(s) found
[2026-09-18T09:53:30.737Z] [DEBUG] RSS ok: be/macos/Utilities/top-free entries=100
[2026-09-18T09:53:40.743Z] [DEBUG] Hits: be/macos/Utilities/top-free 3 app(s) found
[2026-09-18T09:53:41.418Z] [DEBUG] RSS ok: nl/macos/Business/top-free entries=100
[2026-09-18T09:53:51.425Z] [DEBUG] Hits: nl/macos/Business/top-free 3 app(s) found
[2026-09-18T09:53:52.206Z] [DEBUG] RSS ok: nl/macos/Productivity/top-free entries=99
[2026-09-18T09:54:02.213Z] [DEBUG] Hits: nl/macos/Productivity/top-free 4 app(s) found
[2026-09-18T09:54:02.967Z] [DEBUG] RSS ok: nl/macos/Utilities/top-free entries=100
[2026-09-18T09:54:12.973Z] [DEBUG] Hits: nl/macos/Utilities/top-free 1 app(s) found
[2026-09-18T09:54:13.897Z] [DEBUG] RSS ok: tw/macos/Business/top-free entries=100
[2026-09-18T09:54:23.903Z] [DEBUG] Hits: tw/macos/Business/top-free 4 app(s) found
[2026-09-18T09:54:23.903Z] [INFO] RSS progress: 40/60 (40 ok, 0 error, 121 points)
[2026-09-18T09:54:24.770Z] [DEBUG] RSS ok: tw/macos/Productivity/top-free entries=99
[2026-09-18T09:54:34.778Z] [DEBUG] Hits: tw/macos/Productivity/top-free 3 app(s) found
[2026-09-18T09:54:35.436Z] [DEBUG] RSS ok: tw/macos/Utilities/top-free entries=100
[2026-09-18T09:54:45.442Z] [DEBUG] Hits: tw/macos/Utilities/top-free 2 app(s) found
[2026-09-18T09:54:46.289Z] [DEBUG] RSS ok: hk/macos/Business/top-free entries=100
[2026-09-18T09:54:56.296Z] [DEBUG] Hits: hk/macos/Business/top-free 1 app(s) found
[2026-09-18T09:54:57.008Z] [DEBUG] RSS ok: hk/macos/Productivity/top-free entries=99
[2026-09-18T09:55:07.014Z] [DEBUG] Hits: hk/macos/Productivity/top-free 3 app(s) found
[2026-09-18T09:55:07.682Z] [DEBUG] RSS ok: hk/macos/Utilities/top-free entries=100
[2026-09-18T09:55:17.688Z] [DEBUG] Hits: hk/macos/Utilities/top-free 3 app(s) found
[2026-09-18T09:55:18.414Z] [DEBUG] RSS ok: nz/macos/Business/top-free entries=100
[2026-09-18T09:55:28.420Z] [DEBUG] Hits: nz/macos/Business/top-free 3 app(s) found
[2026-09-18T09:55:29.331Z] [DEBUG] RSS ok: nz/macos/Productivity/top-free entries=99
[2026-09-18T09:55:39.337Z] [DEBUG] Hits: nz/macos/Productivity/top-free 3 app(s) found
[2026-09-18T09:55:40.155Z] [DEBUG] RSS ok: nz/macos/Utilities/top-free entries=100
[2026-09-18T09:55:51.580Z] [DEBUG] RSS ok: sg/macos/Business/top-free entries=100
[2026-09-18T09:56:01.587Z] [DEBUG] Hits: sg/macos/Business/top-free 4 app(s) found
[2026-09-18T09:56:02.211Z] [DEBUG] RSS ok: sg/macos/Productivity/top-free entries=99
[2026-09-18T09:56:12.217Z] [DEBUG] Hits: sg/macos/Productivity/top-free 3 app(s) found
[2026-09-18T09:56:12.217Z] [INFO] RSS progress: 50/60 (50 ok, 0 error, 146 points)
[2026-09-18T09:56:12.938Z] [DEBUG] RSS ok: sg/macos/Utilities/top-free entries=100
[2026-09-18T09:56:23.681Z] [DEBUG] RSS ok: in/macos/Business/top-free entries=100
[2026-09-18T09:56:33.688Z] [DEBUG] Hits: in/macos/Business/top-free 3 app(s) found
[2026-09-18T09:56:34.441Z] [DEBUG] RSS ok: in/macos/Productivity/top-free entries=99
[2026-09-18T09:56:44.447Z] [DEBUG] Hits: in/macos/Productivity/top-free 3 app(s) found
[2026-09-18T09:56:45.110Z] [DEBUG] RSS ok: in/macos/Utilities/top-free entries=100
[2026-09-18T09:56:55.867Z] [DEBUG] RSS ok: za/macos/Business/top-free entries=100
[2026-09-18T09:57:05.874Z] [DEBUG] Hits: za/macos/Business/top-free 4 app(s) found
[2026-09-18T09:57:06.608Z] [DEBUG] RSS ok: za/macos/Productivity/top-free entries=99
[2026-09-18T09:57:16.615Z] [DEBUG] Hits: za/macos/Productivity/top-free 3 app(s) found
[2026-09-18T09:57:17.391Z] [DEBUG] RSS ok: za/macos/Utilities/top-free entries=100
[2026-09-18T09:57:27.397Z] [DEBUG] Hits: za/macos/Utilities/top-free 3 app(s) found
[2026-09-18T09:57:28.062Z] [DEBUG] RSS ok: br/macos/Business/top-free entries=99
[2026-09-18T09:57:38.069Z] [DEBUG] Hits: br/macos/Business/top-free 3 app(s) found
[2026-09-18T09:57:38.809Z] [DEBUG] RSS ok: br/macos/Productivity/top-free entries=99
[2026-09-18T09:57:48.815Z] [DEBUG] Hits: br/macos/Productivity/top-free 3 app(s) found
[2026-09-18T09:57:49.477Z] [DEBUG] RSS ok: br/macos/Utilities/top-free entries=100
[2026-09-18T09:57:59.482Z] [DEBUG] Hits: br/macos/Utilities/top-free 1 app(s) found
[2026-09-18T09:57:59.482Z] [INFO] RSS progress: 60/60 (60 ok, 0 error, 169 points)
[2026-09-18T09:57:59.483Z] [INFO] RSS fetch done: 60 ok, 0 error, 169 points
[2026-09-18T09:57:59.483Z] [INFO] Platform max returned: macos = 100
[2026-09-18T09:57:59.483Z] [INFO] RSS results: 60 ok, 0 error, 169 rank points
[2026-09-18T09:57:59.527Z] [INFO] Stored: 60 crawls, 169 points
[2026-09-18T09:57:59.552Z] [INFO] current.json written rows=23
[2026-09-18T09:57:59.555Z] [INFO] Current summary: on_chart=169, not_on_chart=291, depth_limited=0, crawl_error=0, total=460
[2026-09-18T09:57:59.555Z] [INFO] === Crawl complete === 647.6s
[2026-09-18T10:47:10.724Z] [INFO] === Crawl start === ts=2026-09-18T10:00:00Z
[2026-09-18T10:47:10.729Z] [INFO] Config loaded apps=4, platforms=macos, categories=Business,Productivity,Utilities
[2026-09-18T10:47:10.729Z] [INFO] App IDs to track: 23 our=4, competitors=19
[2026-09-18T10:47:10.730Z] [INFO] Lookup cached fetched_at=2026-09-18T00:47:13.044Z, 23 apps
[2026-09-18T10:47:10.731Z] [INFO] RSS requests: 60 countries=20, platforms=macos, categories=Business,Productivity,Utilities
[2026-09-18T10:47:10.731Z] [INFO] RSS fetch start: 60 requests, concurrency=1
[2026-09-18T10:47:11.400Z] [DEBUG] RSS ok: us/macos/Business/top-free entries=100
[2026-09-18T10:47:21.403Z] [DEBUG] Hits: us/macos/Business/top-free 5 app(s) found
[2026-09-18T10:47:22.071Z] [DEBUG] RSS ok: us/macos/Productivity/top-free entries=99
[2026-09-18T10:47:32.078Z] [DEBUG] Hits: us/macos/Productivity/top-free 6 app(s) found
[2026-09-18T10:47:32.944Z] [DEBUG] RSS ok: us/macos/Utilities/top-free entries=100
[2026-09-18T10:47:42.946Z] [DEBUG] Hits: us/macos/Utilities/top-free 1 app(s) found
[2026-09-18T10:47:43.653Z] [DEBUG] RSS ok: gb/macos/Business/top-free entries=100
[2026-09-18T10:47:53.659Z] [DEBUG] Hits: gb/macos/Business/top-free 3 app(s) found
[2026-09-18T10:47:54.396Z] [DEBUG] RSS ok: gb/macos/Productivity/top-free entries=99
[2026-09-18T10:48:04.402Z] [DEBUG] Hits: gb/macos/Productivity/top-free 4 app(s) found
[2026-09-18T10:48:05.171Z] [DEBUG] RSS ok: gb/macos/Utilities/top-free entries=100
[2026-09-18T10:48:15.177Z] [DEBUG] Hits: gb/macos/Utilities/top-free 3 app(s) found
[2026-09-18T10:48:15.910Z] [DEBUG] RSS ok: ca/macos/Business/top-free entries=100
[2026-09-18T10:48:25.917Z] [DEBUG] Hits: ca/macos/Business/top-free 4 app(s) found
[2026-09-18T10:48:26.563Z] [DEBUG] RSS ok: ca/macos/Productivity/top-free entries=99
[2026-09-18T10:48:36.569Z] [DEBUG] Hits: ca/macos/Productivity/top-free 4 app(s) found
[2026-09-18T10:48:37.617Z] [DEBUG] RSS ok: ca/macos/Utilities/top-free entries=100
[2026-09-18T10:48:48.389Z] [DEBUG] RSS ok: fr/macos/Business/top-free entries=99
[2026-09-18T10:48:58.395Z] [DEBUG] Hits: fr/macos/Business/top-free 4 app(s) found
[2026-09-18T10:48:58.395Z] [INFO] RSS progress: 10/60 (10 ok, 0 error, 34 points)
[2026-09-18T10:48:59.286Z] [DEBUG] RSS ok: fr/macos/Productivity/top-free entries=99
[2026-09-18T10:49:09.292Z] [DEBUG] Hits: fr/macos/Productivity/top-free 4 app(s) found
[2026-09-18T10:49:10.043Z] [DEBUG] RSS ok: fr/macos/Utilities/top-free entries=100
[2026-09-18T10:49:20.049Z] [DEBUG] Hits: fr/macos/Utilities/top-free 4 app(s) found
[2026-09-18T10:49:21.645Z] [DEBUG] RSS ok: de/macos/Business/top-free entries=99
[2026-09-18T10:49:32.444Z] [DEBUG] RSS ok: de/macos/Productivity/top-free entries=99
[2026-09-18T10:49:42.450Z] [DEBUG] Hits: de/macos/Productivity/top-free 4 app(s) found
[2026-09-18T10:49:44.401Z] [DEBUG] RSS ok: de/macos/Utilities/top-free entries=100
[2026-09-18T10:49:54.407Z] [DEBUG] Hits: de/macos/Utilities/top-free 3 app(s) found
[2026-09-18T10:49:55.114Z] [DEBUG] RSS ok: jp/macos/Business/top-free entries=100
[2026-09-18T10:50:05.121Z] [DEBUG] Hits: jp/macos/Business/top-free 3 app(s) found
[2026-09-18T10:50:05.887Z] [DEBUG] RSS ok: jp/macos/Productivity/top-free entries=99
[2026-09-18T10:50:15.893Z] [DEBUG] Hits: jp/macos/Productivity/top-free 3 app(s) found
[2026-09-18T10:50:16.633Z] [DEBUG] RSS ok: jp/macos/Utilities/top-free entries=100
[2026-09-18T10:50:26.640Z] [DEBUG] Hits: jp/macos/Utilities/top-free 4 app(s) found
[2026-09-18T10:50:27.345Z] [DEBUG] RSS ok: au/macos/Business/top-free entries=100
[2026-09-18T10:50:37.352Z] [DEBUG] Hits: au/macos/Business/top-free 3 app(s) found
[2026-09-18T10:50:37.953Z] [DEBUG] RSS ok: au/macos/Productivity/top-free entries=99
[2026-09-18T10:50:47.960Z] [DEBUG] Hits: au/macos/Productivity/top-free 5 app(s) found
[2026-09-18T10:50:47.960Z] [INFO] RSS progress: 20/60 (20 ok, 0 error, 67 points)
[2026-09-18T10:50:48.679Z] [DEBUG] RSS ok: au/macos/Utilities/top-free entries=100
[2026-09-18T10:50:58.685Z] [DEBUG] Hits: au/macos/Utilities/top-free 1 app(s) found
[2026-09-18T10:50:59.407Z] [DEBUG] RSS ok: es/macos/Business/top-free entries=99
[2026-09-18T10:51:09.413Z] [DEBUG] Hits: es/macos/Business/top-free 3 app(s) found
[2026-09-18T10:51:10.256Z] [DEBUG] RSS ok: es/macos/Productivity/top-free entries=99
[2026-09-18T10:51:20.263Z] [DEBUG] Hits: es/macos/Productivity/top-free 5 app(s) found
[2026-09-18T10:51:20.906Z] [DEBUG] RSS ok: es/macos/Utilities/top-free entries=100
[2026-09-18T10:51:30.912Z] [DEBUG] Hits: es/macos/Utilities/top-free 1 app(s) found
[2026-09-18T10:51:31.827Z] [DEBUG] RSS ok: it/macos/Business/top-free entries=100
[2026-09-18T10:51:41.832Z] [DEBUG] Hits: it/macos/Business/top-free 3 app(s) found
[2026-09-18T10:51:42.541Z] [DEBUG] RSS ok: it/macos/Productivity/top-free entries=99
[2026-09-18T10:51:52.546Z] [DEBUG] Hits: it/macos/Productivity/top-free 5 app(s) found
[2026-09-18T10:51:53.236Z] [DEBUG] RSS ok: it/macos/Utilities/top-free entries=100
[2026-09-18T10:52:03.242Z] [DEBUG] Hits: it/macos/Utilities/top-free 1 app(s) found
[2026-09-18T10:52:04.025Z] [DEBUG] RSS ok: pt/macos/Business/top-free entries=99
[2026-09-18T10:52:14.030Z] [DEBUG] Hits: pt/macos/Business/top-free 3 app(s) found
[2026-09-18T10:52:14.909Z] [DEBUG] RSS ok: pt/macos/Productivity/top-free entries=99
[2026-09-18T10:52:24.914Z] [DEBUG] Hits: pt/macos/Productivity/top-free 4 app(s) found
[2026-09-18T10:52:25.556Z] [DEBUG] RSS ok: pt/macos/Utilities/top-free entries=100
[2026-09-18T10:52:35.562Z] [INFO] RSS progress: 30/60 (30 ok, 0 error, 93 points)
[2026-09-18T10:52:36.385Z] [DEBUG] RSS ok: ch/macos/Business/top-free entries=100
[2026-09-18T10:52:46.391Z] [DEBUG] Hits: ch/macos/Business/top-free 2 app(s) found
[2026-09-18T10:52:47.241Z] [DEBUG] RSS ok: ch/macos/Productivity/top-free entries=99
[2026-09-18T10:52:57.244Z] [DEBUG] Hits: ch/macos/Productivity/top-free 4 app(s) found
[2026-09-18T10:52:58.048Z] [DEBUG] RSS ok: ch/macos/Utilities/top-free entries=100
[2026-09-18T10:53:08.054Z] [DEBUG] Hits: ch/macos/Utilities/top-free 2 app(s) found
[2026-09-18T10:53:08.719Z] [DEBUG] RSS ok: be/macos/Business/top-free entries=100
[2026-09-18T10:53:18.725Z] [DEBUG] Hits: be/macos/Business/top-free 3 app(s) found
[2026-09-18T10:53:19.536Z] [DEBUG] RSS ok: be/macos/Productivity/top-free entries=99
[2026-09-18T10:53:29.542Z] [DEBUG] Hits: be/macos/Productivity/top-free 3 app(s) found
[2026-09-18T10:53:30.217Z] [DEBUG] RSS ok: be/macos/Utilities/top-free entries=100
[2026-09-18T10:53:40.221Z] [DEBUG] Hits: be/macos/Utilities/top-free 3 app(s) found
[2026-09-18T10:53:41.102Z] [DEBUG] RSS ok: nl/macos/Business/top-free entries=100
[2026-09-18T10:53:51.106Z] [DEBUG] Hits: nl/macos/Business/top-free 3 app(s) found
[2026-09-18T10:53:51.790Z] [DEBUG] RSS ok: nl/macos/Productivity/top-free entries=99
[2026-09-18T10:54:01.796Z] [DEBUG] Hits: nl/macos/Productivity/top-free 4 app(s) found
[2026-09-18T10:54:02.572Z] [DEBUG] RSS ok: nl/macos/Utilities/top-free entries=100
[2026-09-18T10:54:12.578Z] [DEBUG] Hits: nl/macos/Utilities/top-free 1 app(s) found
[2026-09-18T10:54:13.300Z] [DEBUG] RSS ok: tw/macos/Business/top-free entries=100
[2026-09-18T10:54:23.307Z] [DEBUG] Hits: tw/macos/Business/top-free 4 app(s) found
[2026-09-18T10:54:23.307Z] [INFO] RSS progress: 40/60 (40 ok, 0 error, 122 points)
[2026-09-18T10:54:24.082Z] [DEBUG] RSS ok: tw/macos/Productivity/top-free entries=99
[2026-09-18T10:54:34.088Z] [DEBUG] Hits: tw/macos/Productivity/top-free 2 app(s) found
[2026-09-18T10:54:34.928Z] [DEBUG] RSS ok: tw/macos/Utilities/top-free entries=100
[2026-09-18T10:54:44.934Z] [DEBUG] Hits: tw/macos/Utilities/top-free 2 app(s) found
[2026-09-18T10:54:45.743Z] [DEBUG] RSS ok: hk/macos/Business/top-free entries=100
[2026-09-18T10:54:55.750Z] [DEBUG] Hits: hk/macos/Business/top-free 1 app(s) found
[2026-09-18T10:54:56.517Z] [DEBUG] RSS ok: hk/macos/Productivity/top-free entries=99
[2026-09-18T10:55:06.523Z] [DEBUG] Hits: hk/macos/Productivity/top-free 3 app(s) found
[2026-09-18T10:55:07.154Z] [DEBUG] RSS ok: hk/macos/Utilities/top-free entries=100
[2026-09-18T10:55:17.158Z] [DEBUG] Hits: hk/macos/Utilities/top-free 3 app(s) found
[2026-09-18T10:55:17.817Z] [DEBUG] RSS ok: nz/macos/Business/top-free entries=100
[2026-09-18T10:55:27.823Z] [DEBUG] Hits: nz/macos/Business/top-free 3 app(s) found
[2026-09-18T10:55:28.540Z] [DEBUG] RSS ok: nz/macos/Productivity/top-free entries=99
[2026-09-18T10:55:38.547Z] [DEBUG] Hits: nz/macos/Productivity/top-free 3 app(s) found
[2026-09-18T10:55:39.193Z] [DEBUG] RSS ok: nz/macos/Utilities/top-free entries=100
[2026-09-18T10:55:49.895Z] [DEBUG] RSS ok: sg/macos/Business/top-free entries=100
[2026-09-18T10:55:59.901Z] [DEBUG] Hits: sg/macos/Business/top-free 4 app(s) found
[2026-09-18T10:56:00.710Z] [DEBUG] RSS ok: sg/macos/Productivity/top-free entries=99
[2026-09-18T10:56:10.717Z] [DEBUG] Hits: sg/macos/Productivity/top-free 3 app(s) found
[2026-09-18T10:56:10.717Z] [INFO] RSS progress: 50/60 (50 ok, 0 error, 146 points)
[2026-09-18T10:56:11.403Z] [DEBUG] RSS ok: sg/macos/Utilities/top-free entries=100
[2026-09-18T10:56:21.410Z] [DEBUG] Hits: sg/macos/Utilities/top-free 1 app(s) found
[2026-09-18T10:56:22.066Z] [DEBUG] RSS ok: in/macos/Business/top-free entries=100
[2026-09-18T10:56:32.073Z] [DEBUG] Hits: in/macos/Business/top-free 3 app(s) found
[2026-09-18T10:56:32.750Z] [DEBUG] RSS ok: in/macos/Productivity/top-free entries=99
[2026-09-18T10:56:42.756Z] [DEBUG] Hits: in/macos/Productivity/top-free 4 app(s) found
[2026-09-18T10:56:43.367Z] [DEBUG] RSS ok: in/macos/Utilities/top-free entries=100
[2026-09-18T10:56:53.374Z] [DEBUG] Hits: in/macos/Utilities/top-free 1 app(s) found
[2026-09-18T10:56:54.144Z] [DEBUG] RSS ok: za/macos/Business/top-free entries=100
[2026-09-18T10:57:04.150Z] [DEBUG] Hits: za/macos/Business/top-free 3 app(s) found
[2026-09-18T10:57:05.116Z] [DEBUG] RSS ok: za/macos/Productivity/top-free entries=99
[2026-09-18T10:57:15.122Z] [DEBUG] Hits: za/macos/Productivity/top-free 4 app(s) found
[2026-09-18T10:57:15.819Z] [DEBUG] RSS ok: za/macos/Utilities/top-free entries=100
[2026-09-18T10:57:25.826Z] [DEBUG] Hits: za/macos/Utilities/top-free 1 app(s) found
[2026-09-18T10:57:26.672Z] [DEBUG] RSS ok: br/macos/Business/top-free entries=99
[2026-09-18T10:57:36.678Z] [DEBUG] Hits: br/macos/Business/top-free 3 app(s) found
[2026-09-18T10:57:37.491Z] [DEBUG] RSS ok: br/macos/Productivity/top-free entries=99
[2026-09-18T10:57:47.497Z] [DEBUG] Hits: br/macos/Productivity/top-free 3 app(s) found
[2026-09-18T10:57:48.268Z] [DEBUG] RSS ok: br/macos/Utilities/top-free entries=100
[2026-09-18T10:57:58.275Z] [DEBUG] Hits: br/macos/Utilities/top-free 1 app(s) found
[2026-09-18T10:57:58.275Z] [INFO] RSS progress: 60/60 (60 ok, 0 error, 170 points)
[2026-09-18T10:57:58.275Z] [INFO] RSS fetch done: 60 ok, 0 error, 170 points
[2026-09-18T10:57:58.275Z] [INFO] RSS results: 60 ok, 0 error, 170 rank points
[2026-09-18T10:57:58.275Z] [INFO] Platform max returned: macos = 100
[2026-09-18T10:57:58.321Z] [INFO] Stored: 60 crawls, 170 points
[2026-09-18T10:57:58.340Z] [INFO] current.json written rows=23
[2026-09-18T10:57:58.341Z] [INFO] Current summary: on_chart=170, not_on_chart=290, depth_limited=0, crawl_error=0, total=460
[2026-09-18T10:57:58.341Z] [INFO] === Crawl complete === 647.6s
[2026-09-18T11:47:11.397Z] [INFO] === Crawl start === ts=2026-09-18T11:00:00Z
[2026-09-18T11:47:11.402Z] [INFO] App IDs to track: 23 our=4, competitors=19
[2026-09-18T11:47:11.402Z] [INFO] Config loaded apps=4, platforms=macos, categories=Business,Productivity,Utilities
[2026-09-18T11:47:11.404Z] [INFO] Lookup cached fetched_at=2026-09-18T00:47:13.044Z, 23 apps
[2026-09-18T11:47:11.404Z] [INFO] RSS requests: 60 countries=20, platforms=macos, categories=Business,Productivity,Utilities
[2026-09-18T11:47:11.405Z] [INFO] RSS fetch start: 60 requests, concurrency=1
[2026-09-18T11:47:12.264Z] [DEBUG] RSS ok: us/macos/Business/top-free entries=100
[2026-09-18T11:47:22.268Z] [DEBUG] Hits: us/macos/Business/top-free 5 app(s) found
[2026-09-18T11:47:23.037Z] [DEBUG] RSS ok: us/macos/Productivity/top-free entries=99
[2026-09-18T11:47:33.044Z] [DEBUG] Hits: us/macos/Productivity/top-free 6 app(s) found
[2026-09-18T11:47:34.235Z] [DEBUG] RSS ok: us/macos/Utilities/top-free entries=100
[2026-09-18T11:47:44.241Z] [DEBUG] Hits: us/macos/Utilities/top-free 1 app(s) found
[2026-09-18T11:47:44.267Z] [DEBUG] RSS ok: gb/macos/Business/top-free entries=100
[2026-09-18T11:47:54.275Z] [DEBUG] Hits: gb/macos/Business/top-free 3 app(s) found
[2026-09-18T11:47:54.322Z] [DEBUG] RSS ok: gb/macos/Productivity/top-free entries=99
[2026-09-18T11:48:04.329Z] [DEBUG] Hits: gb/macos/Productivity/top-free 4 app(s) found
[2026-09-18T11:48:04.362Z] [DEBUG] RSS ok: gb/macos/Utilities/top-free entries=100
[2026-09-18T11:48:14.365Z] [DEBUG] Hits: gb/macos/Utilities/top-free 3 app(s) found
[2026-09-18T11:48:15.096Z] [DEBUG] RSS ok: ca/macos/Business/top-free entries=100
[2026-09-18T11:48:25.104Z] [DEBUG] Hits: ca/macos/Business/top-free 4 app(s) found
[2026-09-18T11:48:25.822Z] [DEBUG] RSS ok: ca/macos/Productivity/top-free entries=99
[2026-09-18T11:48:35.828Z] [DEBUG] Hits: ca/macos/Productivity/top-free 4 app(s) found
[2026-09-18T11:48:36.722Z] [DEBUG] RSS ok: ca/macos/Utilities/top-free entries=100
[2026-09-18T11:48:47.626Z] [DEBUG] RSS ok: fr/macos/Business/top-free entries=99
[2026-09-18T11:48:57.633Z] [DEBUG] Hits: fr/macos/Business/top-free 4 app(s) found
[2026-09-18T11:48:57.633Z] [INFO] RSS progress: 10/60 (10 ok, 0 error, 34 points)
[2026-09-18T11:48:58.497Z] [DEBUG] RSS ok: fr/macos/Productivity/top-free entries=99
[2026-09-18T11:49:08.498Z] [DEBUG] Hits: fr/macos/Productivity/top-free 4 app(s) found
[2026-09-18T11:49:09.115Z] [DEBUG] RSS ok: fr/macos/Utilities/top-free entries=100
[2026-09-18T11:49:19.121Z] [DEBUG] Hits: fr/macos/Utilities/top-free 4 app(s) found
[2026-09-18T11:49:19.233Z] [DEBUG] RSS ok: de/macos/Business/top-free entries=99
[2026-09-18T11:49:29.373Z] [DEBUG] RSS ok: de/macos/Productivity/top-free entries=99
[2026-09-18T11:49:39.379Z] [DEBUG] Hits: de/macos/Productivity/top-free 4 app(s) found
[2026-09-18T11:49:39.516Z] [DEBUG] RSS ok: de/macos/Utilities/top-free entries=100
[2026-09-18T11:49:49.522Z] [DEBUG] Hits: de/macos/Utilities/top-free 3 app(s) found
[2026-09-18T11:49:50.215Z] [DEBUG] RSS ok: jp/macos/Business/top-free entries=100
[2026-09-18T11:50:00.221Z] [DEBUG] Hits: jp/macos/Business/top-free 3 app(s) found
[2026-09-18T11:50:01.060Z] [DEBUG] RSS ok: jp/macos/Productivity/top-free entries=99
[2026-09-18T11:50:11.066Z] [DEBUG] Hits: jp/macos/Productivity/top-free 3 app(s) found
[2026-09-18T11:50:11.766Z] [DEBUG] RSS ok: jp/macos/Utilities/top-free entries=100
[2026-09-18T11:50:21.773Z] [DEBUG] Hits: jp/macos/Utilities/top-free 4 app(s) found
[2026-09-18T11:50:22.646Z] [DEBUG] RSS ok: au/macos/Business/top-free entries=100
[2026-09-18T11:50:32.653Z] [DEBUG] Hits: au/macos/Business/top-free 3 app(s) found
[2026-09-18T11:50:33.411Z] [DEBUG] RSS ok: au/macos/Productivity/top-free entries=99
[2026-09-18T11:50:43.413Z] [DEBUG] Hits: au/macos/Productivity/top-free 5 app(s) found
[2026-09-18T11:50:43.413Z] [INFO] RSS progress: 20/60 (20 ok, 0 error, 67 points)
[2026-09-18T11:50:44.233Z] [DEBUG] RSS ok: au/macos/Utilities/top-free entries=100
[2026-09-18T11:50:54.239Z] [DEBUG] Hits: au/macos/Utilities/top-free 1 app(s) found
[2026-09-18T11:50:55.145Z] [DEBUG] RSS ok: es/macos/Business/top-free entries=99
[2026-09-18T11:51:05.152Z] [DEBUG] Hits: es/macos/Business/top-free 3 app(s) found
[2026-09-18T11:51:05.922Z] [DEBUG] RSS ok: es/macos/Productivity/top-free entries=99
[2026-09-18T11:51:15.928Z] [DEBUG] Hits: es/macos/Productivity/top-free 5 app(s) found
[2026-09-18T11:51:16.812Z] [DEBUG] RSS ok: es/macos/Utilities/top-free entries=100
[2026-09-18T11:51:26.818Z] [DEBUG] Hits: es/macos/Utilities/top-free 1 app(s) found
[2026-09-18T11:51:27.675Z] [DEBUG] RSS ok: it/macos/Business/top-free entries=100
[2026-09-18T11:51:37.681Z] [DEBUG] Hits: it/macos/Business/top-free 3 app(s) found
[2026-09-18T11:51:38.659Z] [DEBUG] RSS ok: it/macos/Productivity/top-free entries=99
[2026-09-18T11:51:48.665Z] [DEBUG] Hits: it/macos/Productivity/top-free 5 app(s) found
[2026-09-18T11:51:49.313Z] [DEBUG] RSS ok: it/macos/Utilities/top-free entries=100
[2026-09-18T11:51:59.319Z] [DEBUG] Hits: it/macos/Utilities/top-free 1 app(s) found
[2026-09-18T11:52:00.067Z] [DEBUG] RSS ok: pt/macos/Business/top-free entries=99
[2026-09-18T11:52:10.069Z] [DEBUG] Hits: pt/macos/Business/top-free 3 app(s) found
[2026-09-18T11:52:10.754Z] [DEBUG] RSS ok: pt/macos/Productivity/top-free entries=99
[2026-09-18T11:52:20.760Z] [DEBUG] Hits: pt/macos/Productivity/top-free 4 app(s) found
[2026-09-18T11:52:21.569Z] [DEBUG] RSS ok: pt/macos/Utilities/top-free entries=100
[2026-09-18T11:52:31.575Z] [INFO] RSS progress: 30/60 (30 ok, 0 error, 93 points)
[2026-09-18T11:52:32.444Z] [DEBUG] RSS ok: ch/macos/Business/top-free entries=100
[2026-09-18T11:52:42.450Z] [DEBUG] Hits: ch/macos/Business/top-free 2 app(s) found
[2026-09-18T11:52:43.259Z] [DEBUG] RSS ok: ch/macos/Productivity/top-free entries=99
[2026-09-18T11:52:53.265Z] [DEBUG] Hits: ch/macos/Productivity/top-free 4 app(s) found
[2026-09-18T11:52:54.149Z] [DEBUG] RSS ok: ch/macos/Utilities/top-free entries=100
[2026-09-18T11:53:04.155Z] [DEBUG] Hits: ch/macos/Utilities/top-free 2 app(s) found
[2026-09-18T11:53:04.904Z] [DEBUG] RSS ok: be/macos/Business/top-free entries=100
[2026-09-18T11:53:14.910Z] [DEBUG] Hits: be/macos/Business/top-free 3 app(s) found
[2026-09-18T11:53:15.557Z] [DEBUG] RSS ok: be/macos/Productivity/top-free entries=99
[2026-09-18T11:53:25.564Z] [DEBUG] Hits: be/macos/Productivity/top-free 3 app(s) found
[2026-09-18T11:53:26.233Z] [DEBUG] RSS ok: be/macos/Utilities/top-free entries=100
[2026-09-18T11:53:36.239Z] [DEBUG] Hits: be/macos/Utilities/top-free 3 app(s) found
[2026-09-18T11:53:36.961Z] [DEBUG] RSS ok: nl/macos/Business/top-free entries=100
[2026-09-18T11:53:46.967Z] [DEBUG] Hits: nl/macos/Business/top-free 3 app(s) found
[2026-09-18T11:53:47.607Z] [DEBUG] RSS ok: nl/macos/Productivity/top-free entries=99
[2026-09-18T11:53:57.613Z] [DEBUG] Hits: nl/macos/Productivity/top-free 4 app(s) found
[2026-09-18T11:53:58.308Z] [DEBUG] RSS ok: nl/macos/Utilities/top-free entries=100
[2026-09-18T11:54:08.314Z] [DEBUG] Hits: nl/macos/Utilities/top-free 1 app(s) found
[2026-09-18T11:54:09.184Z] [DEBUG] RSS ok: tw/macos/Business/top-free entries=100
[2026-09-18T11:54:19.190Z] [DEBUG] Hits: tw/macos/Business/top-free 4 app(s) found
[2026-09-18T11:54:19.190Z] [INFO] RSS progress: 40/60 (40 ok, 0 error, 122 points)
[2026-09-18T11:54:20.082Z] [DEBUG] RSS ok: tw/macos/Productivity/top-free entries=99
[2026-09-18T11:54:30.088Z] [DEBUG] Hits: tw/macos/Productivity/top-free 2 app(s) found
[2026-09-18T11:54:30.912Z] [DEBUG] RSS ok: tw/macos/Utilities/top-free entries=100
[2026-09-18T11:54:40.919Z] [DEBUG] Hits: tw/macos/Utilities/top-free 2 app(s) found
[2026-09-18T11:54:41.531Z] [DEBUG] RSS ok: hk/macos/Business/top-free entries=100
[2026-09-18T11:54:51.537Z] [DEBUG] Hits: hk/macos/Business/top-free 1 app(s) found
[2026-09-18T11:54:52.230Z] [DEBUG] RSS ok: hk/macos/Productivity/top-free entries=99
[2026-09-18T11:55:02.237Z] [DEBUG] Hits: hk/macos/Productivity/top-free 3 app(s) found
[2026-09-18T11:55:02.858Z] [DEBUG] RSS ok: hk/macos/Utilities/top-free entries=100
[2026-09-18T11:55:12.861Z] [DEBUG] Hits: hk/macos/Utilities/top-free 3 app(s) found
[2026-09-18T11:55:13.759Z] [DEBUG] RSS ok: nz/macos/Business/top-free entries=100
[2026-09-18T11:55:23.765Z] [DEBUG] Hits: nz/macos/Business/top-free 3 app(s) found
[2026-09-18T11:55:24.493Z] [DEBUG] RSS ok: nz/macos/Productivity/top-free entries=99
[2026-09-18T11:55:34.499Z] [DEBUG] Hits: nz/macos/Productivity/top-free 3 app(s) found
[2026-09-18T11:55:35.414Z] [DEBUG] RSS ok: nz/macos/Utilities/top-free entries=100
[2026-09-18T11:55:46.217Z] [DEBUG] RSS ok: sg/macos/Business/top-free entries=100
[2026-09-18T11:55:56.223Z] [DEBUG] Hits: sg/macos/Business/top-free 4 app(s) found
[2026-09-18T11:55:56.938Z] [DEBUG] RSS ok: sg/macos/Productivity/top-free entries=99
[2026-09-18T11:56:06.941Z] [DEBUG] Hits: sg/macos/Productivity/top-free 3 app(s) found
[2026-09-18T11:56:06.941Z] [INFO] RSS progress: 50/60 (50 ok, 0 error, 146 points)
[2026-09-18T11:56:07.617Z] [DEBUG] RSS ok: sg/macos/Utilities/top-free entries=100
[2026-09-18T11:56:17.623Z] [DEBUG] Hits: sg/macos/Utilities/top-free 1 app(s) found
[2026-09-18T11:56:18.292Z] [DEBUG] RSS ok: in/macos/Business/top-free entries=100
[2026-09-18T11:56:28.298Z] [DEBUG] Hits: in/macos/Business/top-free 3 app(s) found
[2026-09-18T11:56:29.197Z] [DEBUG] RSS ok: in/macos/Productivity/top-free entries=99
[2026-09-18T11:56:39.203Z] [DEBUG] Hits: in/macos/Productivity/top-free 4 app(s) found
[2026-09-18T11:56:40.294Z] [DEBUG] RSS ok: in/macos/Utilities/top-free entries=100
[2026-09-18T11:56:50.301Z] [DEBUG] Hits: in/macos/Utilities/top-free 1 app(s) found
[2026-09-18T11:56:51.048Z] [DEBUG] RSS ok: za/macos/Business/top-free entries=100
[2026-09-18T11:57:01.051Z] [DEBUG] Hits: za/macos/Business/top-free 3 app(s) found
[2026-09-18T11:57:01.880Z] [DEBUG] RSS ok: za/macos/Productivity/top-free entries=99
[2026-09-18T11:57:11.887Z] [DEBUG] Hits: za/macos/Productivity/top-free 4 app(s) found
[2026-09-18T11:57:12.900Z] [DEBUG] RSS ok: za/macos/Utilities/top-free entries=100
[2026-09-18T11:57:22.906Z] [DEBUG] Hits: za/macos/Utilities/top-free 1 app(s) found
[2026-09-18T11:57:23.751Z] [DEBUG] RSS ok: br/macos/Business/top-free entries=99
[2026-09-18T11:57:33.757Z] [DEBUG] Hits: br/macos/Business/top-free 3 app(s) found
[2026-09-18T11:57:34.713Z] [DEBUG] RSS ok: br/macos/Productivity/top-free entries=99
[2026-09-18T11:57:44.719Z] [DEBUG] Hits: br/macos/Productivity/top-free 3 app(s) found
[2026-09-18T11:57:45.567Z] [DEBUG] RSS ok: br/macos/Utilities/top-free entries=100
[2026-09-18T11:57:55.573Z] [DEBUG] Hits: br/macos/Utilities/top-free 1 app(s) found
[2026-09-18T11:57:55.573Z] [INFO] RSS progress: 60/60 (60 ok, 0 error, 170 points)
[2026-09-18T11:57:55.573Z] [INFO] RSS fetch done: 60 ok, 0 error, 170 points
[2026-09-18T11:57:55.573Z] [INFO] Platform max returned: macos = 100
[2026-09-18T11:57:55.573Z] [INFO] RSS results: 60 ok, 0 error, 170 rank points
[2026-09-18T11:57:55.620Z] [INFO] Stored: 60 crawls, 170 points
[2026-09-18T11:57:55.642Z] [INFO] current.json written rows=23
[2026-09-18T11:57:55.643Z] [INFO] Current summary: on_chart=170, not_on_chart=290, depth_limited=0, crawl_error=0, total=460
[2026-09-18T11:57:55.643Z] [INFO] === Crawl complete === 644.2s
[2026-09-18T12:47:11.279Z] [INFO] === Crawl start === ts=2026-09-18T12:00:00Z
[2026-09-18T12:47:11.284Z] [INFO] Config loaded apps=4, platforms=macos, categories=Business,Productivity,Utilities
[2026-09-18T12:47:11.284Z] [INFO] App IDs to track: 23 our=4, competitors=19
[2026-09-18T12:47:11.285Z] [INFO] Lookup cached fetched_at=2026-09-18T00:47:13.044Z, 23 apps
[2026-09-18T12:47:11.286Z] [INFO] RSS requests: 60 countries=20, platforms=macos, categories=Business,Productivity,Utilities
[2026-09-18T12:47:11.286Z] [INFO] RSS fetch start: 60 requests, concurrency=1
[2026-09-18T12:47:12.489Z] [DEBUG] RSS ok: us/macos/Business/top-free entries=100
[2026-09-18T12:47:22.493Z] [DEBUG] Hits: us/macos/Business/top-free 5 app(s) found
[2026-09-18T12:47:23.375Z] [DEBUG] RSS ok: us/macos/Productivity/top-free entries=99
[2026-09-18T12:47:33.381Z] [DEBUG] Hits: us/macos/Productivity/top-free 6 app(s) found
[2026-09-18T12:47:34.088Z] [DEBUG] RSS ok: us/macos/Utilities/top-free entries=100
[2026-09-18T12:47:44.095Z] [DEBUG] Hits: us/macos/Utilities/top-free 1 app(s) found
[2026-09-18T12:47:44.760Z] [DEBUG] RSS ok: gb/macos/Business/top-free entries=100
[2026-09-18T12:47:54.766Z] [DEBUG] Hits: gb/macos/Business/top-free 3 app(s) found
[2026-09-18T12:47:55.563Z] [DEBUG] RSS ok: gb/macos/Productivity/top-free entries=99
[2026-09-18T12:48:05.569Z] [DEBUG] Hits: gb/macos/Productivity/top-free 4 app(s) found
[2026-09-18T12:48:06.418Z] [DEBUG] RSS ok: gb/macos/Utilities/top-free entries=100
[2026-09-18T12:48:16.425Z] [DEBUG] Hits: gb/macos/Utilities/top-free 3 app(s) found
[2026-09-18T12:48:17.202Z] [DEBUG] RSS ok: ca/macos/Business/top-free entries=100
[2026-09-18T12:48:27.209Z] [DEBUG] Hits: ca/macos/Business/top-free 4 app(s) found
[2026-09-18T12:48:27.865Z] [DEBUG] RSS ok: ca/macos/Productivity/top-free entries=99
[2026-09-18T12:48:37.872Z] [DEBUG] Hits: ca/macos/Productivity/top-free 4 app(s) found
[2026-09-18T12:48:38.602Z] [DEBUG] RSS ok: ca/macos/Utilities/top-free entries=100
[2026-09-18T12:48:49.493Z] [DEBUG] RSS ok: fr/macos/Business/top-free entries=99
[2026-09-18T12:48:59.499Z] [DEBUG] Hits: fr/macos/Business/top-free 4 app(s) found
[2026-09-18T12:48:59.499Z] [INFO] RSS progress: 10/60 (10 ok, 0 error, 34 points)
[2026-09-18T12:49:00.524Z] [DEBUG] RSS ok: fr/macos/Productivity/top-free entries=99
[2026-09-18T12:49:10.529Z] [DEBUG] Hits: fr/macos/Productivity/top-free 4 app(s) found
[2026-09-18T12:49:11.415Z] [DEBUG] RSS ok: fr/macos/Utilities/top-free entries=100
[2026-09-18T12:49:21.421Z] [DEBUG] Hits: fr/macos/Utilities/top-free 4 app(s) found
[2026-09-18T12:49:22.156Z] [DEBUG] RSS ok: de/macos/Business/top-free entries=99
[2026-09-18T12:49:32.860Z] [DEBUG] RSS ok: de/macos/Productivity/top-free entries=99
[2026-09-18T12:49:42.867Z] [DEBUG] Hits: de/macos/Productivity/top-free 4 app(s) found
[2026-09-18T12:49:43.693Z] [DEBUG] RSS ok: de/macos/Utilities/top-free entries=100
[2026-09-18T12:49:53.700Z] [DEBUG] Hits: de/macos/Utilities/top-free 3 app(s) found
[2026-09-18T12:49:54.637Z] [DEBUG] RSS ok: jp/macos/Business/top-free entries=100
[2026-09-18T12:50:04.643Z] [DEBUG] Hits: jp/macos/Business/top-free 3 app(s) found
[2026-09-18T12:50:05.437Z] [DEBUG] RSS ok: jp/macos/Productivity/top-free entries=99
[2026-09-18T12:50:15.444Z] [DEBUG] Hits: jp/macos/Productivity/top-free 3 app(s) found
[2026-09-18T12:50:16.395Z] [DEBUG] RSS ok: jp/macos/Utilities/top-free entries=100
[2026-09-18T12:50:26.401Z] [DEBUG] Hits: jp/macos/Utilities/top-free 4 app(s) found
[2026-09-18T12:50:27.097Z] [DEBUG] RSS ok: au/macos/Business/top-free entries=100
[2026-09-18T12:50:37.103Z] [DEBUG] Hits: au/macos/Business/top-free 3 app(s) found
[2026-09-18T12:50:37.817Z] [DEBUG] RSS ok: au/macos/Productivity/top-free entries=99
[2026-09-18T12:50:47.823Z] [DEBUG] Hits: au/macos/Productivity/top-free 5 app(s) found
[2026-09-18T12:50:47.823Z] [INFO] RSS progress: 20/60 (20 ok, 0 error, 67 points)
[2026-09-18T12:50:48.610Z] [DEBUG] RSS ok: au/macos/Utilities/top-free entries=100
[2026-09-18T12:50:58.616Z] [DEBUG] Hits: au/macos/Utilities/top-free 1 app(s) found
[2026-09-18T12:50:59.414Z] [DEBUG] RSS ok: es/macos/Business/top-free entries=99
[2026-09-18T12:51:09.420Z] [DEBUG] Hits: es/macos/Business/top-free 3 app(s) found
[2026-09-18T12:51:10.602Z] [DEBUG] RSS ok: es/macos/Productivity/top-free entries=99
[2026-09-18T12:51:20.609Z] [DEBUG] Hits: es/macos/Productivity/top-free 5 app(s) found
[2026-09-18T12:51:21.391Z] [DEBUG] RSS ok: es/macos/Utilities/top-free entries=100
[2026-09-18T12:51:31.398Z] [DEBUG] Hits: es/macos/Utilities/top-free 1 app(s) found
[2026-09-18T12:51:32.372Z] [DEBUG] RSS ok: it/macos/Business/top-free entries=100
[2026-09-18T12:51:42.378Z] [DEBUG] Hits: it/macos/Business/top-free 3 app(s) found
[2026-09-18T12:51:43.453Z] [DEBUG] RSS ok: it/macos/Productivity/top-free entries=99
[2026-09-18T12:51:53.460Z] [DEBUG] Hits: it/macos/Productivity/top-free 5 app(s) found
[2026-09-18T12:51:54.254Z] [DEBUG] RSS ok: it/macos/Utilities/top-free entries=100
[2026-09-18T12:52:04.260Z] [DEBUG] Hits: it/macos/Utilities/top-free 1 app(s) found
[2026-09-18T12:52:05.000Z] [DEBUG] RSS ok: pt/macos/Business/top-free entries=99
[2026-09-18T12:52:15.006Z] [DEBUG] Hits: pt/macos/Business/top-free 3 app(s) found
[2026-09-18T12:52:15.762Z] [DEBUG] RSS ok: pt/macos/Productivity/top-free entries=99
[2026-09-18T12:52:25.765Z] [DEBUG] Hits: pt/macos/Productivity/top-free 4 app(s) found
[2026-09-18T12:52:26.473Z] [DEBUG] RSS ok: pt/macos/Utilities/top-free entries=100
[2026-09-18T12:52:36.479Z] [INFO] RSS progress: 30/60 (30 ok, 0 error, 93 points)
[2026-09-18T12:52:37.314Z] [DEBUG] RSS ok: ch/macos/Business/top-free entries=100
[2026-09-18T12:52:47.321Z] [DEBUG] Hits: ch/macos/Business/top-free 2 app(s) found
[2026-09-18T12:52:48.032Z] [DEBUG] RSS ok: ch/macos/Productivity/top-free entries=99
[2026-09-18T12:52:58.038Z] [DEBUG] Hits: ch/macos/Productivity/top-free 4 app(s) found
[2026-09-18T12:52:58.705Z] [DEBUG] RSS ok: ch/macos/Utilities/top-free entries=100
[2026-09-18T12:53:08.711Z] [DEBUG] Hits: ch/macos/Utilities/top-free 2 app(s) found
[2026-09-18T12:53:09.761Z] [DEBUG] RSS ok: be/macos/Business/top-free entries=100
[2026-09-18T12:53:19.767Z] [DEBUG] Hits: be/macos/Business/top-free 3 app(s) found
[2026-09-18T12:53:20.429Z] [DEBUG] RSS ok: be/macos/Productivity/top-free entries=99
[2026-09-18T12:53:30.435Z] [DEBUG] Hits: be/macos/Productivity/top-free 3 app(s) found
[2026-09-18T12:53:31.206Z] [DEBUG] RSS ok: be/macos/Utilities/top-free entries=100
[2026-09-18T12:53:41.212Z] [DEBUG] Hits: be/macos/Utilities/top-free 3 app(s) found
[2026-09-18T12:53:42.002Z] [DEBUG] RSS ok: nl/macos/Business/top-free entries=100
[2026-09-18T12:53:52.009Z] [DEBUG] Hits: nl/macos/Business/top-free 3 app(s) found
[2026-09-18T12:53:52.803Z] [DEBUG] RSS ok: nl/macos/Productivity/top-free entries=99
[2026-09-18T12:54:02.810Z] [DEBUG] Hits: nl/macos/Productivity/top-free 4 app(s) found
[2026-09-18T12:54:03.635Z] [DEBUG] RSS ok: nl/macos/Utilities/top-free entries=100
[2026-09-18T12:54:13.641Z] [DEBUG] Hits: nl/macos/Utilities/top-free 1 app(s) found
[2026-09-18T12:54:14.424Z] [DEBUG] RSS ok: tw/macos/Business/top-free entries=100
[2026-09-18T12:54:24.430Z] [DEBUG] Hits: tw/macos/Business/top-free 4 app(s) found
[2026-09-18T12:54:24.430Z] [INFO] RSS progress: 40/60 (40 ok, 0 error, 122 points)
[2026-09-18T12:54:25.244Z] [DEBUG] RSS ok: tw/macos/Productivity/top-free entries=99
[2026-09-18T12:54:35.251Z] [DEBUG] Hits: tw/macos/Productivity/top-free 2 app(s) found
[2026-09-18T12:54:35.959Z] [DEBUG] RSS ok: tw/macos/Utilities/top-free entries=100
[2026-09-18T12:54:45.966Z] [DEBUG] Hits: tw/macos/Utilities/top-free 2 app(s) found
[2026-09-18T12:54:46.605Z] [DEBUG] RSS ok: hk/macos/Business/top-free entries=100
[2026-09-18T12:54:56.611Z] [DEBUG] Hits: hk/macos/Business/top-free 1 app(s) found
[2026-09-18T12:54:57.241Z] [DEBUG] RSS ok: hk/macos/Productivity/top-free entries=99
[2026-09-18T12:55:07.247Z] [DEBUG] Hits: hk/macos/Productivity/top-free 3 app(s) found
[2026-09-18T12:55:07.983Z] [DEBUG] RSS ok: hk/macos/Utilities/top-free entries=100
[2026-09-18T12:55:17.989Z] [DEBUG] Hits: hk/macos/Utilities/top-free 3 app(s) found
[2026-09-18T12:55:18.951Z] [DEBUG] RSS ok: nz/macos/Business/top-free entries=100
[2026-09-18T12:55:28.957Z] [DEBUG] Hits: nz/macos/Business/top-free 3 app(s) found
[2026-09-18T12:55:29.848Z] [DEBUG] RSS ok: nz/macos/Productivity/top-free entries=99
[2026-09-18T12:55:39.855Z] [DEBUG] Hits: nz/macos/Productivity/top-free 3 app(s) found
[2026-09-18T12:55:40.519Z] [DEBUG] RSS ok: nz/macos/Utilities/top-free entries=100
[2026-09-18T12:55:51.312Z] [DEBUG] RSS ok: sg/macos/Business/top-free entries=100
[2026-09-18T12:56:01.318Z] [DEBUG] Hits: sg/macos/Business/top-free 4 app(s) found
[2026-09-18T12:56:02.111Z] [DEBUG] RSS ok: sg/macos/Productivity/top-free entries=99
[2026-09-18T12:56:12.117Z] [DEBUG] Hits: sg/macos/Productivity/top-free 3 app(s) found
[2026-09-18T12:56:12.117Z] [INFO] RSS progress: 50/60 (50 ok, 0 error, 146 points)
[2026-09-18T12:56:12.973Z] [DEBUG] RSS ok: sg/macos/Utilities/top-free entries=100
[2026-09-18T12:56:22.979Z] [DEBUG] Hits: sg/macos/Utilities/top-free 1 app(s) found
[2026-09-18T12:56:23.776Z] [DEBUG] RSS ok: in/macos/Business/top-free entries=100
[2026-09-18T12:56:33.783Z] [DEBUG] Hits: in/macos/Business/top-free 3 app(s) found
[2026-09-18T12:56:34.529Z] [DEBUG] RSS ok: in/macos/Productivity/top-free entries=99
[2026-09-18T12:56:44.535Z] [DEBUG] Hits: in/macos/Productivity/top-free 4 app(s) found
[2026-09-18T12:56:45.254Z] [DEBUG] RSS ok: in/macos/Utilities/top-free entries=100
[2026-09-18T12:56:55.260Z] [DEBUG] Hits: in/macos/Utilities/top-free 1 app(s) found
[2026-09-18T12:56:56.029Z] [DEBUG] RSS ok: za/macos/Business/top-free entries=100
[2026-09-18T12:57:06.035Z] [DEBUG] Hits: za/macos/Business/top-free 3 app(s) found
[2026-09-18T12:57:06.847Z] [DEBUG] RSS ok: za/macos/Productivity/top-free entries=99
[2026-09-18T12:57:16.854Z] [DEBUG] Hits: za/macos/Productivity/top-free 4 app(s) found
[2026-09-18T12:57:17.631Z] [DEBUG] RSS ok: za/macos/Utilities/top-free entries=100
[2026-09-18T12:57:27.638Z] [DEBUG] Hits: za/macos/Utilities/top-free 1 app(s) found
[2026-09-18T12:57:28.449Z] [DEBUG] RSS ok: br/macos/Business/top-free entries=99
[2026-09-18T12:57:38.455Z] [DEBUG] Hits: br/macos/Business/top-free 3 app(s) found
[2026-09-18T12:57:39.361Z] [DEBUG] RSS ok: br/macos/Productivity/top-free entries=99
[2026-09-18T12:57:49.368Z] [DEBUG] Hits: br/macos/Productivity/top-free 3 app(s) found
[2026-09-18T12:57:50.213Z] [DEBUG] RSS ok: br/macos/Utilities/top-free entries=100
[2026-09-18T12:58:00.220Z] [INFO] RSS progress: 60/60 (60 ok, 0 error, 170 points)
[2026-09-18T12:58:00.219Z] [DEBUG] Hits: br/macos/Utilities/top-free 1 app(s) found
[2026-09-18T12:58:00.220Z] [INFO] RSS fetch done: 60 ok, 0 error, 170 points
[2026-09-18T12:58:00.220Z] [INFO] Platform max returned: macos = 100
[2026-09-18T12:58:00.220Z] [INFO] RSS results: 60 ok, 0 error, 170 rank points
[2026-09-18T12:58:00.266Z] [INFO] Stored: 60 crawls, 170 points
[2026-09-18T12:58:00.295Z] [INFO] current.json written rows=23
[2026-09-18T12:58:00.297Z] [INFO] Current summary: on_chart=170, not_on_chart=290, depth_limited=0, crawl_error=0, total=460
[2026-09-18T12:58:00.297Z] [INFO] === Crawl complete === 649.0s
[2026-09-18T13:47:15.227Z] [INFO] === Crawl start === ts=2026-09-18T13:00:00Z
[2026-09-18T13:47:15.231Z] [INFO] Config loaded apps=4, platforms=macos, categories=Business,Productivity,Utilities
[2026-09-18T13:47:15.231Z] [INFO] App IDs to track: 23 our=4, competitors=19
[2026-09-18T13:47:15.233Z] [INFO] Lookup cached fetched_at=2026-09-18T00:47:13.044Z, 23 apps
[2026-09-18T13:47:15.233Z] [INFO] RSS requests: 60 countries=20, platforms=macos, categories=Business,Productivity,Utilities
[2026-09-18T13:47:15.234Z] [INFO] RSS fetch start: 60 requests, concurrency=1
[2026-09-18T13:47:16.372Z] [DEBUG] RSS ok: us/macos/Business/top-free entries=100
[2026-09-18T13:47:26.375Z] [DEBUG] Hits: us/macos/Business/top-free 4 app(s) found
[2026-09-18T13:47:27.215Z] [DEBUG] RSS ok: us/macos/Productivity/top-free entries=99
[2026-09-18T13:47:37.221Z] [DEBUG] Hits: us/macos/Productivity/top-free 6 app(s) found
[2026-09-18T13:47:38.092Z] [DEBUG] RSS ok: us/macos/Utilities/top-free entries=100
[2026-09-18T13:47:48.099Z] [DEBUG] Hits: us/macos/Utilities/top-free 1 app(s) found
[2026-09-18T13:47:48.788Z] [DEBUG] RSS ok: gb/macos/Business/top-free entries=100
[2026-09-18T13:47:58.795Z] [DEBUG] Hits: gb/macos/Business/top-free 3 app(s) found
[2026-09-18T13:47:59.698Z] [DEBUG] RSS ok: gb/macos/Productivity/top-free entries=99
[2026-09-18T13:48:09.700Z] [DEBUG] Hits: gb/macos/Productivity/top-free 4 app(s) found
[2026-09-18T13:48:10.663Z] [DEBUG] RSS ok: gb/macos/Utilities/top-free entries=100
[2026-09-18T13:48:20.669Z] [DEBUG] Hits: gb/macos/Utilities/top-free 3 app(s) found
[2026-09-18T13:48:21.538Z] [DEBUG] RSS ok: ca/macos/Business/top-free entries=100
[2026-09-18T13:48:31.545Z] [DEBUG] Hits: ca/macos/Business/top-free 4 app(s) found
[2026-09-18T13:48:32.337Z] [DEBUG] RSS ok: ca/macos/Productivity/top-free entries=99
[2026-09-18T13:48:42.344Z] [DEBUG] Hits: ca/macos/Productivity/top-free 4 app(s) found
[2026-09-18T13:48:43.204Z] [DEBUG] RSS ok: ca/macos/Utilities/top-free entries=100
[2026-09-18T13:48:53.971Z] [DEBUG] RSS ok: fr/macos/Business/top-free entries=99
[2026-09-18T13:49:03.978Z] [DEBUG] Hits: fr/macos/Business/top-free 3 app(s) found
[2026-09-18T13:49:03.978Z] [INFO] RSS progress: 10/60 (10 ok, 0 error, 32 points)
[2026-09-18T13:49:05.011Z] [DEBUG] RSS ok: fr/macos/Productivity/top-free entries=99
[2026-09-18T13:49:15.018Z] [DEBUG] Hits: fr/macos/Productivity/top-free 4 app(s) found
[2026-09-18T13:49:15.958Z] [DEBUG] RSS ok: fr/macos/Utilities/top-free entries=100
[2026-09-18T13:49:25.964Z] [DEBUG] Hits: fr/macos/Utilities/top-free 3 app(s) found
[2026-09-18T13:49:26.860Z] [DEBUG] RSS ok: de/macos/Business/top-free entries=99
[2026-09-18T13:49:37.849Z] [DEBUG] RSS ok: de/macos/Productivity/top-free entries=99
[2026-09-18T13:49:47.855Z] [DEBUG] Hits: de/macos/Productivity/top-free 4 app(s) found
[2026-09-18T13:49:48.943Z] [DEBUG] RSS ok: de/macos/Utilities/top-free entries=100
[2026-09-18T13:49:58.948Z] [DEBUG] Hits: de/macos/Utilities/top-free 3 app(s) found
[2026-09-18T13:49:59.765Z] [DEBUG] RSS ok: jp/macos/Business/top-free entries=100
[2026-09-18T13:50:09.767Z] [DEBUG] Hits: jp/macos/Business/top-free 3 app(s) found
[2026-09-18T13:50:10.664Z] [DEBUG] RSS ok: jp/macos/Productivity/top-free entries=99
[2026-09-18T13:50:20.670Z] [DEBUG] Hits: jp/macos/Productivity/top-free 4 app(s) found
[2026-09-18T13:50:21.535Z] [DEBUG] RSS ok: jp/macos/Utilities/top-free entries=100
[2026-09-18T13:50:31.541Z] [DEBUG] Hits: jp/macos/Utilities/top-free 4 app(s) found
[2026-09-18T13:50:32.309Z] [DEBUG] RSS ok: au/macos/Business/top-free entries=100
[2026-09-18T13:50:42.315Z] [DEBUG] Hits: au/macos/Business/top-free 3 app(s) found
[2026-09-18T13:50:43.055Z] [DEBUG] RSS ok: au/macos/Productivity/top-free entries=99
[2026-09-18T13:50:53.058Z] [DEBUG] Hits: au/macos/Productivity/top-free 5 app(s) found
[2026-09-18T13:50:53.059Z] [INFO] RSS progress: 20/60 (20 ok, 0 error, 65 points)
[2026-09-18T13:50:54.040Z] [DEBUG] RSS ok: au/macos/Utilities/top-free entries=100
[2026-09-18T13:51:04.047Z] [DEBUG] Hits: au/macos/Utilities/top-free 1 app(s) found
[2026-09-18T13:51:04.849Z] [DEBUG] RSS ok: es/macos/Business/top-free entries=100
[2026-09-18T13:51:14.850Z] [DEBUG] Hits: es/macos/Business/top-free 3 app(s) found
[2026-09-18T13:51:15.760Z] [DEBUG] RSS ok: es/macos/Productivity/top-free entries=99
[2026-09-18T13:51:25.765Z] [DEBUG] Hits: es/macos/Productivity/top-free 5 app(s) found
[2026-09-18T13:51:26.623Z] [DEBUG] RSS ok: es/macos/Utilities/top-free entries=100
[2026-09-18T13:51:36.629Z] [DEBUG] Hits: es/macos/Utilities/top-free 2 app(s) found
[2026-09-18T13:51:37.606Z] [DEBUG] RSS ok: it/macos/Business/top-free entries=100
[2026-09-18T13:51:47.613Z] [DEBUG] Hits: it/macos/Business/top-free 2 app(s) found
[2026-09-18T13:51:48.573Z] [DEBUG] RSS ok: it/macos/Productivity/top-free entries=99
[2026-09-18T13:51:58.579Z] [DEBUG] Hits: it/macos/Productivity/top-free 5 app(s) found
[2026-09-18T13:51:59.419Z] [DEBUG] RSS ok: it/macos/Utilities/top-free entries=100
[2026-09-18T13:52:09.425Z] [DEBUG] Hits: it/macos/Utilities/top-free 1 app(s) found
[2026-09-18T13:52:10.315Z] [DEBUG] RSS ok: pt/macos/Business/top-free entries=99
[2026-09-18T13:52:20.322Z] [DEBUG] Hits: pt/macos/Business/top-free 3 app(s) found
[2026-09-18T13:52:21.308Z] [DEBUG] RSS ok: pt/macos/Productivity/top-free entries=99
[2026-09-18T13:52:31.314Z] [DEBUG] Hits: pt/macos/Productivity/top-free 4 app(s) found
[2026-09-18T13:52:32.140Z] [DEBUG] RSS ok: pt/macos/Utilities/top-free entries=100
[2026-09-18T13:52:42.146Z] [DEBUG] Hits: pt/macos/Utilities/top-free 1 app(s) found
[2026-09-18T13:52:42.146Z] [INFO] RSS progress: 30/60 (30 ok, 0 error, 92 points)
[2026-09-18T13:52:43.109Z] [DEBUG] RSS ok: ch/macos/Business/top-free entries=100
[2026-09-18T13:52:53.116Z] [DEBUG] Hits: ch/macos/Business/top-free 2 app(s) found
[2026-09-18T13:52:53.992Z] [DEBUG] RSS ok: ch/macos/Productivity/top-free entries=99
[2026-09-18T13:53:03.998Z] [DEBUG] Hits: ch/macos/Productivity/top-free 5 app(s) found
[2026-09-18T13:53:04.846Z] [DEBUG] RSS ok: ch/macos/Utilities/top-free entries=100
[2026-09-18T13:53:14.852Z] [DEBUG] Hits: ch/macos/Utilities/top-free 2 app(s) found
[2026-09-18T13:53:15.705Z] [DEBUG] RSS ok: be/macos/Business/top-free entries=100
[2026-09-18T13:53:25.711Z] [DEBUG] Hits: be/macos/Business/top-free 3 app(s) found
[2026-09-18T13:53:26.613Z] [DEBUG] RSS ok: be/macos/Productivity/top-free entries=99
[2026-09-18T13:53:36.619Z] [DEBUG] Hits: be/macos/Productivity/top-free 5 app(s) found
[2026-09-18T13:53:37.490Z] [DEBUG] RSS ok: be/macos/Utilities/top-free entries=100
[2026-09-18T13:53:47.493Z] [DEBUG] Hits: be/macos/Utilities/top-free 3 app(s) found
[2026-09-18T13:53:48.384Z] [DEBUG] RSS ok: nl/macos/Business/top-free entries=100
[2026-09-18T13:53:58.391Z] [DEBUG] Hits: nl/macos/Business/top-free 1 app(s) found
[2026-09-18T13:53:59.251Z] [DEBUG] RSS ok: nl/macos/Productivity/top-free entries=99
[2026-09-18T13:54:09.253Z] [DEBUG] Hits: nl/macos/Productivity/top-free 5 app(s) found
[2026-09-18T13:54:10.053Z] [DEBUG] RSS ok: nl/macos/Utilities/top-free entries=100
[2026-09-18T13:54:20.060Z] [DEBUG] Hits: nl/macos/Utilities/top-free 1 app(s) found
[2026-09-18T13:54:20.934Z] [DEBUG] RSS ok: tw/macos/Business/top-free entries=100
[2026-09-18T13:54:30.940Z] [DEBUG] Hits: tw/macos/Business/top-free 4 app(s) found
[2026-09-18T13:54:30.940Z] [INFO] RSS progress: 40/60 (40 ok, 0 error, 123 points)
[2026-09-18T13:54:31.971Z] [DEBUG] RSS ok: tw/macos/Productivity/top-free entries=99
[2026-09-18T13:54:41.978Z] [DEBUG] Hits: tw/macos/Productivity/top-free 3 app(s) found
[2026-09-18T13:54:42.863Z] [DEBUG] RSS ok: tw/macos/Utilities/top-free entries=100
[2026-09-18T13:54:52.866Z] [DEBUG] Hits: tw/macos/Utilities/top-free 2 app(s) found
[2026-09-18T13:54:53.908Z] [DEBUG] RSS ok: hk/macos/Business/top-free entries=100
[2026-09-18T13:55:03.914Z] [DEBUG] Hits: hk/macos/Business/top-free 1 app(s) found
[2026-09-18T13:55:04.774Z] [DEBUG] RSS ok: hk/macos/Productivity/top-free entries=99
[2026-09-18T13:55:14.779Z] [DEBUG] Hits: hk/macos/Productivity/top-free 4 app(s) found
[2026-09-18T13:55:15.628Z] [DEBUG] RSS ok: hk/macos/Utilities/top-free entries=100
[2026-09-18T13:55:25.635Z] [DEBUG] Hits: hk/macos/Utilities/top-free 2 app(s) found
[2026-09-18T13:55:26.502Z] [DEBUG] RSS ok: nz/macos/Business/top-free entries=100
[2026-09-18T13:55:36.509Z] [DEBUG] Hits: nz/macos/Business/top-free 3 app(s) found
[2026-09-18T13:55:37.501Z] [DEBUG] RSS ok: nz/macos/Productivity/top-free entries=99
[2026-09-18T13:55:47.507Z] [DEBUG] Hits: nz/macos/Productivity/top-free 3 app(s) found
[2026-09-18T13:55:48.431Z] [DEBUG] RSS ok: nz/macos/Utilities/top-free entries=100
[2026-09-18T13:55:59.476Z] [DEBUG] RSS ok: sg/macos/Business/top-free entries=100
[2026-09-18T13:56:09.481Z] [DEBUG] Hits: sg/macos/Business/top-free 4 app(s) found
[2026-09-18T13:56:10.171Z] [DEBUG] RSS ok: sg/macos/Productivity/top-free entries=99
[2026-09-18T13:56:20.175Z] [DEBUG] Hits: sg/macos/Productivity/top-free 3 app(s) found
[2026-09-18T13:56:20.175Z] [INFO] RSS progress: 50/60 (50 ok, 0 error, 148 points)
[2026-09-18T13:56:20.985Z] [DEBUG] RSS ok: sg/macos/Utilities/top-free entries=100
[2026-09-18T13:56:30.990Z] [DEBUG] Hits: sg/macos/Utilities/top-free 1 app(s) found
[2026-09-18T13:56:31.889Z] [DEBUG] RSS ok: in/macos/Business/top-free entries=100
[2026-09-18T13:56:41.894Z] [DEBUG] Hits: in/macos/Business/top-free 3 app(s) found
[2026-09-18T13:56:42.718Z] [DEBUG] RSS ok: in/macos/Productivity/top-free entries=99
[2026-09-18T13:56:52.722Z] [DEBUG] Hits: in/macos/Productivity/top-free 4 app(s) found
[2026-09-18T13:56:53.492Z] [DEBUG] RSS ok: in/macos/Utilities/top-free entries=100
[2026-09-18T13:57:04.387Z] [DEBUG] RSS ok: za/macos/Business/top-free entries=100
[2026-09-18T13:57:14.394Z] [DEBUG] Hits: za/macos/Business/top-free 3 app(s) found
[2026-09-18T13:57:15.173Z] [DEBUG] RSS ok: za/macos/Productivity/top-free entries=99
[2026-09-18T13:57:25.180Z] [DEBUG] Hits: za/macos/Productivity/top-free 4 app(s) found
[2026-09-18T13:57:26.186Z] [DEBUG] RSS ok: za/macos/Utilities/top-free entries=100
[2026-09-18T13:57:36.192Z] [DEBUG] Hits: za/macos/Utilities/top-free 1 app(s) found
[2026-09-18T13:57:37.142Z] [DEBUG] RSS ok: br/macos/Business/top-free entries=99
[2026-09-18T13:57:47.148Z] [DEBUG] Hits: br/macos/Business/top-free 3 app(s) found
[2026-09-18T13:57:48.071Z] [DEBUG] RSS ok: br/macos/Productivity/top-free entries=99
[2026-09-18T13:57:58.078Z] [DEBUG] Hits: br/macos/Productivity/top-free 3 app(s) found
[2026-09-18T13:57:58.999Z] [DEBUG] RSS ok: br/macos/Utilities/top-free entries=100
[2026-09-18T13:58:09.006Z] [INFO] RSS progress: 60/60 (60 ok, 0 error, 170 points)
[2026-09-18T13:58:09.006Z] [INFO] RSS fetch done: 60 ok, 0 error, 170 points
[2026-09-18T13:58:09.006Z] [INFO] Platform max returned: macos = 100
[2026-09-18T13:58:09.007Z] [INFO] RSS results: 60 ok, 0 error, 170 rank points
[2026-09-18T13:58:09.039Z] [INFO] Stored: 60 crawls, 170 points
[2026-09-18T13:58:09.060Z] [INFO] current.json written rows=23
[2026-09-18T13:58:09.061Z] [INFO] Current summary: on_chart=170, not_on_chart=290, depth_limited=0, crawl_error=0, total=460
[2026-09-18T13:58:09.061Z] [INFO] === Crawl complete === 653.8s
[2026-09-18T14:32:15.222Z] [INFO] === Crawl start === ts=2026-09-18T14:00:00Z
[2026-09-18T14:32:15.226Z] [INFO] App IDs to track: 23 our=4, competitors=19
[2026-09-18T14:32:15.226Z] [INFO] Config loaded apps=4, platforms=macos, categories=Business,Productivity,Utilities
[2026-09-18T14:32:15.228Z] [INFO] Lookup cached fetched_at=2026-09-18T00:47:13.044Z, 23 apps
[2026-09-18T14:32:15.229Z] [INFO] RSS requests: 60 countries=20, platforms=macos, categories=Business,Productivity,Utilities
[2026-09-18T14:32:15.229Z] [INFO] RSS fetch start: 60 requests, concurrency=1
[2026-09-18T14:32:16.219Z] [DEBUG] RSS ok: us/macos/Business/top-free entries=100
[2026-09-18T14:32:26.223Z] [DEBUG] Hits: us/macos/Business/top-free 4 app(s) found
[2026-09-18T14:32:27.136Z] [DEBUG] RSS ok: us/macos/Productivity/top-free entries=99
[2026-09-18T14:32:37.143Z] [DEBUG] Hits: us/macos/Productivity/top-free 6 app(s) found
[2026-09-18T14:32:37.840Z] [DEBUG] RSS ok: us/macos/Utilities/top-free entries=100
[2026-09-18T14:32:47.846Z] [DEBUG] Hits: us/macos/Utilities/top-free 1 app(s) found
[2026-09-18T14:32:48.586Z] [DEBUG] RSS ok: gb/macos/Business/top-free entries=100
[2026-09-18T14:32:58.593Z] [DEBUG] Hits: gb/macos/Business/top-free 3 app(s) found
[2026-09-18T14:32:59.314Z] [DEBUG] RSS ok: gb/macos/Productivity/top-free entries=99
[2026-09-18T14:33:09.317Z] [DEBUG] Hits: gb/macos/Productivity/top-free 4 app(s) found
[2026-09-18T14:33:10.146Z] [DEBUG] RSS ok: gb/macos/Utilities/top-free entries=100
[2026-09-18T14:33:20.151Z] [DEBUG] Hits: gb/macos/Utilities/top-free 3 app(s) found
[2026-09-18T14:33:21.001Z] [DEBUG] RSS ok: ca/macos/Business/top-free entries=100
[2026-09-18T14:33:31.008Z] [DEBUG] Hits: ca/macos/Business/top-free 4 app(s) found
[2026-09-18T14:33:31.695Z] [DEBUG] RSS ok: ca/macos/Productivity/top-free entries=99
[2026-09-18T14:33:41.698Z] [DEBUG] Hits: ca/macos/Productivity/top-free 4 app(s) found
[2026-09-18T14:33:42.472Z] [DEBUG] RSS ok: ca/macos/Utilities/top-free entries=100
[2026-09-18T14:33:55.033Z] [DEBUG] RSS ok: fr/macos/Business/top-free entries=99
[2026-09-18T14:34:05.040Z] [DEBUG] Hits: fr/macos/Business/top-free 3 app(s) found
[2026-09-18T14:34:05.040Z] [INFO] RSS progress: 10/60 (10 ok, 0 error, 32 points)
[2026-09-18T14:34:07.094Z] [DEBUG] RSS ok: fr/macos/Productivity/top-free entries=99
[2026-09-18T14:34:17.100Z] [DEBUG] Hits: fr/macos/Productivity/top-free 4 app(s) found
[2026-09-18T14:34:17.827Z] [DEBUG] RSS ok: fr/macos/Utilities/top-free entries=100
[2026-09-18T14:34:27.834Z] [DEBUG] Hits: fr/macos/Utilities/top-free 3 app(s) found
[2026-09-18T14:34:28.498Z] [DEBUG] RSS ok: de/macos/Business/top-free entries=99
[2026-09-18T14:34:39.245Z] [DEBUG] RSS ok: de/macos/Productivity/top-free entries=99
[2026-09-18T14:34:49.252Z] [DEBUG] Hits: de/macos/Productivity/top-free 4 app(s) found
[2026-09-18T14:34:50.048Z] [DEBUG] RSS ok: de/macos/Utilities/top-free entries=100
[2026-09-18T14:35:00.055Z] [DEBUG] Hits: de/macos/Utilities/top-free 3 app(s) found
[2026-09-18T14:35:02.625Z] [DEBUG] RSS ok: jp/macos/Business/top-free entries=100
[2026-09-18T14:35:12.631Z] [DEBUG] Hits: jp/macos/Business/top-free 3 app(s) found
[2026-09-18T14:35:13.526Z] [DEBUG] RSS ok: jp/macos/Productivity/top-free entries=99
[2026-09-18T14:35:23.533Z] [DEBUG] Hits: jp/macos/Productivity/top-free 4 app(s) found
[2026-09-18T14:35:24.493Z] [DEBUG] RSS ok: jp/macos/Utilities/top-free entries=100
[2026-09-18T14:35:34.500Z] [DEBUG] Hits: jp/macos/Utilities/top-free 4 app(s) found
[2026-09-18T14:35:35.329Z] [DEBUG] RSS ok: au/macos/Business/top-free entries=100
[2026-09-18T14:35:45.335Z] [DEBUG] Hits: au/macos/Business/top-free 3 app(s) found
[2026-09-18T14:35:46.094Z] [DEBUG] RSS ok: au/macos/Productivity/top-free entries=99
[2026-09-18T14:35:56.098Z] [DEBUG] Hits: au/macos/Productivity/top-free 5 app(s) found
[2026-09-18T14:35:56.099Z] [INFO] RSS progress: 20/60 (20 ok, 0 error, 65 points)
[2026-09-18T14:35:56.904Z] [DEBUG] RSS ok: au/macos/Utilities/top-free entries=100
[2026-09-18T14:36:06.911Z] [DEBUG] Hits: au/macos/Utilities/top-free 1 app(s) found
[2026-09-18T14:36:07.576Z] [DEBUG] RSS ok: es/macos/Business/top-free entries=100
[2026-09-18T14:36:17.583Z] [DEBUG] Hits: es/macos/Business/top-free 3 app(s) found
[2026-09-18T14:36:18.195Z] [DEBUG] RSS ok: es/macos/Productivity/top-free entries=99
[2026-09-18T14:36:28.202Z] [DEBUG] Hits: es/macos/Productivity/top-free 5 app(s) found
[2026-09-18T14:36:29.060Z] [DEBUG] RSS ok: es/macos/Utilities/top-free entries=100
[2026-09-18T14:36:39.066Z] [DEBUG] Hits: es/macos/Utilities/top-free 2 app(s) found
[2026-09-18T14:36:39.880Z] [DEBUG] RSS ok: it/macos/Business/top-free entries=100
[2026-09-18T14:36:49.882Z] [DEBUG] Hits: it/macos/Business/top-free 2 app(s) found
[2026-09-18T14:36:50.844Z] [DEBUG] RSS ok: it/macos/Productivity/top-free entries=99
[2026-09-18T14:37:00.850Z] [DEBUG] Hits: it/macos/Productivity/top-free 5 app(s) found
[2026-09-18T14:37:01.709Z] [DEBUG] RSS ok: it/macos/Utilities/top-free entries=100
[2026-09-18T14:37:11.716Z] [DEBUG] Hits: it/macos/Utilities/top-free 1 app(s) found
[2026-09-18T14:37:12.456Z] [DEBUG] RSS ok: pt/macos/Business/top-free entries=99
[2026-09-18T14:37:22.463Z] [DEBUG] Hits: pt/macos/Business/top-free 3 app(s) found
[2026-09-18T14:37:23.205Z] [DEBUG] RSS ok: pt/macos/Productivity/top-free entries=99
[2026-09-18T14:37:33.211Z] [DEBUG] Hits: pt/macos/Productivity/top-free 4 app(s) found
[2026-09-18T14:37:34.286Z] [DEBUG] RSS ok: pt/macos/Utilities/top-free entries=100
[2026-09-18T14:37:44.292Z] [DEBUG] Hits: pt/macos/Utilities/top-free 1 app(s) found
[2026-09-18T14:37:44.292Z] [INFO] RSS progress: 30/60 (30 ok, 0 error, 92 points)
[2026-09-18T14:37:45.188Z] [DEBUG] RSS ok: ch/macos/Business/top-free entries=100
[2026-09-18T14:37:55.194Z] [DEBUG] Hits: ch/macos/Business/top-free 2 app(s) found
[2026-09-18T14:37:55.941Z] [DEBUG] RSS ok: ch/macos/Productivity/top-free entries=99
[2026-09-18T14:38:05.944Z] [DEBUG] Hits: ch/macos/Productivity/top-free 5 app(s) found
[2026-09-18T14:38:06.736Z] [DEBUG] RSS ok: ch/macos/Utilities/top-free entries=100
[2026-09-18T14:38:16.743Z] [DEBUG] Hits: ch/macos/Utilities/top-free 2 app(s) found
[2026-09-18T14:38:17.407Z] [DEBUG] RSS ok: be/macos/Business/top-free entries=100
[2026-09-18T14:38:27.413Z] [DEBUG] Hits: be/macos/Business/top-free 3 app(s) found
[2026-09-18T14:38:28.404Z] [DEBUG] RSS ok: be/macos/Productivity/top-free entries=99
[2026-09-18T14:38:38.411Z] [DEBUG] Hits: be/macos/Productivity/top-free 5 app(s) found
[2026-09-18T14:38:39.072Z] [DEBUG] RSS ok: be/macos/Utilities/top-free entries=100
[2026-09-18T14:38:49.079Z] [DEBUG] Hits: be/macos/Utilities/top-free 3 app(s) found
[2026-09-18T14:38:50.067Z] [DEBUG] RSS ok: nl/macos/Business/top-free entries=100
[2026-09-18T14:39:00.073Z] [DEBUG] Hits: nl/macos/Business/top-free 1 app(s) found
[2026-09-18T14:39:00.755Z] [DEBUG] RSS ok: nl/macos/Productivity/top-free entries=99
[2026-09-18T14:39:10.764Z] [DEBUG] Hits: nl/macos/Productivity/top-free 5 app(s) found
[2026-09-18T14:39:11.626Z] [DEBUG] RSS ok: nl/macos/Utilities/top-free entries=100
[2026-09-18T14:39:21.632Z] [DEBUG] Hits: nl/macos/Utilities/top-free 1 app(s) found
[2026-09-18T14:39:22.374Z] [DEBUG] RSS ok: tw/macos/Business/top-free entries=100
[2026-09-18T14:39:32.381Z] [DEBUG] Hits: tw/macos/Business/top-free 4 app(s) found
[2026-09-18T14:39:32.381Z] [INFO] RSS progress: 40/60 (40 ok, 0 error, 123 points)
[2026-09-18T14:39:33.558Z] [DEBUG] RSS ok: tw/macos/Productivity/top-free entries=99
[2026-09-18T14:39:43.564Z] [DEBUG] Hits: tw/macos/Productivity/top-free 3 app(s) found
[2026-09-18T14:39:44.211Z] [DEBUG] RSS ok: tw/macos/Utilities/top-free entries=100
[2026-09-18T14:39:54.217Z] [DEBUG] Hits: tw/macos/Utilities/top-free 2 app(s) found
[2026-09-18T14:39:55.044Z] [DEBUG] RSS ok: hk/macos/Business/top-free entries=100
[2026-09-18T14:40:05.051Z] [DEBUG] Hits: hk/macos/Business/top-free 1 app(s) found
[2026-09-18T14:40:05.943Z] [DEBUG] RSS ok: hk/macos/Productivity/top-free entries=99
[2026-09-18T14:40:15.949Z] [DEBUG] Hits: hk/macos/Productivity/top-free 4 app(s) found
[2026-09-18T14:40:16.743Z] [DEBUG] RSS ok: hk/macos/Utilities/top-free entries=100
[2026-09-18T14:40:26.749Z] [DEBUG] Hits: hk/macos/Utilities/top-free 2 app(s) found
[2026-09-18T14:40:27.752Z] [DEBUG] RSS ok: nz/macos/Business/top-free entries=100
[2026-09-18T14:40:37.759Z] [DEBUG] Hits: nz/macos/Business/top-free 3 app(s) found
[2026-09-18T14:40:38.417Z] [DEBUG] RSS ok: nz/macos/Productivity/top-free entries=99
[2026-09-18T14:40:48.423Z] [DEBUG] Hits: nz/macos/Productivity/top-free 3 app(s) found
[2026-09-18T14:40:49.244Z] [DEBUG] RSS ok: nz/macos/Utilities/top-free entries=100
[2026-09-18T14:41:00.136Z] [DEBUG] RSS ok: sg/macos/Business/top-free entries=100
[2026-09-18T14:41:10.142Z] [DEBUG] Hits: sg/macos/Business/top-free 4 app(s) found
[2026-09-18T14:41:11.013Z] [DEBUG] RSS ok: sg/macos/Productivity/top-free entries=99
[2026-09-18T14:41:21.019Z] [DEBUG] Hits: sg/macos/Productivity/top-free 3 app(s) found
[2026-09-18T14:41:21.019Z] [INFO] RSS progress: 50/60 (50 ok, 0 error, 148 points)
[2026-09-18T14:41:21.856Z] [DEBUG] RSS ok: sg/macos/Utilities/top-free entries=100
[2026-09-18T14:41:31.862Z] [DEBUG] Hits: sg/macos/Utilities/top-free 1 app(s) found
[2026-09-18T14:41:32.573Z] [DEBUG] RSS ok: in/macos/Business/top-free entries=100
[2026-09-18T14:41:42.580Z] [DEBUG] Hits: in/macos/Business/top-free 3 app(s) found
[2026-09-18T14:41:43.329Z] [DEBUG] RSS ok: in/macos/Productivity/top-free entries=99
[2026-09-18T14:41:53.336Z] [DEBUG] Hits: in/macos/Productivity/top-free 4 app(s) found
[2026-09-18T14:41:54.096Z] [DEBUG] RSS ok: in/macos/Utilities/top-free entries=100
[2026-09-18T14:42:04.806Z] [DEBUG] RSS ok: za/macos/Business/top-free entries=100
[2026-09-18T14:42:14.812Z] [DEBUG] Hits: za/macos/Business/top-free 3 app(s) found
[2026-09-18T14:42:15.711Z] [DEBUG] RSS ok: za/macos/Productivity/top-free entries=99
[2026-09-18T14:42:25.717Z] [DEBUG] Hits: za/macos/Productivity/top-free 4 app(s) found
[2026-09-18T14:42:26.481Z] [DEBUG] RSS ok: za/macos/Utilities/top-free entries=100
[2026-09-18T14:42:36.488Z] [DEBUG] Hits: za/macos/Utilities/top-free 1 app(s) found
[2026-09-18T14:42:37.540Z] [DEBUG] RSS ok: br/macos/Business/top-free entries=99
[2026-09-18T14:42:47.546Z] [DEBUG] Hits: br/macos/Business/top-free 3 app(s) found
[2026-09-18T14:42:48.346Z] [DEBUG] RSS ok: br/macos/Productivity/top-free entries=99
[2026-09-18T14:42:58.353Z] [DEBUG] Hits: br/macos/Productivity/top-free 3 app(s) found
[2026-09-18T14:42:59.641Z] [DEBUG] RSS ok: br/macos/Utilities/top-free entries=100
[2026-09-18T14:43:09.648Z] [INFO] RSS progress: 60/60 (60 ok, 0 error, 170 points)
[2026-09-18T14:43:09.648Z] [INFO] RSS fetch done: 60 ok, 0 error, 170 points
[2026-09-18T14:43:09.649Z] [INFO] RSS results: 60 ok, 0 error, 170 rank points
[2026-09-18T14:43:09.649Z] [INFO] Platform max returned: macos = 100
[2026-09-18T14:43:09.693Z] [INFO] Stored: 60 crawls, 170 points
[2026-09-18T14:43:09.728Z] [INFO] current.json written rows=23
[2026-09-18T14:43:09.730Z] [INFO] Current summary: on_chart=170, not_on_chart=290, depth_limited=0, crawl_error=0, total=460
[2026-09-18T14:43:09.730Z] [INFO] === Crawl complete === 654.5s
[2026-09-18T14:47:13.588Z] [INFO] === Crawl start === ts=2026-09-18T14:00:00Z
[2026-09-18T14:47:13.593Z] [INFO] App IDs to track: 23 our=4, competitors=19
[2026-09-18T14:47:13.592Z] [INFO] Config loaded apps=4, platforms=macos, categories=Business,Productivity,Utilities
[2026-09-18T14:47:13.594Z] [INFO] Lookup cached fetched_at=2026-09-18T00:47:13.044Z, 23 apps
[2026-09-18T14:47:13.595Z] [INFO] RSS requests: 60 countries=20, platforms=macos, categories=Business,Productivity,Utilities
[2026-09-18T14:47:13.595Z] [INFO] RSS fetch start: 60 requests, concurrency=1
[2026-09-18T14:47:14.523Z] [DEBUG] RSS ok: us/macos/Business/top-free entries=100
[2026-09-18T14:47:24.527Z] [DEBUG] Hits: us/macos/Business/top-free 4 app(s) found
[2026-09-18T14:47:25.258Z] [DEBUG] RSS ok: us/macos/Productivity/top-free entries=99
[2026-09-18T14:47:35.265Z] [DEBUG] Hits: us/macos/Productivity/top-free 6 app(s) found
[2026-09-18T14:47:36.028Z] [DEBUG] RSS ok: us/macos/Utilities/top-free entries=100
[2026-09-18T14:47:46.035Z] [DEBUG] Hits: us/macos/Utilities/top-free 1 app(s) found
[2026-09-18T14:47:46.697Z] [DEBUG] RSS ok: gb/macos/Business/top-free entries=100
[2026-09-18T14:47:56.703Z] [DEBUG] Hits: gb/macos/Business/top-free 3 app(s) found
[2026-09-18T14:47:57.497Z] [DEBUG] RSS ok: gb/macos/Productivity/top-free entries=99
[2026-09-18T14:48:07.503Z] [DEBUG] Hits: gb/macos/Productivity/top-free 4 app(s) found
[2026-09-18T14:48:08.359Z] [DEBUG] RSS ok: gb/macos/Utilities/top-free entries=100
[2026-09-18T14:48:18.366Z] [DEBUG] Hits: gb/macos/Utilities/top-free 3 app(s) found
[2026-09-18T14:48:19.171Z] [DEBUG] RSS ok: ca/macos/Business/top-free entries=100
[2026-09-18T14:48:29.177Z] [DEBUG] Hits: ca/macos/Business/top-free 4 app(s) found
[2026-09-18T14:48:30.311Z] [DEBUG] RSS ok: ca/macos/Productivity/top-free entries=99
[2026-09-18T14:48:40.314Z] [DEBUG] Hits: ca/macos/Productivity/top-free 4 app(s) found
[2026-09-18T14:48:41.048Z] [DEBUG] RSS ok: ca/macos/Utilities/top-free entries=100
[2026-09-18T14:48:51.966Z] [DEBUG] RSS ok: fr/macos/Business/top-free entries=99
[2026-09-18T14:49:01.972Z] [DEBUG] Hits: fr/macos/Business/top-free 3 app(s) found
[2026-09-18T14:49:01.973Z] [INFO] RSS progress: 10/60 (10 ok, 0 error, 32 points)
[2026-09-18T14:49:03.228Z] [DEBUG] RSS ok: fr/macos/Productivity/top-free entries=99
[2026-09-18T14:49:13.232Z] [DEBUG] Hits: fr/macos/Productivity/top-free 4 app(s) found
[2026-09-18T14:49:14.327Z] [DEBUG] RSS ok: fr/macos/Utilities/top-free entries=100
[2026-09-18T14:49:24.333Z] [DEBUG] Hits: fr/macos/Utilities/top-free 3 app(s) found
[2026-09-18T14:49:25.225Z] [DEBUG] RSS ok: de/macos/Business/top-free entries=99
[2026-09-18T14:49:35.934Z] [DEBUG] RSS ok: de/macos/Productivity/top-free entries=99
[2026-09-18T14:49:45.940Z] [DEBUG] Hits: de/macos/Productivity/top-free 4 app(s) found
[2026-09-18T14:49:46.688Z] [DEBUG] RSS ok: de/macos/Utilities/top-free entries=100
[2026-09-18T14:49:56.695Z] [DEBUG] Hits: de/macos/Utilities/top-free 3 app(s) found
[2026-09-18T14:49:57.445Z] [DEBUG] RSS ok: jp/macos/Business/top-free entries=100
[2026-09-18T14:50:07.452Z] [DEBUG] Hits: jp/macos/Business/top-free 3 app(s) found
[2026-09-18T14:50:08.185Z] [DEBUG] RSS ok: jp/macos/Productivity/top-free entries=99
[2026-09-18T14:50:18.191Z] [DEBUG] Hits: jp/macos/Productivity/top-free 4 app(s) found
[2026-09-18T14:50:19.101Z] [DEBUG] RSS ok: jp/macos/Utilities/top-free entries=100
[2026-09-18T14:50:29.108Z] [DEBUG] Hits: jp/macos/Utilities/top-free 4 app(s) found
[2026-09-18T14:50:29.824Z] [DEBUG] RSS ok: au/macos/Business/top-free entries=100
[2026-09-18T14:50:39.830Z] [DEBUG] Hits: au/macos/Business/top-free 3 app(s) found
[2026-09-18T14:50:40.605Z] [DEBUG] RSS ok: au/macos/Productivity/top-free entries=99
[2026-09-18T14:50:50.606Z] [DEBUG] Hits: au/macos/Productivity/top-free 5 app(s) found
[2026-09-18T14:50:50.606Z] [INFO] RSS progress: 20/60 (20 ok, 0 error, 65 points)
[2026-09-18T14:50:51.412Z] [DEBUG] RSS ok: au/macos/Utilities/top-free entries=100
[2026-09-18T14:51:01.418Z] [DEBUG] Hits: au/macos/Utilities/top-free 1 app(s) found
[2026-09-18T14:51:03.179Z] [DEBUG] RSS ok: es/macos/Business/top-free entries=100
[2026-09-18T14:51:13.187Z] [DEBUG] Hits: es/macos/Business/top-free 3 app(s) found
[2026-09-18T14:51:13.889Z] [DEBUG] RSS ok: es/macos/Productivity/top-free entries=99
[2026-09-18T14:51:23.896Z] [DEBUG] Hits: es/macos/Productivity/top-free 5 app(s) found
[2026-09-18T14:51:24.825Z] [DEBUG] RSS ok: es/macos/Utilities/top-free entries=100
[2026-09-18T14:51:34.831Z] [DEBUG] Hits: es/macos/Utilities/top-free 2 app(s) found
[2026-09-18T14:51:35.645Z] [DEBUG] RSS ok: it/macos/Business/top-free entries=100
[2026-09-18T14:51:45.650Z] [DEBUG] Hits: it/macos/Business/top-free 2 app(s) found
[2026-09-18T14:51:46.749Z] [DEBUG] RSS ok: it/macos/Productivity/top-free entries=99
[2026-09-18T14:51:56.754Z] [DEBUG] Hits: it/macos/Productivity/top-free 5 app(s) found
[2026-09-18T14:51:57.589Z] [DEBUG] RSS ok: it/macos/Utilities/top-free entries=100
[2026-09-18T14:52:07.595Z] [DEBUG] Hits: it/macos/Utilities/top-free 1 app(s) found
[2026-09-18T14:52:08.329Z] [DEBUG] RSS ok: pt/macos/Business/top-free entries=99
[2026-09-18T14:52:18.335Z] [DEBUG] Hits: pt/macos/Business/top-free 3 app(s) found
[2026-09-18T14:52:19.186Z] [DEBUG] RSS ok: pt/macos/Productivity/top-free entries=99
[2026-09-18T14:52:29.192Z] [DEBUG] Hits: pt/macos/Productivity/top-free 4 app(s) found
[2026-09-18T14:52:29.990Z] [DEBUG] RSS ok: pt/macos/Utilities/top-free entries=100
[2026-09-18T14:52:39.996Z] [DEBUG] Hits: pt/macos/Utilities/top-free 1 app(s) found
[2026-09-18T14:52:39.997Z] [INFO] RSS progress: 30/60 (30 ok, 0 error, 92 points)
[2026-09-18T14:52:41.070Z] [DEBUG] RSS ok: ch/macos/Business/top-free entries=100
[2026-09-18T14:52:51.076Z] [DEBUG] Hits: ch/macos/Business/top-free 2 app(s) found
[2026-09-18T14:52:52.009Z] [DEBUG] RSS ok: ch/macos/Productivity/top-free entries=99
[2026-09-18T14:53:02.015Z] [DEBUG] Hits: ch/macos/Productivity/top-free 5 app(s) found
[2026-09-18T14:53:03.081Z] [DEBUG] RSS ok: ch/macos/Utilities/top-free entries=100
[2026-09-18T14:53:13.087Z] [DEBUG] Hits: ch/macos/Utilities/top-free 2 app(s) found
[2026-09-18T14:53:13.786Z] [DEBUG] RSS ok: be/macos/Business/top-free entries=100
[2026-09-18T14:53:23.792Z] [DEBUG] Hits: be/macos/Business/top-free 3 app(s) found
[2026-09-18T14:53:24.502Z] [DEBUG] RSS ok: be/macos/Productivity/top-free entries=99
[2026-09-18T14:53:34.508Z] [DEBUG] Hits: be/macos/Productivity/top-free 5 app(s) found
[2026-09-18T14:53:35.298Z] [DEBUG] RSS ok: be/macos/Utilities/top-free entries=100
[2026-09-18T14:53:45.304Z] [DEBUG] Hits: be/macos/Utilities/top-free 3 app(s) found
[2026-09-18T14:53:45.958Z] [DEBUG] RSS ok: nl/macos/Business/top-free entries=100
[2026-09-18T14:53:55.959Z] [DEBUG] Hits: nl/macos/Business/top-free 1 app(s) found
[2026-09-18T14:53:56.683Z] [DEBUG] RSS ok: nl/macos/Productivity/top-free entries=99
[2026-09-18T14:54:06.688Z] [DEBUG] Hits: nl/macos/Productivity/top-free 5 app(s) found
[2026-09-18T14:54:07.627Z] [DEBUG] RSS ok: nl/macos/Utilities/top-free entries=100
[2026-09-18T14:54:17.633Z] [DEBUG] Hits: nl/macos/Utilities/top-free 1 app(s) found
[2026-09-18T14:54:18.408Z] [DEBUG] RSS ok: tw/macos/Business/top-free entries=100
[2026-09-18T14:54:28.414Z] [DEBUG] Hits: tw/macos/Business/top-free 4 app(s) found
[2026-09-18T14:54:28.414Z] [INFO] RSS progress: 40/60 (40 ok, 0 error, 123 points)
[2026-09-18T14:54:29.422Z] [DEBUG] RSS ok: tw/macos/Productivity/top-free entries=99
[2026-09-18T14:54:39.426Z] [DEBUG] Hits: tw/macos/Productivity/top-free 3 app(s) found
[2026-09-18T14:54:40.249Z] [DEBUG] RSS ok: tw/macos/Utilities/top-free entries=100
[2026-09-18T14:54:50.253Z] [DEBUG] Hits: tw/macos/Utilities/top-free 2 app(s) found
[2026-09-18T14:54:51.058Z] [DEBUG] RSS ok: hk/macos/Business/top-free entries=100
[2026-09-18T14:55:01.064Z] [DEBUG] Hits: hk/macos/Business/top-free 1 app(s) found
[2026-09-18T14:55:01.987Z] [DEBUG] RSS ok: hk/macos/Productivity/top-free entries=99
[2026-09-18T14:55:11.993Z] [DEBUG] Hits: hk/macos/Productivity/top-free 4 app(s) found
[2026-09-18T14:55:13.090Z] [DEBUG] RSS ok: hk/macos/Utilities/top-free entries=100
[2026-09-18T14:55:23.096Z] [DEBUG] Hits: hk/macos/Utilities/top-free 2 app(s) found
[2026-09-18T14:55:23.953Z] [DEBUG] RSS ok: nz/macos/Business/top-free entries=100
[2026-09-18T14:55:33.960Z] [DEBUG] Hits: nz/macos/Business/top-free 3 app(s) found
[2026-09-18T14:55:34.758Z] [DEBUG] RSS ok: nz/macos/Productivity/top-free entries=99
[2026-09-18T14:55:44.764Z] [DEBUG] Hits: nz/macos/Productivity/top-free 3 app(s) found
[2026-09-18T14:55:45.599Z] [DEBUG] RSS ok: nz/macos/Utilities/top-free entries=100
[2026-09-18T14:55:56.382Z] [DEBUG] RSS ok: sg/macos/Business/top-free entries=100
[2026-09-18T14:56:06.388Z] [DEBUG] Hits: sg/macos/Business/top-free 4 app(s) found
[2026-09-18T14:56:07.647Z] [DEBUG] RSS ok: sg/macos/Productivity/top-free entries=99
[2026-09-18T14:56:17.653Z] [DEBUG] Hits: sg/macos/Productivity/top-free 3 app(s) found
[2026-09-18T14:56:17.654Z] [INFO] RSS progress: 50/60 (50 ok, 0 error, 148 points)
[2026-09-18T14:56:18.402Z] [DEBUG] RSS ok: sg/macos/Utilities/top-free entries=100
[2026-09-18T14:56:28.409Z] [DEBUG] Hits: sg/macos/Utilities/top-free 1 app(s) found
[2026-09-18T14:56:29.142Z] [DEBUG] RSS ok: in/macos/Business/top-free entries=100
[2026-09-18T14:56:39.148Z] [DEBUG] Hits: in/macos/Business/top-free 3 app(s) found
[2026-09-18T14:56:39.963Z] [DEBUG] RSS ok: in/macos/Productivity/top-free entries=99
[2026-09-18T14:56:49.970Z] [DEBUG] Hits: in/macos/Productivity/top-free 4 app(s) found
[2026-09-18T14:56:50.861Z] [DEBUG] RSS ok: in/macos/Utilities/top-free entries=100
[2026-09-18T14:57:01.779Z] [DEBUG] RSS ok: za/macos/Business/top-free entries=100
[2026-09-18T14:57:11.785Z] [DEBUG] Hits: za/macos/Business/top-free 3 app(s) found
[2026-09-18T14:57:14.888Z] [DEBUG] RSS ok: za/macos/Productivity/top-free entries=99
[2026-09-18T14:57:24.895Z] [DEBUG] Hits: za/macos/Productivity/top-free 4 app(s) found
[2026-09-18T14:57:25.961Z] [DEBUG] RSS ok: za/macos/Utilities/top-free entries=100
[2026-09-18T14:57:35.966Z] [DEBUG] Hits: za/macos/Utilities/top-free 1 app(s) found
[2026-09-18T14:57:36.959Z] [DEBUG] RSS ok: br/macos/Business/top-free entries=99
[2026-09-18T14:57:46.965Z] [DEBUG] Hits: br/macos/Business/top-free 3 app(s) found
[2026-09-18T14:57:49.346Z] [DEBUG] RSS ok: br/macos/Productivity/top-free entries=99
[2026-09-18T14:57:59.352Z] [DEBUG] Hits: br/macos/Productivity/top-free 3 app(s) found
[2026-09-18T14:58:00.196Z] [DEBUG] RSS ok: br/macos/Utilities/top-free entries=100
[2026-09-18T14:58:10.203Z] [INFO] RSS progress: 60/60 (60 ok, 0 error, 170 points)
[2026-09-18T14:58:10.203Z] [INFO] Platform max returned: macos = 100
[2026-09-18T14:58:10.203Z] [INFO] RSS results: 60 ok, 0 error, 170 rank points
[2026-09-18T14:58:10.203Z] [INFO] RSS fetch done: 60 ok, 0 error, 170 points
[2026-09-18T14:58:10.228Z] [INFO] Stored: 60 crawls, 170 points
[2026-09-18T14:58:10.263Z] [INFO] current.json written rows=23
[2026-09-18T14:58:10.264Z] [INFO] Current summary: on_chart=170, not_on_chart=290, depth_limited=0, crawl_error=0, total=460
[2026-09-18T14:58:10.264Z] [INFO] === Crawl complete === 656.7s
[2026-09-18T15:47:13.536Z] [INFO] === Crawl start === ts=2026-09-18T15:00:00Z
[2026-09-18T15:47:13.539Z] [INFO] Config loaded apps=4, platforms=macos, categories=Business,Productivity,Utilities
[2026-09-18T15:47:13.540Z] [INFO] App IDs to track: 23 our=4, competitors=19
[2026-09-18T15:47:13.541Z] [INFO] Lookup cached fetched_at=2026-09-18T00:47:13.044Z, 23 apps
[2026-09-18T15:47:13.541Z] [INFO] RSS requests: 60 countries=20, platforms=macos, categories=Business,Productivity,Utilities
[2026-09-18T15:47:13.541Z] [INFO] RSS fetch start: 60 requests, concurrency=1
[2026-09-18T15:47:14.428Z] [DEBUG] RSS ok: us/macos/Business/top-free entries=100
[2026-09-18T15:47:24.432Z] [DEBUG] Hits: us/macos/Business/top-free 4 app(s) found
[2026-09-18T15:47:25.263Z] [DEBUG] RSS ok: us/macos/Productivity/top-free entries=99
[2026-09-18T15:47:35.270Z] [DEBUG] Hits: us/macos/Productivity/top-free 6 app(s) found
[2026-09-18T15:47:36.055Z] [DEBUG] RSS ok: us/macos/Utilities/top-free entries=100
[2026-09-18T15:47:46.062Z] [DEBUG] Hits: us/macos/Utilities/top-free 1 app(s) found
[2026-09-18T15:47:46.908Z] [DEBUG] RSS ok: gb/macos/Business/top-free entries=100
[2026-09-18T15:47:56.915Z] [DEBUG] Hits: gb/macos/Business/top-free 3 app(s) found
[2026-09-18T15:47:58.070Z] [DEBUG] RSS ok: gb/macos/Productivity/top-free entries=99
[2026-09-18T15:48:08.077Z] [DEBUG] Hits: gb/macos/Productivity/top-free 4 app(s) found
[2026-09-18T15:48:08.947Z] [DEBUG] RSS ok: gb/macos/Utilities/top-free entries=100
[2026-09-18T15:48:18.954Z] [DEBUG] Hits: gb/macos/Utilities/top-free 3 app(s) found
[2026-09-18T15:48:19.846Z] [DEBUG] RSS ok: ca/macos/Business/top-free entries=100
[2026-09-18T15:48:29.852Z] [DEBUG] Hits: ca/macos/Business/top-free 4 app(s) found
[2026-09-18T15:48:30.700Z] [DEBUG] RSS ok: ca/macos/Productivity/top-free entries=99
[2026-09-18T15:48:40.707Z] [DEBUG] Hits: ca/macos/Productivity/top-free 4 app(s) found
[2026-09-18T15:48:41.595Z] [DEBUG] RSS ok: ca/macos/Utilities/top-free entries=100
[2026-09-18T15:48:52.339Z] [DEBUG] RSS ok: fr/macos/Business/top-free entries=99
[2026-09-18T15:49:02.344Z] [DEBUG] Hits: fr/macos/Business/top-free 3 app(s) found
[2026-09-18T15:49:02.344Z] [INFO] RSS progress: 10/60 (10 ok, 0 error, 32 points)
[2026-09-18T15:49:03.076Z] [DEBUG] RSS ok: fr/macos/Productivity/top-free entries=99
[2026-09-18T15:49:13.082Z] [DEBUG] Hits: fr/macos/Productivity/top-free 4 app(s) found
[2026-09-18T15:49:13.865Z] [DEBUG] RSS ok: fr/macos/Utilities/top-free entries=100
[2026-09-18T15:49:23.871Z] [DEBUG] Hits: fr/macos/Utilities/top-free 3 app(s) found
[2026-09-18T15:49:24.995Z] [DEBUG] RSS ok: de/macos/Business/top-free entries=99
[2026-09-18T15:49:35.984Z] [DEBUG] RSS ok: de/macos/Productivity/top-free entries=99
[2026-09-18T15:49:45.991Z] [DEBUG] Hits: de/macos/Productivity/top-free 4 app(s) found
[2026-09-18T15:49:46.942Z] [DEBUG] RSS ok: de/macos/Utilities/top-free entries=100
[2026-09-18T15:49:56.947Z] [DEBUG] Hits: de/macos/Utilities/top-free 3 app(s) found
[2026-09-18T15:49:57.981Z] [DEBUG] RSS ok: jp/macos/Business/top-free entries=100
[2026-09-18T15:50:07.988Z] [DEBUG] Hits: jp/macos/Business/top-free 3 app(s) found
[2026-09-18T15:50:08.732Z] [DEBUG] RSS ok: jp/macos/Productivity/top-free entries=99
[2026-09-18T15:50:18.736Z] [DEBUG] Hits: jp/macos/Productivity/top-free 4 app(s) found
[2026-09-18T15:50:19.436Z] [DEBUG] RSS ok: jp/macos/Utilities/top-free entries=100
[2026-09-18T15:50:29.443Z] [DEBUG] Hits: jp/macos/Utilities/top-free 4 app(s) found
[2026-09-18T15:50:30.254Z] [DEBUG] RSS ok: au/macos/Business/top-free entries=100
[2026-09-18T15:50:40.260Z] [DEBUG] Hits: au/macos/Business/top-free 3 app(s) found
[2026-09-18T15:50:41.072Z] [DEBUG] RSS ok: au/macos/Productivity/top-free entries=99
[2026-09-18T15:50:51.078Z] [DEBUG] Hits: au/macos/Productivity/top-free 5 app(s) found
[2026-09-18T15:50:51.078Z] [INFO] RSS progress: 20/60 (20 ok, 0 error, 65 points)
[2026-09-18T15:50:51.879Z] [DEBUG] RSS ok: au/macos/Utilities/top-free entries=100
[2026-09-18T15:51:01.885Z] [DEBUG] Hits: au/macos/Utilities/top-free 1 app(s) found
[2026-09-18T15:51:02.956Z] [DEBUG] RSS ok: es/macos/Business/top-free entries=100
[2026-09-18T15:51:12.961Z] [DEBUG] Hits: es/macos/Business/top-free 3 app(s) found
[2026-09-18T15:51:13.676Z] [DEBUG] RSS ok: es/macos/Productivity/top-free entries=99
[2026-09-18T15:51:23.682Z] [DEBUG] Hits: es/macos/Productivity/top-free 5 app(s) found
[2026-09-18T15:51:24.620Z] [DEBUG] RSS ok: es/macos/Utilities/top-free entries=100
[2026-09-18T15:51:34.626Z] [DEBUG] Hits: es/macos/Utilities/top-free 2 app(s) found
[2026-09-18T15:51:35.490Z] [DEBUG] RSS ok: it/macos/Business/top-free entries=100
[2026-09-18T15:51:45.496Z] [DEBUG] Hits: it/macos/Business/top-free 2 app(s) found
[2026-09-18T15:51:46.468Z] [DEBUG] RSS ok: it/macos/Productivity/top-free entries=99
[2026-09-18T15:51:56.473Z] [DEBUG] Hits: it/macos/Productivity/top-free 5 app(s) found
[2026-09-18T15:51:57.354Z] [DEBUG] RSS ok: it/macos/Utilities/top-free entries=100
[2026-09-18T15:52:07.359Z] [DEBUG] Hits: it/macos/Utilities/top-free 1 app(s) found
[2026-09-18T15:52:08.441Z] [DEBUG] RSS ok: pt/macos/Business/top-free entries=99
[2026-09-18T15:52:18.447Z] [DEBUG] Hits: pt/macos/Business/top-free 3 app(s) found
[2026-09-18T15:52:19.382Z] [DEBUG] RSS ok: pt/macos/Productivity/top-free entries=99
[2026-09-18T15:52:29.388Z] [DEBUG] Hits: pt/macos/Productivity/top-free 4 app(s) found
[2026-09-18T15:52:30.128Z] [DEBUG] RSS ok: pt/macos/Utilities/top-free entries=100
[2026-09-18T15:52:40.129Z] [DEBUG] Hits: pt/macos/Utilities/top-free 1 app(s) found
[2026-09-18T15:52:40.129Z] [INFO] RSS progress: 30/60 (30 ok, 0 error, 92 points)
[2026-09-18T15:52:41.043Z] [DEBUG] RSS ok: ch/macos/Business/top-free entries=100
[2026-09-18T15:52:51.050Z] [DEBUG] Hits: ch/macos/Business/top-free 2 app(s) found
[2026-09-18T15:52:51.972Z] [DEBUG] RSS ok: ch/macos/Productivity/top-free entries=99
[2026-09-18T15:53:01.979Z] [DEBUG] Hits: ch/macos/Productivity/top-free 5 app(s) found
[2026-09-18T15:53:02.954Z] [DEBUG] RSS ok: ch/macos/Utilities/top-free entries=100
[2026-09-18T15:53:12.960Z] [DEBUG] Hits: ch/macos/Utilities/top-free 2 app(s) found
[2026-09-18T15:53:13.785Z] [DEBUG] RSS ok: be/macos/Business/top-free entries=100
[2026-09-18T15:53:23.791Z] [DEBUG] Hits: be/macos/Business/top-free 3 app(s) found
[2026-09-18T15:53:24.664Z] [DEBUG] RSS ok: be/macos/Productivity/top-free entries=99
[2026-09-18T15:53:34.671Z] [DEBUG] Hits: be/macos/Productivity/top-free 5 app(s) found
[2026-09-18T15:53:35.693Z] [DEBUG] RSS ok: be/macos/Utilities/top-free entries=100
[2026-09-18T15:53:45.698Z] [DEBUG] Hits: be/macos/Utilities/top-free 3 app(s) found
[2026-09-18T15:53:46.544Z] [DEBUG] RSS ok: nl/macos/Business/top-free entries=100
[2026-09-18T15:53:56.550Z] [DEBUG] Hits: nl/macos/Business/top-free 1 app(s) found
[2026-09-18T15:53:57.393Z] [DEBUG] RSS ok: nl/macos/Productivity/top-free entries=99
[2026-09-18T15:54:07.399Z] [DEBUG] Hits: nl/macos/Productivity/top-free 5 app(s) found
[2026-09-18T15:54:08.294Z] [DEBUG] RSS ok: nl/macos/Utilities/top-free entries=100
[2026-09-18T15:54:18.296Z] [DEBUG] Hits: nl/macos/Utilities/top-free 1 app(s) found
[2026-09-18T15:54:19.179Z] [DEBUG] RSS ok: tw/macos/Business/top-free entries=100
[2026-09-18T15:54:29.185Z] [DEBUG] Hits: tw/macos/Business/top-free 4 app(s) found
[2026-09-18T15:54:29.185Z] [INFO] RSS progress: 40/60 (40 ok, 0 error, 123 points)
[2026-09-18T15:54:29.924Z] [DEBUG] RSS ok: tw/macos/Productivity/top-free entries=99
[2026-09-18T15:54:39.930Z] [DEBUG] Hits: tw/macos/Productivity/top-free 3 app(s) found
[2026-09-18T15:54:40.798Z] [DEBUG] RSS ok: tw/macos/Utilities/top-free entries=100
[2026-09-18T15:54:50.800Z] [DEBUG] Hits: tw/macos/Utilities/top-free 2 app(s) found
[2026-09-18T15:54:51.703Z] [DEBUG] RSS ok: hk/macos/Business/top-free entries=100
[2026-09-18T15:55:01.709Z] [DEBUG] Hits: hk/macos/Business/top-free 1 app(s) found
[2026-09-18T15:55:02.698Z] [DEBUG] RSS ok: hk/macos/Productivity/top-free entries=99
[2026-09-18T15:55:12.704Z] [DEBUG] Hits: hk/macos/Productivity/top-free 4 app(s) found
[2026-09-18T15:55:13.504Z] [DEBUG] RSS ok: hk/macos/Utilities/top-free entries=100
[2026-09-18T15:55:23.504Z] [DEBUG] Hits: hk/macos/Utilities/top-free 2 app(s) found
[2026-09-18T15:55:24.458Z] [DEBUG] RSS ok: nz/macos/Business/top-free entries=100
[2026-09-18T15:55:34.464Z] [DEBUG] Hits: nz/macos/Business/top-free 3 app(s) found
[2026-09-18T15:55:35.456Z] [DEBUG] RSS ok: nz/macos/Productivity/top-free entries=99
[2026-09-18T15:55:45.462Z] [DEBUG] Hits: nz/macos/Productivity/top-free 3 app(s) found
[2026-09-18T15:55:46.364Z] [DEBUG] RSS ok: nz/macos/Utilities/top-free entries=100
[2026-09-18T15:55:57.365Z] [DEBUG] RSS ok: sg/macos/Business/top-free entries=100
[2026-09-18T15:56:07.372Z] [DEBUG] Hits: sg/macos/Business/top-free 4 app(s) found
[2026-09-18T15:56:08.499Z] [DEBUG] RSS ok: sg/macos/Productivity/top-free entries=99
[2026-09-18T15:56:18.505Z] [DEBUG] Hits: sg/macos/Productivity/top-free 3 app(s) found
[2026-09-18T15:56:18.505Z] [INFO] RSS progress: 50/60 (50 ok, 0 error, 148 points)
[2026-09-18T15:56:19.423Z] [DEBUG] RSS ok: sg/macos/Utilities/top-free entries=100
[2026-09-18T15:56:29.430Z] [DEBUG] Hits: sg/macos/Utilities/top-free 1 app(s) found
[2026-09-18T15:56:30.363Z] [DEBUG] RSS ok: in/macos/Business/top-free entries=100
[2026-09-18T15:56:40.368Z] [DEBUG] Hits: in/macos/Business/top-free 3 app(s) found
[2026-09-18T15:56:41.108Z] [DEBUG] RSS ok: in/macos/Productivity/top-free entries=99
[2026-09-18T15:56:51.114Z] [DEBUG] Hits: in/macos/Productivity/top-free 4 app(s) found
[2026-09-18T15:56:52.056Z] [DEBUG] RSS ok: in/macos/Utilities/top-free entries=100
[2026-09-18T15:57:02.906Z] [DEBUG] RSS ok: za/macos/Business/top-free entries=100
[2026-09-18T15:57:12.913Z] [DEBUG] Hits: za/macos/Business/top-free 3 app(s) found
[2026-09-18T15:57:13.655Z] [DEBUG] RSS ok: za/macos/Productivity/top-free entries=99
[2026-09-18T15:57:23.661Z] [DEBUG] Hits: za/macos/Productivity/top-free 4 app(s) found
[2026-09-18T15:57:24.734Z] [DEBUG] RSS ok: za/macos/Utilities/top-free entries=100
[2026-09-18T15:57:34.740Z] [DEBUG] Hits: za/macos/Utilities/top-free 1 app(s) found
[2026-09-18T15:57:35.506Z] [DEBUG] RSS ok: br/macos/Business/top-free entries=99
[2026-09-18T15:57:45.513Z] [DEBUG] Hits: br/macos/Business/top-free 3 app(s) found
[2026-09-18T15:57:46.553Z] [DEBUG] RSS ok: br/macos/Productivity/top-free entries=99
[2026-09-18T15:57:56.559Z] [DEBUG] Hits: br/macos/Productivity/top-free 3 app(s) found
[2026-09-18T15:57:57.486Z] [DEBUG] RSS ok: br/macos/Utilities/top-free entries=100
[2026-09-18T15:58:07.488Z] [INFO] RSS progress: 60/60 (60 ok, 0 error, 170 points)
[2026-09-18T15:58:07.489Z] [INFO] RSS fetch done: 60 ok, 0 error, 170 points
[2026-09-18T15:58:07.489Z] [INFO] Platform max returned: macos = 100
[2026-09-18T15:58:07.489Z] [INFO] RSS results: 60 ok, 0 error, 170 rank points
[2026-09-18T15:58:07.507Z] [INFO] Stored: 60 crawls, 170 points
[2026-09-18T15:58:07.526Z] [INFO] current.json written rows=23
[2026-09-18T15:58:07.527Z] [INFO] Current summary: on_chart=170, not_on_chart=290, depth_limited=0, crawl_error=0, total=460
[2026-09-18T15:58:07.527Z] [INFO] === Crawl complete === 654.0s
[2026-09-18T16:47:16.446Z] [INFO] === Crawl start === ts=2026-09-18T16:00:00Z
[2026-09-18T16:47:16.450Z] [INFO] Config loaded apps=4, platforms=macos, categories=Business,Productivity,Utilities
[2026-09-18T16:47:16.450Z] [INFO] App IDs to track: 23 our=4, competitors=19
[2026-09-18T16:47:16.451Z] [INFO] Lookup cached fetched_at=2026-09-18T00:47:13.044Z, 23 apps
[2026-09-18T16:47:16.452Z] [INFO] RSS requests: 60 countries=20, platforms=macos, categories=Business,Productivity,Utilities
[2026-09-18T16:47:16.452Z] [INFO] RSS fetch start: 60 requests, concurrency=1
[2026-09-18T16:47:17.541Z] [DEBUG] RSS ok: us/macos/Business/top-free entries=100
[2026-09-18T16:47:27.544Z] [DEBUG] Hits: us/macos/Business/top-free 4 app(s) found
[2026-09-18T16:47:28.481Z] [DEBUG] RSS ok: us/macos/Productivity/top-free entries=99
[2026-09-18T16:47:38.488Z] [DEBUG] Hits: us/macos/Productivity/top-free 6 app(s) found
[2026-09-18T16:47:39.450Z] [DEBUG] RSS ok: us/macos/Utilities/top-free entries=100
[2026-09-18T16:47:49.456Z] [DEBUG] Hits: us/macos/Utilities/top-free 1 app(s) found
[2026-09-18T16:47:50.223Z] [DEBUG] RSS ok: gb/macos/Business/top-free entries=100
[2026-09-18T16:48:00.229Z] [DEBUG] Hits: gb/macos/Business/top-free 3 app(s) found
[2026-09-18T16:48:01.208Z] [DEBUG] RSS ok: gb/macos/Productivity/top-free entries=99
[2026-09-18T16:48:11.214Z] [DEBUG] Hits: gb/macos/Productivity/top-free 4 app(s) found
[2026-09-18T16:48:11.982Z] [DEBUG] RSS ok: gb/macos/Utilities/top-free entries=99
[2026-09-18T16:48:21.985Z] [DEBUG] Hits: gb/macos/Utilities/top-free 3 app(s) found
[2026-09-18T16:48:22.806Z] [DEBUG] RSS ok: ca/macos/Business/top-free entries=100
[2026-09-18T16:48:32.811Z] [DEBUG] Hits: ca/macos/Business/top-free 4 app(s) found
[2026-09-18T16:48:33.647Z] [DEBUG] RSS ok: ca/macos/Productivity/top-free entries=99
[2026-09-18T16:48:43.653Z] [DEBUG] Hits: ca/macos/Productivity/top-free 5 app(s) found
[2026-09-18T16:48:44.602Z] [DEBUG] RSS ok: ca/macos/Utilities/top-free entries=99
[2026-09-18T16:48:55.477Z] [DEBUG] RSS ok: fr/macos/Business/top-free entries=99
[2026-09-18T16:49:05.482Z] [DEBUG] Hits: fr/macos/Business/top-free 3 app(s) found
[2026-09-18T16:49:05.482Z] [INFO] RSS progress: 10/60 (10 ok, 0 error, 33 points)
[2026-09-18T16:49:06.323Z] [DEBUG] RSS ok: fr/macos/Productivity/top-free entries=99
[2026-09-18T16:49:16.329Z] [DEBUG] Hits: fr/macos/Productivity/top-free 4 app(s) found
[2026-09-18T16:49:17.081Z] [DEBUG] RSS ok: fr/macos/Utilities/top-free entries=99
[2026-09-18T16:49:27.087Z] [DEBUG] Hits: fr/macos/Utilities/top-free 2 app(s) found
[2026-09-18T16:49:28.054Z] [DEBUG] RSS ok: de/macos/Business/top-free entries=99
[2026-09-18T16:49:38.061Z] [DEBUG] Hits: de/macos/Business/top-free 1 app(s) found
[2026-09-18T16:49:38.956Z] [DEBUG] RSS ok: de/macos/Productivity/top-free entries=99
[2026-09-18T16:49:48.963Z] [DEBUG] Hits: de/macos/Productivity/top-free 4 app(s) found
[2026-09-18T16:49:49.871Z] [DEBUG] RSS ok: de/macos/Utilities/top-free entries=99
[2026-09-18T16:49:59.878Z] [DEBUG] Hits: de/macos/Utilities/top-free 3 app(s) found
[2026-09-18T16:50:00.748Z] [DEBUG] RSS ok: jp/macos/Business/top-free entries=100
[2026-09-18T16:50:10.753Z] [DEBUG] Hits: jp/macos/Business/top-free 3 app(s) found
[2026-09-18T16:50:11.566Z] [DEBUG] RSS ok: jp/macos/Productivity/top-free entries=99
[2026-09-18T16:50:21.572Z] [DEBUG] Hits: jp/macos/Productivity/top-free 4 app(s) found
[2026-09-18T16:50:22.353Z] [DEBUG] RSS ok: jp/macos/Utilities/top-free entries=99
[2026-09-18T16:50:32.359Z] [DEBUG] Hits: jp/macos/Utilities/top-free 4 app(s) found
[2026-09-18T16:50:33.194Z] [DEBUG] RSS ok: au/macos/Business/top-free entries=100
[2026-09-18T16:50:43.200Z] [DEBUG] Hits: au/macos/Business/top-free 3 app(s) found
[2026-09-18T16:50:44.247Z] [DEBUG] RSS ok: au/macos/Productivity/top-free entries=99
[2026-09-18T16:50:54.254Z] [DEBUG] Hits: au/macos/Productivity/top-free 5 app(s) found
[2026-09-18T16:50:54.254Z] [INFO] RSS progress: 20/60 (20 ok, 0 error, 66 points)
[2026-09-18T16:50:55.157Z] [DEBUG] RSS ok: au/macos/Utilities/top-free entries=99
[2026-09-18T16:51:05.164Z] [DEBUG] Hits: au/macos/Utilities/top-free 1 app(s) found
[2026-09-18T16:51:05.924Z] [DEBUG] RSS ok: es/macos/Business/top-free entries=100
[2026-09-18T16:51:15.930Z] [DEBUG] Hits: es/macos/Business/top-free 3 app(s) found
[2026-09-18T16:51:16.669Z] [DEBUG] RSS ok: es/macos/Productivity/top-free entries=99
[2026-09-18T16:51:26.675Z] [DEBUG] Hits: es/macos/Productivity/top-free 5 app(s) found
[2026-09-18T16:51:27.572Z] [DEBUG] RSS ok: es/macos/Utilities/top-free entries=99
[2026-09-18T16:51:37.578Z] [DEBUG] Hits: es/macos/Utilities/top-free 3 app(s) found
[2026-09-18T16:51:38.450Z] [DEBUG] RSS ok: it/macos/Business/top-free entries=99
[2026-09-18T16:51:48.456Z] [DEBUG] Hits: it/macos/Business/top-free 2 app(s) found
[2026-09-18T16:51:49.177Z] [DEBUG] RSS ok: it/macos/Productivity/top-free entries=99
[2026-09-18T16:51:59.183Z] [DEBUG] Hits: it/macos/Productivity/top-free 4 app(s) found
[2026-09-18T16:52:00.042Z] [DEBUG] RSS ok: it/macos/Utilities/top-free entries=99
[2026-09-18T16:52:10.048Z] [DEBUG] Hits: it/macos/Utilities/top-free 1 app(s) found
[2026-09-18T16:52:10.935Z] [DEBUG] RSS ok: pt/macos/Business/top-free entries=99
[2026-09-18T16:52:20.942Z] [DEBUG] Hits: pt/macos/Business/top-free 3 app(s) found
[2026-09-18T16:52:21.867Z] [DEBUG] RSS ok: pt/macos/Productivity/top-free entries=99
[2026-09-18T16:52:31.873Z] [DEBUG] Hits: pt/macos/Productivity/top-free 4 app(s) found
[2026-09-18T16:52:32.627Z] [DEBUG] RSS ok: pt/macos/Utilities/top-free entries=99
[2026-09-18T16:52:42.633Z] [DEBUG] Hits: pt/macos/Utilities/top-free 1 app(s) found
[2026-09-18T16:52:42.634Z] [INFO] RSS progress: 30/60 (30 ok, 0 error, 93 points)
[2026-09-18T16:52:43.531Z] [DEBUG] RSS ok: ch/macos/Business/top-free entries=100
[2026-09-18T16:52:53.537Z] [DEBUG] Hits: ch/macos/Business/top-free 2 app(s) found
[2026-09-18T16:52:54.282Z] [DEBUG] RSS ok: ch/macos/Productivity/top-free entries=99
[2026-09-18T16:53:04.285Z] [DEBUG] Hits: ch/macos/Productivity/top-free 5 app(s) found
[2026-09-18T16:53:05.122Z] [DEBUG] RSS ok: ch/macos/Utilities/top-free entries=99
[2026-09-18T16:53:15.128Z] [DEBUG] Hits: ch/macos/Utilities/top-free 2 app(s) found
[2026-09-18T16:53:16.482Z] [DEBUG] RSS ok: be/macos/Business/top-free entries=100
[2026-09-18T16:53:26.489Z] [DEBUG] Hits: be/macos/Business/top-free 3 app(s) found
[2026-09-18T16:53:27.228Z] [DEBUG] RSS ok: be/macos/Productivity/top-free entries=99
[2026-09-18T16:53:37.234Z] [DEBUG] Hits: be/macos/Productivity/top-free 4 app(s) found
[2026-09-18T16:53:38.186Z] [DEBUG] RSS ok: be/macos/Utilities/top-free entries=99
[2026-09-18T16:53:48.192Z] [DEBUG] Hits: be/macos/Utilities/top-free 2 app(s) found
[2026-09-18T16:53:48.897Z] [DEBUG] RSS ok: nl/macos/Business/top-free entries=100
[2026-09-18T16:53:58.902Z] [DEBUG] Hits: nl/macos/Business/top-free 1 app(s) found
[2026-09-18T16:53:59.664Z] [DEBUG] RSS ok: nl/macos/Productivity/top-free entries=99
[2026-09-18T16:54:09.671Z] [DEBUG] Hits: nl/macos/Productivity/top-free 4 app(s) found
[2026-09-18T16:54:10.441Z] [DEBUG] RSS ok: nl/macos/Utilities/top-free entries=99
[2026-09-18T16:54:20.447Z] [DEBUG] Hits: nl/macos/Utilities/top-free 2 app(s) found
[2026-09-18T16:54:21.181Z] [DEBUG] RSS ok: tw/macos/Business/top-free entries=100
[2026-09-18T16:54:31.187Z] [DEBUG] Hits: tw/macos/Business/top-free 4 app(s) found
[2026-09-18T16:54:31.187Z] [INFO] RSS progress: 40/60 (40 ok, 0 error, 122 points)
[2026-09-18T16:54:32.087Z] [DEBUG] RSS ok: tw/macos/Productivity/top-free entries=99
[2026-09-18T16:54:42.093Z] [DEBUG] Hits: tw/macos/Productivity/top-free 3 app(s) found
[2026-09-18T16:54:42.938Z] [DEBUG] RSS ok: tw/macos/Utilities/top-free entries=99
[2026-09-18T16:54:52.945Z] [DEBUG] Hits: tw/macos/Utilities/top-free 1 app(s) found
[2026-09-18T16:54:53.734Z] [DEBUG] RSS ok: hk/macos/Business/top-free entries=100
[2026-09-18T16:55:03.740Z] [DEBUG] Hits: hk/macos/Business/top-free 1 app(s) found
[2026-09-18T16:55:04.492Z] [DEBUG] RSS ok: hk/macos/Productivity/top-free entries=99
[2026-09-18T16:55:14.498Z] [DEBUG] Hits: hk/macos/Productivity/top-free 3 app(s) found
[2026-09-18T16:55:15.374Z] [DEBUG] RSS ok: hk/macos/Utilities/top-free entries=99
[2026-09-18T16:55:25.380Z] [DEBUG] Hits: hk/macos/Utilities/top-free 2 app(s) found
[2026-09-18T16:55:26.219Z] [DEBUG] RSS ok: nz/macos/Business/top-free entries=100
[2026-09-18T16:55:36.225Z] [DEBUG] Hits: nz/macos/Business/top-free 3 app(s) found
[2026-09-18T16:55:36.979Z] [DEBUG] RSS ok: nz/macos/Productivity/top-free entries=99
[2026-09-18T16:55:46.986Z] [DEBUG] Hits: nz/macos/Productivity/top-free 3 app(s) found
[2026-09-18T16:55:47.963Z] [DEBUG] RSS ok: nz/macos/Utilities/top-free entries=99
[2026-09-18T16:56:00.392Z] [DEBUG] RSS ok: sg/macos/Business/top-free entries=100
[2026-09-18T16:56:10.398Z] [DEBUG] Hits: sg/macos/Business/top-free 4 app(s) found
[2026-09-18T16:56:11.128Z] [DEBUG] RSS ok: sg/macos/Productivity/top-free entries=99
[2026-09-18T16:56:21.134Z] [INFO] RSS progress: 50/60 (50 ok, 0 error, 145 points)
[2026-09-18T16:56:21.134Z] [DEBUG] Hits: sg/macos/Productivity/top-free 3 app(s) found
[2026-09-18T16:56:21.858Z] [DEBUG] RSS ok: sg/macos/Utilities/top-free entries=99
[2026-09-18T16:56:31.864Z] [DEBUG] Hits: sg/macos/Utilities/top-free 2 app(s) found
[2026-09-18T16:56:32.818Z] [DEBUG] RSS ok: in/macos/Business/top-free entries=100
[2026-09-18T16:56:42.824Z] [DEBUG] Hits: in/macos/Business/top-free 3 app(s) found
[2026-09-18T16:56:43.573Z] [DEBUG] RSS ok: in/macos/Productivity/top-free entries=99
[2026-09-18T16:56:53.580Z] [DEBUG] Hits: in/macos/Productivity/top-free 4 app(s) found
[2026-09-18T16:56:54.331Z] [DEBUG] RSS ok: in/macos/Utilities/top-free entries=99
[2026-09-18T16:57:05.068Z] [DEBUG] RSS ok: za/macos/Business/top-free entries=100
[2026-09-18T16:57:15.073Z] [DEBUG] Hits: za/macos/Business/top-free 3 app(s) found
[2026-09-18T16:57:16.219Z] [DEBUG] RSS ok: za/macos/Productivity/top-free entries=99
[2026-09-18T16:57:26.225Z] [DEBUG] Hits: za/macos/Productivity/top-free 4 app(s) found
[2026-09-18T16:57:27.103Z] [DEBUG] RSS ok: za/macos/Utilities/top-free entries=99
[2026-09-18T16:57:37.109Z] [DEBUG] Hits: za/macos/Utilities/top-free 1 app(s) found
[2026-09-18T16:57:38.347Z] [DEBUG] RSS ok: br/macos/Business/top-free entries=99
[2026-09-18T16:57:48.353Z] [DEBUG] Hits: br/macos/Business/top-free 3 app(s) found
[2026-09-18T16:57:49.167Z] [DEBUG] RSS ok: br/macos/Productivity/top-free entries=99
[2026-09-18T16:57:59.169Z] [DEBUG] Hits: br/macos/Productivity/top-free 4 app(s) found
[2026-09-18T16:57:59.998Z] [DEBUG] RSS ok: br/macos/Utilities/top-free entries=99
[2026-09-18T16:58:10.004Z] [DEBUG] Hits: br/macos/Utilities/top-free 1 app(s) found
[2026-09-18T16:58:10.004Z] [INFO] RSS progress: 60/60 (60 ok, 0 error, 170 points)
[2026-09-18T16:58:10.004Z] [INFO] RSS fetch done: 60 ok, 0 error, 170 points
[2026-09-18T16:58:10.004Z] [INFO] Platform max returned: macos = 100
[2026-09-18T16:58:10.004Z] [INFO] RSS results: 60 ok, 0 error, 170 rank points
[2026-09-18T16:58:10.029Z] [INFO] Stored: 60 crawls, 170 points
[2026-09-18T16:58:10.054Z] [INFO] current.json written rows=23
[2026-09-18T16:58:10.055Z] [INFO] Current summary: on_chart=170, not_on_chart=290, depth_limited=0, crawl_error=0, total=460
[2026-09-18T16:58:10.055Z] [INFO] === Crawl complete === 653.6s
[2026-09-18T17:47:16.134Z] [INFO] === Crawl start === ts=2026-09-18T17:00:00Z
[2026-09-18T17:47:16.138Z] [INFO] Config loaded apps=4, platforms=macos, categories=Business,Productivity,Utilities
[2026-09-18T17:47:16.139Z] [INFO] App IDs to track: 23 our=4, competitors=19
[2026-09-18T17:47:16.140Z] [INFO] Lookup cached fetched_at=2026-09-18T00:47:13.044Z, 23 apps
[2026-09-18T17:47:16.141Z] [INFO] RSS requests: 60 countries=20, platforms=macos, categories=Business,Productivity,Utilities
[2026-09-18T17:47:16.141Z] [INFO] RSS fetch start: 60 requests, concurrency=1
[2026-09-18T17:47:17.138Z] [DEBUG] RSS ok: us/macos/Business/top-free entries=100
[2026-09-18T17:47:27.142Z] [DEBUG] Hits: us/macos/Business/top-free 4 app(s) found
[2026-09-18T17:47:27.854Z] [DEBUG] RSS ok: us/macos/Productivity/top-free entries=99
[2026-09-18T17:47:37.861Z] [DEBUG] Hits: us/macos/Productivity/top-free 6 app(s) found
[2026-09-18T17:47:38.678Z] [DEBUG] RSS ok: us/macos/Utilities/top-free entries=100
[2026-09-18T17:47:48.685Z] [DEBUG] Hits: us/macos/Utilities/top-free 1 app(s) found
[2026-09-18T17:47:49.542Z] [DEBUG] RSS ok: gb/macos/Business/top-free entries=100
[2026-09-18T17:47:59.549Z] [DEBUG] Hits: gb/macos/Business/top-free 3 app(s) found
[2026-09-18T17:48:00.323Z] [DEBUG] RSS ok: gb/macos/Productivity/top-free entries=99
[2026-09-18T17:48:10.329Z] [DEBUG] Hits: gb/macos/Productivity/top-free 4 app(s) found
[2026-09-18T17:48:11.211Z] [DEBUG] RSS ok: gb/macos/Utilities/top-free entries=99
[2026-09-18T17:48:21.217Z] [DEBUG] Hits: gb/macos/Utilities/top-free 3 app(s) found
[2026-09-18T17:48:22.164Z] [DEBUG] RSS ok: ca/macos/Business/top-free entries=100
[2026-09-18T17:48:32.171Z] [DEBUG] Hits: ca/macos/Business/top-free 4 app(s) found
[2026-09-18T17:48:33.057Z] [DEBUG] RSS ok: ca/macos/Productivity/top-free entries=99
[2026-09-18T17:48:43.059Z] [DEBUG] Hits: ca/macos/Productivity/top-free 5 app(s) found
[2026-09-18T17:48:44.065Z] [DEBUG] RSS ok: ca/macos/Utilities/top-free entries=99
[2026-09-18T17:48:55.055Z] [DEBUG] RSS ok: fr/macos/Business/top-free entries=99
[2026-09-18T17:49:05.057Z] [DEBUG] Hits: fr/macos/Business/top-free 3 app(s) found
[2026-09-18T17:49:05.057Z] [INFO] RSS progress: 10/60 (10 ok, 0 error, 33 points)
[2026-09-18T17:49:06.417Z] [DEBUG] RSS ok: fr/macos/Productivity/top-free entries=99
[2026-09-18T17:49:16.422Z] [DEBUG] Hits: fr/macos/Productivity/top-free 4 app(s) found
[2026-09-18T17:49:17.938Z] [DEBUG] RSS ok: fr/macos/Utilities/top-free entries=99
[2026-09-18T17:49:27.944Z] [DEBUG] Hits: fr/macos/Utilities/top-free 2 app(s) found
[2026-09-18T17:49:28.792Z] [DEBUG] RSS ok: de/macos/Business/top-free entries=99
[2026-09-18T17:49:38.799Z] [DEBUG] Hits: de/macos/Business/top-free 1 app(s) found
[2026-09-18T17:49:39.499Z] [DEBUG] RSS ok: de/macos/Productivity/top-free entries=99
[2026-09-18T17:49:49.506Z] [DEBUG] Hits: de/macos/Productivity/top-free 4 app(s) found
[2026-09-18T17:49:50.434Z] [DEBUG] RSS ok: de/macos/Utilities/top-free entries=99
[2026-09-18T17:50:00.440Z] [DEBUG] Hits: de/macos/Utilities/top-free 3 app(s) found
[2026-09-18T17:50:01.372Z] [DEBUG] RSS ok: jp/macos/Business/top-free entries=100
[2026-09-18T17:50:11.378Z] [DEBUG] Hits: jp/macos/Business/top-free 3 app(s) found
[2026-09-18T17:50:12.197Z] [DEBUG] RSS ok: jp/macos/Productivity/top-free entries=99
[2026-09-18T17:50:22.204Z] [DEBUG] Hits: jp/macos/Productivity/top-free 4 app(s) found
[2026-09-18T17:50:23.111Z] [DEBUG] RSS ok: jp/macos/Utilities/top-free entries=99
[2026-09-18T17:50:33.111Z] [DEBUG] Hits: jp/macos/Utilities/top-free 4 app(s) found
[2026-09-18T17:50:34.050Z] [DEBUG] RSS ok: au/macos/Business/top-free entries=100
[2026-09-18T17:50:44.056Z] [DEBUG] Hits: au/macos/Business/top-free 3 app(s) found
[2026-09-18T17:50:44.799Z] [DEBUG] RSS ok: au/macos/Productivity/top-free entries=99
[2026-09-18T17:50:54.806Z] [DEBUG] Hits: au/macos/Productivity/top-free 5 app(s) found
[2026-09-18T17:50:54.806Z] [INFO] RSS progress: 20/60 (20 ok, 0 error, 66 points)
[2026-09-18T17:50:55.690Z] [DEBUG] RSS ok: au/macos/Utilities/top-free entries=99
[2026-09-18T17:51:05.697Z] [DEBUG] Hits: au/macos/Utilities/top-free 1 app(s) found
[2026-09-18T17:51:06.484Z] [DEBUG] RSS ok: es/macos/Business/top-free entries=100
[2026-09-18T17:51:16.490Z] [DEBUG] Hits: es/macos/Business/top-free 3 app(s) found
[2026-09-18T17:51:17.518Z] [DEBUG] RSS ok: es/macos/Productivity/top-free entries=99
[2026-09-18T17:51:27.525Z] [DEBUG] Hits: es/macos/Productivity/top-free 5 app(s) found
[2026-09-18T17:51:28.410Z] [DEBUG] RSS ok: es/macos/Utilities/top-free entries=99
[2026-09-18T17:51:38.417Z] [DEBUG] Hits: es/macos/Utilities/top-free 3 app(s) found
[2026-09-18T17:51:39.375Z] [DEBUG] RSS ok: it/macos/Business/top-free entries=99
[2026-09-18T17:51:49.381Z] [DEBUG] Hits: it/macos/Business/top-free 2 app(s) found
[2026-09-18T17:51:50.209Z] [DEBUG] RSS ok: it/macos/Productivity/top-free entries=99
[2026-09-18T17:52:00.214Z] [DEBUG] Hits: it/macos/Productivity/top-free 4 app(s) found
[2026-09-18T17:52:01.308Z] [DEBUG] RSS ok: it/macos/Utilities/top-free entries=99
[2026-09-18T17:52:11.314Z] [DEBUG] Hits: it/macos/Utilities/top-free 1 app(s) found
[2026-09-18T17:52:12.227Z] [DEBUG] RSS ok: pt/macos/Business/top-free entries=99
[2026-09-18T17:52:22.234Z] [DEBUG] Hits: pt/macos/Business/top-free 3 app(s) found
[2026-09-18T17:52:23.202Z] [DEBUG] RSS ok: pt/macos/Productivity/top-free entries=99
[2026-09-18T17:52:33.208Z] [DEBUG] Hits: pt/macos/Productivity/top-free 4 app(s) found
[2026-09-18T17:52:34.010Z] [DEBUG] RSS ok: pt/macos/Utilities/top-free entries=99
[2026-09-18T17:52:44.017Z] [INFO] RSS progress: 30/60 (30 ok, 0 error, 93 points)
[2026-09-18T17:52:44.017Z] [DEBUG] Hits: pt/macos/Utilities/top-free 1 app(s) found
[2026-09-18T17:52:44.916Z] [DEBUG] RSS ok: ch/macos/Business/top-free entries=100
[2026-09-18T17:52:54.922Z] [DEBUG] Hits: ch/macos/Business/top-free 2 app(s) found
[2026-09-18T17:52:55.841Z] [DEBUG] RSS ok: ch/macos/Productivity/top-free entries=99
[2026-09-18T17:53:05.848Z] [DEBUG] Hits: ch/macos/Productivity/top-free 5 app(s) found
[2026-09-18T17:53:06.744Z] [DEBUG] RSS ok: ch/macos/Utilities/top-free entries=99
[2026-09-18T17:53:16.750Z] [DEBUG] Hits: ch/macos/Utilities/top-free 2 app(s) found
[2026-09-18T17:53:17.489Z] [DEBUG] RSS ok: be/macos/Business/top-free entries=100
[2026-09-18T17:53:27.493Z] [DEBUG] Hits: be/macos/Business/top-free 3 app(s) found
[2026-09-18T17:53:28.450Z] [DEBUG] RSS ok: be/macos/Productivity/top-free entries=99
[2026-09-18T17:53:38.454Z] [DEBUG] Hits: be/macos/Productivity/top-free 4 app(s) found
[2026-09-18T17:53:39.269Z] [DEBUG] RSS ok: be/macos/Utilities/top-free entries=99
[2026-09-18T17:53:49.274Z] [DEBUG] Hits: be/macos/Utilities/top-free 2 app(s) found
[2026-09-18T17:53:50.320Z] [DEBUG] RSS ok: nl/macos/Business/top-free entries=100
[2026-09-18T17:54:00.327Z] [DEBUG] Hits: nl/macos/Business/top-free 1 app(s) found
[2026-09-18T17:54:01.390Z] [DEBUG] RSS ok: nl/macos/Productivity/top-free entries=99
[2026-09-18T17:54:11.396Z] [DEBUG] Hits: nl/macos/Productivity/top-free 4 app(s) found
[2026-09-18T17:54:12.554Z] [DEBUG] RSS ok: nl/macos/Utilities/top-free entries=99
[2026-09-18T17:54:22.560Z] [DEBUG] Hits: nl/macos/Utilities/top-free 2 app(s) found
[2026-09-18T17:54:23.827Z] [DEBUG] RSS ok: tw/macos/Business/top-free entries=100
[2026-09-18T17:54:33.832Z] [DEBUG] Hits: tw/macos/Business/top-free 4 app(s) found
[2026-09-18T17:54:33.833Z] [INFO] RSS progress: 40/60 (40 ok, 0 error, 122 points)
[2026-09-18T17:54:34.816Z] [DEBUG] RSS ok: tw/macos/Productivity/top-free entries=99
[2026-09-18T17:54:44.822Z] [DEBUG] Hits: tw/macos/Productivity/top-free 3 app(s) found
[2026-09-18T17:54:45.639Z] [DEBUG] RSS ok: tw/macos/Utilities/top-free entries=99
[2026-09-18T17:54:55.643Z] [DEBUG] Hits: tw/macos/Utilities/top-free 1 app(s) found
[2026-09-18T17:54:56.654Z] [DEBUG] RSS ok: hk/macos/Business/top-free entries=100
[2026-09-18T17:55:06.661Z] [DEBUG] Hits: hk/macos/Business/top-free 1 app(s) found
[2026-09-18T17:55:07.549Z] [DEBUG] RSS ok: hk/macos/Productivity/top-free entries=99
[2026-09-18T17:55:17.555Z] [DEBUG] Hits: hk/macos/Productivity/top-free 3 app(s) found
[2026-09-18T17:55:18.490Z] [DEBUG] RSS ok: hk/macos/Utilities/top-free entries=99
[2026-09-18T17:55:28.495Z] [DEBUG] Hits: hk/macos/Utilities/top-free 2 app(s) found
[2026-09-18T17:55:29.347Z] [DEBUG] RSS ok: nz/macos/Business/top-free entries=100
[2026-09-18T17:55:39.354Z] [DEBUG] Hits: nz/macos/Business/top-free 3 app(s) found
[2026-09-18T17:55:40.206Z] [DEBUG] RSS ok: nz/macos/Productivity/top-free entries=99
[2026-09-18T17:55:50.212Z] [DEBUG] Hits: nz/macos/Productivity/top-free 3 app(s) found
[2026-09-18T17:55:50.956Z] [DEBUG] RSS ok: nz/macos/Utilities/top-free entries=99
[2026-09-18T17:56:03.607Z] [DEBUG] RSS ok: sg/macos/Business/top-free entries=100
[2026-09-18T17:56:13.613Z] [DEBUG] Hits: sg/macos/Business/top-free 4 app(s) found
[2026-09-18T17:56:14.570Z] [DEBUG] RSS ok: sg/macos/Productivity/top-free entries=99
[2026-09-18T17:56:24.576Z] [INFO] RSS progress: 50/60 (50 ok, 0 error, 145 points)
[2026-09-18T17:56:24.576Z] [DEBUG] Hits: sg/macos/Productivity/top-free 3 app(s) found
[2026-09-18T17:56:25.300Z] [DEBUG] RSS ok: sg/macos/Utilities/top-free entries=99
[2026-09-18T17:56:35.306Z] [DEBUG] Hits: sg/macos/Utilities/top-free 2 app(s) found
[2026-09-18T17:56:36.153Z] [DEBUG] RSS ok: in/macos/Business/top-free entries=100
[2026-09-18T17:56:46.158Z] [DEBUG] Hits: in/macos/Business/top-free 3 app(s) found
[2026-09-18T17:56:47.067Z] [DEBUG] RSS ok: in/macos/Productivity/top-free entries=99
[2026-09-18T17:56:57.072Z] [DEBUG] Hits: in/macos/Productivity/top-free 4 app(s) found
[2026-09-18T17:56:57.853Z] [DEBUG] RSS ok: in/macos/Utilities/top-free entries=99
[2026-09-18T17:57:08.781Z] [DEBUG] RSS ok: za/macos/Business/top-free entries=100
[2026-09-18T17:57:18.786Z] [DEBUG] Hits: za/macos/Business/top-free 3 app(s) found
[2026-09-18T17:57:19.706Z] [DEBUG] RSS ok: za/macos/Productivity/top-free entries=99
[2026-09-18T17:57:29.712Z] [DEBUG] Hits: za/macos/Productivity/top-free 4 app(s) found
[2026-09-18T17:57:30.619Z] [DEBUG] RSS ok: za/macos/Utilities/top-free entries=99
[2026-09-18T17:57:40.626Z] [DEBUG] Hits: za/macos/Utilities/top-free 1 app(s) found
[2026-09-18T17:57:41.431Z] [DEBUG] RSS ok: br/macos/Business/top-free entries=99
[2026-09-18T17:57:51.437Z] [DEBUG] Hits: br/macos/Business/top-free 3 app(s) found
[2026-09-18T17:57:52.841Z] [DEBUG] RSS ok: br/macos/Productivity/top-free entries=99
[2026-09-18T17:58:02.847Z] [DEBUG] Hits: br/macos/Productivity/top-free 4 app(s) found
[2026-09-18T17:58:03.814Z] [DEBUG] RSS ok: br/macos/Utilities/top-free entries=99
[2026-09-18T17:58:13.821Z] [DEBUG] Hits: br/macos/Utilities/top-free 1 app(s) found
[2026-09-18T17:58:13.821Z] [INFO] RSS progress: 60/60 (60 ok, 0 error, 170 points)
[2026-09-18T17:58:13.821Z] [INFO] Platform max returned: macos = 100
[2026-09-18T17:58:13.821Z] [INFO] RSS results: 60 ok, 0 error, 170 rank points
[2026-09-18T17:58:13.821Z] [INFO] RSS fetch done: 60 ok, 0 error, 170 points
[2026-09-18T17:58:13.853Z] [INFO] Stored: 60 crawls, 170 points
[2026-09-18T17:58:13.884Z] [INFO] current.json written rows=23
[2026-09-18T17:58:13.885Z] [INFO] Current summary: on_chart=170, not_on_chart=290, depth_limited=0, crawl_error=0, total=460
[2026-09-18T17:58:13.885Z] [INFO] === Crawl complete === 657.8s
[2026-09-18T18:47:17.944Z] [INFO] === Crawl start === ts=2026-09-18T18:00:00Z
[2026-09-18T18:47:17.948Z] [INFO] Config loaded apps=4, platforms=macos, categories=Business,Productivity,Utilities
[2026-09-18T18:47:17.948Z] [INFO] App IDs to track: 23 our=4, competitors=19
[2026-09-18T18:47:17.950Z] [INFO] Lookup cached fetched_at=2026-09-18T00:47:13.044Z, 23 apps
[2026-09-18T18:47:17.950Z] [INFO] RSS requests: 60 countries=20, platforms=macos, categories=Business,Productivity,Utilities
[2026-09-18T18:47:17.951Z] [INFO] RSS fetch start: 60 requests, concurrency=1
[2026-09-18T18:47:18.803Z] [DEBUG] RSS ok: us/macos/Business/top-free entries=100
[2026-09-18T18:47:28.806Z] [DEBUG] Hits: us/macos/Business/top-free 4 app(s) found
[2026-09-18T18:47:29.691Z] [DEBUG] RSS ok: us/macos/Productivity/top-free entries=99
[2026-09-18T18:47:39.698Z] [DEBUG] Hits: us/macos/Productivity/top-free 6 app(s) found
[2026-09-18T18:47:40.615Z] [DEBUG] RSS ok: us/macos/Utilities/top-free entries=100
[2026-09-18T18:47:50.621Z] [DEBUG] Hits: us/macos/Utilities/top-free 1 app(s) found
[2026-09-18T18:47:51.417Z] [DEBUG] RSS ok: gb/macos/Business/top-free entries=100
[2026-09-18T18:48:01.424Z] [DEBUG] Hits: gb/macos/Business/top-free 3 app(s) found
[2026-09-18T18:48:02.447Z] [DEBUG] RSS ok: gb/macos/Productivity/top-free entries=99
[2026-09-18T18:48:12.454Z] [DEBUG] Hits: gb/macos/Productivity/top-free 4 app(s) found
[2026-09-18T18:48:13.279Z] [DEBUG] RSS ok: gb/macos/Utilities/top-free entries=99
[2026-09-18T18:48:23.285Z] [DEBUG] Hits: gb/macos/Utilities/top-free 3 app(s) found
[2026-09-18T18:48:24.071Z] [DEBUG] RSS ok: ca/macos/Business/top-free entries=100
[2026-09-18T18:48:34.072Z] [DEBUG] Hits: ca/macos/Business/top-free 4 app(s) found
[2026-09-18T18:48:34.820Z] [DEBUG] RSS ok: ca/macos/Productivity/top-free entries=99
[2026-09-18T18:48:44.825Z] [DEBUG] Hits: ca/macos/Productivity/top-free 5 app(s) found
[2026-09-18T18:48:45.901Z] [DEBUG] RSS ok: ca/macos/Utilities/top-free entries=99
[2026-09-18T18:48:56.718Z] [DEBUG] RSS ok: fr/macos/Business/top-free entries=99
[2026-09-18T18:49:06.724Z] [DEBUG] Hits: fr/macos/Business/top-free 3 app(s) found
[2026-09-18T18:49:06.724Z] [INFO] RSS progress: 10/60 (10 ok, 0 error, 33 points)
[2026-09-18T18:49:07.648Z] [DEBUG] RSS ok: fr/macos/Productivity/top-free entries=99
[2026-09-18T18:49:17.654Z] [DEBUG] Hits: fr/macos/Productivity/top-free 4 app(s) found
[2026-09-18T18:49:18.513Z] [DEBUG] RSS ok: fr/macos/Utilities/top-free entries=99
[2026-09-18T18:49:28.520Z] [DEBUG] Hits: fr/macos/Utilities/top-free 2 app(s) found
[2026-09-18T18:49:29.398Z] [DEBUG] RSS ok: de/macos/Business/top-free entries=99
[2026-09-18T18:49:39.404Z] [DEBUG] Hits: de/macos/Business/top-free 1 app(s) found
[2026-09-18T18:49:40.200Z] [DEBUG] RSS ok: de/macos/Productivity/top-free entries=99
[2026-09-18T18:49:50.205Z] [DEBUG] Hits: de/macos/Productivity/top-free 4 app(s) found
[2026-09-18T18:49:51.092Z] [DEBUG] RSS ok: de/macos/Utilities/top-free entries=99
[2026-09-18T18:50:01.094Z] [DEBUG] Hits: de/macos/Utilities/top-free 3 app(s) found
[2026-09-18T18:50:02.098Z] [DEBUG] RSS ok: jp/macos/Business/top-free entries=100
[2026-09-18T18:50:12.104Z] [DEBUG] Hits: jp/macos/Business/top-free 3 app(s) found
[2026-09-18T18:50:13.373Z] [DEBUG] RSS ok: jp/macos/Productivity/top-free entries=99
[2026-09-18T18:50:23.380Z] [DEBUG] Hits: jp/macos/Productivity/top-free 4 app(s) found
[2026-09-18T18:50:24.145Z] [DEBUG] RSS ok: jp/macos/Utilities/top-free entries=99
[2026-09-18T18:50:34.152Z] [DEBUG] Hits: jp/macos/Utilities/top-free 4 app(s) found
[2026-09-18T18:50:34.926Z] [DEBUG] RSS ok: au/macos/Business/top-free entries=100
[2026-09-18T18:50:44.933Z] [DEBUG] Hits: au/macos/Business/top-free 3 app(s) found
[2026-09-18T18:50:45.823Z] [DEBUG] RSS ok: au/macos/Productivity/top-free entries=99
[2026-09-18T18:50:55.830Z] [DEBUG] Hits: au/macos/Productivity/top-free 5 app(s) found
[2026-09-18T18:50:55.830Z] [INFO] RSS progress: 20/60 (20 ok, 0 error, 66 points)
[2026-09-18T18:50:56.665Z] [DEBUG] RSS ok: au/macos/Utilities/top-free entries=99
[2026-09-18T18:51:06.671Z] [DEBUG] Hits: au/macos/Utilities/top-free 1 app(s) found
[2026-09-18T18:51:07.586Z] [DEBUG] RSS ok: es/macos/Business/top-free entries=100
[2026-09-18T18:51:17.592Z] [DEBUG] Hits: es/macos/Business/top-free 3 app(s) found
[2026-09-18T18:51:18.353Z] [DEBUG] RSS ok: es/macos/Productivity/top-free entries=99
[2026-09-18T18:51:28.358Z] [DEBUG] Hits: es/macos/Productivity/top-free 5 app(s) found
[2026-09-18T18:51:29.170Z] [DEBUG] RSS ok: es/macos/Utilities/top-free entries=99
[2026-09-18T18:51:39.177Z] [DEBUG] Hits: es/macos/Utilities/top-free 3 app(s) found
[2026-09-18T18:51:40.112Z] [DEBUG] RSS ok: it/macos/Business/top-free entries=99
[2026-09-18T18:51:50.119Z] [DEBUG] Hits: it/macos/Business/top-free 2 app(s) found
[2026-09-18T18:51:50.978Z] [DEBUG] RSS ok: it/macos/Productivity/top-free entries=99
[2026-09-18T18:52:00.983Z] [DEBUG] Hits: it/macos/Productivity/top-free 4 app(s) found
[2026-09-18T18:52:01.826Z] [DEBUG] RSS ok: it/macos/Utilities/top-free entries=99
[2026-09-18T18:52:11.833Z] [DEBUG] Hits: it/macos/Utilities/top-free 1 app(s) found
[2026-09-18T18:52:12.697Z] [DEBUG] RSS ok: pt/macos/Business/top-free entries=99
[2026-09-18T18:52:22.703Z] [DEBUG] Hits: pt/macos/Business/top-free 3 app(s) found
[2026-09-18T18:52:23.567Z] [DEBUG] RSS ok: pt/macos/Productivity/top-free entries=99
[2026-09-18T18:52:33.573Z] [DEBUG] Hits: pt/macos/Productivity/top-free 4 app(s) found
[2026-09-18T18:52:34.301Z] [DEBUG] RSS ok: pt/macos/Utilities/top-free entries=99
[2026-09-18T18:52:44.307Z] [DEBUG] Hits: pt/macos/Utilities/top-free 1 app(s) found
[2026-09-18T18:52:44.308Z] [INFO] RSS progress: 30/60 (30 ok, 0 error, 93 points)
[2026-09-18T18:52:45.210Z] [DEBUG] RSS ok: ch/macos/Business/top-free entries=100
[2026-09-18T18:52:55.216Z] [DEBUG] Hits: ch/macos/Business/top-free 2 app(s) found
[2026-09-18T18:52:56.136Z] [DEBUG] RSS ok: ch/macos/Productivity/top-free entries=99
[2026-09-18T18:53:06.141Z] [DEBUG] Hits: ch/macos/Productivity/top-free 5 app(s) found
[2026-09-18T18:53:08.383Z] [DEBUG] RSS ok: ch/macos/Utilities/top-free entries=99
[2026-09-18T18:53:18.390Z] [DEBUG] Hits: ch/macos/Utilities/top-free 2 app(s) found
[2026-09-18T18:53:19.153Z] [DEBUG] RSS ok: be/macos/Business/top-free entries=100
[2026-09-18T18:53:29.160Z] [DEBUG] Hits: be/macos/Business/top-free 3 app(s) found
[2026-09-18T18:53:29.986Z] [DEBUG] RSS ok: be/macos/Productivity/top-free entries=99
[2026-09-18T18:53:39.993Z] [DEBUG] Hits: be/macos/Productivity/top-free 4 app(s) found
[2026-09-18T18:53:40.851Z] [DEBUG] RSS ok: be/macos/Utilities/top-free entries=99
[2026-09-18T18:53:50.856Z] [DEBUG] Hits: be/macos/Utilities/top-free 2 app(s) found
[2026-09-18T18:53:51.769Z] [DEBUG] RSS ok: nl/macos/Business/top-free entries=100
[2026-09-18T18:54:01.775Z] [DEBUG] Hits: nl/macos/Business/top-free 1 app(s) found
[2026-09-18T18:54:02.617Z] [DEBUG] RSS ok: nl/macos/Productivity/top-free entries=99
[2026-09-18T18:54:12.623Z] [DEBUG] Hits: nl/macos/Productivity/top-free 4 app(s) found
[2026-09-18T18:54:13.496Z] [DEBUG] RSS ok: nl/macos/Utilities/top-free entries=99
[2026-09-18T18:54:23.502Z] [DEBUG] Hits: nl/macos/Utilities/top-free 2 app(s) found
[2026-09-18T18:54:24.202Z] [DEBUG] RSS ok: tw/macos/Business/top-free entries=100
[2026-09-18T18:54:34.207Z] [DEBUG] Hits: tw/macos/Business/top-free 4 app(s) found
[2026-09-18T18:54:34.208Z] [INFO] RSS progress: 40/60 (40 ok, 0 error, 122 points)
[2026-09-18T18:54:35.174Z] [DEBUG] RSS ok: tw/macos/Productivity/top-free entries=99
[2026-09-18T18:54:45.181Z] [DEBUG] Hits: tw/macos/Productivity/top-free 3 app(s) found
[2026-09-18T18:54:46.059Z] [DEBUG] RSS ok: tw/macos/Utilities/top-free entries=99
[2026-09-18T18:54:56.064Z] [DEBUG] Hits: tw/macos/Utilities/top-free 1 app(s) found
[2026-09-18T18:54:56.883Z] [DEBUG] RSS ok: hk/macos/Business/top-free entries=100
[2026-09-18T18:55:06.890Z] [DEBUG] Hits: hk/macos/Business/top-free 1 app(s) found
[2026-09-18T18:55:07.713Z] [DEBUG] RSS ok: hk/macos/Productivity/top-free entries=99
[2026-09-18T18:55:17.714Z] [DEBUG] Hits: hk/macos/Productivity/top-free 3 app(s) found
[2026-09-18T18:55:18.486Z] [DEBUG] RSS ok: hk/macos/Utilities/top-free entries=99
[2026-09-18T18:55:28.486Z] [DEBUG] Hits: hk/macos/Utilities/top-free 2 app(s) found
[2026-09-18T18:55:29.310Z] [DEBUG] RSS ok: nz/macos/Business/top-free entries=100
[2026-09-18T18:55:39.316Z] [DEBUG] Hits: nz/macos/Business/top-free 3 app(s) found
[2026-09-18T18:55:40.153Z] [DEBUG] RSS ok: nz/macos/Productivity/top-free entries=99
[2026-09-18T18:55:50.159Z] [DEBUG] Hits: nz/macos/Productivity/top-free 3 app(s) found
[2026-09-18T18:55:50.842Z] [DEBUG] RSS ok: nz/macos/Utilities/top-free entries=99
[2026-09-18T18:56:01.623Z] [DEBUG] RSS ok: sg/macos/Business/top-free entries=100
[2026-09-18T18:56:11.630Z] [DEBUG] Hits: sg/macos/Business/top-free 4 app(s) found
[2026-09-18T18:56:12.497Z] [DEBUG] RSS ok: sg/macos/Productivity/top-free entries=99
[2026-09-18T18:56:22.503Z] [DEBUG] Hits: sg/macos/Productivity/top-free 3 app(s) found
[2026-09-18T18:56:22.503Z] [INFO] RSS progress: 50/60 (50 ok, 0 error, 145 points)
[2026-09-18T18:56:23.312Z] [DEBUG] RSS ok: sg/macos/Utilities/top-free entries=99
[2026-09-18T18:56:33.319Z] [DEBUG] Hits: sg/macos/Utilities/top-free 2 app(s) found
[2026-09-18T18:56:35.361Z] [DEBUG] RSS ok: in/macos/Business/top-free entries=100
[2026-09-18T18:56:45.362Z] [DEBUG] Hits: in/macos/Business/top-free 3 app(s) found
[2026-09-18T18:56:46.114Z] [DEBUG] RSS ok: in/macos/Productivity/top-free entries=99
[2026-09-18T18:56:56.121Z] [DEBUG] Hits: in/macos/Productivity/top-free 4 app(s) found
[2026-09-18T18:56:57.412Z] [DEBUG] RSS ok: in/macos/Utilities/top-free entries=99
[2026-09-18T18:57:08.215Z] [DEBUG] RSS ok: za/macos/Business/top-free entries=100
[2026-09-18T18:57:18.221Z] [DEBUG] Hits: za/macos/Business/top-free 3 app(s) found
[2026-09-18T18:57:19.040Z] [DEBUG] RSS ok: za/macos/Productivity/top-free entries=99
[2026-09-18T18:57:29.042Z] [DEBUG] Hits: za/macos/Productivity/top-free 4 app(s) found
[2026-09-18T18:57:30.093Z] [DEBUG] RSS ok: za/macos/Utilities/top-free entries=99
[2026-09-18T18:57:40.098Z] [DEBUG] Hits: za/macos/Utilities/top-free 1 app(s) found
[2026-09-18T18:57:40.774Z] [DEBUG] RSS ok: br/macos/Business/top-free entries=99
[2026-09-18T18:57:50.776Z] [DEBUG] Hits: br/macos/Business/top-free 3 app(s) found
[2026-09-18T18:57:51.636Z] [DEBUG] RSS ok: br/macos/Productivity/top-free entries=99
[2026-09-18T18:58:01.642Z] [DEBUG] Hits: br/macos/Productivity/top-free 4 app(s) found
[2026-09-18T18:58:02.415Z] [DEBUG] RSS ok: br/macos/Utilities/top-free entries=99
[2026-09-18T18:58:12.421Z] [DEBUG] Hits: br/macos/Utilities/top-free 1 app(s) found
[2026-09-18T18:58:12.421Z] [INFO] RSS progress: 60/60 (60 ok, 0 error, 170 points)
[2026-09-18T18:58:12.421Z] [INFO] RSS fetch done: 60 ok, 0 error, 170 points
[2026-09-18T18:58:12.421Z] [INFO] Platform max returned: macos = 100
[2026-09-18T18:58:12.422Z] [INFO] RSS results: 60 ok, 0 error, 170 rank points
[2026-09-18T18:58:12.455Z] [INFO] Stored: 60 crawls, 170 points
[2026-09-18T18:58:12.489Z] [INFO] current.json written rows=23
[2026-09-18T18:58:12.490Z] [INFO] Current summary: on_chart=170, not_on_chart=290, depth_limited=0, crawl_error=0, total=460
[2026-09-18T18:58:12.490Z] [INFO] === Crawl complete === 654.5s
[2026-09-18T19:47:13.262Z] [INFO] === Crawl start === ts=2026-09-18T19:00:00Z
[2026-09-18T19:47:13.266Z] [INFO] Config loaded apps=4, platforms=macos, categories=Business,Productivity,Utilities
[2026-09-18T19:47:13.267Z] [INFO] App IDs to track: 23 our=4, competitors=19
[2026-09-18T19:47:13.268Z] [INFO] Lookup cached fetched_at=2026-09-18T00:47:13.044Z, 23 apps
[2026-09-18T19:47:13.268Z] [INFO] RSS requests: 60 countries=20, platforms=macos, categories=Business,Productivity,Utilities
[2026-09-18T19:47:13.269Z] [INFO] RSS fetch start: 60 requests, concurrency=1
[2026-09-18T19:47:14.293Z] [DEBUG] RSS ok: us/macos/Business/top-free entries=100
[2026-09-18T19:47:24.296Z] [DEBUG] Hits: us/macos/Business/top-free 5 app(s) found
[2026-09-18T19:47:25.256Z] [DEBUG] RSS ok: us/macos/Productivity/top-free entries=99
[2026-09-18T19:47:35.262Z] [DEBUG] Hits: us/macos/Productivity/top-free 6 app(s) found
[2026-09-18T19:47:36.102Z] [DEBUG] RSS ok: us/macos/Utilities/top-free entries=100
[2026-09-18T19:47:46.109Z] [DEBUG] Hits: us/macos/Utilities/top-free 1 app(s) found
[2026-09-18T19:47:46.939Z] [DEBUG] RSS ok: gb/macos/Business/top-free entries=100
[2026-09-18T19:47:56.945Z] [DEBUG] Hits: gb/macos/Business/top-free 3 app(s) found
[2026-09-18T19:47:57.703Z] [DEBUG] RSS ok: gb/macos/Productivity/top-free entries=99
[2026-09-18T19:48:07.710Z] [DEBUG] Hits: gb/macos/Productivity/top-free 4 app(s) found
[2026-09-18T19:48:08.657Z] [DEBUG] RSS ok: gb/macos/Utilities/top-free entries=99
[2026-09-18T19:48:18.664Z] [DEBUG] Hits: gb/macos/Utilities/top-free 3 app(s) found
[2026-09-18T19:48:19.612Z] [DEBUG] RSS ok: ca/macos/Business/top-free entries=100
[2026-09-18T19:48:29.619Z] [DEBUG] Hits: ca/macos/Business/top-free 4 app(s) found
[2026-09-18T19:48:30.318Z] [DEBUG] RSS ok: ca/macos/Productivity/top-free entries=99
[2026-09-18T19:48:40.325Z] [DEBUG] Hits: ca/macos/Productivity/top-free 5 app(s) found
[2026-09-18T19:48:41.134Z] [DEBUG] RSS ok: ca/macos/Utilities/top-free entries=99
[2026-09-18T19:48:51.140Z] [DEBUG] Hits: ca/macos/Utilities/top-free 1 app(s) found
[2026-09-18T19:48:51.949Z] [DEBUG] RSS ok: fr/macos/Business/top-free entries=99
[2026-09-18T19:49:01.954Z] [DEBUG] Hits: fr/macos/Business/top-free 3 app(s) found
[2026-09-18T19:49:01.955Z] [INFO] RSS progress: 10/60 (10 ok, 0 error, 35 points)
[2026-09-18T19:49:02.755Z] [DEBUG] RSS ok: fr/macos/Productivity/top-free entries=99
[2026-09-18T19:49:12.760Z] [DEBUG] Hits: fr/macos/Productivity/top-free 4 app(s) found
[2026-09-18T19:49:14.668Z] [DEBUG] RSS ok: fr/macos/Utilities/top-free entries=99
[2026-09-18T19:49:24.675Z] [DEBUG] Hits: fr/macos/Utilities/top-free 2 app(s) found
[2026-09-18T19:49:25.804Z] [DEBUG] RSS ok: de/macos/Business/top-free entries=99
[2026-09-18T19:49:35.811Z] [DEBUG] Hits: de/macos/Business/top-free 1 app(s) found
[2026-09-18T19:49:36.608Z] [DEBUG] RSS ok: de/macos/Productivity/top-free entries=99
[2026-09-18T19:49:46.611Z] [DEBUG] Hits: de/macos/Productivity/top-free 4 app(s) found
[2026-09-18T19:49:47.468Z] [DEBUG] RSS ok: de/macos/Utilities/top-free entries=99
[2026-09-18T19:49:57.474Z] [DEBUG] Hits: de/macos/Utilities/top-free 2 app(s) found
[2026-09-18T19:49:58.391Z] [DEBUG] RSS ok: jp/macos/Business/top-free entries=100
[2026-09-18T19:50:08.396Z] [DEBUG] Hits: jp/macos/Business/top-free 3 app(s) found
[2026-09-18T19:50:09.301Z] [DEBUG] RSS ok: jp/macos/Productivity/top-free entries=99
[2026-09-18T19:50:19.306Z] [DEBUG] Hits: jp/macos/Productivity/top-free 4 app(s) found
[2026-09-18T19:50:20.130Z] [DEBUG] RSS ok: jp/macos/Utilities/top-free entries=99
[2026-09-18T19:50:30.137Z] [DEBUG] Hits: jp/macos/Utilities/top-free 4 app(s) found
[2026-09-18T19:50:30.817Z] [DEBUG] RSS ok: au/macos/Business/top-free entries=100
[2026-09-18T19:50:40.824Z] [DEBUG] Hits: au/macos/Business/top-free 3 app(s) found
[2026-09-18T19:50:41.603Z] [DEBUG] RSS ok: au/macos/Productivity/top-free entries=99
[2026-09-18T19:50:51.610Z] [DEBUG] Hits: au/macos/Productivity/top-free 5 app(s) found
[2026-09-18T19:50:51.610Z] [INFO] RSS progress: 20/60 (20 ok, 0 error, 67 points)
[2026-09-18T19:50:52.917Z] [DEBUG] RSS ok: au/macos/Utilities/top-free entries=99
[2026-09-18T19:51:02.923Z] [DEBUG] Hits: au/macos/Utilities/top-free 1 app(s) found
[2026-09-18T19:51:03.761Z] [DEBUG] RSS ok: es/macos/Business/top-free entries=100
[2026-09-18T19:51:13.763Z] [DEBUG] Hits: es/macos/Business/top-free 3 app(s) found
[2026-09-18T19:51:14.814Z] [DEBUG] RSS ok: es/macos/Productivity/top-free entries=99
[2026-09-18T19:51:24.821Z] [DEBUG] Hits: es/macos/Productivity/top-free 4 app(s) found
[2026-09-18T19:51:25.806Z] [DEBUG] RSS ok: es/macos/Utilities/top-free entries=99
[2026-09-18T19:51:35.806Z] [DEBUG] Hits: es/macos/Utilities/top-free 3 app(s) found
[2026-09-18T19:51:36.547Z] [DEBUG] RSS ok: it/macos/Business/top-free entries=99
[2026-09-18T19:51:46.554Z] [DEBUG] Hits: it/macos/Business/top-free 2 app(s) found
[2026-09-18T19:51:47.749Z] [DEBUG] RSS ok: it/macos/Productivity/top-free entries=99
[2026-09-18T19:51:57.754Z] [DEBUG] Hits: it/macos/Productivity/top-free 4 app(s) found
[2026-09-18T19:51:58.814Z] [DEBUG] RSS ok: it/macos/Utilities/top-free entries=99
[2026-09-18T19:52:08.821Z] [DEBUG] Hits: it/macos/Utilities/top-free 1 app(s) found
[2026-09-18T19:52:09.653Z] [DEBUG] RSS ok: pt/macos/Business/top-free entries=99
[2026-09-18T19:52:19.659Z] [DEBUG] Hits: pt/macos/Business/top-free 3 app(s) found
[2026-09-18T19:52:20.800Z] [DEBUG] RSS ok: pt/macos/Productivity/top-free entries=99
[2026-09-18T19:52:30.804Z] [DEBUG] Hits: pt/macos/Productivity/top-free 4 app(s) found
[2026-09-18T19:52:31.838Z] [DEBUG] RSS ok: pt/macos/Utilities/top-free entries=99
[2026-09-18T19:52:41.845Z] [INFO] RSS progress: 30/60 (30 ok, 0 error, 93 points)
[2026-09-18T19:52:41.844Z] [DEBUG] Hits: pt/macos/Utilities/top-free 1 app(s) found
[2026-09-18T19:52:42.746Z] [DEBUG] RSS ok: ch/macos/Business/top-free entries=99
[2026-09-18T19:52:52.752Z] [DEBUG] Hits: ch/macos/Business/top-free 2 app(s) found
[2026-09-18T19:52:53.761Z] [DEBUG] RSS ok: ch/macos/Productivity/top-free entries=99
[2026-09-18T19:53:03.768Z] [DEBUG] Hits: ch/macos/Productivity/top-free 5 app(s) found
[2026-09-18T19:53:04.627Z] [DEBUG] RSS ok: ch/macos/Utilities/top-free entries=99
[2026-09-18T19:53:14.632Z] [DEBUG] Hits: ch/macos/Utilities/top-free 2 app(s) found
[2026-09-18T19:53:15.488Z] [DEBUG] RSS ok: be/macos/Business/top-free entries=100
[2026-09-18T19:53:25.494Z] [DEBUG] Hits: be/macos/Business/top-free 3 app(s) found
[2026-09-18T19:53:26.345Z] [DEBUG] RSS ok: be/macos/Productivity/top-free entries=99
[2026-09-18T19:53:36.350Z] [DEBUG] Hits: be/macos/Productivity/top-free 4 app(s) found
[2026-09-18T19:53:37.173Z] [DEBUG] RSS ok: be/macos/Utilities/top-free entries=99
[2026-09-18T19:53:47.180Z] [DEBUG] Hits: be/macos/Utilities/top-free 1 app(s) found
[2026-09-18T19:53:47.954Z] [DEBUG] RSS ok: nl/macos/Business/top-free entries=100
[2026-09-18T19:53:57.961Z] [DEBUG] Hits: nl/macos/Business/top-free 1 app(s) found
[2026-09-18T19:53:58.767Z] [DEBUG] RSS ok: nl/macos/Productivity/top-free entries=99
[2026-09-18T19:54:08.774Z] [DEBUG] Hits: nl/macos/Productivity/top-free 4 app(s) found
[2026-09-18T19:54:09.745Z] [DEBUG] RSS ok: nl/macos/Utilities/top-free entries=99
[2026-09-18T19:54:19.747Z] [DEBUG] Hits: nl/macos/Utilities/top-free 2 app(s) found
[2026-09-18T19:54:20.484Z] [DEBUG] RSS ok: tw/macos/Business/top-free entries=100
[2026-09-18T19:54:30.490Z] [DEBUG] Hits: tw/macos/Business/top-free 4 app(s) found
[2026-09-18T19:54:30.490Z] [INFO] RSS progress: 40/60 (40 ok, 0 error, 121 points)
[2026-09-18T19:54:31.311Z] [DEBUG] RSS ok: tw/macos/Productivity/top-free entries=99
[2026-09-18T19:54:41.315Z] [DEBUG] Hits: tw/macos/Productivity/top-free 3 app(s) found
[2026-09-18T19:54:42.205Z] [DEBUG] RSS ok: tw/macos/Utilities/top-free entries=99
[2026-09-18T19:54:52.211Z] [DEBUG] Hits: tw/macos/Utilities/top-free 1 app(s) found
[2026-09-18T19:54:52.992Z] [DEBUG] RSS ok: hk/macos/Business/top-free entries=100
[2026-09-18T19:55:02.997Z] [DEBUG] Hits: hk/macos/Business/top-free 1 app(s) found
[2026-09-18T19:55:03.795Z] [DEBUG] RSS ok: hk/macos/Productivity/top-free entries=99
[2026-09-18T19:55:13.802Z] [DEBUG] Hits: hk/macos/Productivity/top-free 3 app(s) found
[2026-09-18T19:55:14.764Z] [DEBUG] RSS ok: hk/macos/Utilities/top-free entries=99
[2026-09-18T19:55:24.770Z] [DEBUG] Hits: hk/macos/Utilities/top-free 2 app(s) found
[2026-09-18T19:55:25.503Z] [DEBUG] RSS ok: nz/macos/Business/top-free entries=100
[2026-09-18T19:55:35.510Z] [DEBUG] Hits: nz/macos/Business/top-free 3 app(s) found
[2026-09-18T19:55:36.296Z] [DEBUG] RSS ok: nz/macos/Productivity/top-free entries=99
[2026-09-18T19:55:46.302Z] [DEBUG] Hits: nz/macos/Productivity/top-free 3 app(s) found
[2026-09-18T19:55:47.226Z] [DEBUG] RSS ok: nz/macos/Utilities/top-free entries=99
[2026-09-18T19:55:58.032Z] [DEBUG] RSS ok: sg/macos/Business/top-free entries=100
[2026-09-18T19:56:08.038Z] [DEBUG] Hits: sg/macos/Business/top-free 4 app(s) found
[2026-09-18T19:56:09.346Z] [DEBUG] RSS ok: sg/macos/Productivity/top-free entries=99
[2026-09-18T19:56:19.353Z] [DEBUG] Hits: sg/macos/Productivity/top-free 3 app(s) found
[2026-09-18T19:56:19.353Z] [INFO] RSS progress: 50/60 (50 ok, 0 error, 144 points)
[2026-09-18T19:56:20.060Z] [DEBUG] RSS ok: sg/macos/Utilities/top-free entries=99
[2026-09-18T19:56:30.065Z] [DEBUG] Hits: sg/macos/Utilities/top-free 1 app(s) found
[2026-09-18T19:56:30.798Z] [DEBUG] RSS ok: in/macos/Business/top-free entries=100
[2026-09-18T19:56:40.803Z] [DEBUG] Hits: in/macos/Business/top-free 3 app(s) found
[2026-09-18T19:56:41.659Z] [DEBUG] RSS ok: in/macos/Productivity/top-free entries=99
[2026-09-18T19:56:51.666Z] [DEBUG] Hits: in/macos/Productivity/top-free 4 app(s) found
[2026-09-18T19:56:52.512Z] [DEBUG] RSS ok: in/macos/Utilities/top-free entries=99
[2026-09-18T19:57:03.374Z] [DEBUG] RSS ok: za/macos/Business/top-free entries=100
[2026-09-18T19:57:13.380Z] [DEBUG] Hits: za/macos/Business/top-free 3 app(s) found
[2026-09-18T19:57:14.227Z] [DEBUG] RSS ok: za/macos/Productivity/top-free entries=99
[2026-09-18T19:57:24.234Z] [DEBUG] Hits: za/macos/Productivity/top-free 4 app(s) found
[2026-09-18T19:57:25.063Z] [DEBUG] RSS ok: za/macos/Utilities/top-free entries=99
[2026-09-18T19:57:35.068Z] [DEBUG] Hits: za/macos/Utilities/top-free 1 app(s) found
[2026-09-18T19:57:36.047Z] [DEBUG] RSS ok: br/macos/Business/top-free entries=99
[2026-09-18T19:57:46.052Z] [DEBUG] Hits: br/macos/Business/top-free 3 app(s) found
[2026-09-18T19:57:46.898Z] [DEBUG] RSS ok: br/macos/Productivity/top-free entries=99
[2026-09-18T19:57:56.905Z] [DEBUG] Hits: br/macos/Productivity/top-free 3 app(s) found
[2026-09-18T19:57:57.575Z] [DEBUG] RSS ok: br/macos/Utilities/top-free entries=99
[2026-09-18T19:58:07.582Z] [INFO] RSS progress: 60/60 (60 ok, 0 error, 166 points)
[2026-09-18T19:58:07.582Z] [INFO] RSS fetch done: 60 ok, 0 error, 166 points
[2026-09-18T19:58:07.582Z] [INFO] Platform max returned: macos = 100
[2026-09-18T19:58:07.582Z] [INFO] RSS results: 60 ok, 0 error, 166 rank points
[2026-09-18T19:58:07.626Z] [INFO] Stored: 60 crawls, 166 points
[2026-09-18T19:58:07.659Z] [INFO] current.json written rows=23
[2026-09-18T19:58:07.660Z] [INFO] Current summary: on_chart=166, not_on_chart=294, depth_limited=0, crawl_error=0, total=460
[2026-09-18T19:58:07.661Z] [INFO] === Crawl complete === 654.4s
[2026-09-18T20:47:13.528Z] [INFO] === Crawl start === ts=2026-09-18T20:00:00Z
[2026-09-18T20:47:13.532Z] [INFO] Config loaded apps=4, platforms=macos, categories=Business,Productivity,Utilities
[2026-09-18T20:47:13.533Z] [INFO] App IDs to track: 23 our=4, competitors=19
[2026-09-18T20:47:13.534Z] [INFO] Lookup cached fetched_at=2026-09-18T00:47:13.044Z, 23 apps
[2026-09-18T20:47:13.535Z] [INFO] RSS requests: 60 countries=20, platforms=macos, categories=Business,Productivity,Utilities
[2026-09-18T20:47:13.535Z] [INFO] RSS fetch start: 60 requests, concurrency=1
[2026-09-18T20:47:14.436Z] [DEBUG] RSS ok: us/macos/Business/top-free entries=100
[2026-09-18T20:47:24.438Z] [DEBUG] Hits: us/macos/Business/top-free 5 app(s) found
[2026-09-18T20:47:25.151Z] [DEBUG] RSS ok: us/macos/Productivity/top-free entries=99
[2026-09-18T20:47:35.157Z] [DEBUG] Hits: us/macos/Productivity/top-free 6 app(s) found
[2026-09-18T20:47:36.568Z] [DEBUG] RSS ok: us/macos/Utilities/top-free entries=100
[2026-09-18T20:47:46.574Z] [DEBUG] Hits: us/macos/Utilities/top-free 1 app(s) found
[2026-09-18T20:47:47.304Z] [DEBUG] RSS ok: gb/macos/Business/top-free entries=100
[2026-09-18T20:47:57.310Z] [DEBUG] Hits: gb/macos/Business/top-free 3 app(s) found
[2026-09-18T20:47:58.130Z] [DEBUG] RSS ok: gb/macos/Productivity/top-free entries=99
[2026-09-18T20:48:08.137Z] [DEBUG] Hits: gb/macos/Productivity/top-free 4 app(s) found
[2026-09-18T20:48:08.858Z] [DEBUG] RSS ok: gb/macos/Utilities/top-free entries=99
[2026-09-18T20:48:18.865Z] [DEBUG] Hits: gb/macos/Utilities/top-free 3 app(s) found
[2026-09-18T20:48:19.679Z] [DEBUG] RSS ok: ca/macos/Business/top-free entries=100
[2026-09-18T20:48:29.686Z] [DEBUG] Hits: ca/macos/Business/top-free 4 app(s) found
[2026-09-18T20:48:30.386Z] [DEBUG] RSS ok: ca/macos/Productivity/top-free entries=99
[2026-09-18T20:48:40.392Z] [DEBUG] Hits: ca/macos/Productivity/top-free 5 app(s) found
[2026-09-18T20:48:41.299Z] [DEBUG] RSS ok: ca/macos/Utilities/top-free entries=99
[2026-09-18T20:48:51.304Z] [DEBUG] Hits: ca/macos/Utilities/top-free 1 app(s) found
[2026-09-18T20:48:52.131Z] [DEBUG] RSS ok: fr/macos/Business/top-free entries=99
[2026-09-18T20:49:02.137Z] [DEBUG] Hits: fr/macos/Business/top-free 3 app(s) found
[2026-09-18T20:49:02.138Z] [INFO] RSS progress: 10/60 (10 ok, 0 error, 35 points)
[2026-09-18T20:49:02.874Z] [DEBUG] RSS ok: fr/macos/Productivity/top-free entries=99
[2026-09-18T20:49:12.879Z] [DEBUG] Hits: fr/macos/Productivity/top-free 4 app(s) found
[2026-09-18T20:49:13.684Z] [DEBUG] RSS ok: fr/macos/Utilities/top-free entries=99
[2026-09-18T20:49:23.691Z] [DEBUG] Hits: fr/macos/Utilities/top-free 2 app(s) found
[2026-09-18T20:49:24.374Z] [DEBUG] RSS ok: de/macos/Business/top-free entries=99
[2026-09-18T20:49:34.378Z] [DEBUG] Hits: de/macos/Business/top-free 1 app(s) found
[2026-09-18T20:49:35.327Z] [DEBUG] RSS ok: de/macos/Productivity/top-free entries=99
[2026-09-18T20:49:45.333Z] [DEBUG] Hits: de/macos/Productivity/top-free 4 app(s) found
[2026-09-18T20:49:46.207Z] [DEBUG] RSS ok: de/macos/Utilities/top-free entries=99
[2026-09-18T20:49:56.212Z] [DEBUG] Hits: de/macos/Utilities/top-free 2 app(s) found
[2026-09-18T20:49:56.979Z] [DEBUG] RSS ok: jp/macos/Business/top-free entries=100
[2026-09-18T20:50:06.984Z] [DEBUG] Hits: jp/macos/Business/top-free 3 app(s) found
[2026-09-18T20:50:07.873Z] [DEBUG] RSS ok: jp/macos/Productivity/top-free entries=99
[2026-09-18T20:50:17.879Z] [DEBUG] Hits: jp/macos/Productivity/top-free 4 app(s) found
[2026-09-18T20:50:18.945Z] [DEBUG] RSS ok: jp/macos/Utilities/top-free entries=99
[2026-09-18T20:50:28.951Z] [DEBUG] Hits: jp/macos/Utilities/top-free 4 app(s) found
[2026-09-18T20:50:29.617Z] [DEBUG] RSS ok: au/macos/Business/top-free entries=100
[2026-09-18T20:50:39.623Z] [DEBUG] Hits: au/macos/Business/top-free 3 app(s) found
[2026-09-18T20:50:40.514Z] [DEBUG] RSS ok: au/macos/Productivity/top-free entries=99
[2026-09-18T20:50:50.519Z] [DEBUG] Hits: au/macos/Productivity/top-free 5 app(s) found
[2026-09-18T20:50:50.520Z] [INFO] RSS progress: 20/60 (20 ok, 0 error, 67 points)
[2026-09-18T20:50:51.263Z] [DEBUG] RSS ok: au/macos/Utilities/top-free entries=99
[2026-09-18T20:51:01.269Z] [DEBUG] Hits: au/macos/Utilities/top-free 1 app(s) found
[2026-09-18T20:51:01.934Z] [DEBUG] RSS ok: es/macos/Business/top-free entries=100
[2026-09-18T20:51:11.940Z] [DEBUG] Hits: es/macos/Business/top-free 3 app(s) found
[2026-09-18T20:51:12.827Z] [DEBUG] RSS ok: es/macos/Productivity/top-free entries=99
[2026-09-18T20:51:22.833Z] [DEBUG] Hits: es/macos/Productivity/top-free 4 app(s) found
[2026-09-18T20:51:23.559Z] [DEBUG] RSS ok: es/macos/Utilities/top-free entries=99
[2026-09-18T20:51:33.566Z] [DEBUG] Hits: es/macos/Utilities/top-free 3 app(s) found
[2026-09-18T20:51:34.562Z] [DEBUG] RSS ok: it/macos/Business/top-free entries=99
[2026-09-18T20:51:44.565Z] [DEBUG] Hits: it/macos/Business/top-free 2 app(s) found
[2026-09-18T20:51:45.448Z] [DEBUG] RSS ok: it/macos/Productivity/top-free entries=99
[2026-09-18T20:51:55.454Z] [DEBUG] Hits: it/macos/Productivity/top-free 4 app(s) found
[2026-09-18T20:51:56.218Z] [DEBUG] RSS ok: it/macos/Utilities/top-free entries=99
[2026-09-18T20:52:06.225Z] [DEBUG] Hits: it/macos/Utilities/top-free 1 app(s) found
[2026-09-18T20:52:06.945Z] [DEBUG] RSS ok: pt/macos/Business/top-free entries=99
[2026-09-18T20:52:16.952Z] [DEBUG] Hits: pt/macos/Business/top-free 3 app(s) found
[2026-09-18T20:52:17.607Z] [DEBUG] RSS ok: pt/macos/Productivity/top-free entries=99
[2026-09-18T20:52:27.611Z] [DEBUG] Hits: pt/macos/Productivity/top-free 4 app(s) found
[2026-09-18T20:52:28.352Z] [DEBUG] RSS ok: pt/macos/Utilities/top-free entries=99
[2026-09-18T20:52:38.356Z] [DEBUG] Hits: pt/macos/Utilities/top-free 1 app(s) found
[2026-09-18T20:52:38.356Z] [INFO] RSS progress: 30/60 (30 ok, 0 error, 93 points)
[2026-09-18T20:52:39.091Z] [DEBUG] RSS ok: ch/macos/Business/top-free entries=99
[2026-09-18T20:52:49.097Z] [DEBUG] Hits: ch/macos/Business/top-free 2 app(s) found
[2026-09-18T20:52:49.952Z] [DEBUG] RSS ok: ch/macos/Productivity/top-free entries=99
[2026-09-18T20:52:59.958Z] [DEBUG] Hits: ch/macos/Productivity/top-free 5 app(s) found
[2026-09-18T20:53:00.764Z] [DEBUG] RSS ok: ch/macos/Utilities/top-free entries=99
[2026-09-18T20:53:10.770Z] [DEBUG] Hits: ch/macos/Utilities/top-free 2 app(s) found
[2026-09-18T20:53:11.698Z] [DEBUG] RSS ok: be/macos/Business/top-free entries=100
[2026-09-18T20:53:21.704Z] [DEBUG] Hits: be/macos/Business/top-free 3 app(s) found
[2026-09-18T20:53:22.449Z] [DEBUG] RSS ok: be/macos/Productivity/top-free entries=99
[2026-09-18T20:53:32.456Z] [DEBUG] Hits: be/macos/Productivity/top-free 4 app(s) found
[2026-09-18T20:53:33.764Z] [DEBUG] RSS ok: be/macos/Utilities/top-free entries=99
[2026-09-18T20:53:43.771Z] [DEBUG] Hits: be/macos/Utilities/top-free 1 app(s) found
[2026-09-18T20:53:44.470Z] [DEBUG] RSS ok: nl/macos/Business/top-free entries=100
[2026-09-18T20:53:54.476Z] [DEBUG] Hits: nl/macos/Business/top-free 1 app(s) found
[2026-09-18T20:53:55.386Z] [DEBUG] RSS ok: nl/macos/Productivity/top-free entries=99
[2026-09-18T20:54:05.388Z] [DEBUG] Hits: nl/macos/Productivity/top-free 4 app(s) found
[2026-09-18T20:54:06.153Z] [DEBUG] RSS ok: nl/macos/Utilities/top-free entries=99
[2026-09-18T20:54:16.154Z] [DEBUG] Hits: nl/macos/Utilities/top-free 2 app(s) found
[2026-09-18T20:54:16.893Z] [DEBUG] RSS ok: tw/macos/Business/top-free entries=100
[2026-09-18T20:54:26.899Z] [DEBUG] Hits: tw/macos/Business/top-free 4 app(s) found
[2026-09-18T20:54:26.899Z] [INFO] RSS progress: 40/60 (40 ok, 0 error, 121 points)
[2026-09-18T20:54:27.794Z] [DEBUG] RSS ok: tw/macos/Productivity/top-free entries=99
[2026-09-18T20:54:37.801Z] [DEBUG] Hits: tw/macos/Productivity/top-free 3 app(s) found
[2026-09-18T20:54:38.492Z] [DEBUG] RSS ok: tw/macos/Utilities/top-free entries=99
[2026-09-18T20:54:48.498Z] [DEBUG] Hits: tw/macos/Utilities/top-free 1 app(s) found
[2026-09-18T20:54:49.068Z] [DEBUG] RSS ok: hk/macos/Business/top-free entries=100
[2026-09-18T20:54:59.072Z] [DEBUG] Hits: hk/macos/Business/top-free 1 app(s) found
[2026-09-18T20:54:59.933Z] [DEBUG] RSS ok: hk/macos/Productivity/top-free entries=99
[2026-09-18T20:55:09.939Z] [DEBUG] Hits: hk/macos/Productivity/top-free 3 app(s) found
[2026-09-18T20:55:10.768Z] [DEBUG] RSS ok: hk/macos/Utilities/top-free entries=99
[2026-09-18T20:55:20.775Z] [DEBUG] Hits: hk/macos/Utilities/top-free 2 app(s) found
[2026-09-18T20:55:21.594Z] [DEBUG] RSS ok: nz/macos/Business/top-free entries=100
[2026-09-18T20:55:31.601Z] [DEBUG] Hits: nz/macos/Business/top-free 3 app(s) found
[2026-09-18T20:55:32.664Z] [DEBUG] RSS ok: nz/macos/Productivity/top-free entries=99
[2026-09-18T20:55:42.669Z] [DEBUG] Hits: nz/macos/Productivity/top-free 3 app(s) found
[2026-09-18T20:55:43.598Z] [DEBUG] RSS ok: nz/macos/Utilities/top-free entries=99
[2026-09-18T20:55:54.412Z] [DEBUG] RSS ok: sg/macos/Business/top-free entries=100
[2026-09-18T20:56:04.418Z] [DEBUG] Hits: sg/macos/Business/top-free 4 app(s) found
[2026-09-18T20:56:05.068Z] [DEBUG] RSS ok: sg/macos/Productivity/top-free entries=99
[2026-09-18T20:56:15.071Z] [DEBUG] Hits: sg/macos/Productivity/top-free 3 app(s) found
[2026-09-18T20:56:15.071Z] [INFO] RSS progress: 50/60 (50 ok, 0 error, 144 points)
[2026-09-18T20:56:15.870Z] [DEBUG] RSS ok: sg/macos/Utilities/top-free entries=99
[2026-09-18T20:56:25.877Z] [DEBUG] Hits: sg/macos/Utilities/top-free 1 app(s) found
[2026-09-18T20:56:26.687Z] [DEBUG] RSS ok: in/macos/Business/top-free entries=100
[2026-09-18T20:56:36.693Z] [DEBUG] Hits: in/macos/Business/top-free 3 app(s) found
[2026-09-18T20:56:37.534Z] [DEBUG] RSS ok: in/macos/Productivity/top-free entries=99
[2026-09-18T20:56:47.539Z] [DEBUG] Hits: in/macos/Productivity/top-free 4 app(s) found
[2026-09-18T20:56:48.677Z] [DEBUG] RSS ok: in/macos/Utilities/top-free entries=99
[2026-09-18T20:56:59.366Z] [DEBUG] RSS ok: za/macos/Business/top-free entries=100
[2026-09-18T20:57:09.372Z] [DEBUG] Hits: za/macos/Business/top-free 3 app(s) found
[2026-09-18T20:57:10.063Z] [DEBUG] RSS ok: za/macos/Productivity/top-free entries=99
[2026-09-18T20:57:20.070Z] [DEBUG] Hits: za/macos/Productivity/top-free 4 app(s) found
[2026-09-18T20:57:20.888Z] [DEBUG] RSS ok: za/macos/Utilities/top-free entries=99
[2026-09-18T20:57:30.893Z] [DEBUG] Hits: za/macos/Utilities/top-free 1 app(s) found
[2026-09-18T20:57:31.781Z] [DEBUG] RSS ok: br/macos/Business/top-free entries=99
[2026-09-18T20:57:41.786Z] [DEBUG] Hits: br/macos/Business/top-free 3 app(s) found
[2026-09-18T20:57:42.692Z] [DEBUG] RSS ok: br/macos/Productivity/top-free entries=99
[2026-09-18T20:57:52.697Z] [DEBUG] Hits: br/macos/Productivity/top-free 3 app(s) found
[2026-09-18T20:57:53.321Z] [DEBUG] RSS ok: br/macos/Utilities/top-free entries=99
[2026-09-18T20:58:03.328Z] [INFO] RSS progress: 60/60 (60 ok, 0 error, 166 points)
[2026-09-18T20:58:03.328Z] [INFO] RSS fetch done: 60 ok, 0 error, 166 points
[2026-09-18T20:58:03.328Z] [INFO] Platform max returned: macos = 100
[2026-09-18T20:58:03.328Z] [INFO] RSS results: 60 ok, 0 error, 166 rank points
[2026-09-18T20:58:03.372Z] [INFO] Stored: 60 crawls, 166 points
[2026-09-18T20:58:03.406Z] [INFO] current.json written rows=23
[2026-09-18T20:58:03.407Z] [INFO] Current summary: on_chart=166, not_on_chart=294, depth_limited=0, crawl_error=0, total=460
[2026-09-18T20:58:03.408Z] [INFO] === Crawl complete === 649.9s
[2026-09-18T21:47:14.168Z] [INFO] === Crawl start === ts=2026-09-18T21:00:00Z
[2026-09-18T21:47:14.172Z] [INFO] Config loaded apps=4, platforms=macos, categories=Business,Productivity,Utilities
[2026-09-18T21:47:14.172Z] [INFO] App IDs to track: 23 our=4, competitors=19
[2026-09-18T21:47:14.174Z] [INFO] Lookup cached fetched_at=2026-09-18T00:47:13.044Z, 23 apps
[2026-09-18T21:47:14.174Z] [INFO] RSS requests: 60 countries=20, platforms=macos, categories=Business,Productivity,Utilities
[2026-09-18T21:47:14.175Z] [INFO] RSS fetch start: 60 requests, concurrency=1
[2026-09-18T21:47:15.142Z] [DEBUG] RSS ok: us/macos/Business/top-free entries=100
[2026-09-18T21:47:25.145Z] [DEBUG] Hits: us/macos/Business/top-free 5 app(s) found
[2026-09-18T21:47:25.908Z] [DEBUG] RSS ok: us/macos/Productivity/top-free entries=99
[2026-09-18T21:47:35.913Z] [DEBUG] Hits: us/macos/Productivity/top-free 6 app(s) found
[2026-09-18T21:47:36.630Z] [DEBUG] RSS ok: us/macos/Utilities/top-free entries=100
[2026-09-18T21:47:46.636Z] [DEBUG] Hits: us/macos/Utilities/top-free 1 app(s) found
[2026-09-18T21:47:47.340Z] [DEBUG] RSS ok: gb/macos/Business/top-free entries=100
[2026-09-18T21:47:57.346Z] [DEBUG] Hits: gb/macos/Business/top-free 3 app(s) found
[2026-09-18T21:47:58.145Z] [DEBUG] RSS ok: gb/macos/Productivity/top-free entries=99
[2026-09-18T21:48:08.152Z] [DEBUG] Hits: gb/macos/Productivity/top-free 4 app(s) found
[2026-09-18T21:48:08.892Z] [DEBUG] RSS ok: gb/macos/Utilities/top-free entries=99
[2026-09-18T21:48:18.897Z] [DEBUG] Hits: gb/macos/Utilities/top-free 3 app(s) found
[2026-09-18T21:48:19.634Z] [DEBUG] RSS ok: ca/macos/Business/top-free entries=100
[2026-09-18T21:48:29.641Z] [DEBUG] Hits: ca/macos/Business/top-free 4 app(s) found
[2026-09-18T21:48:30.568Z] [DEBUG] RSS ok: ca/macos/Productivity/top-free entries=99
[2026-09-18T21:48:40.574Z] [DEBUG] Hits: ca/macos/Productivity/top-free 5 app(s) found
[2026-09-18T21:48:41.477Z] [DEBUG] RSS ok: ca/macos/Utilities/top-free entries=99
[2026-09-18T21:48:51.483Z] [DEBUG] Hits: ca/macos/Utilities/top-free 1 app(s) found
[2026-09-18T21:48:52.202Z] [DEBUG] RSS ok: fr/macos/Business/top-free entries=99
[2026-09-18T21:49:02.209Z] [DEBUG] Hits: fr/macos/Business/top-free 3 app(s) found
[2026-09-18T21:49:02.209Z] [INFO] RSS progress: 10/60 (10 ok, 0 error, 35 points)
[2026-09-18T21:49:02.983Z] [DEBUG] RSS ok: fr/macos/Productivity/top-free entries=99
[2026-09-18T21:49:12.989Z] [DEBUG] Hits: fr/macos/Productivity/top-free 4 app(s) found
[2026-09-18T21:49:13.830Z] [DEBUG] RSS ok: fr/macos/Utilities/top-free entries=99
[2026-09-18T21:49:23.836Z] [DEBUG] Hits: fr/macos/Utilities/top-free 2 app(s) found
[2026-09-18T21:49:24.537Z] [DEBUG] RSS ok: de/macos/Business/top-free entries=99
[2026-09-18T21:49:34.543Z] [DEBUG] Hits: de/macos/Business/top-free 1 app(s) found
[2026-09-18T21:49:35.404Z] [DEBUG] RSS ok: de/macos/Productivity/top-free entries=99
[2026-09-18T21:49:45.410Z] [DEBUG] Hits: de/macos/Productivity/top-free 4 app(s) found
[2026-09-18T21:49:46.152Z] [DEBUG] RSS ok: de/macos/Utilities/top-free entries=99
[2026-09-18T21:49:56.157Z] [DEBUG] Hits: de/macos/Utilities/top-free 2 app(s) found
[2026-09-18T21:49:57.009Z] [DEBUG] RSS ok: jp/macos/Business/top-free entries=100
[2026-09-18T21:50:07.016Z] [DEBUG] Hits: jp/macos/Business/top-free 3 app(s) found
[2026-09-18T21:50:07.877Z] [DEBUG] RSS ok: jp/macos/Productivity/top-free entries=99
[2026-09-18T21:50:17.883Z] [DEBUG] Hits: jp/macos/Productivity/top-free 4 app(s) found
[2026-09-18T21:50:18.579Z] [DEBUG] RSS ok: jp/macos/Utilities/top-free entries=99
[2026-09-18T21:50:28.585Z] [DEBUG] Hits: jp/macos/Utilities/top-free 4 app(s) found
[2026-09-18T21:50:29.428Z] [DEBUG] RSS ok: au/macos/Business/top-free entries=100
[2026-09-18T21:50:39.435Z] [DEBUG] Hits: au/macos/Business/top-free 3 app(s) found
[2026-09-18T21:50:40.100Z] [DEBUG] RSS ok: au/macos/Productivity/top-free entries=99
[2026-09-18T21:50:50.106Z] [DEBUG] Hits: au/macos/Productivity/top-free 5 app(s) found
[2026-09-18T21:50:50.106Z] [INFO] RSS progress: 20/60 (20 ok, 0 error, 67 points)
[2026-09-18T21:50:51.063Z] [DEBUG] RSS ok: au/macos/Utilities/top-free entries=99
[2026-09-18T21:51:01.065Z] [DEBUG] Hits: au/macos/Utilities/top-free 1 app(s) found
[2026-09-18T21:51:01.832Z] [DEBUG] RSS ok: es/macos/Business/top-free entries=100
[2026-09-18T21:51:11.838Z] [DEBUG] Hits: es/macos/Business/top-free 3 app(s) found
[2026-09-18T21:51:12.499Z] [DEBUG] RSS ok: es/macos/Productivity/top-free entries=99
[2026-09-18T21:51:22.505Z] [DEBUG] Hits: es/macos/Productivity/top-free 4 app(s) found
[2026-09-18T21:51:23.280Z] [DEBUG] RSS ok: es/macos/Utilities/top-free entries=99
[2026-09-18T21:51:33.287Z] [DEBUG] Hits: es/macos/Utilities/top-free 3 app(s) found
[2026-09-18T21:51:34.321Z] [DEBUG] RSS ok: it/macos/Business/top-free entries=99
[2026-09-18T21:51:44.328Z] [DEBUG] Hits: it/macos/Business/top-free 2 app(s) found
[2026-09-18T21:51:45.026Z] [DEBUG] RSS ok: it/macos/Productivity/top-free entries=99
[2026-09-18T21:51:55.033Z] [DEBUG] Hits: it/macos/Productivity/top-free 4 app(s) found
[2026-09-18T21:51:55.968Z] [DEBUG] RSS ok: it/macos/Utilities/top-free entries=99
[2026-09-18T21:52:05.975Z] [DEBUG] Hits: it/macos/Utilities/top-free 1 app(s) found
[2026-09-18T21:52:06.670Z] [DEBUG] RSS ok: pt/macos/Business/top-free entries=99
[2026-09-18T21:52:16.676Z] [DEBUG] Hits: pt/macos/Business/top-free 3 app(s) found
[2026-09-18T21:52:17.434Z] [DEBUG] RSS ok: pt/macos/Productivity/top-free entries=99
[2026-09-18T21:52:27.441Z] [DEBUG] Hits: pt/macos/Productivity/top-free 4 app(s) found
[2026-09-18T21:52:28.102Z] [DEBUG] RSS ok: pt/macos/Utilities/top-free entries=99
[2026-09-18T21:52:38.107Z] [DEBUG] Hits: pt/macos/Utilities/top-free 1 app(s) found
[2026-09-18T21:52:38.107Z] [INFO] RSS progress: 30/60 (30 ok, 0 error, 93 points)
[2026-09-18T21:52:39.012Z] [DEBUG] RSS ok: ch/macos/Business/top-free entries=99
[2026-09-18T21:52:49.017Z] [DEBUG] Hits: ch/macos/Business/top-free 2 app(s) found
[2026-09-18T21:52:49.774Z] [DEBUG] RSS ok: ch/macos/Productivity/top-free entries=99
[2026-09-18T21:52:59.780Z] [DEBUG] Hits: ch/macos/Productivity/top-free 5 app(s) found
[2026-09-18T21:53:00.665Z] [DEBUG] RSS ok: ch/macos/Utilities/top-free entries=99
[2026-09-18T21:53:10.671Z] [DEBUG] Hits: ch/macos/Utilities/top-free 2 app(s) found
[2026-09-18T21:53:11.587Z] [DEBUG] RSS ok: be/macos/Business/top-free entries=100
[2026-09-18T21:53:21.594Z] [DEBUG] Hits: be/macos/Business/top-free 3 app(s) found
[2026-09-18T21:53:22.312Z] [DEBUG] RSS ok: be/macos/Productivity/top-free entries=99
[2026-09-18T21:53:32.318Z] [DEBUG] Hits: be/macos/Productivity/top-free 4 app(s) found
[2026-09-18T21:53:33.117Z] [DEBUG] RSS ok: be/macos/Utilities/top-free entries=99
[2026-09-18T21:53:43.124Z] [DEBUG] Hits: be/macos/Utilities/top-free 1 app(s) found
[2026-09-18T21:53:43.975Z] [DEBUG] RSS ok: nl/macos/Business/top-free entries=100
[2026-09-18T21:53:53.981Z] [DEBUG] Hits: nl/macos/Business/top-free 1 app(s) found
[2026-09-18T21:53:54.638Z] [DEBUG] RSS ok: nl/macos/Productivity/top-free entries=99
[2026-09-18T21:54:04.645Z] [DEBUG] Hits: nl/macos/Productivity/top-free 4 app(s) found
[2026-09-18T21:54:05.417Z] [DEBUG] RSS ok: nl/macos/Utilities/top-free entries=99
[2026-09-18T21:54:15.424Z] [DEBUG] Hits: nl/macos/Utilities/top-free 2 app(s) found
[2026-09-18T21:54:15.993Z] [DEBUG] RSS ok: tw/macos/Business/top-free entries=100
[2026-09-18T21:54:25.999Z] [DEBUG] Hits: tw/macos/Business/top-free 4 app(s) found
[2026-09-18T21:54:25.999Z] [INFO] RSS progress: 40/60 (40 ok, 0 error, 121 points)
[2026-09-18T21:54:26.709Z] [DEBUG] RSS ok: tw/macos/Productivity/top-free entries=99
[2026-09-18T21:54:36.715Z] [DEBUG] Hits: tw/macos/Productivity/top-free 3 app(s) found
[2026-09-18T21:54:37.408Z] [DEBUG] RSS ok: tw/macos/Utilities/top-free entries=99
[2026-09-18T21:54:47.414Z] [DEBUG] Hits: tw/macos/Utilities/top-free 1 app(s) found
[2026-09-18T21:54:48.344Z] [DEBUG] RSS ok: hk/macos/Business/top-free entries=100
[2026-09-18T21:54:58.350Z] [DEBUG] Hits: hk/macos/Business/top-free 1 app(s) found
[2026-09-18T21:54:58.970Z] [DEBUG] RSS ok: hk/macos/Productivity/top-free entries=99
[2026-09-18T21:55:08.977Z] [DEBUG] Hits: hk/macos/Productivity/top-free 3 app(s) found
[2026-09-18T21:55:09.738Z] [DEBUG] RSS ok: hk/macos/Utilities/top-free entries=99
[2026-09-18T21:55:19.743Z] [DEBUG] Hits: hk/macos/Utilities/top-free 2 app(s) found
[2026-09-18T21:55:20.445Z] [DEBUG] RSS ok: nz/macos/Business/top-free entries=100
[2026-09-18T21:55:30.446Z] [DEBUG] Hits: nz/macos/Business/top-free 3 app(s) found
[2026-09-18T21:55:31.080Z] [DEBUG] RSS ok: nz/macos/Productivity/top-free entries=99
[2026-09-18T21:55:41.087Z] [DEBUG] Hits: nz/macos/Productivity/top-free 3 app(s) found
[2026-09-18T21:55:41.847Z] [DEBUG] RSS ok: nz/macos/Utilities/top-free entries=99
[2026-09-18T21:55:52.704Z] [DEBUG] RSS ok: sg/macos/Business/top-free entries=100
[2026-09-18T21:56:02.711Z] [DEBUG] Hits: sg/macos/Business/top-free 4 app(s) found
[2026-09-18T21:56:04.254Z] [DEBUG] RSS ok: sg/macos/Productivity/top-free entries=99
[2026-09-18T21:56:14.256Z] [INFO] RSS progress: 50/60 (50 ok, 0 error, 144 points)
[2026-09-18T21:56:14.255Z] [DEBUG] Hits: sg/macos/Productivity/top-free 3 app(s) found
[2026-09-18T21:56:15.368Z] [DEBUG] RSS ok: sg/macos/Utilities/top-free entries=99
[2026-09-18T21:56:25.374Z] [DEBUG] Hits: sg/macos/Utilities/top-free 1 app(s) found
[2026-09-18T21:56:26.040Z] [DEBUG] RSS ok: in/macos/Business/top-free entries=100
[2026-09-18T21:56:36.046Z] [DEBUG] Hits: in/macos/Business/top-free 3 app(s) found
[2026-09-18T21:56:36.719Z] [DEBUG] RSS ok: in/macos/Productivity/top-free entries=99
[2026-09-18T21:56:46.725Z] [DEBUG] Hits: in/macos/Productivity/top-free 4 app(s) found
[2026-09-18T21:56:47.399Z] [DEBUG] RSS ok: in/macos/Utilities/top-free entries=99
[2026-09-18T21:56:58.174Z] [DEBUG] RSS ok: za/macos/Business/top-free entries=100
[2026-09-18T21:57:08.178Z] [DEBUG] Hits: za/macos/Business/top-free 3 app(s) found
[2026-09-18T21:57:09.074Z] [DEBUG] RSS ok: za/macos/Productivity/top-free entries=99
[2026-09-18T21:57:19.081Z] [DEBUG] Hits: za/macos/Productivity/top-free 4 app(s) found
[2026-09-18T21:57:19.896Z] [DEBUG] RSS ok: za/macos/Utilities/top-free entries=99
[2026-09-18T21:57:29.897Z] [DEBUG] Hits: za/macos/Utilities/top-free 1 app(s) found
[2026-09-18T21:57:30.614Z] [DEBUG] RSS ok: br/macos/Business/top-free entries=99
[2026-09-18T21:57:40.619Z] [DEBUG] Hits: br/macos/Business/top-free 3 app(s) found
[2026-09-18T21:57:41.478Z] [DEBUG] RSS ok: br/macos/Productivity/top-free entries=99
[2026-09-18T21:57:51.485Z] [DEBUG] Hits: br/macos/Productivity/top-free 3 app(s) found
[2026-09-18T21:57:52.399Z] [DEBUG] RSS ok: br/macos/Utilities/top-free entries=99
[2026-09-18T21:58:02.405Z] [INFO] RSS progress: 60/60 (60 ok, 0 error, 166 points)
[2026-09-18T21:58:02.405Z] [INFO] RSS fetch done: 60 ok, 0 error, 166 points
[2026-09-18T21:58:02.405Z] [INFO] Platform max returned: macos = 100
[2026-09-18T21:58:02.406Z] [INFO] RSS results: 60 ok, 0 error, 166 rank points
[2026-09-18T21:58:02.449Z] [INFO] Stored: 60 crawls, 166 points
[2026-09-18T21:58:02.486Z] [INFO] current.json written rows=23
[2026-09-18T21:58:02.487Z] [INFO] Current summary: on_chart=166, not_on_chart=294, depth_limited=0, crawl_error=0, total=460
[2026-09-18T21:58:02.487Z] [INFO] === Crawl complete === 648.3s
[2026-09-18T22:47:18.472Z] [INFO] === Crawl start === ts=2026-09-18T22:00:00Z
[2026-09-18T22:47:18.476Z] [INFO] Config loaded apps=4, platforms=macos, categories=Business,Productivity,Utilities
[2026-09-18T22:47:18.477Z] [INFO] App IDs to track: 23 our=4, competitors=19
[2026-09-18T22:47:18.478Z] [INFO] Lookup cached fetched_at=2026-09-18T00:47:13.044Z, 23 apps
[2026-09-18T22:47:18.479Z] [INFO] RSS requests: 60 countries=20, platforms=macos, categories=Business,Productivity,Utilities
[2026-09-18T22:47:18.479Z] [INFO] RSS fetch start: 60 requests, concurrency=1
[2026-09-18T22:47:19.313Z] [DEBUG] RSS ok: us/macos/Business/top-free entries=100
[2026-09-18T22:47:29.316Z] [DEBUG] Hits: us/macos/Business/top-free 4 app(s) found
[2026-09-18T22:47:30.132Z] [DEBUG] RSS ok: us/macos/Productivity/top-free entries=99
[2026-09-18T22:47:40.138Z] [DEBUG] Hits: us/macos/Productivity/top-free 6 app(s) found
[2026-09-18T22:47:41.009Z] [DEBUG] RSS ok: us/macos/Utilities/top-free entries=100
[2026-09-18T22:47:51.016Z] [DEBUG] Hits: us/macos/Utilities/top-free 1 app(s) found
[2026-09-18T22:47:51.805Z] [DEBUG] RSS ok: gb/macos/Business/top-free entries=100
[2026-09-18T22:48:01.812Z] [DEBUG] Hits: gb/macos/Business/top-free 3 app(s) found
[2026-09-18T22:48:02.735Z] [DEBUG] RSS ok: gb/macos/Productivity/top-free entries=99
[2026-09-18T22:48:12.741Z] [DEBUG] Hits: gb/macos/Productivity/top-free 4 app(s) found
[2026-09-18T22:48:13.542Z] [DEBUG] RSS ok: gb/macos/Utilities/top-free entries=99
[2026-09-18T22:48:23.548Z] [DEBUG] Hits: gb/macos/Utilities/top-free 3 app(s) found
[2026-09-18T22:48:24.398Z] [DEBUG] RSS ok: ca/macos/Business/top-free entries=100
[2026-09-18T22:48:34.404Z] [DEBUG] Hits: ca/macos/Business/top-free 4 app(s) found
[2026-09-18T22:48:35.249Z] [DEBUG] RSS ok: ca/macos/Productivity/top-free entries=99
[2026-09-18T22:48:45.256Z] [DEBUG] Hits: ca/macos/Productivity/top-free 5 app(s) found
[2026-09-18T22:48:46.016Z] [DEBUG] RSS ok: ca/macos/Utilities/top-free entries=99
[2026-09-18T22:48:56.999Z] [DEBUG] RSS ok: fr/macos/Business/top-free entries=99
[2026-09-18T22:49:07.005Z] [DEBUG] Hits: fr/macos/Business/top-free 3 app(s) found
[2026-09-18T22:49:07.005Z] [INFO] RSS progress: 10/60 (10 ok, 0 error, 33 points)
[2026-09-18T22:49:07.782Z] [DEBUG] RSS ok: fr/macos/Productivity/top-free entries=99
[2026-09-18T22:49:17.788Z] [DEBUG] Hits: fr/macos/Productivity/top-free 4 app(s) found
[2026-09-18T22:49:18.680Z] [DEBUG] RSS ok: fr/macos/Utilities/top-free entries=99
[2026-09-18T22:49:28.686Z] [DEBUG] Hits: fr/macos/Utilities/top-free 2 app(s) found
[2026-09-18T22:49:29.418Z] [DEBUG] RSS ok: de/macos/Business/top-free entries=99
[2026-09-18T22:49:40.197Z] [DEBUG] RSS ok: de/macos/Productivity/top-free entries=99
[2026-09-18T22:49:50.203Z] [DEBUG] Hits: de/macos/Productivity/top-free 4 app(s) found
[2026-09-18T22:49:51.095Z] [DEBUG] RSS ok: de/macos/Utilities/top-free entries=99
[2026-09-18T22:50:01.101Z] [DEBUG] Hits: de/macos/Utilities/top-free 2 app(s) found
[2026-09-18T22:50:02.054Z] [DEBUG] RSS ok: jp/macos/Business/top-free entries=100
[2026-09-18T22:50:12.055Z] [DEBUG] Hits: jp/macos/Business/top-free 3 app(s) found
[2026-09-18T22:50:13.029Z] [DEBUG] RSS ok: jp/macos/Productivity/top-free entries=99
[2026-09-18T22:50:23.031Z] [DEBUG] Hits: jp/macos/Productivity/top-free 4 app(s) found
[2026-09-18T22:50:23.841Z] [DEBUG] RSS ok: jp/macos/Utilities/top-free entries=99
[2026-09-18T22:50:33.847Z] [DEBUG] Hits: jp/macos/Utilities/top-free 4 app(s) found
[2026-09-18T22:50:34.579Z] [DEBUG] RSS ok: au/macos/Business/top-free entries=100
[2026-09-18T22:50:44.585Z] [DEBUG] Hits: au/macos/Business/top-free 3 app(s) found
[2026-09-18T22:50:45.601Z] [DEBUG] RSS ok: au/macos/Productivity/top-free entries=99
[2026-09-18T22:50:55.607Z] [DEBUG] Hits: au/macos/Productivity/top-free 5 app(s) found
[2026-09-18T22:50:55.607Z] [INFO] RSS progress: 20/60 (20 ok, 0 error, 64 points)
[2026-09-18T22:50:56.356Z] [DEBUG] RSS ok: au/macos/Utilities/top-free entries=99
[2026-09-18T22:51:06.363Z] [DEBUG] Hits: au/macos/Utilities/top-free 1 app(s) found
[2026-09-18T22:51:07.257Z] [DEBUG] RSS ok: es/macos/Business/top-free entries=100
[2026-09-18T22:51:17.263Z] [DEBUG] Hits: es/macos/Business/top-free 3 app(s) found
[2026-09-18T22:51:18.146Z] [DEBUG] RSS ok: es/macos/Productivity/top-free entries=99
[2026-09-18T22:51:28.153Z] [DEBUG] Hits: es/macos/Productivity/top-free 5 app(s) found
[2026-09-18T22:51:29.076Z] [DEBUG] RSS ok: es/macos/Utilities/top-free entries=99
[2026-09-18T22:51:39.082Z] [DEBUG] Hits: es/macos/Utilities/top-free 3 app(s) found
[2026-09-18T22:51:40.070Z] [DEBUG] RSS ok: it/macos/Business/top-free entries=100
[2026-09-18T22:51:50.077Z] [DEBUG] Hits: it/macos/Business/top-free 2 app(s) found
[2026-09-18T22:51:50.884Z] [DEBUG] RSS ok: it/macos/Productivity/top-free entries=99
[2026-09-18T22:52:00.891Z] [DEBUG] Hits: it/macos/Productivity/top-free 4 app(s) found
[2026-09-18T22:52:01.715Z] [DEBUG] RSS ok: it/macos/Utilities/top-free entries=99
[2026-09-18T22:52:11.721Z] [DEBUG] Hits: it/macos/Utilities/top-free 1 app(s) found
[2026-09-18T22:52:12.680Z] [DEBUG] RSS ok: pt/macos/Business/top-free entries=99
[2026-09-18T22:52:22.687Z] [DEBUG] Hits: pt/macos/Business/top-free 2 app(s) found
[2026-09-18T22:52:23.783Z] [DEBUG] RSS ok: pt/macos/Productivity/top-free entries=99
[2026-09-18T22:52:33.789Z] [DEBUG] Hits: pt/macos/Productivity/top-free 4 app(s) found
[2026-09-18T22:52:34.577Z] [DEBUG] RSS ok: pt/macos/Utilities/top-free entries=99
[2026-09-18T22:52:44.583Z] [DEBUG] Hits: pt/macos/Utilities/top-free 1 app(s) found
[2026-09-18T22:52:44.583Z] [INFO] RSS progress: 30/60 (30 ok, 0 error, 90 points)
[2026-09-18T22:52:45.553Z] [DEBUG] RSS ok: ch/macos/Business/top-free entries=99
[2026-09-18T22:52:55.559Z] [DEBUG] Hits: ch/macos/Business/top-free 2 app(s) found
[2026-09-18T22:52:56.409Z] [DEBUG] RSS ok: ch/macos/Productivity/top-free entries=99
[2026-09-18T22:53:06.415Z] [DEBUG] Hits: ch/macos/Productivity/top-free 5 app(s) found
[2026-09-18T22:53:07.253Z] [DEBUG] RSS ok: ch/macos/Utilities/top-free entries=99
[2026-09-18T22:53:17.259Z] [DEBUG] Hits: ch/macos/Utilities/top-free 2 app(s) found
[2026-09-18T22:53:18.058Z] [DEBUG] RSS ok: be/macos/Business/top-free entries=100
[2026-09-18T22:53:28.064Z] [DEBUG] Hits: be/macos/Business/top-free 3 app(s) found
[2026-09-18T22:53:28.956Z] [DEBUG] RSS ok: be/macos/Productivity/top-free entries=99
[2026-09-18T22:53:38.963Z] [DEBUG] Hits: be/macos/Productivity/top-free 5 app(s) found
[2026-09-18T22:53:39.778Z] [DEBUG] RSS ok: be/macos/Utilities/top-free entries=99
[2026-09-18T22:53:49.784Z] [DEBUG] Hits: be/macos/Utilities/top-free 1 app(s) found
[2026-09-18T22:53:50.739Z] [DEBUG] RSS ok: nl/macos/Business/top-free entries=100
[2026-09-18T22:54:00.746Z] [DEBUG] Hits: nl/macos/Business/top-free 1 app(s) found
[2026-09-18T22:54:01.383Z] [DEBUG] RSS ok: nl/macos/Productivity/top-free entries=99
[2026-09-18T22:54:11.389Z] [DEBUG] Hits: nl/macos/Productivity/top-free 4 app(s) found
[2026-09-18T22:54:12.186Z] [DEBUG] RSS ok: nl/macos/Utilities/top-free entries=99
[2026-09-18T22:54:22.192Z] [DEBUG] Hits: nl/macos/Utilities/top-free 2 app(s) found
[2026-09-18T22:54:22.892Z] [DEBUG] RSS ok: tw/macos/Business/top-free entries=100
[2026-09-18T22:54:32.898Z] [DEBUG] Hits: tw/macos/Business/top-free 4 app(s) found
[2026-09-18T22:54:32.898Z] [INFO] RSS progress: 40/60 (40 ok, 0 error, 119 points)
[2026-09-18T22:54:33.739Z] [DEBUG] RSS ok: tw/macos/Productivity/top-free entries=99
[2026-09-18T22:54:43.743Z] [DEBUG] Hits: tw/macos/Productivity/top-free 4 app(s) found
[2026-09-18T22:54:44.946Z] [DEBUG] RSS ok: tw/macos/Utilities/top-free entries=99
[2026-09-18T22:54:54.952Z] [DEBUG] Hits: tw/macos/Utilities/top-free 1 app(s) found
[2026-09-18T22:54:55.629Z] [DEBUG] RSS ok: hk/macos/Business/top-free entries=100
[2026-09-18T22:55:05.635Z] [DEBUG] Hits: hk/macos/Business/top-free 1 app(s) found
[2026-09-18T22:55:06.457Z] [DEBUG] RSS ok: hk/macos/Productivity/top-free entries=99
[2026-09-18T22:55:16.464Z] [DEBUG] Hits: hk/macos/Productivity/top-free 3 app(s) found
[2026-09-18T22:55:17.198Z] [DEBUG] RSS ok: hk/macos/Utilities/top-free entries=99
[2026-09-18T22:55:27.204Z] [DEBUG] Hits: hk/macos/Utilities/top-free 2 app(s) found
[2026-09-18T22:55:28.006Z] [DEBUG] RSS ok: nz/macos/Business/top-free entries=100
[2026-09-18T22:55:38.012Z] [DEBUG] Hits: nz/macos/Business/top-free 3 app(s) found
[2026-09-18T22:55:39.602Z] [DEBUG] RSS ok: nz/macos/Productivity/top-free entries=99
[2026-09-18T22:55:49.608Z] [DEBUG] Hits: nz/macos/Productivity/top-free 3 app(s) found
[2026-09-18T22:55:50.614Z] [DEBUG] RSS ok: nz/macos/Utilities/top-free entries=99
[2026-09-18T22:56:01.648Z] [DEBUG] RSS ok: sg/macos/Business/top-free entries=100
[2026-09-18T22:56:11.654Z] [DEBUG] Hits: sg/macos/Business/top-free 4 app(s) found
[2026-09-18T22:56:12.425Z] [DEBUG] RSS ok: sg/macos/Productivity/top-free entries=99
[2026-09-18T22:56:22.432Z] [DEBUG] Hits: sg/macos/Productivity/top-free 3 app(s) found
[2026-09-18T22:56:22.432Z] [INFO] RSS progress: 50/60 (50 ok, 0 error, 143 points)
[2026-09-18T22:56:23.210Z] [DEBUG] RSS ok: sg/macos/Utilities/top-free entries=99
[2026-09-18T22:56:33.216Z] [DEBUG] Hits: sg/macos/Utilities/top-free 1 app(s) found
[2026-09-18T22:56:34.049Z] [DEBUG] RSS ok: in/macos/Business/top-free entries=100
[2026-09-18T22:56:44.056Z] [DEBUG] Hits: in/macos/Business/top-free 3 app(s) found
[2026-09-18T22:56:44.868Z] [DEBUG] RSS ok: in/macos/Productivity/top-free entries=99
[2026-09-18T22:56:54.874Z] [DEBUG] Hits: in/macos/Productivity/top-free 4 app(s) found
[2026-09-18T22:56:55.721Z] [DEBUG] RSS ok: in/macos/Utilities/top-free entries=99
[2026-09-18T22:57:06.586Z] [DEBUG] RSS ok: za/macos/Business/top-free entries=100
[2026-09-18T22:57:16.592Z] [DEBUG] Hits: za/macos/Business/top-free 2 app(s) found
[2026-09-18T22:57:17.396Z] [DEBUG] RSS ok: za/macos/Productivity/top-free entries=99
[2026-09-18T22:57:27.399Z] [DEBUG] Hits: za/macos/Productivity/top-free 4 app(s) found
[2026-09-18T22:57:28.403Z] [DEBUG] RSS ok: za/macos/Utilities/top-free entries=99
[2026-09-18T22:57:38.409Z] [DEBUG] Hits: za/macos/Utilities/top-free 2 app(s) found
[2026-09-18T22:57:39.225Z] [DEBUG] RSS ok: br/macos/Business/top-free entries=98
[2026-09-18T22:57:49.226Z] [DEBUG] Hits: br/macos/Business/top-free 3 app(s) found
[2026-09-18T22:57:50.186Z] [DEBUG] RSS ok: br/macos/Productivity/top-free entries=99
[2026-09-18T22:58:00.192Z] [DEBUG] Hits: br/macos/Productivity/top-free 3 app(s) found
[2026-09-18T22:58:01.038Z] [DEBUG] RSS ok: br/macos/Utilities/top-free entries=99
[2026-09-18T22:58:11.038Z] [DEBUG] Hits: br/macos/Utilities/top-free 1 app(s) found
[2026-09-18T22:58:11.039Z] [INFO] RSS progress: 60/60 (60 ok, 0 error, 166 points)
[2026-09-18T22:58:11.039Z] [INFO] Platform max returned: macos = 100
[2026-09-18T22:58:11.039Z] [INFO] RSS fetch done: 60 ok, 0 error, 166 points
[2026-09-18T22:58:11.039Z] [INFO] RSS results: 60 ok, 0 error, 166 rank points
[2026-09-18T22:58:11.082Z] [INFO] Stored: 60 crawls, 166 points
[2026-09-18T22:58:11.118Z] [INFO] current.json written rows=23
[2026-09-18T22:58:11.120Z] [INFO] Current summary: on_chart=166, not_on_chart=294, depth_limited=0, crawl_error=0, total=460
[2026-09-18T22:58:11.120Z] [INFO] === Crawl complete === 652.6s
[2026-09-18T23:47:12.058Z] [INFO] === Crawl start === ts=2026-09-18T23:00:00Z
[2026-09-18T23:47:12.062Z] [INFO] Config loaded apps=4, platforms=macos, categories=Business,Productivity,Utilities
[2026-09-18T23:47:12.062Z] [INFO] App IDs to track: 23 our=4, competitors=19
[2026-09-18T23:47:12.064Z] [INFO] Lookup cached fetched_at=2026-09-18T00:47:13.044Z, 23 apps
[2026-09-18T23:47:12.065Z] [INFO] RSS requests: 60 countries=20, platforms=macos, categories=Business,Productivity,Utilities
[2026-09-18T23:47:12.065Z] [INFO] RSS fetch start: 60 requests, concurrency=1
[2026-09-18T23:47:12.856Z] [DEBUG] RSS ok: us/macos/Business/top-free entries=100
[2026-09-18T23:47:22.858Z] [DEBUG] Hits: us/macos/Business/top-free 4 app(s) found
[2026-09-18T23:47:26.202Z] [DEBUG] RSS ok: us/macos/Productivity/top-free entries=99
[2026-09-18T23:47:36.208Z] [DEBUG] Hits: us/macos/Productivity/top-free 6 app(s) found
[2026-09-18T23:47:37.063Z] [DEBUG] RSS ok: us/macos/Utilities/top-free entries=100
[2026-09-18T23:47:47.069Z] [DEBUG] Hits: us/macos/Utilities/top-free 1 app(s) found
[2026-09-18T23:47:47.936Z] [DEBUG] RSS ok: gb/macos/Business/top-free entries=100
[2026-09-18T23:47:57.943Z] [DEBUG] Hits: gb/macos/Business/top-free 3 app(s) found
[2026-09-18T23:47:58.546Z] [DEBUG] RSS ok: gb/macos/Productivity/top-free entries=99
[2026-09-18T23:48:08.552Z] [DEBUG] Hits: gb/macos/Productivity/top-free 4 app(s) found
[2026-09-18T23:48:09.379Z] [DEBUG] RSS ok: gb/macos/Utilities/top-free entries=99
[2026-09-18T23:48:19.385Z] [DEBUG] Hits: gb/macos/Utilities/top-free 3 app(s) found
[2026-09-18T23:48:20.147Z] [DEBUG] RSS ok: ca/macos/Business/top-free entries=100
[2026-09-18T23:48:30.153Z] [DEBUG] Hits: ca/macos/Business/top-free 4 app(s) found
[2026-09-18T23:48:30.745Z] [DEBUG] RSS ok: ca/macos/Productivity/top-free entries=99
[2026-09-18T23:48:40.751Z] [DEBUG] Hits: ca/macos/Productivity/top-free 5 app(s) found
[2026-09-18T23:48:41.812Z] [DEBUG] RSS ok: ca/macos/Utilities/top-free entries=99
[2026-09-18T23:48:52.651Z] [DEBUG] RSS ok: fr/macos/Business/top-free entries=99
[2026-09-18T23:49:02.658Z] [DEBUG] Hits: fr/macos/Business/top-free 3 app(s) found
[2026-09-18T23:49:02.658Z] [INFO] RSS progress: 10/60 (10 ok, 0 error, 33 points)
[2026-09-18T23:49:04.573Z] [DEBUG] RSS ok: fr/macos/Productivity/top-free entries=99
[2026-09-18T23:49:14.575Z] [DEBUG] Hits: fr/macos/Productivity/top-free 4 app(s) found
[2026-09-18T23:49:15.287Z] [DEBUG] RSS ok: fr/macos/Utilities/top-free entries=99
[2026-09-18T23:49:25.292Z] [DEBUG] Hits: fr/macos/Utilities/top-free 2 app(s) found
[2026-09-18T23:49:26.156Z] [DEBUG] RSS ok: de/macos/Business/top-free entries=99
[2026-09-18T23:49:37.080Z] [DEBUG] RSS ok: de/macos/Productivity/top-free entries=99
[2026-09-18T23:49:47.086Z] [DEBUG] Hits: de/macos/Productivity/top-free 4 app(s) found
[2026-09-18T23:49:47.996Z] [DEBUG] RSS ok: de/macos/Utilities/top-free entries=99
[2026-09-18T23:49:58.002Z] [DEBUG] Hits: de/macos/Utilities/top-free 2 app(s) found
[2026-09-18T23:49:58.750Z] [DEBUG] RSS ok: jp/macos/Business/top-free entries=100
[2026-09-18T23:50:08.756Z] [DEBUG] Hits: jp/macos/Business/top-free 3 app(s) found
[2026-09-18T23:50:09.532Z] [DEBUG] RSS ok: jp/macos/Productivity/top-free entries=99
[2026-09-18T23:50:19.538Z] [DEBUG] Hits: jp/macos/Productivity/top-free 4 app(s) found
[2026-09-18T23:50:20.283Z] [DEBUG] RSS ok: jp/macos/Utilities/top-free entries=99
[2026-09-18T23:50:30.289Z] [DEBUG] Hits: jp/macos/Utilities/top-free 4 app(s) found
[2026-09-18T23:50:31.333Z] [DEBUG] RSS ok: au/macos/Business/top-free entries=100
[2026-09-18T23:50:41.338Z] [DEBUG] Hits: au/macos/Business/top-free 3 app(s) found
[2026-09-18T23:50:42.001Z] [DEBUG] RSS ok: au/macos/Productivity/top-free entries=99
[2026-09-18T23:50:52.007Z] [DEBUG] Hits: au/macos/Productivity/top-free 5 app(s) found
[2026-09-18T23:50:52.008Z] [INFO] RSS progress: 20/60 (20 ok, 0 error, 64 points)
[2026-09-18T23:50:52.954Z] [DEBUG] RSS ok: au/macos/Utilities/top-free entries=99
[2026-09-18T23:51:02.960Z] [DEBUG] Hits: au/macos/Utilities/top-free 1 app(s) found
[2026-09-18T23:51:03.713Z] [DEBUG] RSS ok: es/macos/Business/top-free entries=100
[2026-09-18T23:51:13.720Z] [DEBUG] Hits: es/macos/Business/top-free 3 app(s) found
[2026-09-18T23:51:14.549Z] [DEBUG] RSS ok: es/macos/Productivity/top-free entries=99
[2026-09-18T23:51:24.551Z] [DEBUG] Hits: es/macos/Productivity/top-free 5 app(s) found
[2026-09-18T23:51:25.720Z] [DEBUG] RSS ok: es/macos/Utilities/top-free entries=99
[2026-09-18T23:51:35.727Z] [DEBUG] Hits: es/macos/Utilities/top-free 3 app(s) found
[2026-09-18T23:51:36.493Z] [DEBUG] RSS ok: it/macos/Business/top-free entries=100
[2026-09-18T23:51:46.499Z] [DEBUG] Hits: it/macos/Business/top-free 2 app(s) found
[2026-09-18T23:51:47.292Z] [DEBUG] RSS ok: it/macos/Productivity/top-free entries=99
[2026-09-18T23:51:57.299Z] [DEBUG] Hits: it/macos/Productivity/top-free 4 app(s) found
[2026-09-18T23:51:58.297Z] [DEBUG] RSS ok: it/macos/Utilities/top-free entries=99
[2026-09-18T23:52:08.303Z] [DEBUG] Hits: it/macos/Utilities/top-free 1 app(s) found
[2026-09-18T23:52:09.074Z] [DEBUG] RSS ok: pt/macos/Business/top-free entries=99
[2026-09-18T23:52:19.080Z] [DEBUG] Hits: pt/macos/Business/top-free 2 app(s) found
[2026-09-18T23:52:20.019Z] [DEBUG] RSS ok: pt/macos/Productivity/top-free entries=99
[2026-09-18T23:52:30.025Z] [DEBUG] Hits: pt/macos/Productivity/top-free 4 app(s) found
[2026-09-18T23:52:30.766Z] [DEBUG] RSS ok: pt/macos/Utilities/top-free entries=99
[2026-09-18T23:52:40.772Z] [DEBUG] Hits: pt/macos/Utilities/top-free 1 app(s) found
[2026-09-18T23:52:40.773Z] [INFO] RSS progress: 30/60 (30 ok, 0 error, 90 points)
[2026-09-18T23:52:41.440Z] [DEBUG] RSS ok: ch/macos/Business/top-free entries=99
[2026-09-18T23:52:51.446Z] [DEBUG] Hits: ch/macos/Business/top-free 2 app(s) found
[2026-09-18T23:52:52.149Z] [DEBUG] RSS ok: ch/macos/Productivity/top-free entries=99
[2026-09-18T23:53:02.154Z] [DEBUG] Hits: ch/macos/Productivity/top-free 5 app(s) found
[2026-09-18T23:53:02.875Z] [DEBUG] RSS ok: ch/macos/Utilities/top-free entries=99
[2026-09-18T23:53:12.881Z] [DEBUG] Hits: ch/macos/Utilities/top-free 2 app(s) found
[2026-09-18T23:53:13.572Z] [DEBUG] RSS ok: be/macos/Business/top-free entries=100
[2026-09-18T23:53:23.579Z] [DEBUG] Hits: be/macos/Business/top-free 3 app(s) found
[2026-09-18T23:53:24.528Z] [DEBUG] RSS ok: be/macos/Productivity/top-free entries=99
[2026-09-18T23:53:34.533Z] [DEBUG] Hits: be/macos/Productivity/top-free 5 app(s) found
[2026-09-18T23:53:35.363Z] [DEBUG] RSS ok: be/macos/Utilities/top-free entries=99
[2026-09-18T23:53:45.369Z] [DEBUG] Hits: be/macos/Utilities/top-free 1 app(s) found
[2026-09-18T23:53:46.555Z] [DEBUG] RSS ok: nl/macos/Business/top-free entries=100
[2026-09-18T23:53:56.561Z] [DEBUG] Hits: nl/macos/Business/top-free 1 app(s) found
[2026-09-18T23:53:57.277Z] [DEBUG] RSS ok: nl/macos/Productivity/top-free entries=99
[2026-09-18T23:54:07.283Z] [DEBUG] Hits: nl/macos/Productivity/top-free 4 app(s) found
[2026-09-18T23:54:08.286Z] [DEBUG] RSS ok: nl/macos/Utilities/top-free entries=99
[2026-09-18T23:54:18.292Z] [DEBUG] Hits: nl/macos/Utilities/top-free 2 app(s) found
[2026-09-18T23:54:19.117Z] [DEBUG] RSS ok: tw/macos/Business/top-free entries=100
[2026-09-18T23:54:29.119Z] [DEBUG] Hits: tw/macos/Business/top-free 4 app(s) found
[2026-09-18T23:54:29.120Z] [INFO] RSS progress: 40/60 (40 ok, 0 error, 119 points)
[2026-09-18T23:54:29.857Z] [DEBUG] RSS ok: tw/macos/Productivity/top-free entries=99
[2026-09-18T23:54:39.863Z] [DEBUG] Hits: tw/macos/Productivity/top-free 4 app(s) found
[2026-09-18T23:54:40.626Z] [DEBUG] RSS ok: tw/macos/Utilities/top-free entries=99
[2026-09-18T23:54:50.629Z] [DEBUG] Hits: tw/macos/Utilities/top-free 1 app(s) found
[2026-09-18T23:54:51.404Z] [DEBUG] RSS ok: hk/macos/Business/top-free entries=100
[2026-09-18T23:55:01.409Z] [DEBUG] Hits: hk/macos/Business/top-free 1 app(s) found
[2026-09-18T23:55:02.188Z] [DEBUG] RSS ok: hk/macos/Productivity/top-free entries=99
[2026-09-18T23:55:12.194Z] [DEBUG] Hits: hk/macos/Productivity/top-free 3 app(s) found
[2026-09-18T23:55:12.804Z] [DEBUG] RSS ok: hk/macos/Utilities/top-free entries=99
[2026-09-18T23:55:22.810Z] [DEBUG] Hits: hk/macos/Utilities/top-free 2 app(s) found
[2026-09-18T23:55:23.487Z] [DEBUG] RSS ok: nz/macos/Business/top-free entries=100
[2026-09-18T23:55:33.493Z] [DEBUG] Hits: nz/macos/Business/top-free 3 app(s) found
[2026-09-18T23:55:34.256Z] [DEBUG] RSS ok: nz/macos/Productivity/top-free entries=99
[2026-09-18T23:55:44.263Z] [DEBUG] Hits: nz/macos/Productivity/top-free 3 app(s) found
[2026-09-18T23:55:45.069Z] [DEBUG] RSS ok: nz/macos/Utilities/top-free entries=99
[2026-09-18T23:55:55.841Z] [DEBUG] RSS ok: sg/macos/Business/top-free entries=100
[2026-09-18T23:56:05.847Z] [DEBUG] Hits: sg/macos/Business/top-free 4 app(s) found
[2026-09-18T23:56:06.600Z] [DEBUG] RSS ok: sg/macos/Productivity/top-free entries=99
[2026-09-18T23:56:16.606Z] [DEBUG] Hits: sg/macos/Productivity/top-free 3 app(s) found
[2026-09-18T23:56:16.607Z] [INFO] RSS progress: 50/60 (50 ok, 0 error, 143 points)
[2026-09-18T23:56:17.274Z] [DEBUG] RSS ok: sg/macos/Utilities/top-free entries=99
[2026-09-18T23:56:27.279Z] [DEBUG] Hits: sg/macos/Utilities/top-free 1 app(s) found
[2026-09-18T23:56:28.065Z] [DEBUG] RSS ok: in/macos/Business/top-free entries=100
[2026-09-18T23:56:38.071Z] [DEBUG] Hits: in/macos/Business/top-free 3 app(s) found
[2026-09-18T23:56:38.899Z] [DEBUG] RSS ok: in/macos/Productivity/top-free entries=99
[2026-09-18T23:56:48.906Z] [DEBUG] Hits: in/macos/Productivity/top-free 4 app(s) found
[2026-09-18T23:56:50.328Z] [DEBUG] RSS ok: in/macos/Utilities/top-free entries=99
[2026-09-18T23:57:01.041Z] [DEBUG] RSS ok: za/macos/Business/top-free entries=100
[2026-09-18T23:57:11.048Z] [DEBUG] Hits: za/macos/Business/top-free 2 app(s) found
[2026-09-18T23:57:11.850Z] [DEBUG] RSS ok: za/macos/Productivity/top-free entries=99
[2026-09-18T23:57:21.856Z] [DEBUG] Hits: za/macos/Productivity/top-free 4 app(s) found
[2026-09-18T23:57:22.713Z] [DEBUG] RSS ok: za/macos/Utilities/top-free entries=99
[2026-09-18T23:57:32.719Z] [DEBUG] Hits: za/macos/Utilities/top-free 2 app(s) found
[2026-09-18T23:57:33.573Z] [DEBUG] RSS ok: br/macos/Business/top-free entries=98
[2026-09-18T23:57:43.579Z] [DEBUG] Hits: br/macos/Business/top-free 3 app(s) found
[2026-09-18T23:57:44.468Z] [DEBUG] RSS ok: br/macos/Productivity/top-free entries=99
[2026-09-18T23:57:54.475Z] [DEBUG] Hits: br/macos/Productivity/top-free 3 app(s) found
[2026-09-18T23:57:55.197Z] [DEBUG] RSS ok: br/macos/Utilities/top-free entries=99
[2026-09-18T23:58:05.204Z] [DEBUG] Hits: br/macos/Utilities/top-free 1 app(s) found
[2026-09-18T23:58:05.204Z] [INFO] RSS progress: 60/60 (60 ok, 0 error, 166 points)
[2026-09-18T23:58:05.204Z] [INFO] RSS fetch done: 60 ok, 0 error, 166 points
[2026-09-18T23:58:05.204Z] [INFO] Platform max returned: macos = 100
[2026-09-18T23:58:05.204Z] [INFO] RSS results: 60 ok, 0 error, 166 rank points
[2026-09-18T23:58:05.249Z] [INFO] Stored: 60 crawls, 166 points
[2026-09-18T23:58:05.288Z] [INFO] current.json written rows=23
[2026-09-18T23:58:05.289Z] [INFO] Current summary: on_chart=166, not_on_chart=294, depth_limited=0, crawl_error=0, total=460
[2026-09-18T23:58:05.289Z] [INFO] === Crawl complete === 653.2s
