[2026-09-17T00:47:16.204Z] [INFO] === Crawl start === ts=2026-09-17T00:00:00Z
[2026-09-17T00:47:16.208Z] [INFO] App IDs to track: 23 our=4, competitors=19
[2026-09-17T00:47:16.208Z] [INFO] Config loaded apps=4, platforms=macos, categories=Business,Productivity,Utilities
[2026-09-17T00:47:16.209Z] [INFO] Lookup needed (daily refresh), fetching 23 apps...
[2026-09-17T00:47:16.209Z] [INFO] Lookup: 23 unique IDs in 1 batch(es)
[2026-09-17T00:47:16.210Z] [DEBUG] Lookup batch 1/1: 23 IDs
[2026-09-17T00:47:17.167Z] [DEBUG] Lookup batch 1: 23 results
[2026-09-17T00:47:17.168Z] [INFO] Lookup result: 23/23 apps found
[2026-09-17T00:47:17.172Z] [INFO] Lookup done: 23/23 results
[2026-09-17T00:47:17.173Z] [INFO] RSS requests: 60 countries=20, platforms=macos, categories=Business,Productivity,Utilities
[2026-09-17T00:47:17.174Z] [INFO] RSS fetch start: 60 requests, concurrency=1
[2026-09-17T00:47:17.892Z] [DEBUG] RSS ok: us/macos/Business/top-free entries=100
[2026-09-17T00:47:27.896Z] [DEBUG] Hits: us/macos/Business/top-free 4 app(s) found
[2026-09-17T00:47:28.792Z] [DEBUG] RSS ok: us/macos/Productivity/top-free entries=99
[2026-09-17T00:47:38.799Z] [DEBUG] Hits: us/macos/Productivity/top-free 6 app(s) found
[2026-09-17T00:47:40.257Z] [DEBUG] RSS ok: us/macos/Utilities/top-free entries=100
[2026-09-17T00:47:50.263Z] [DEBUG] Hits: us/macos/Utilities/top-free 1 app(s) found
[2026-09-17T00:47:51.148Z] [DEBUG] RSS ok: gb/macos/Business/top-free entries=100
[2026-09-17T00:48:01.155Z] [DEBUG] Hits: gb/macos/Business/top-free 4 app(s) found
[2026-09-17T00:48:02.042Z] [DEBUG] RSS ok: gb/macos/Productivity/top-free entries=99
[2026-09-17T00:48:12.049Z] [DEBUG] Hits: gb/macos/Productivity/top-free 5 app(s) found
[2026-09-17T00:48:12.821Z] [DEBUG] RSS ok: gb/macos/Utilities/top-free entries=100
[2026-09-17T00:48:22.829Z] [DEBUG] Hits: gb/macos/Utilities/top-free 3 app(s) found
[2026-09-17T00:48:23.909Z] [DEBUG] RSS ok: ca/macos/Business/top-free entries=100
[2026-09-17T00:48:33.915Z] [DEBUG] Hits: ca/macos/Business/top-free 5 app(s) found
[2026-09-17T00:48:34.784Z] [DEBUG] RSS ok: ca/macos/Productivity/top-free entries=99
[2026-09-17T00:48:44.791Z] [DEBUG] Hits: ca/macos/Productivity/top-free 5 app(s) found
[2026-09-17T00:48:45.785Z] [DEBUG] RSS ok: ca/macos/Utilities/top-free entries=100
[2026-09-17T00:48:56.649Z] [DEBUG] RSS ok: fr/macos/Business/top-free entries=99
[2026-09-17T00:49:06.652Z] [DEBUG] Hits: fr/macos/Business/top-free 3 app(s) found
[2026-09-17T00:49:06.653Z] [INFO] RSS progress: 10/60 (10 ok, 0 error, 36 points)
[2026-09-17T00:49:07.601Z] [DEBUG] RSS ok: fr/macos/Productivity/top-free entries=99
[2026-09-17T00:49:17.607Z] [DEBUG] Hits: fr/macos/Productivity/top-free 5 app(s) found
[2026-09-17T00:49:18.513Z] [DEBUG] RSS ok: fr/macos/Utilities/top-free entries=100
[2026-09-17T00:49:28.520Z] [DEBUG] Hits: fr/macos/Utilities/top-free 1 app(s) found
[2026-09-17T00:49:29.539Z] [DEBUG] RSS ok: de/macos/Business/top-free entries=100
[2026-09-17T00:49:40.353Z] [DEBUG] RSS ok: de/macos/Productivity/top-free entries=99
[2026-09-17T00:49:50.358Z] [DEBUG] Hits: de/macos/Productivity/top-free 4 app(s) found
[2026-09-17T00:49:51.184Z] [DEBUG] RSS ok: de/macos/Utilities/top-free entries=100
[2026-09-17T00:50:01.190Z] [DEBUG] Hits: de/macos/Utilities/top-free 1 app(s) found
[2026-09-17T00:50:02.010Z] [DEBUG] RSS ok: jp/macos/Business/top-free entries=100
[2026-09-17T00:50:12.016Z] [DEBUG] Hits: jp/macos/Business/top-free 3 app(s) found
[2026-09-17T00:50:12.822Z] [DEBUG] RSS ok: jp/macos/Productivity/top-free entries=99
[2026-09-17T00:50:22.828Z] [DEBUG] Hits: jp/macos/Productivity/top-free 3 app(s) found
[2026-09-17T00:50:23.733Z] [DEBUG] RSS ok: jp/macos/Utilities/top-free entries=100
[2026-09-17T00:50:33.739Z] [DEBUG] Hits: jp/macos/Utilities/top-free 4 app(s) found
[2026-09-17T00:50:34.621Z] [DEBUG] RSS ok: au/macos/Business/top-free entries=100
[2026-09-17T00:50:44.627Z] [DEBUG] Hits: au/macos/Business/top-free 4 app(s) found
[2026-09-17T00:50:45.495Z] [DEBUG] RSS ok: au/macos/Productivity/top-free entries=99
[2026-09-17T00:50:55.502Z] [DEBUG] Hits: au/macos/Productivity/top-free 4 app(s) found
[2026-09-17T00:50:55.502Z] [INFO] RSS progress: 20/60 (20 ok, 0 error, 65 points)
[2026-09-17T00:50:56.463Z] [DEBUG] RSS ok: au/macos/Utilities/top-free entries=100
[2026-09-17T00:51:06.470Z] [DEBUG] Hits: au/macos/Utilities/top-free 1 app(s) found
[2026-09-17T00:51:07.299Z] [DEBUG] RSS ok: es/macos/Business/top-free entries=100
[2026-09-17T00:51:17.305Z] [DEBUG] Hits: es/macos/Business/top-free 3 app(s) found
[2026-09-17T00:51:18.226Z] [DEBUG] RSS ok: es/macos/Productivity/top-free entries=99
[2026-09-17T00:51:28.232Z] [DEBUG] Hits: es/macos/Productivity/top-free 5 app(s) found
[2026-09-17T00:51:29.328Z] [DEBUG] RSS ok: es/macos/Utilities/top-free entries=100
[2026-09-17T00:51:40.273Z] [DEBUG] RSS ok: it/macos/Business/top-free entries=99
[2026-09-17T00:51:50.279Z] [DEBUG] Hits: it/macos/Business/top-free 2 app(s) found
[2026-09-17T00:51:51.313Z] [DEBUG] RSS ok: it/macos/Productivity/top-free entries=99
[2026-09-17T00:52:01.319Z] [DEBUG] Hits: it/macos/Productivity/top-free 4 app(s) found
[2026-09-17T00:52:02.194Z] [DEBUG] RSS ok: it/macos/Utilities/top-free entries=100
[2026-09-17T00:52:12.200Z] [DEBUG] Hits: it/macos/Utilities/top-free 1 app(s) found
[2026-09-17T00:52:13.086Z] [DEBUG] RSS ok: pt/macos/Business/top-free entries=100
[2026-09-17T00:52:23.092Z] [DEBUG] Hits: pt/macos/Business/top-free 4 app(s) found
[2026-09-17T00:52:24.339Z] [DEBUG] RSS ok: pt/macos/Productivity/top-free entries=99
[2026-09-17T00:52:34.346Z] [DEBUG] Hits: pt/macos/Productivity/top-free 4 app(s) found
[2026-09-17T00:52:35.345Z] [DEBUG] RSS ok: pt/macos/Utilities/top-free entries=100
[2026-09-17T00:52:45.351Z] [INFO] RSS progress: 30/60 (30 ok, 0 error, 89 points)
[2026-09-17T00:52:46.189Z] [DEBUG] RSS ok: ch/macos/Business/top-free entries=100
[2026-09-17T00:52:56.196Z] [DEBUG] Hits: ch/macos/Business/top-free 4 app(s) found
[2026-09-17T00:52:56.970Z] [DEBUG] RSS ok: ch/macos/Productivity/top-free entries=99
[2026-09-17T00:53:06.976Z] [DEBUG] Hits: ch/macos/Productivity/top-free 5 app(s) found
[2026-09-17T00:53:08.169Z] [DEBUG] RSS ok: ch/macos/Utilities/top-free entries=100
[2026-09-17T00:53:18.175Z] [DEBUG] Hits: ch/macos/Utilities/top-free 3 app(s) found
[2026-09-17T00:53:18.959Z] [DEBUG] RSS ok: be/macos/Business/top-free entries=100
[2026-09-17T00:53:28.965Z] [DEBUG] Hits: be/macos/Business/top-free 3 app(s) found
[2026-09-17T00:53:29.867Z] [DEBUG] RSS ok: be/macos/Productivity/top-free entries=99
[2026-09-17T00:53:39.873Z] [DEBUG] Hits: be/macos/Productivity/top-free 5 app(s) found
[2026-09-17T00:53:40.907Z] [DEBUG] RSS ok: be/macos/Utilities/top-free entries=100
[2026-09-17T00:53:50.913Z] [DEBUG] Hits: be/macos/Utilities/top-free 2 app(s) found
[2026-09-17T00:53:51.868Z] [DEBUG] RSS ok: nl/macos/Business/top-free entries=100
[2026-09-17T00:54:01.874Z] [DEBUG] Hits: nl/macos/Business/top-free 1 app(s) found
[2026-09-17T00:54:02.795Z] [DEBUG] RSS ok: nl/macos/Productivity/top-free entries=99
[2026-09-17T00:54:12.801Z] [DEBUG] Hits: nl/macos/Productivity/top-free 5 app(s) found
[2026-09-17T00:54:14.033Z] [DEBUG] RSS ok: nl/macos/Utilities/top-free entries=100
[2026-09-17T00:54:24.039Z] [DEBUG] Hits: nl/macos/Utilities/top-free 3 app(s) found
[2026-09-17T00:54:24.799Z] [DEBUG] RSS ok: tw/macos/Business/top-free entries=100
[2026-09-17T00:54:34.805Z] [DEBUG] Hits: tw/macos/Business/top-free 3 app(s) found
[2026-09-17T00:54:34.805Z] [INFO] RSS progress: 40/60 (40 ok, 0 error, 123 points)
[2026-09-17T00:54:35.816Z] [DEBUG] RSS ok: tw/macos/Productivity/top-free entries=99
[2026-09-17T00:54:45.822Z] [DEBUG] Hits: tw/macos/Productivity/top-free 3 app(s) found
[2026-09-17T00:54:46.807Z] [DEBUG] RSS ok: tw/macos/Utilities/top-free entries=100
[2026-09-17T00:54:56.813Z] [DEBUG] Hits: tw/macos/Utilities/top-free 1 app(s) found
[2026-09-17T00:54:57.764Z] [DEBUG] RSS ok: hk/macos/Business/top-free entries=99
[2026-09-17T00:55:07.770Z] [DEBUG] Hits: hk/macos/Business/top-free 2 app(s) found
[2026-09-17T00:55:09.281Z] [DEBUG] RSS ok: hk/macos/Productivity/top-free entries=99
[2026-09-17T00:55:19.288Z] [DEBUG] Hits: hk/macos/Productivity/top-free 3 app(s) found
[2026-09-17T00:55:20.333Z] [DEBUG] RSS ok: hk/macos/Utilities/top-free entries=100
[2026-09-17T00:55:31.103Z] [DEBUG] RSS ok: nz/macos/Business/top-free entries=100
[2026-09-17T00:55:41.109Z] [DEBUG] Hits: nz/macos/Business/top-free 4 app(s) found
[2026-09-17T00:55:42.010Z] [DEBUG] RSS ok: nz/macos/Productivity/top-free entries=99
[2026-09-17T00:55:52.016Z] [DEBUG] Hits: nz/macos/Productivity/top-free 4 app(s) found
[2026-09-17T00:55:52.808Z] [DEBUG] RSS ok: nz/macos/Utilities/top-free entries=100
[2026-09-17T00:56:02.814Z] [DEBUG] Hits: nz/macos/Utilities/top-free 1 app(s) found
[2026-09-17T00:56:03.589Z] [DEBUG] RSS ok: sg/macos/Business/top-free entries=100
[2026-09-17T00:56:13.592Z] [DEBUG] Hits: sg/macos/Business/top-free 4 app(s) found
[2026-09-17T00:56:14.533Z] [DEBUG] RSS ok: sg/macos/Productivity/top-free entries=99
[2026-09-17T00:56:24.540Z] [DEBUG] Hits: sg/macos/Productivity/top-free 4 app(s) found
[2026-09-17T00:56:24.540Z] [INFO] RSS progress: 50/60 (50 ok, 0 error, 149 points)
[2026-09-17T00:56:25.459Z] [DEBUG] RSS ok: sg/macos/Utilities/top-free entries=100
[2026-09-17T00:56:35.465Z] [DEBUG] Hits: sg/macos/Utilities/top-free 2 app(s) found
[2026-09-17T00:56:36.231Z] [DEBUG] RSS ok: in/macos/Business/top-free entries=100
[2026-09-17T00:56:46.238Z] [DEBUG] Hits: in/macos/Business/top-free 3 app(s) found
[2026-09-17T00:56:47.173Z] [DEBUG] RSS ok: in/macos/Productivity/top-free entries=99
[2026-09-17T00:56:57.179Z] [DEBUG] Hits: in/macos/Productivity/top-free 2 app(s) found
[2026-09-17T00:56:59.445Z] [DEBUG] RSS ok: in/macos/Utilities/top-free entries=100
[2026-09-17T00:57:10.590Z] [DEBUG] RSS ok: za/macos/Business/top-free entries=100
[2026-09-17T00:57:20.597Z] [DEBUG] Hits: za/macos/Business/top-free 3 app(s) found
[2026-09-17T00:57:21.388Z] [DEBUG] RSS ok: za/macos/Productivity/top-free entries=99
[2026-09-17T00:57:31.394Z] [DEBUG] Hits: za/macos/Productivity/top-free 4 app(s) found
[2026-09-17T00:57:32.215Z] [DEBUG] RSS ok: za/macos/Utilities/top-free entries=100
[2026-09-17T00:57:42.221Z] [DEBUG] Hits: za/macos/Utilities/top-free 2 app(s) found
[2026-09-17T00:57:43.262Z] [DEBUG] RSS ok: br/macos/Business/top-free entries=99
[2026-09-17T00:57:53.269Z] [DEBUG] Hits: br/macos/Business/top-free 2 app(s) found
[2026-09-17T00:57:54.313Z] [DEBUG] RSS ok: br/macos/Productivity/top-free entries=99
[2026-09-17T00:58:04.319Z] [DEBUG] Hits: br/macos/Productivity/top-free 4 app(s) found
[2026-09-17T00:58:05.243Z] [DEBUG] RSS ok: br/macos/Utilities/top-free entries=100
[2026-09-17T00:58:15.249Z] [DEBUG] Hits: br/macos/Utilities/top-free 1 app(s) found
[2026-09-17T00:58:15.249Z] [INFO] RSS progress: 60/60 (60 ok, 0 error, 172 points)
[2026-09-17T00:58:15.250Z] [INFO] RSS fetch done: 60 ok, 0 error, 172 points
[2026-09-17T00:58:15.250Z] [INFO] Platform max returned: macos = 100
[2026-09-17T00:58:15.250Z] [INFO] RSS results: 60 ok, 0 error, 172 rank points
[2026-09-17T00:58:15.286Z] [INFO] Stored: 60 crawls, 172 points
[2026-09-17T00:58:15.299Z] [INFO] current.json written rows=23
[2026-09-17T00:58:15.300Z] [INFO] Current summary: on_chart=172, not_on_chart=288, depth_limited=0, crawl_error=0, total=460
[2026-09-17T00:58:15.300Z] [INFO] === Crawl complete === 659.1s
[2026-09-17T01:47:47.192Z] [INFO] === Crawl start === ts=2026-09-17T01:00:00Z
[2026-09-17T01:47:47.196Z] [INFO] Config loaded apps=4, platforms=macos, categories=Business,Productivity,Utilities
[2026-09-17T01:47:47.196Z] [INFO] App IDs to track: 23 our=4, competitors=19
[2026-09-17T01:47:47.198Z] [INFO] Lookup cached fetched_at=2026-09-17T00:47:17.168Z, 23 apps
[2026-09-17T01:47:47.198Z] [INFO] RSS requests: 60 countries=20, platforms=macos, categories=Business,Productivity,Utilities
[2026-09-17T01:47:47.199Z] [INFO] RSS fetch start: 60 requests, concurrency=1
[2026-09-17T01:47:48.239Z] [DEBUG] RSS ok: us/macos/Business/top-free entries=100
[2026-09-17T01:47:58.242Z] [DEBUG] Hits: us/macos/Business/top-free 4 app(s) found
[2026-09-17T01:47:59.351Z] [DEBUG] RSS ok: us/macos/Productivity/top-free entries=99
[2026-09-17T01:48:09.357Z] [DEBUG] Hits: us/macos/Productivity/top-free 6 app(s) found
[2026-09-17T01:48:10.161Z] [DEBUG] RSS ok: us/macos/Utilities/top-free entries=100
[2026-09-17T01:48:20.167Z] [DEBUG] Hits: us/macos/Utilities/top-free 1 app(s) found
[2026-09-17T01:48:21.315Z] [DEBUG] RSS ok: gb/macos/Business/top-free entries=100
[2026-09-17T01:48:31.322Z] [DEBUG] Hits: gb/macos/Business/top-free 4 app(s) found
[2026-09-17T01:48:32.030Z] [DEBUG] RSS ok: gb/macos/Productivity/top-free entries=99
[2026-09-17T01:48:42.036Z] [DEBUG] Hits: gb/macos/Productivity/top-free 5 app(s) found
[2026-09-17T01:48:42.859Z] [DEBUG] RSS ok: gb/macos/Utilities/top-free entries=100
[2026-09-17T01:48:52.864Z] [DEBUG] Hits: gb/macos/Utilities/top-free 3 app(s) found
[2026-09-17T01:48:53.664Z] [DEBUG] RSS ok: ca/macos/Business/top-free entries=100
[2026-09-17T01:49:03.670Z] [DEBUG] Hits: ca/macos/Business/top-free 5 app(s) found
[2026-09-17T01:49:04.476Z] [DEBUG] RSS ok: ca/macos/Productivity/top-free entries=99
[2026-09-17T01:49:14.478Z] [DEBUG] Hits: ca/macos/Productivity/top-free 5 app(s) found
[2026-09-17T01:49:15.263Z] [DEBUG] RSS ok: ca/macos/Utilities/top-free entries=100
[2026-09-17T01:49:26.159Z] [DEBUG] RSS ok: fr/macos/Business/top-free entries=99
[2026-09-17T01:49:36.166Z] [DEBUG] Hits: fr/macos/Business/top-free 3 app(s) found
[2026-09-17T01:49:36.166Z] [INFO] RSS progress: 10/60 (10 ok, 0 error, 36 points)
[2026-09-17T01:49:36.857Z] [DEBUG] RSS ok: fr/macos/Productivity/top-free entries=99
[2026-09-17T01:49:46.862Z] [DEBUG] Hits: fr/macos/Productivity/top-free 5 app(s) found
[2026-09-17T01:49:47.774Z] [DEBUG] RSS ok: fr/macos/Utilities/top-free entries=100
[2026-09-17T01:49:57.779Z] [DEBUG] Hits: fr/macos/Utilities/top-free 1 app(s) found
[2026-09-17T01:49:58.921Z] [DEBUG] RSS ok: de/macos/Business/top-free entries=100
[2026-09-17T01:50:08.927Z] [DEBUG] Hits: de/macos/Business/top-free 1 app(s) found
[2026-09-17T01:50:09.953Z] [DEBUG] RSS ok: de/macos/Productivity/top-free entries=99
[2026-09-17T01:50:19.958Z] [DEBUG] Hits: de/macos/Productivity/top-free 4 app(s) found
[2026-09-17T01:50:20.797Z] [DEBUG] RSS ok: de/macos/Utilities/top-free entries=100
[2026-09-17T01:50:30.803Z] [DEBUG] Hits: de/macos/Utilities/top-free 1 app(s) found
[2026-09-17T01:50:31.925Z] [DEBUG] RSS ok: jp/macos/Business/top-free entries=100
[2026-09-17T01:50:41.930Z] [DEBUG] Hits: jp/macos/Business/top-free 3 app(s) found
[2026-09-17T01:50:42.837Z] [DEBUG] RSS ok: jp/macos/Productivity/top-free entries=99
[2026-09-17T01:50:52.844Z] [DEBUG] Hits: jp/macos/Productivity/top-free 3 app(s) found
[2026-09-17T01:50:53.770Z] [DEBUG] RSS ok: jp/macos/Utilities/top-free entries=100
[2026-09-17T01:51:03.775Z] [DEBUG] Hits: jp/macos/Utilities/top-free 4 app(s) found
[2026-09-17T01:51:04.678Z] [DEBUG] RSS ok: au/macos/Business/top-free entries=100
[2026-09-17T01:51:14.685Z] [DEBUG] Hits: au/macos/Business/top-free 4 app(s) found
[2026-09-17T01:51:15.365Z] [DEBUG] RSS ok: au/macos/Productivity/top-free entries=99
[2026-09-17T01:51:25.371Z] [DEBUG] Hits: au/macos/Productivity/top-free 4 app(s) found
[2026-09-17T01:51:25.371Z] [INFO] RSS progress: 20/60 (20 ok, 0 error, 66 points)
[2026-09-17T01:51:26.439Z] [DEBUG] RSS ok: au/macos/Utilities/top-free entries=100
[2026-09-17T01:51:36.446Z] [DEBUG] Hits: au/macos/Utilities/top-free 1 app(s) found
[2026-09-17T01:51:37.385Z] [DEBUG] RSS ok: es/macos/Business/top-free entries=100
[2026-09-17T01:51:47.392Z] [DEBUG] Hits: es/macos/Business/top-free 3 app(s) found
[2026-09-17T01:51:48.885Z] [DEBUG] RSS ok: es/macos/Productivity/top-free entries=99
[2026-09-17T01:51:58.889Z] [DEBUG] Hits: es/macos/Productivity/top-free 5 app(s) found
[2026-09-17T01:51:59.724Z] [DEBUG] RSS ok: es/macos/Utilities/top-free entries=100
[2026-09-17T01:52:10.660Z] [DEBUG] RSS ok: it/macos/Business/top-free entries=99
[2026-09-17T01:52:20.666Z] [DEBUG] Hits: it/macos/Business/top-free 2 app(s) found
[2026-09-17T01:52:21.560Z] [DEBUG] RSS ok: it/macos/Productivity/top-free entries=99
[2026-09-17T01:52:31.566Z] [DEBUG] Hits: it/macos/Productivity/top-free 4 app(s) found
[2026-09-17T01:52:32.927Z] [DEBUG] RSS ok: it/macos/Utilities/top-free entries=100
[2026-09-17T01:52:44.159Z] [DEBUG] RSS ok: pt/macos/Business/top-free entries=100
[2026-09-17T01:52:54.164Z] [DEBUG] Hits: pt/macos/Business/top-free 4 app(s) found
[2026-09-17T01:52:54.980Z] [DEBUG] RSS ok: pt/macos/Productivity/top-free entries=99
[2026-09-17T01:53:04.987Z] [DEBUG] Hits: pt/macos/Productivity/top-free 4 app(s) found
[2026-09-17T01:53:05.668Z] [DEBUG] RSS ok: pt/macos/Utilities/top-free entries=100
[2026-09-17T01:53:15.674Z] [INFO] RSS progress: 30/60 (30 ok, 0 error, 89 points)
[2026-09-17T01:53:16.500Z] [DEBUG] RSS ok: ch/macos/Business/top-free entries=100
[2026-09-17T01:53:26.506Z] [DEBUG] Hits: ch/macos/Business/top-free 4 app(s) found
[2026-09-17T01:53:27.187Z] [DEBUG] RSS ok: ch/macos/Productivity/top-free entries=99
[2026-09-17T01:53:37.192Z] [DEBUG] Hits: ch/macos/Productivity/top-free 4 app(s) found
[2026-09-17T01:53:38.268Z] [DEBUG] RSS ok: ch/macos/Utilities/top-free entries=100
[2026-09-17T01:53:48.270Z] [DEBUG] Hits: ch/macos/Utilities/top-free 3 app(s) found
[2026-09-17T01:53:49.166Z] [DEBUG] RSS ok: be/macos/Business/top-free entries=100
[2026-09-17T01:53:59.173Z] [DEBUG] Hits: be/macos/Business/top-free 3 app(s) found
[2026-09-17T01:54:00.275Z] [DEBUG] RSS ok: be/macos/Productivity/top-free entries=99
[2026-09-17T01:54:10.282Z] [DEBUG] Hits: be/macos/Productivity/top-free 5 app(s) found
[2026-09-17T01:54:11.242Z] [DEBUG] RSS ok: be/macos/Utilities/top-free entries=100
[2026-09-17T01:54:21.249Z] [DEBUG] Hits: be/macos/Utilities/top-free 1 app(s) found
[2026-09-17T01:54:22.223Z] [DEBUG] RSS ok: nl/macos/Business/top-free entries=100
[2026-09-17T01:54:32.229Z] [DEBUG] Hits: nl/macos/Business/top-free 2 app(s) found
[2026-09-17T01:54:33.026Z] [DEBUG] RSS ok: nl/macos/Productivity/top-free entries=99
[2026-09-17T01:54:43.033Z] [DEBUG] Hits: nl/macos/Productivity/top-free 5 app(s) found
[2026-09-17T01:54:43.848Z] [DEBUG] RSS ok: nl/macos/Utilities/top-free entries=100
[2026-09-17T01:54:53.855Z] [DEBUG] Hits: nl/macos/Utilities/top-free 3 app(s) found
[2026-09-17T01:54:54.630Z] [DEBUG] RSS ok: tw/macos/Business/top-free entries=100
[2026-09-17T01:55:04.636Z] [DEBUG] Hits: tw/macos/Business/top-free 3 app(s) found
[2026-09-17T01:55:04.636Z] [INFO] RSS progress: 40/60 (40 ok, 0 error, 122 points)
[2026-09-17T01:55:05.914Z] [DEBUG] RSS ok: tw/macos/Productivity/top-free entries=99
[2026-09-17T01:55:15.919Z] [DEBUG] Hits: tw/macos/Productivity/top-free 3 app(s) found
[2026-09-17T01:55:16.546Z] [DEBUG] RSS ok: tw/macos/Utilities/top-free entries=100
[2026-09-17T01:55:26.553Z] [DEBUG] Hits: tw/macos/Utilities/top-free 1 app(s) found
[2026-09-17T01:55:27.240Z] [DEBUG] RSS ok: hk/macos/Business/top-free entries=99
[2026-09-17T01:55:37.241Z] [DEBUG] Hits: hk/macos/Business/top-free 2 app(s) found
[2026-09-17T01:55:38.033Z] [DEBUG] RSS ok: hk/macos/Productivity/top-free entries=99
[2026-09-17T01:55:48.033Z] [DEBUG] Hits: hk/macos/Productivity/top-free 5 app(s) found
[2026-09-17T01:55:48.824Z] [DEBUG] RSS ok: hk/macos/Utilities/top-free entries=100
[2026-09-17T01:55:59.581Z] [DEBUG] RSS ok: nz/macos/Business/top-free entries=100
[2026-09-17T01:56:09.582Z] [DEBUG] Hits: nz/macos/Business/top-free 3 app(s) found
[2026-09-17T01:56:10.546Z] [DEBUG] RSS ok: nz/macos/Productivity/top-free entries=99
[2026-09-17T01:56:20.551Z] [DEBUG] Hits: nz/macos/Productivity/top-free 5 app(s) found
[2026-09-17T01:56:21.412Z] [DEBUG] RSS ok: nz/macos/Utilities/top-free entries=100
[2026-09-17T01:56:31.418Z] [DEBUG] Hits: nz/macos/Utilities/top-free 1 app(s) found
[2026-09-17T01:56:32.047Z] [DEBUG] RSS ok: sg/macos/Business/top-free entries=100
[2026-09-17T01:56:42.054Z] [DEBUG] Hits: sg/macos/Business/top-free 4 app(s) found
[2026-09-17T01:56:42.825Z] [DEBUG] RSS ok: sg/macos/Productivity/top-free entries=99
[2026-09-17T01:56:52.832Z] [DEBUG] Hits: sg/macos/Productivity/top-free 4 app(s) found
[2026-09-17T01:56:52.832Z] [INFO] RSS progress: 50/60 (50 ok, 0 error, 150 points)
[2026-09-17T01:56:53.785Z] [DEBUG] RSS ok: sg/macos/Utilities/top-free entries=100
[2026-09-17T01:57:03.792Z] [DEBUG] Hits: sg/macos/Utilities/top-free 2 app(s) found
[2026-09-17T01:57:04.489Z] [DEBUG] RSS ok: in/macos/Business/top-free entries=100
[2026-09-17T01:57:14.494Z] [DEBUG] Hits: in/macos/Business/top-free 3 app(s) found
[2026-09-17T01:57:16.065Z] [DEBUG] RSS ok: in/macos/Productivity/top-free entries=99
[2026-09-17T01:57:26.071Z] [DEBUG] Hits: in/macos/Productivity/top-free 2 app(s) found
[2026-09-17T01:57:26.993Z] [DEBUG] RSS ok: in/macos/Utilities/top-free entries=100
[2026-09-17T01:57:37.816Z] [DEBUG] RSS ok: za/macos/Business/top-free entries=100
[2026-09-17T01:57:47.823Z] [DEBUG] Hits: za/macos/Business/top-free 3 app(s) found
[2026-09-17T01:57:48.606Z] [DEBUG] RSS ok: za/macos/Productivity/top-free entries=99
[2026-09-17T01:57:58.613Z] [DEBUG] Hits: za/macos/Productivity/top-free 4 app(s) found
[2026-09-17T01:57:59.887Z] [DEBUG] RSS ok: za/macos/Utilities/top-free entries=100
[2026-09-17T01:58:09.892Z] [DEBUG] Hits: za/macos/Utilities/top-free 2 app(s) found
[2026-09-17T01:58:10.571Z] [DEBUG] RSS ok: br/macos/Business/top-free entries=100
[2026-09-17T01:58:20.577Z] [DEBUG] Hits: br/macos/Business/top-free 3 app(s) found
[2026-09-17T01:58:21.331Z] [DEBUG] RSS ok: br/macos/Productivity/top-free entries=99
[2026-09-17T01:58:31.337Z] [DEBUG] Hits: br/macos/Productivity/top-free 4 app(s) found
[2026-09-17T01:58:32.174Z] [DEBUG] RSS ok: br/macos/Utilities/top-free entries=100
[2026-09-17T01:58:42.181Z] [DEBUG] Hits: br/macos/Utilities/top-free 2 app(s) found
[2026-09-17T01:58:42.181Z] [INFO] RSS progress: 60/60 (60 ok, 0 error, 175 points)
[2026-09-17T01:58:42.181Z] [INFO] RSS fetch done: 60 ok, 0 error, 175 points
[2026-09-17T01:58:42.181Z] [INFO] Platform max returned: macos = 100
[2026-09-17T01:58:42.181Z] [INFO] RSS results: 60 ok, 0 error, 175 rank points
[2026-09-17T01:58:42.227Z] [INFO] Stored: 60 crawls, 175 points
[2026-09-17T01:58:42.250Z] [INFO] current.json written rows=23
[2026-09-17T01:58:42.251Z] [INFO] Current summary: on_chart=175, not_on_chart=285, depth_limited=0, crawl_error=0, total=460
[2026-09-17T01:58:42.252Z] [INFO] === Crawl complete === 655.1s
[2026-09-17T02:47:13.176Z] [INFO] === Crawl start === ts=2026-09-17T02:00:00Z
[2026-09-17T02:47:13.179Z] [INFO] Config loaded apps=4, platforms=macos, categories=Business,Productivity,Utilities
[2026-09-17T02:47:13.179Z] [INFO] App IDs to track: 23 our=4, competitors=19
[2026-09-17T02:47:13.181Z] [INFO] Lookup cached fetched_at=2026-09-17T00:47:17.168Z, 23 apps
[2026-09-17T02:47:13.181Z] [INFO] RSS requests: 60 countries=20, platforms=macos, categories=Business,Productivity,Utilities
[2026-09-17T02:47:13.181Z] [INFO] RSS fetch start: 60 requests, concurrency=1
[2026-09-17T02:47:14.004Z] [DEBUG] RSS ok: us/macos/Business/top-free entries=100
[2026-09-17T02:47:24.007Z] [DEBUG] Hits: us/macos/Business/top-free 4 app(s) found
[2026-09-17T02:47:24.757Z] [DEBUG] RSS ok: us/macos/Productivity/top-free entries=99
[2026-09-17T02:47:34.763Z] [DEBUG] Hits: us/macos/Productivity/top-free 6 app(s) found
[2026-09-17T02:47:35.707Z] [DEBUG] RSS ok: us/macos/Utilities/top-free entries=100
[2026-09-17T02:47:45.714Z] [DEBUG] Hits: us/macos/Utilities/top-free 1 app(s) found
[2026-09-17T02:47:46.573Z] [DEBUG] RSS ok: gb/macos/Business/top-free entries=100
[2026-09-17T02:47:56.579Z] [DEBUG] Hits: gb/macos/Business/top-free 4 app(s) found
[2026-09-17T02:47:57.364Z] [DEBUG] RSS ok: gb/macos/Productivity/top-free entries=99
[2026-09-17T02:48:07.369Z] [DEBUG] Hits: gb/macos/Productivity/top-free 5 app(s) found
[2026-09-17T02:48:08.292Z] [DEBUG] RSS ok: gb/macos/Utilities/top-free entries=100
[2026-09-17T02:48:18.297Z] [DEBUG] Hits: gb/macos/Utilities/top-free 3 app(s) found
[2026-09-17T02:48:19.159Z] [DEBUG] RSS ok: ca/macos/Business/top-free entries=100
[2026-09-17T02:48:29.164Z] [DEBUG] Hits: ca/macos/Business/top-free 5 app(s) found
[2026-09-17T02:48:29.840Z] [DEBUG] RSS ok: ca/macos/Productivity/top-free entries=99
[2026-09-17T02:48:39.846Z] [DEBUG] Hits: ca/macos/Productivity/top-free 5 app(s) found
[2026-09-17T02:48:40.638Z] [DEBUG] RSS ok: ca/macos/Utilities/top-free entries=100
[2026-09-17T02:48:51.398Z] [DEBUG] RSS ok: fr/macos/Business/top-free entries=99
[2026-09-17T02:49:01.405Z] [DEBUG] Hits: fr/macos/Business/top-free 3 app(s) found
[2026-09-17T02:49:01.405Z] [INFO] RSS progress: 10/60 (10 ok, 0 error, 36 points)
[2026-09-17T02:49:02.236Z] [DEBUG] RSS ok: fr/macos/Productivity/top-free entries=99
[2026-09-17T02:49:12.242Z] [DEBUG] Hits: fr/macos/Productivity/top-free 5 app(s) found
[2026-09-17T02:49:14.074Z] [DEBUG] RSS ok: fr/macos/Utilities/top-free entries=100
[2026-09-17T02:49:24.081Z] [DEBUG] Hits: fr/macos/Utilities/top-free 1 app(s) found
[2026-09-17T02:49:24.840Z] [DEBUG] RSS ok: de/macos/Business/top-free entries=100
[2026-09-17T02:49:34.845Z] [DEBUG] Hits: de/macos/Business/top-free 1 app(s) found
[2026-09-17T02:49:35.524Z] [DEBUG] RSS ok: de/macos/Productivity/top-free entries=99
[2026-09-17T02:49:45.530Z] [DEBUG] Hits: de/macos/Productivity/top-free 4 app(s) found
[2026-09-17T02:49:46.312Z] [DEBUG] RSS ok: de/macos/Utilities/top-free entries=100
[2026-09-17T02:49:56.317Z] [DEBUG] Hits: de/macos/Utilities/top-free 1 app(s) found
[2026-09-17T02:49:57.271Z] [DEBUG] RSS ok: jp/macos/Business/top-free entries=100
[2026-09-17T02:50:07.277Z] [DEBUG] Hits: jp/macos/Business/top-free 3 app(s) found
[2026-09-17T02:50:08.219Z] [DEBUG] RSS ok: jp/macos/Productivity/top-free entries=99
[2026-09-17T02:50:18.225Z] [DEBUG] Hits: jp/macos/Productivity/top-free 3 app(s) found
[2026-09-17T02:50:19.002Z] [DEBUG] RSS ok: jp/macos/Utilities/top-free entries=100
[2026-09-17T02:50:29.009Z] [DEBUG] Hits: jp/macos/Utilities/top-free 4 app(s) found
[2026-09-17T02:50:29.872Z] [DEBUG] RSS ok: au/macos/Business/top-free entries=100
[2026-09-17T02:50:39.878Z] [DEBUG] Hits: au/macos/Business/top-free 4 app(s) found
[2026-09-17T02:50:40.654Z] [DEBUG] RSS ok: au/macos/Productivity/top-free entries=99
[2026-09-17T02:50:50.660Z] [DEBUG] Hits: au/macos/Productivity/top-free 4 app(s) found
[2026-09-17T02:50:50.660Z] [INFO] RSS progress: 20/60 (20 ok, 0 error, 66 points)
[2026-09-17T02:50:51.527Z] [DEBUG] RSS ok: au/macos/Utilities/top-free entries=100
[2026-09-17T02:51:01.535Z] [DEBUG] Hits: au/macos/Utilities/top-free 1 app(s) found
[2026-09-17T02:51:02.419Z] [DEBUG] RSS ok: es/macos/Business/top-free entries=100
[2026-09-17T02:51:12.426Z] [DEBUG] Hits: es/macos/Business/top-free 3 app(s) found
[2026-09-17T02:51:13.389Z] [DEBUG] RSS ok: es/macos/Productivity/top-free entries=99
[2026-09-17T02:51:23.396Z] [DEBUG] Hits: es/macos/Productivity/top-free 5 app(s) found
[2026-09-17T02:51:24.237Z] [DEBUG] RSS ok: es/macos/Utilities/top-free entries=100
[2026-09-17T02:51:35.048Z] [DEBUG] RSS ok: it/macos/Business/top-free entries=99
[2026-09-17T02:51:45.054Z] [DEBUG] Hits: it/macos/Business/top-free 2 app(s) found
[2026-09-17T02:51:46.936Z] [DEBUG] RSS ok: it/macos/Productivity/top-free entries=99
[2026-09-17T02:51:56.942Z] [DEBUG] Hits: it/macos/Productivity/top-free 4 app(s) found
[2026-09-17T02:51:59.834Z] [DEBUG] RSS ok: it/macos/Utilities/top-free entries=100
[2026-09-17T02:52:10.775Z] [DEBUG] RSS ok: pt/macos/Business/top-free entries=100
[2026-09-17T02:52:20.781Z] [DEBUG] Hits: pt/macos/Business/top-free 4 app(s) found
[2026-09-17T02:52:21.495Z] [DEBUG] RSS ok: pt/macos/Productivity/top-free entries=99
[2026-09-17T02:52:31.501Z] [DEBUG] Hits: pt/macos/Productivity/top-free 4 app(s) found
[2026-09-17T02:52:32.836Z] [DEBUG] RSS ok: pt/macos/Utilities/top-free entries=100
[2026-09-17T02:52:42.841Z] [INFO] RSS progress: 30/60 (30 ok, 0 error, 89 points)
[2026-09-17T02:52:43.836Z] [DEBUG] RSS ok: ch/macos/Business/top-free entries=100
[2026-09-17T02:52:53.842Z] [DEBUG] Hits: ch/macos/Business/top-free 4 app(s) found
[2026-09-17T02:52:54.744Z] [DEBUG] RSS ok: ch/macos/Productivity/top-free entries=99
[2026-09-17T02:53:04.750Z] [DEBUG] Hits: ch/macos/Productivity/top-free 4 app(s) found
[2026-09-17T02:53:05.453Z] [DEBUG] RSS ok: ch/macos/Utilities/top-free entries=100
[2026-09-17T02:53:15.459Z] [DEBUG] Hits: ch/macos/Utilities/top-free 3 app(s) found
[2026-09-17T02:53:16.629Z] [DEBUG] RSS ok: be/macos/Business/top-free entries=100
[2026-09-17T02:53:26.635Z] [DEBUG] Hits: be/macos/Business/top-free 3 app(s) found
[2026-09-17T02:53:27.399Z] [DEBUG] RSS ok: be/macos/Productivity/top-free entries=99
[2026-09-17T02:53:37.405Z] [DEBUG] Hits: be/macos/Productivity/top-free 5 app(s) found
[2026-09-17T02:53:38.248Z] [DEBUG] RSS ok: be/macos/Utilities/top-free entries=100
[2026-09-17T02:53:48.255Z] [DEBUG] Hits: be/macos/Utilities/top-free 1 app(s) found
[2026-09-17T02:53:49.056Z] [DEBUG] RSS ok: nl/macos/Business/top-free entries=100
[2026-09-17T02:53:59.062Z] [DEBUG] Hits: nl/macos/Business/top-free 2 app(s) found
[2026-09-17T02:53:59.857Z] [DEBUG] RSS ok: nl/macos/Productivity/top-free entries=99
[2026-09-17T02:54:09.863Z] [DEBUG] Hits: nl/macos/Productivity/top-free 5 app(s) found
[2026-09-17T02:54:10.846Z] [DEBUG] RSS ok: nl/macos/Utilities/top-free entries=100
[2026-09-17T02:54:20.852Z] [DEBUG] Hits: nl/macos/Utilities/top-free 3 app(s) found
[2026-09-17T02:54:21.917Z] [DEBUG] RSS ok: tw/macos/Business/top-free entries=100
[2026-09-17T02:54:31.924Z] [DEBUG] Hits: tw/macos/Business/top-free 3 app(s) found
[2026-09-17T02:54:31.924Z] [INFO] RSS progress: 40/60 (40 ok, 0 error, 122 points)
[2026-09-17T02:54:32.742Z] [DEBUG] RSS ok: tw/macos/Productivity/top-free entries=99
[2026-09-17T02:54:42.748Z] [DEBUG] Hits: tw/macos/Productivity/top-free 3 app(s) found
[2026-09-17T02:54:43.594Z] [DEBUG] RSS ok: tw/macos/Utilities/top-free entries=100
[2026-09-17T02:54:53.600Z] [DEBUG] Hits: tw/macos/Utilities/top-free 1 app(s) found
[2026-09-17T02:54:54.845Z] [DEBUG] RSS ok: hk/macos/Business/top-free entries=99
[2026-09-17T02:55:04.851Z] [DEBUG] Hits: hk/macos/Business/top-free 2 app(s) found
[2026-09-17T02:55:05.598Z] [DEBUG] RSS ok: hk/macos/Productivity/top-free entries=99
[2026-09-17T02:55:15.604Z] [DEBUG] Hits: hk/macos/Productivity/top-free 5 app(s) found
[2026-09-17T02:55:16.512Z] [DEBUG] RSS ok: hk/macos/Utilities/top-free entries=100
[2026-09-17T02:55:27.236Z] [DEBUG] RSS ok: nz/macos/Business/top-free entries=100
[2026-09-17T02:55:37.241Z] [DEBUG] Hits: nz/macos/Business/top-free 3 app(s) found
[2026-09-17T02:55:38.249Z] [DEBUG] RSS ok: nz/macos/Productivity/top-free entries=99
[2026-09-17T02:55:48.256Z] [DEBUG] Hits: nz/macos/Productivity/top-free 5 app(s) found
[2026-09-17T02:55:49.190Z] [DEBUG] RSS ok: nz/macos/Utilities/top-free entries=100
[2026-09-17T02:55:59.196Z] [DEBUG] Hits: nz/macos/Utilities/top-free 1 app(s) found
[2026-09-17T02:56:00.428Z] [DEBUG] RSS ok: sg/macos/Business/top-free entries=100
[2026-09-17T02:56:10.434Z] [DEBUG] Hits: sg/macos/Business/top-free 4 app(s) found
[2026-09-17T02:56:11.311Z] [DEBUG] RSS ok: sg/macos/Productivity/top-free entries=99
[2026-09-17T02:56:21.316Z] [DEBUG] Hits: sg/macos/Productivity/top-free 4 app(s) found
[2026-09-17T02:56:21.317Z] [INFO] RSS progress: 50/60 (50 ok, 0 error, 150 points)
[2026-09-17T02:56:22.698Z] [DEBUG] RSS ok: sg/macos/Utilities/top-free entries=100
[2026-09-17T02:56:32.704Z] [DEBUG] Hits: sg/macos/Utilities/top-free 2 app(s) found
[2026-09-17T02:56:33.492Z] [DEBUG] RSS ok: in/macos/Business/top-free entries=100
[2026-09-17T02:56:43.499Z] [DEBUG] Hits: in/macos/Business/top-free 3 app(s) found
[2026-09-17T02:56:44.167Z] [DEBUG] RSS ok: in/macos/Productivity/top-free entries=99
[2026-09-17T02:56:54.172Z] [DEBUG] Hits: in/macos/Productivity/top-free 2 app(s) found
[2026-09-17T02:56:55.090Z] [DEBUG] RSS ok: in/macos/Utilities/top-free entries=100
[2026-09-17T02:57:05.916Z] [DEBUG] RSS ok: za/macos/Business/top-free entries=100
[2026-09-17T02:57:15.922Z] [DEBUG] Hits: za/macos/Business/top-free 3 app(s) found
[2026-09-17T02:57:16.728Z] [DEBUG] RSS ok: za/macos/Productivity/top-free entries=99
[2026-09-17T02:57:26.735Z] [DEBUG] Hits: za/macos/Productivity/top-free 4 app(s) found
[2026-09-17T02:57:27.625Z] [DEBUG] RSS ok: za/macos/Utilities/top-free entries=100
[2026-09-17T02:57:37.630Z] [DEBUG] Hits: za/macos/Utilities/top-free 2 app(s) found
[2026-09-17T02:57:38.362Z] [DEBUG] RSS ok: br/macos/Business/top-free entries=100
[2026-09-17T02:57:48.367Z] [DEBUG] Hits: br/macos/Business/top-free 3 app(s) found
[2026-09-17T02:57:49.247Z] [DEBUG] RSS ok: br/macos/Productivity/top-free entries=99
[2026-09-17T02:57:59.253Z] [DEBUG] Hits: br/macos/Productivity/top-free 4 app(s) found
[2026-09-17T02:58:00.034Z] [DEBUG] RSS ok: br/macos/Utilities/top-free entries=100
[2026-09-17T02:58:10.041Z] [DEBUG] Hits: br/macos/Utilities/top-free 2 app(s) found
[2026-09-17T02:58:10.041Z] [INFO] RSS progress: 60/60 (60 ok, 0 error, 175 points)
[2026-09-17T02:58:10.041Z] [INFO] RSS fetch done: 60 ok, 0 error, 175 points
[2026-09-17T02:58:10.041Z] [INFO] Platform max returned: macos = 100
[2026-09-17T02:58:10.042Z] [INFO] RSS results: 60 ok, 0 error, 175 rank points
[2026-09-17T02:58:10.067Z] [INFO] Stored: 60 crawls, 175 points
[2026-09-17T02:58:10.080Z] [INFO] current.json written rows=23
[2026-09-17T02:58:10.081Z] [INFO] === Crawl complete === 656.9s
[2026-09-17T02:58:10.081Z] [INFO] Current summary: on_chart=175, not_on_chart=285, depth_limited=0, crawl_error=0, total=460
[2026-09-17T03:47:11.109Z] [INFO] === Crawl start === ts=2026-09-17T03:00:00Z
[2026-09-17T03:47:11.114Z] [INFO] Config loaded apps=4, platforms=macos, categories=Business,Productivity,Utilities
[2026-09-17T03:47:11.114Z] [INFO] App IDs to track: 23 our=4, competitors=19
[2026-09-17T03:47:11.116Z] [INFO] Lookup cached fetched_at=2026-09-17T00:47:17.168Z, 23 apps
[2026-09-17T03:47:11.116Z] [INFO] RSS requests: 60 countries=20, platforms=macos, categories=Business,Productivity,Utilities
[2026-09-17T03:47:11.117Z] [INFO] RSS fetch start: 60 requests, concurrency=1
[2026-09-17T03:47:12.213Z] [DEBUG] RSS ok: us/macos/Business/top-free entries=100
[2026-09-17T03:47:22.217Z] [DEBUG] Hits: us/macos/Business/top-free 4 app(s) found
[2026-09-17T03:47:23.023Z] [DEBUG] RSS ok: us/macos/Productivity/top-free entries=99
[2026-09-17T03:47:33.030Z] [DEBUG] Hits: us/macos/Productivity/top-free 6 app(s) found
[2026-09-17T03:47:33.608Z] [DEBUG] RSS ok: us/macos/Utilities/top-free entries=100
[2026-09-17T03:47:43.615Z] [DEBUG] Hits: us/macos/Utilities/top-free 1 app(s) found
[2026-09-17T03:47:44.263Z] [DEBUG] RSS ok: gb/macos/Business/top-free entries=100
[2026-09-17T03:47:54.264Z] [DEBUG] Hits: gb/macos/Business/top-free 4 app(s) found
[2026-09-17T03:47:55.097Z] [DEBUG] RSS ok: gb/macos/Productivity/top-free entries=99
[2026-09-17T03:48:05.103Z] [DEBUG] Hits: gb/macos/Productivity/top-free 5 app(s) found
[2026-09-17T03:48:05.802Z] [DEBUG] RSS ok: gb/macos/Utilities/top-free entries=100
[2026-09-17T03:48:15.808Z] [DEBUG] Hits: gb/macos/Utilities/top-free 3 app(s) found
[2026-09-17T03:48:16.784Z] [DEBUG] RSS ok: ca/macos/Business/top-free entries=100
[2026-09-17T03:48:26.791Z] [DEBUG] Hits: ca/macos/Business/top-free 5 app(s) found
[2026-09-17T03:48:27.512Z] [DEBUG] RSS ok: ca/macos/Productivity/top-free entries=99
[2026-09-17T03:48:37.518Z] [DEBUG] Hits: ca/macos/Productivity/top-free 5 app(s) found
[2026-09-17T03:48:38.333Z] [DEBUG] RSS ok: ca/macos/Utilities/top-free entries=100
[2026-09-17T03:48:49.088Z] [DEBUG] RSS ok: fr/macos/Business/top-free entries=99
[2026-09-17T03:48:59.095Z] [DEBUG] Hits: fr/macos/Business/top-free 3 app(s) found
[2026-09-17T03:48:59.095Z] [INFO] RSS progress: 10/60 (10 ok, 0 error, 36 points)
[2026-09-17T03:48:59.911Z] [DEBUG] RSS ok: fr/macos/Productivity/top-free entries=99
[2026-09-17T03:49:09.912Z] [DEBUG] Hits: fr/macos/Productivity/top-free 5 app(s) found
[2026-09-17T03:49:10.592Z] [DEBUG] RSS ok: fr/macos/Utilities/top-free entries=100
[2026-09-17T03:49:20.599Z] [DEBUG] Hits: fr/macos/Utilities/top-free 1 app(s) found
[2026-09-17T03:49:21.270Z] [DEBUG] RSS ok: de/macos/Business/top-free entries=100
[2026-09-17T03:49:31.276Z] [DEBUG] Hits: de/macos/Business/top-free 1 app(s) found
[2026-09-17T03:49:31.945Z] [DEBUG] RSS ok: de/macos/Productivity/top-free entries=99
[2026-09-17T03:49:41.952Z] [DEBUG] Hits: de/macos/Productivity/top-free 4 app(s) found
[2026-09-17T03:49:42.762Z] [DEBUG] RSS ok: de/macos/Utilities/top-free entries=100
[2026-09-17T03:49:52.769Z] [DEBUG] Hits: de/macos/Utilities/top-free 1 app(s) found
[2026-09-17T03:49:53.628Z] [DEBUG] RSS ok: jp/macos/Business/top-free entries=100
[2026-09-17T03:50:03.633Z] [DEBUG] Hits: jp/macos/Business/top-free 3 app(s) found
[2026-09-17T03:50:04.356Z] [DEBUG] RSS ok: jp/macos/Productivity/top-free entries=99
[2026-09-17T03:50:14.360Z] [DEBUG] Hits: jp/macos/Productivity/top-free 3 app(s) found
[2026-09-17T03:50:15.129Z] [DEBUG] RSS ok: jp/macos/Utilities/top-free entries=100
[2026-09-17T03:50:25.135Z] [DEBUG] Hits: jp/macos/Utilities/top-free 4 app(s) found
[2026-09-17T03:50:25.915Z] [DEBUG] RSS ok: au/macos/Business/top-free entries=100
[2026-09-17T03:50:35.921Z] [DEBUG] Hits: au/macos/Business/top-free 4 app(s) found
[2026-09-17T03:50:36.737Z] [DEBUG] RSS ok: au/macos/Productivity/top-free entries=99
[2026-09-17T03:50:46.743Z] [DEBUG] Hits: au/macos/Productivity/top-free 4 app(s) found
[2026-09-17T03:50:46.743Z] [INFO] RSS progress: 20/60 (20 ok, 0 error, 66 points)
[2026-09-17T03:50:47.435Z] [DEBUG] RSS ok: au/macos/Utilities/top-free entries=100
[2026-09-17T03:50:57.441Z] [DEBUG] Hits: au/macos/Utilities/top-free 1 app(s) found
[2026-09-17T03:50:58.391Z] [DEBUG] RSS ok: es/macos/Business/top-free entries=100
[2026-09-17T03:51:08.398Z] [DEBUG] Hits: es/macos/Business/top-free 3 app(s) found
[2026-09-17T03:51:09.300Z] [DEBUG] RSS ok: es/macos/Productivity/top-free entries=99
[2026-09-17T03:51:19.306Z] [DEBUG] Hits: es/macos/Productivity/top-free 5 app(s) found
[2026-09-17T03:51:20.254Z] [DEBUG] RSS ok: es/macos/Utilities/top-free entries=100
[2026-09-17T03:51:31.150Z] [DEBUG] RSS ok: it/macos/Business/top-free entries=99
[2026-09-17T03:51:41.155Z] [DEBUG] Hits: it/macos/Business/top-free 2 app(s) found
[2026-09-17T03:51:41.936Z] [DEBUG] RSS ok: it/macos/Productivity/top-free entries=99
[2026-09-17T03:51:51.942Z] [DEBUG] Hits: it/macos/Productivity/top-free 4 app(s) found
[2026-09-17T03:51:52.741Z] [DEBUG] RSS ok: it/macos/Utilities/top-free entries=100
[2026-09-17T03:52:03.473Z] [DEBUG] RSS ok: pt/macos/Business/top-free entries=100
[2026-09-17T03:52:13.479Z] [DEBUG] Hits: pt/macos/Business/top-free 4 app(s) found
[2026-09-17T03:52:14.363Z] [DEBUG] RSS ok: pt/macos/Productivity/top-free entries=99
[2026-09-17T03:52:24.370Z] [DEBUG] Hits: pt/macos/Productivity/top-free 4 app(s) found
[2026-09-17T03:52:25.113Z] [DEBUG] RSS ok: pt/macos/Utilities/top-free entries=100
[2026-09-17T03:52:35.119Z] [INFO] RSS progress: 30/60 (30 ok, 0 error, 89 points)
[2026-09-17T03:52:35.846Z] [DEBUG] RSS ok: ch/macos/Business/top-free entries=100
[2026-09-17T03:52:45.852Z] [DEBUG] Hits: ch/macos/Business/top-free 4 app(s) found
[2026-09-17T03:52:46.569Z] [DEBUG] RSS ok: ch/macos/Productivity/top-free entries=99
[2026-09-17T03:52:56.575Z] [DEBUG] Hits: ch/macos/Productivity/top-free 4 app(s) found
[2026-09-17T03:52:57.279Z] [DEBUG] RSS ok: ch/macos/Utilities/top-free entries=100
[2026-09-17T03:53:07.285Z] [DEBUG] Hits: ch/macos/Utilities/top-free 3 app(s) found
[2026-09-17T03:53:08.111Z] [DEBUG] RSS ok: be/macos/Business/top-free entries=100
[2026-09-17T03:53:18.111Z] [DEBUG] Hits: be/macos/Business/top-free 3 app(s) found
[2026-09-17T03:53:18.942Z] [DEBUG] RSS ok: be/macos/Productivity/top-free entries=99
[2026-09-17T03:53:28.948Z] [DEBUG] Hits: be/macos/Productivity/top-free 5 app(s) found
[2026-09-17T03:53:29.759Z] [DEBUG] RSS ok: be/macos/Utilities/top-free entries=100
[2026-09-17T03:53:39.760Z] [DEBUG] Hits: be/macos/Utilities/top-free 1 app(s) found
[2026-09-17T03:53:40.413Z] [DEBUG] RSS ok: nl/macos/Business/top-free entries=100
[2026-09-17T03:53:50.419Z] [DEBUG] Hits: nl/macos/Business/top-free 2 app(s) found
[2026-09-17T03:53:51.118Z] [DEBUG] RSS ok: nl/macos/Productivity/top-free entries=99
[2026-09-17T03:54:01.123Z] [DEBUG] Hits: nl/macos/Productivity/top-free 5 app(s) found
[2026-09-17T03:54:01.885Z] [DEBUG] RSS ok: nl/macos/Utilities/top-free entries=100
[2026-09-17T03:54:11.891Z] [DEBUG] Hits: nl/macos/Utilities/top-free 3 app(s) found
[2026-09-17T03:54:12.569Z] [DEBUG] RSS ok: tw/macos/Business/top-free entries=100
[2026-09-17T03:54:22.575Z] [DEBUG] Hits: tw/macos/Business/top-free 3 app(s) found
[2026-09-17T03:54:22.575Z] [INFO] RSS progress: 40/60 (40 ok, 0 error, 122 points)
[2026-09-17T03:54:23.887Z] [DEBUG] RSS ok: tw/macos/Productivity/top-free entries=99
[2026-09-17T03:54:33.893Z] [DEBUG] Hits: tw/macos/Productivity/top-free 3 app(s) found
[2026-09-17T03:54:34.586Z] [DEBUG] RSS ok: tw/macos/Utilities/top-free entries=100
[2026-09-17T03:54:45.401Z] [DEBUG] RSS ok: hk/macos/Business/top-free entries=99
[2026-09-17T03:54:55.407Z] [DEBUG] Hits: hk/macos/Business/top-free 2 app(s) found
[2026-09-17T03:54:56.054Z] [DEBUG] RSS ok: hk/macos/Productivity/top-free entries=99
[2026-09-17T03:55:06.060Z] [DEBUG] Hits: hk/macos/Productivity/top-free 3 app(s) found
[2026-09-17T03:55:06.835Z] [DEBUG] RSS ok: hk/macos/Utilities/top-free entries=100
[2026-09-17T03:55:17.521Z] [DEBUG] RSS ok: nz/macos/Business/top-free entries=100
[2026-09-17T03:55:27.528Z] [DEBUG] Hits: nz/macos/Business/top-free 3 app(s) found
[2026-09-17T03:55:28.511Z] [DEBUG] RSS ok: nz/macos/Productivity/top-free entries=99
[2026-09-17T03:55:38.517Z] [DEBUG] Hits: nz/macos/Productivity/top-free 4 app(s) found
[2026-09-17T03:55:39.227Z] [DEBUG] RSS ok: nz/macos/Utilities/top-free entries=100
[2026-09-17T03:55:49.862Z] [DEBUG] RSS ok: sg/macos/Business/top-free entries=100
[2026-09-17T03:55:59.868Z] [DEBUG] Hits: sg/macos/Business/top-free 4 app(s) found
[2026-09-17T03:56:00.890Z] [DEBUG] RSS ok: sg/macos/Productivity/top-free entries=99
[2026-09-17T03:56:10.896Z] [DEBUG] Hits: sg/macos/Productivity/top-free 3 app(s) found
[2026-09-17T03:56:10.896Z] [INFO] RSS progress: 50/60 (50 ok, 0 error, 144 points)
[2026-09-17T03:56:11.802Z] [DEBUG] RSS ok: sg/macos/Utilities/top-free entries=100
[2026-09-17T03:56:21.808Z] [DEBUG] Hits: sg/macos/Utilities/top-free 3 app(s) found
[2026-09-17T03:56:22.444Z] [DEBUG] RSS ok: in/macos/Business/top-free entries=100
[2026-09-17T03:56:32.451Z] [DEBUG] Hits: in/macos/Business/top-free 3 app(s) found
[2026-09-17T03:56:33.118Z] [DEBUG] RSS ok: in/macos/Productivity/top-free entries=99
[2026-09-17T03:56:43.124Z] [DEBUG] Hits: in/macos/Productivity/top-free 2 app(s) found
[2026-09-17T03:56:43.744Z] [DEBUG] RSS ok: in/macos/Utilities/top-free entries=100
[2026-09-17T03:56:54.431Z] [DEBUG] RSS ok: za/macos/Business/top-free entries=100
[2026-09-17T03:57:04.437Z] [DEBUG] Hits: za/macos/Business/top-free 3 app(s) found
[2026-09-17T03:57:05.097Z] [DEBUG] RSS ok: za/macos/Productivity/top-free entries=99
[2026-09-17T03:57:15.103Z] [DEBUG] Hits: za/macos/Productivity/top-free 4 app(s) found
[2026-09-17T03:57:15.964Z] [DEBUG] RSS ok: za/macos/Utilities/top-free entries=100
[2026-09-17T03:57:25.971Z] [DEBUG] Hits: za/macos/Utilities/top-free 1 app(s) found
[2026-09-17T03:57:26.730Z] [DEBUG] RSS ok: br/macos/Business/top-free entries=100
[2026-09-17T03:57:36.736Z] [DEBUG] Hits: br/macos/Business/top-free 2 app(s) found
[2026-09-17T03:57:37.552Z] [DEBUG] RSS ok: br/macos/Productivity/top-free entries=99
[2026-09-17T03:57:47.558Z] [DEBUG] Hits: br/macos/Productivity/top-free 3 app(s) found
[2026-09-17T03:57:48.603Z] [DEBUG] RSS ok: br/macos/Utilities/top-free entries=100
[2026-09-17T03:57:58.608Z] [DEBUG] Hits: br/macos/Utilities/top-free 2 app(s) found
[2026-09-17T03:57:58.608Z] [INFO] RSS progress: 60/60 (60 ok, 0 error, 167 points)
[2026-09-17T03:57:58.609Z] [INFO] RSS fetch done: 60 ok, 0 error, 167 points
[2026-09-17T03:57:58.609Z] [INFO] Platform max returned: macos = 100
[2026-09-17T03:57:58.609Z] [INFO] RSS results: 60 ok, 0 error, 167 rank points
[2026-09-17T03:57:58.640Z] [INFO] Stored: 60 crawls, 167 points
[2026-09-17T03:57:58.664Z] [INFO] current.json written rows=23
[2026-09-17T03:57:58.665Z] [INFO] Current summary: on_chart=167, not_on_chart=293, depth_limited=0, crawl_error=0, total=460
[2026-09-17T03:57:58.665Z] [INFO] === Crawl complete === 647.6s
[2026-09-17T04:47:10.169Z] [INFO] === Crawl start === ts=2026-09-17T04:00:00Z
[2026-09-17T04:47:10.173Z] [INFO] Config loaded apps=4, platforms=macos, categories=Business,Productivity,Utilities
[2026-09-17T04:47:10.174Z] [INFO] App IDs to track: 23 our=4, competitors=19
[2026-09-17T04:47:10.175Z] [INFO] Lookup cached fetched_at=2026-09-17T00:47:17.168Z, 23 apps
[2026-09-17T04:47:10.176Z] [INFO] RSS requests: 60 countries=20, platforms=macos, categories=Business,Productivity,Utilities
[2026-09-17T04:47:10.176Z] [INFO] RSS fetch start: 60 requests, concurrency=1
[2026-09-17T04:47:11.012Z] [DEBUG] RSS ok: us/macos/Business/top-free entries=100
[2026-09-17T04:47:21.014Z] [DEBUG] Hits: us/macos/Business/top-free 4 app(s) found
[2026-09-17T04:47:21.702Z] [DEBUG] RSS ok: us/macos/Productivity/top-free entries=99
[2026-09-17T04:47:31.709Z] [DEBUG] Hits: us/macos/Productivity/top-free 6 app(s) found
[2026-09-17T04:47:32.388Z] [DEBUG] RSS ok: us/macos/Utilities/top-free entries=100
[2026-09-17T04:47:42.394Z] [DEBUG] Hits: us/macos/Utilities/top-free 1 app(s) found
[2026-09-17T04:47:43.134Z] [DEBUG] RSS ok: gb/macos/Business/top-free entries=100
[2026-09-17T04:47:53.139Z] [DEBUG] Hits: gb/macos/Business/top-free 4 app(s) found
[2026-09-17T04:47:53.721Z] [DEBUG] RSS ok: gb/macos/Productivity/top-free entries=99
[2026-09-17T04:48:03.725Z] [DEBUG] Hits: gb/macos/Productivity/top-free 5 app(s) found
[2026-09-17T04:48:04.473Z] [DEBUG] RSS ok: gb/macos/Utilities/top-free entries=100
[2026-09-17T04:48:14.480Z] [DEBUG] Hits: gb/macos/Utilities/top-free 3 app(s) found
[2026-09-17T04:48:15.282Z] [DEBUG] RSS ok: ca/macos/Business/top-free entries=100
[2026-09-17T04:48:25.288Z] [DEBUG] Hits: ca/macos/Business/top-free 4 app(s) found
[2026-09-17T04:48:26.005Z] [DEBUG] RSS ok: ca/macos/Productivity/top-free entries=99
[2026-09-17T04:48:36.011Z] [DEBUG] Hits: ca/macos/Productivity/top-free 5 app(s) found
[2026-09-17T04:48:37.213Z] [DEBUG] RSS ok: ca/macos/Utilities/top-free entries=100
[2026-09-17T04:48:47.934Z] [DEBUG] RSS ok: fr/macos/Business/top-free entries=98
[2026-09-17T04:48:57.940Z] [DEBUG] Hits: fr/macos/Business/top-free 3 app(s) found
[2026-09-17T04:48:57.941Z] [INFO] RSS progress: 10/60 (10 ok, 0 error, 35 points)
[2026-09-17T04:48:58.683Z] [DEBUG] RSS ok: fr/macos/Productivity/top-free entries=99
[2026-09-17T04:49:08.689Z] [DEBUG] Hits: fr/macos/Productivity/top-free 5 app(s) found
[2026-09-17T04:49:09.283Z] [DEBUG] RSS ok: fr/macos/Utilities/top-free entries=100
[2026-09-17T04:49:19.288Z] [DEBUG] Hits: fr/macos/Utilities/top-free 1 app(s) found
[2026-09-17T04:49:20.089Z] [DEBUG] RSS ok: de/macos/Business/top-free entries=100
[2026-09-17T04:49:30.095Z] [DEBUG] Hits: de/macos/Business/top-free 1 app(s) found
[2026-09-17T04:49:30.840Z] [DEBUG] RSS ok: de/macos/Productivity/top-free entries=99
[2026-09-17T04:49:40.847Z] [DEBUG] Hits: de/macos/Productivity/top-free 4 app(s) found
[2026-09-17T04:49:41.632Z] [DEBUG] RSS ok: de/macos/Utilities/top-free entries=100
[2026-09-17T04:49:51.638Z] [DEBUG] Hits: de/macos/Utilities/top-free 1 app(s) found
[2026-09-17T04:49:52.600Z] [DEBUG] RSS ok: jp/macos/Business/top-free entries=100
[2026-09-17T04:50:02.606Z] [DEBUG] Hits: jp/macos/Business/top-free 3 app(s) found
[2026-09-17T04:50:03.634Z] [DEBUG] RSS ok: jp/macos/Productivity/top-free entries=99
[2026-09-17T04:50:13.638Z] [DEBUG] Hits: jp/macos/Productivity/top-free 2 app(s) found
[2026-09-17T04:50:14.306Z] [DEBUG] RSS ok: jp/macos/Utilities/top-free entries=100
[2026-09-17T04:50:24.313Z] [DEBUG] Hits: jp/macos/Utilities/top-free 4 app(s) found
[2026-09-17T04:50:24.902Z] [DEBUG] RSS ok: au/macos/Business/top-free entries=100
[2026-09-17T04:50:34.908Z] [DEBUG] Hits: au/macos/Business/top-free 4 app(s) found
[2026-09-17T04:50:35.665Z] [DEBUG] RSS ok: au/macos/Productivity/top-free entries=99
[2026-09-17T04:50:45.671Z] [DEBUG] Hits: au/macos/Productivity/top-free 4 app(s) found
[2026-09-17T04:50:45.672Z] [INFO] RSS progress: 20/60 (20 ok, 0 error, 64 points)
[2026-09-17T04:50:46.528Z] [DEBUG] RSS ok: au/macos/Utilities/top-free entries=100
[2026-09-17T04:50:56.534Z] [DEBUG] Hits: au/macos/Utilities/top-free 1 app(s) found
[2026-09-17T04:50:57.213Z] [DEBUG] RSS ok: es/macos/Business/top-free entries=100
[2026-09-17T04:51:07.216Z] [DEBUG] Hits: es/macos/Business/top-free 3 app(s) found
[2026-09-17T04:51:08.222Z] [DEBUG] RSS ok: es/macos/Productivity/top-free entries=99
[2026-09-17T04:51:18.228Z] [DEBUG] Hits: es/macos/Productivity/top-free 5 app(s) found
[2026-09-17T04:51:18.971Z] [DEBUG] RSS ok: es/macos/Utilities/top-free entries=100
[2026-09-17T04:51:28.977Z] [DEBUG] Hits: es/macos/Utilities/top-free 1 app(s) found
[2026-09-17T04:51:29.743Z] [DEBUG] RSS ok: it/macos/Business/top-free entries=99
[2026-09-17T04:51:39.749Z] [DEBUG] Hits: it/macos/Business/top-free 2 app(s) found
[2026-09-17T04:51:40.523Z] [DEBUG] RSS ok: it/macos/Productivity/top-free entries=99
[2026-09-17T04:51:50.529Z] [DEBUG] Hits: it/macos/Productivity/top-free 4 app(s) found
[2026-09-17T04:51:51.338Z] [DEBUG] RSS ok: it/macos/Utilities/top-free entries=100
[2026-09-17T04:52:01.946Z] [DEBUG] RSS ok: pt/macos/Business/top-free entries=100
[2026-09-17T04:52:11.953Z] [DEBUG] Hits: pt/macos/Business/top-free 4 app(s) found
[2026-09-17T04:52:12.733Z] [DEBUG] RSS ok: pt/macos/Productivity/top-free entries=99
[2026-09-17T04:52:22.738Z] [DEBUG] Hits: pt/macos/Productivity/top-free 4 app(s) found
[2026-09-17T04:52:23.534Z] [DEBUG] RSS ok: pt/macos/Utilities/top-free entries=100
[2026-09-17T04:52:33.536Z] [INFO] RSS progress: 30/60 (30 ok, 0 error, 88 points)
[2026-09-17T04:52:34.228Z] [DEBUG] RSS ok: ch/macos/Business/top-free entries=100
[2026-09-17T04:52:44.234Z] [DEBUG] Hits: ch/macos/Business/top-free 4 app(s) found
[2026-09-17T04:52:45.003Z] [DEBUG] RSS ok: ch/macos/Productivity/top-free entries=99
[2026-09-17T04:52:55.009Z] [DEBUG] Hits: ch/macos/Productivity/top-free 4 app(s) found
[2026-09-17T04:52:55.692Z] [DEBUG] RSS ok: ch/macos/Utilities/top-free entries=100
[2026-09-17T04:53:05.696Z] [DEBUG] Hits: ch/macos/Utilities/top-free 3 app(s) found
[2026-09-17T04:53:06.553Z] [DEBUG] RSS ok: be/macos/Business/top-free entries=100
[2026-09-17T04:53:16.559Z] [DEBUG] Hits: be/macos/Business/top-free 3 app(s) found
[2026-09-17T04:53:17.366Z] [DEBUG] RSS ok: be/macos/Productivity/top-free entries=99
[2026-09-17T04:53:27.373Z] [DEBUG] Hits: be/macos/Productivity/top-free 5 app(s) found
[2026-09-17T04:53:28.128Z] [DEBUG] RSS ok: be/macos/Utilities/top-free entries=100
[2026-09-17T04:53:38.131Z] [DEBUG] Hits: be/macos/Utilities/top-free 1 app(s) found
[2026-09-17T04:53:38.878Z] [DEBUG] RSS ok: nl/macos/Business/top-free entries=100
[2026-09-17T04:53:48.879Z] [DEBUG] Hits: nl/macos/Business/top-free 2 app(s) found
[2026-09-17T04:53:49.404Z] [DEBUG] RSS ok: nl/macos/Productivity/top-free entries=99
[2026-09-17T04:53:59.410Z] [DEBUG] Hits: nl/macos/Productivity/top-free 5 app(s) found
[2026-09-17T04:54:00.093Z] [DEBUG] RSS ok: nl/macos/Utilities/top-free entries=100
[2026-09-17T04:54:10.099Z] [DEBUG] Hits: nl/macos/Utilities/top-free 3 app(s) found
[2026-09-17T04:54:10.776Z] [DEBUG] RSS ok: tw/macos/Business/top-free entries=100
[2026-09-17T04:54:20.782Z] [DEBUG] Hits: tw/macos/Business/top-free 3 app(s) found
[2026-09-17T04:54:20.783Z] [INFO] RSS progress: 40/60 (40 ok, 0 error, 121 points)
[2026-09-17T04:54:21.525Z] [DEBUG] RSS ok: tw/macos/Productivity/top-free entries=99
[2026-09-17T04:54:31.531Z] [DEBUG] Hits: tw/macos/Productivity/top-free 3 app(s) found
[2026-09-17T04:54:32.293Z] [DEBUG] RSS ok: tw/macos/Utilities/top-free entries=100
[2026-09-17T04:54:43.056Z] [DEBUG] RSS ok: hk/macos/Business/top-free entries=99
[2026-09-17T04:54:53.063Z] [DEBUG] Hits: hk/macos/Business/top-free 2 app(s) found
[2026-09-17T04:54:53.838Z] [DEBUG] RSS ok: hk/macos/Productivity/top-free entries=99
[2026-09-17T04:55:03.845Z] [DEBUG] Hits: hk/macos/Productivity/top-free 3 app(s) found
[2026-09-17T04:55:04.487Z] [DEBUG] RSS ok: hk/macos/Utilities/top-free entries=100
[2026-09-17T04:55:15.099Z] [DEBUG] RSS ok: nz/macos/Business/top-free entries=100
[2026-09-17T04:55:25.105Z] [DEBUG] Hits: nz/macos/Business/top-free 3 app(s) found
[2026-09-17T04:55:26.096Z] [DEBUG] RSS ok: nz/macos/Productivity/top-free entries=99
[2026-09-17T04:55:36.101Z] [DEBUG] Hits: nz/macos/Productivity/top-free 4 app(s) found
[2026-09-17T04:55:36.750Z] [DEBUG] RSS ok: nz/macos/Utilities/top-free entries=100
[2026-09-17T04:55:47.351Z] [DEBUG] RSS ok: sg/macos/Business/top-free entries=100
[2026-09-17T04:55:57.352Z] [DEBUG] Hits: sg/macos/Business/top-free 4 app(s) found
[2026-09-17T04:55:58.082Z] [DEBUG] RSS ok: sg/macos/Productivity/top-free entries=99
[2026-09-17T04:56:08.088Z] [DEBUG] Hits: sg/macos/Productivity/top-free 3 app(s) found
[2026-09-17T04:56:08.088Z] [INFO] RSS progress: 50/60 (50 ok, 0 error, 143 points)
[2026-09-17T04:56:08.753Z] [DEBUG] RSS ok: sg/macos/Utilities/top-free entries=100
[2026-09-17T04:56:18.759Z] [DEBUG] Hits: sg/macos/Utilities/top-free 3 app(s) found
[2026-09-17T04:56:19.522Z] [DEBUG] RSS ok: in/macos/Business/top-free entries=100
[2026-09-17T04:56:29.525Z] [DEBUG] Hits: in/macos/Business/top-free 3 app(s) found
[2026-09-17T04:56:30.237Z] [DEBUG] RSS ok: in/macos/Productivity/top-free entries=99
[2026-09-17T04:56:40.243Z] [DEBUG] Hits: in/macos/Productivity/top-free 2 app(s) found
[2026-09-17T04:56:40.888Z] [DEBUG] RSS ok: in/macos/Utilities/top-free entries=100
[2026-09-17T04:56:51.606Z] [DEBUG] RSS ok: za/macos/Business/top-free entries=100
[2026-09-17T04:57:01.612Z] [DEBUG] Hits: za/macos/Business/top-free 3 app(s) found
[2026-09-17T04:57:02.262Z] [DEBUG] RSS ok: za/macos/Productivity/top-free entries=99
[2026-09-17T04:57:12.268Z] [DEBUG] Hits: za/macos/Productivity/top-free 4 app(s) found
[2026-09-17T04:57:12.972Z] [DEBUG] RSS ok: za/macos/Utilities/top-free entries=100
[2026-09-17T04:57:22.978Z] [DEBUG] Hits: za/macos/Utilities/top-free 1 app(s) found
[2026-09-17T04:57:23.718Z] [DEBUG] RSS ok: br/macos/Business/top-free entries=100
[2026-09-17T04:57:33.723Z] [DEBUG] Hits: br/macos/Business/top-free 2 app(s) found
[2026-09-17T04:57:34.378Z] [DEBUG] RSS ok: br/macos/Productivity/top-free entries=99
[2026-09-17T04:57:44.385Z] [DEBUG] Hits: br/macos/Productivity/top-free 3 app(s) found
[2026-09-17T04:57:45.080Z] [DEBUG] RSS ok: br/macos/Utilities/top-free entries=100
[2026-09-17T04:57:55.084Z] [DEBUG] Hits: br/macos/Utilities/top-free 1 app(s) found
[2026-09-17T04:57:55.085Z] [INFO] RSS progress: 60/60 (60 ok, 0 error, 165 points)
[2026-09-17T04:57:55.085Z] [INFO] RSS fetch done: 60 ok, 0 error, 165 points
[2026-09-17T04:57:55.085Z] [INFO] Platform max returned: macos = 100
[2026-09-17T04:57:55.085Z] [INFO] RSS results: 60 ok, 0 error, 165 rank points
[2026-09-17T04:57:55.128Z] [INFO] Stored: 60 crawls, 165 points
[2026-09-17T04:57:55.146Z] [INFO] current.json written rows=23
[2026-09-17T04:57:55.147Z] [INFO] Current summary: on_chart=165, not_on_chart=295, depth_limited=0, crawl_error=0, total=460
[2026-09-17T04:57:55.147Z] [INFO] === Crawl complete === 645.0s
[2026-09-17T05:47:11.017Z] [INFO] === Crawl start === ts=2026-09-17T05:00:00Z
[2026-09-17T05:47:11.023Z] [INFO] Config loaded apps=4, platforms=macos, categories=Business,Productivity,Utilities
[2026-09-17T05:47:11.023Z] [INFO] App IDs to track: 23 our=4, competitors=19
[2026-09-17T05:47:11.024Z] [INFO] Lookup cached fetched_at=2026-09-17T00:47:17.168Z, 23 apps
[2026-09-17T05:47:11.025Z] [INFO] RSS requests: 60 countries=20, platforms=macos, categories=Business,Productivity,Utilities
[2026-09-17T05:47:11.025Z] [INFO] RSS fetch start: 60 requests, concurrency=1
[2026-09-17T05:47:11.736Z] [DEBUG] RSS ok: us/macos/Business/top-free entries=100
[2026-09-17T05:47:21.739Z] [DEBUG] Hits: us/macos/Business/top-free 4 app(s) found
[2026-09-17T05:47:22.409Z] [DEBUG] RSS ok: us/macos/Productivity/top-free entries=99
[2026-09-17T05:47:32.415Z] [DEBUG] Hits: us/macos/Productivity/top-free 6 app(s) found
[2026-09-17T05:47:33.242Z] [DEBUG] RSS ok: us/macos/Utilities/top-free entries=100
[2026-09-17T05:47:43.247Z] [DEBUG] Hits: us/macos/Utilities/top-free 1 app(s) found
[2026-09-17T05:47:43.891Z] [DEBUG] RSS ok: gb/macos/Business/top-free entries=100
[2026-09-17T05:47:53.898Z] [DEBUG] Hits: gb/macos/Business/top-free 4 app(s) found
[2026-09-17T05:47:54.722Z] [DEBUG] RSS ok: gb/macos/Productivity/top-free entries=99
[2026-09-17T05:48:04.728Z] [DEBUG] Hits: gb/macos/Productivity/top-free 5 app(s) found
[2026-09-17T05:48:05.427Z] [DEBUG] RSS ok: gb/macos/Utilities/top-free entries=100
[2026-09-17T05:48:15.429Z] [DEBUG] Hits: gb/macos/Utilities/top-free 3 app(s) found
[2026-09-17T05:48:16.106Z] [DEBUG] RSS ok: ca/macos/Business/top-free entries=100
[2026-09-17T05:48:26.112Z] [DEBUG] Hits: ca/macos/Business/top-free 4 app(s) found
[2026-09-17T05:48:26.728Z] [DEBUG] RSS ok: ca/macos/Productivity/top-free entries=99
[2026-09-17T05:48:36.735Z] [DEBUG] Hits: ca/macos/Productivity/top-free 5 app(s) found
[2026-09-17T05:48:37.528Z] [DEBUG] RSS ok: ca/macos/Utilities/top-free entries=100
[2026-09-17T05:48:48.256Z] [DEBUG] RSS ok: fr/macos/Business/top-free entries=98
[2026-09-17T05:48:58.263Z] [DEBUG] Hits: fr/macos/Business/top-free 3 app(s) found
[2026-09-17T05:48:58.263Z] [INFO] RSS progress: 10/60 (10 ok, 0 error, 35 points)
[2026-09-17T05:48:59.058Z] [DEBUG] RSS ok: fr/macos/Productivity/top-free entries=99
[2026-09-17T05:49:09.065Z] [DEBUG] Hits: fr/macos/Productivity/top-free 5 app(s) found
[2026-09-17T05:49:09.760Z] [DEBUG] RSS ok: fr/macos/Utilities/top-free entries=100
[2026-09-17T05:49:19.761Z] [DEBUG] Hits: fr/macos/Utilities/top-free 1 app(s) found
[2026-09-17T05:49:20.526Z] [DEBUG] RSS ok: de/macos/Business/top-free entries=100
[2026-09-17T05:49:30.532Z] [DEBUG] Hits: de/macos/Business/top-free 1 app(s) found
[2026-09-17T05:49:31.361Z] [DEBUG] RSS ok: de/macos/Productivity/top-free entries=99
[2026-09-17T05:49:41.366Z] [DEBUG] Hits: de/macos/Productivity/top-free 4 app(s) found
[2026-09-17T05:49:42.114Z] [DEBUG] RSS ok: de/macos/Utilities/top-free entries=100
[2026-09-17T05:49:52.119Z] [DEBUG] Hits: de/macos/Utilities/top-free 1 app(s) found
[2026-09-17T05:49:52.808Z] [DEBUG] RSS ok: jp/macos/Business/top-free entries=100
[2026-09-17T05:50:02.813Z] [DEBUG] Hits: jp/macos/Business/top-free 3 app(s) found
[2026-09-17T05:50:03.581Z] [DEBUG] RSS ok: jp/macos/Productivity/top-free entries=99
[2026-09-17T05:50:13.587Z] [DEBUG] Hits: jp/macos/Productivity/top-free 2 app(s) found
[2026-09-17T05:50:14.454Z] [DEBUG] RSS ok: jp/macos/Utilities/top-free entries=100
[2026-09-17T05:50:24.460Z] [DEBUG] Hits: jp/macos/Utilities/top-free 4 app(s) found
[2026-09-17T05:50:25.394Z] [DEBUG] RSS ok: au/macos/Business/top-free entries=100
[2026-09-17T05:50:35.400Z] [DEBUG] Hits: au/macos/Business/top-free 4 app(s) found
[2026-09-17T05:50:35.997Z] [DEBUG] RSS ok: au/macos/Productivity/top-free entries=99
[2026-09-17T05:50:46.003Z] [DEBUG] Hits: au/macos/Productivity/top-free 4 app(s) found
[2026-09-17T05:50:46.003Z] [INFO] RSS progress: 20/60 (20 ok, 0 error, 64 points)
[2026-09-17T05:50:46.820Z] [DEBUG] RSS ok: au/macos/Utilities/top-free entries=100
[2026-09-17T05:50:56.826Z] [DEBUG] Hits: au/macos/Utilities/top-free 1 app(s) found
[2026-09-17T05:50:57.565Z] [DEBUG] RSS ok: es/macos/Business/top-free entries=100
[2026-09-17T05:51:07.570Z] [DEBUG] Hits: es/macos/Business/top-free 3 app(s) found
[2026-09-17T05:51:08.444Z] [DEBUG] RSS ok: es/macos/Productivity/top-free entries=99
[2026-09-17T05:51:18.451Z] [DEBUG] Hits: es/macos/Productivity/top-free 5 app(s) found
[2026-09-17T05:51:19.194Z] [DEBUG] RSS ok: es/macos/Utilities/top-free entries=100
[2026-09-17T05:51:29.200Z] [DEBUG] Hits: es/macos/Utilities/top-free 1 app(s) found
[2026-09-17T05:51:29.915Z] [DEBUG] RSS ok: it/macos/Business/top-free entries=99
[2026-09-17T05:51:39.922Z] [DEBUG] Hits: it/macos/Business/top-free 2 app(s) found
[2026-09-17T05:51:40.607Z] [DEBUG] RSS ok: it/macos/Productivity/top-free entries=99
[2026-09-17T05:51:50.613Z] [DEBUG] Hits: it/macos/Productivity/top-free 4 app(s) found
[2026-09-17T05:51:51.291Z] [DEBUG] RSS ok: it/macos/Utilities/top-free entries=100
[2026-09-17T05:52:02.031Z] [DEBUG] RSS ok: pt/macos/Business/top-free entries=100
[2026-09-17T05:52:12.037Z] [DEBUG] Hits: pt/macos/Business/top-free 4 app(s) found
[2026-09-17T05:52:12.802Z] [DEBUG] RSS ok: pt/macos/Productivity/top-free entries=99
[2026-09-17T05:52:22.808Z] [DEBUG] Hits: pt/macos/Productivity/top-free 4 app(s) found
[2026-09-17T05:52:23.520Z] [DEBUG] RSS ok: pt/macos/Utilities/top-free entries=100
[2026-09-17T05:52:33.527Z] [INFO] RSS progress: 30/60 (30 ok, 0 error, 88 points)
[2026-09-17T05:52:34.358Z] [DEBUG] RSS ok: ch/macos/Business/top-free entries=100
[2026-09-17T05:52:44.358Z] [DEBUG] Hits: ch/macos/Business/top-free 4 app(s) found
[2026-09-17T05:52:45.314Z] [DEBUG] RSS ok: ch/macos/Productivity/top-free entries=99
[2026-09-17T05:52:55.320Z] [DEBUG] Hits: ch/macos/Productivity/top-free 4 app(s) found
[2026-09-17T05:52:55.932Z] [DEBUG] RSS ok: ch/macos/Utilities/top-free entries=100
[2026-09-17T05:53:05.939Z] [DEBUG] Hits: ch/macos/Utilities/top-free 3 app(s) found
[2026-09-17T05:53:06.724Z] [DEBUG] RSS ok: be/macos/Business/top-free entries=100
[2026-09-17T05:53:16.731Z] [DEBUG] Hits: be/macos/Business/top-free 3 app(s) found
[2026-09-17T05:53:17.464Z] [DEBUG] RSS ok: be/macos/Productivity/top-free entries=99
[2026-09-17T05:53:27.471Z] [DEBUG] Hits: be/macos/Productivity/top-free 5 app(s) found
[2026-09-17T05:53:28.182Z] [DEBUG] RSS ok: be/macos/Utilities/top-free entries=100
[2026-09-17T05:53:38.188Z] [DEBUG] Hits: be/macos/Utilities/top-free 1 app(s) found
[2026-09-17T05:53:38.891Z] [DEBUG] RSS ok: nl/macos/Business/top-free entries=100
[2026-09-17T05:53:48.898Z] [DEBUG] Hits: nl/macos/Business/top-free 2 app(s) found
[2026-09-17T05:53:49.554Z] [DEBUG] RSS ok: nl/macos/Productivity/top-free entries=99
[2026-09-17T05:53:59.560Z] [DEBUG] Hits: nl/macos/Productivity/top-free 5 app(s) found
[2026-09-17T05:54:00.366Z] [DEBUG] RSS ok: nl/macos/Utilities/top-free entries=100
[2026-09-17T05:54:10.372Z] [DEBUG] Hits: nl/macos/Utilities/top-free 3 app(s) found
[2026-09-17T05:54:11.021Z] [DEBUG] RSS ok: tw/macos/Business/top-free entries=100
[2026-09-17T05:54:21.027Z] [DEBUG] Hits: tw/macos/Business/top-free 3 app(s) found
[2026-09-17T05:54:21.027Z] [INFO] RSS progress: 40/60 (40 ok, 0 error, 121 points)
[2026-09-17T05:54:21.843Z] [DEBUG] RSS ok: tw/macos/Productivity/top-free entries=99
[2026-09-17T05:54:31.850Z] [DEBUG] Hits: tw/macos/Productivity/top-free 3 app(s) found
[2026-09-17T05:54:32.497Z] [DEBUG] RSS ok: tw/macos/Utilities/top-free entries=100
[2026-09-17T05:54:43.522Z] [DEBUG] RSS ok: hk/macos/Business/top-free entries=99
[2026-09-17T05:54:53.529Z] [DEBUG] Hits: hk/macos/Business/top-free 2 app(s) found
[2026-09-17T05:54:54.244Z] [DEBUG] RSS ok: hk/macos/Productivity/top-free entries=99
[2026-09-17T05:55:04.250Z] [DEBUG] Hits: hk/macos/Productivity/top-free 3 app(s) found
[2026-09-17T05:55:04.981Z] [DEBUG] RSS ok: hk/macos/Utilities/top-free entries=100
[2026-09-17T05:55:15.674Z] [DEBUG] RSS ok: nz/macos/Business/top-free entries=100
[2026-09-17T05:55:25.680Z] [DEBUG] Hits: nz/macos/Business/top-free 3 app(s) found
[2026-09-17T05:55:26.457Z] [DEBUG] RSS ok: nz/macos/Productivity/top-free entries=99
[2026-09-17T05:55:36.461Z] [DEBUG] Hits: nz/macos/Productivity/top-free 4 app(s) found
[2026-09-17T05:55:37.187Z] [DEBUG] RSS ok: nz/macos/Utilities/top-free entries=100
[2026-09-17T05:55:48.017Z] [DEBUG] RSS ok: sg/macos/Business/top-free entries=100
[2026-09-17T05:55:58.023Z] [DEBUG] Hits: sg/macos/Business/top-free 4 app(s) found
[2026-09-17T05:55:58.703Z] [DEBUG] RSS ok: sg/macos/Productivity/top-free entries=99
[2026-09-17T05:56:08.709Z] [DEBUG] Hits: sg/macos/Productivity/top-free 3 app(s) found
[2026-09-17T05:56:08.710Z] [INFO] RSS progress: 50/60 (50 ok, 0 error, 143 points)
[2026-09-17T05:56:09.420Z] [DEBUG] RSS ok: sg/macos/Utilities/top-free entries=100
[2026-09-17T05:56:19.421Z] [DEBUG] Hits: sg/macos/Utilities/top-free 3 app(s) found
[2026-09-17T05:56:20.097Z] [DEBUG] RSS ok: in/macos/Business/top-free entries=100
[2026-09-17T05:56:30.103Z] [DEBUG] Hits: in/macos/Business/top-free 3 app(s) found
[2026-09-17T05:56:30.759Z] [DEBUG] RSS ok: in/macos/Productivity/top-free entries=99
[2026-09-17T05:56:40.765Z] [DEBUG] Hits: in/macos/Productivity/top-free 2 app(s) found
[2026-09-17T05:56:41.591Z] [DEBUG] RSS ok: in/macos/Utilities/top-free entries=100
[2026-09-17T05:56:52.426Z] [DEBUG] RSS ok: za/macos/Business/top-free entries=100
[2026-09-17T05:57:02.429Z] [DEBUG] Hits: za/macos/Business/top-free 3 app(s) found
[2026-09-17T05:57:03.079Z] [DEBUG] RSS ok: za/macos/Productivity/top-free entries=99
[2026-09-17T05:57:13.086Z] [DEBUG] Hits: za/macos/Productivity/top-free 4 app(s) found
[2026-09-17T05:57:13.877Z] [DEBUG] RSS ok: za/macos/Utilities/top-free entries=100
[2026-09-17T05:57:23.883Z] [DEBUG] Hits: za/macos/Utilities/top-free 1 app(s) found
[2026-09-17T05:57:24.635Z] [DEBUG] RSS ok: br/macos/Business/top-free entries=100
[2026-09-17T05:57:34.641Z] [DEBUG] Hits: br/macos/Business/top-free 2 app(s) found
[2026-09-17T05:57:35.352Z] [DEBUG] RSS ok: br/macos/Productivity/top-free entries=99
[2026-09-17T05:57:45.358Z] [DEBUG] Hits: br/macos/Productivity/top-free 3 app(s) found
[2026-09-17T05:57:46.061Z] [DEBUG] RSS ok: br/macos/Utilities/top-free entries=100
[2026-09-17T05:57:56.068Z] [DEBUG] Hits: br/macos/Utilities/top-free 1 app(s) found
[2026-09-17T05:57:56.068Z] [INFO] RSS progress: 60/60 (60 ok, 0 error, 165 points)
[2026-09-17T05:57:56.068Z] [INFO] RSS fetch done: 60 ok, 0 error, 165 points
[2026-09-17T05:57:56.068Z] [INFO] Platform max returned: macos = 100
[2026-09-17T05:57:56.069Z] [INFO] RSS results: 60 ok, 0 error, 165 rank points
[2026-09-17T05:57:56.100Z] [INFO] Stored: 60 crawls, 165 points
[2026-09-17T05:57:56.126Z] [INFO] current.json written rows=23
[2026-09-17T05:57:56.127Z] [INFO] Current summary: on_chart=165, not_on_chart=295, depth_limited=0, crawl_error=0, total=460
[2026-09-17T05:57:56.127Z] [INFO] === Crawl complete === 645.1s
[2026-09-17T06:48:20.735Z] [INFO] === Crawl start === ts=2026-09-17T06:00:00Z
[2026-09-17T06:48:20.740Z] [INFO] Config loaded apps=4, platforms=macos, categories=Business,Productivity,Utilities
[2026-09-17T06:48:20.740Z] [INFO] App IDs to track: 23 our=4, competitors=19
[2026-09-17T06:48:20.742Z] [INFO] Lookup cached fetched_at=2026-09-17T00:47:17.168Z, 23 apps
[2026-09-17T06:48:20.742Z] [INFO] RSS requests: 60 countries=20, platforms=macos, categories=Business,Productivity,Utilities
[2026-09-17T06:48:20.743Z] [INFO] RSS fetch start: 60 requests, concurrency=1
[2026-09-17T06:48:21.783Z] [DEBUG] RSS ok: us/macos/Business/top-free entries=100
[2026-09-17T06:48:31.786Z] [DEBUG] Hits: us/macos/Business/top-free 4 app(s) found
[2026-09-17T06:48:32.500Z] [DEBUG] RSS ok: us/macos/Productivity/top-free entries=99
[2026-09-17T06:48:42.506Z] [DEBUG] Hits: us/macos/Productivity/top-free 6 app(s) found
[2026-09-17T06:48:43.191Z] [DEBUG] RSS ok: us/macos/Utilities/top-free entries=100
[2026-09-17T06:48:53.197Z] [DEBUG] Hits: us/macos/Utilities/top-free 1 app(s) found
[2026-09-17T06:48:53.865Z] [DEBUG] RSS ok: gb/macos/Business/top-free entries=100
[2026-09-17T06:49:03.871Z] [DEBUG] Hits: gb/macos/Business/top-free 4 app(s) found
[2026-09-17T06:49:04.707Z] [DEBUG] RSS ok: gb/macos/Productivity/top-free entries=99
[2026-09-17T06:49:14.712Z] [DEBUG] Hits: gb/macos/Productivity/top-free 5 app(s) found
[2026-09-17T06:49:15.305Z] [DEBUG] RSS ok: gb/macos/Utilities/top-free entries=100
[2026-09-17T06:49:25.311Z] [DEBUG] Hits: gb/macos/Utilities/top-free 3 app(s) found
[2026-09-17T06:49:26.030Z] [DEBUG] RSS ok: ca/macos/Business/top-free entries=100
[2026-09-17T06:49:36.036Z] [DEBUG] Hits: ca/macos/Business/top-free 4 app(s) found
[2026-09-17T06:49:36.884Z] [DEBUG] RSS ok: ca/macos/Productivity/top-free entries=99
[2026-09-17T06:49:46.890Z] [DEBUG] Hits: ca/macos/Productivity/top-free 5 app(s) found
[2026-09-17T06:49:47.719Z] [DEBUG] RSS ok: ca/macos/Utilities/top-free entries=100
[2026-09-17T06:49:58.488Z] [DEBUG] RSS ok: fr/macos/Business/top-free entries=98
[2026-09-17T06:50:08.491Z] [DEBUG] Hits: fr/macos/Business/top-free 3 app(s) found
[2026-09-17T06:50:08.491Z] [INFO] RSS progress: 10/60 (10 ok, 0 error, 35 points)
[2026-09-17T06:50:09.237Z] [DEBUG] RSS ok: fr/macos/Productivity/top-free entries=99
[2026-09-17T06:50:19.243Z] [DEBUG] Hits: fr/macos/Productivity/top-free 5 app(s) found
[2026-09-17T06:50:19.982Z] [DEBUG] RSS ok: fr/macos/Utilities/top-free entries=100
[2026-09-17T06:50:29.988Z] [DEBUG] Hits: fr/macos/Utilities/top-free 1 app(s) found
[2026-09-17T06:50:30.755Z] [DEBUG] RSS ok: de/macos/Business/top-free entries=100
[2026-09-17T06:50:40.761Z] [DEBUG] Hits: de/macos/Business/top-free 1 app(s) found
[2026-09-17T06:50:41.822Z] [DEBUG] RSS ok: de/macos/Productivity/top-free entries=99
[2026-09-17T06:50:51.828Z] [DEBUG] Hits: de/macos/Productivity/top-free 4 app(s) found
[2026-09-17T06:50:52.723Z] [DEBUG] RSS ok: de/macos/Utilities/top-free entries=100
[2026-09-17T06:51:02.729Z] [DEBUG] Hits: de/macos/Utilities/top-free 1 app(s) found
[2026-09-17T06:51:03.369Z] [DEBUG] RSS ok: jp/macos/Business/top-free entries=100
[2026-09-17T06:51:13.375Z] [DEBUG] Hits: jp/macos/Business/top-free 3 app(s) found
[2026-09-17T06:51:14.154Z] [DEBUG] RSS ok: jp/macos/Productivity/top-free entries=99
[2026-09-17T06:51:24.160Z] [DEBUG] Hits: jp/macos/Productivity/top-free 2 app(s) found
[2026-09-17T06:51:24.797Z] [DEBUG] RSS ok: jp/macos/Utilities/top-free entries=100
[2026-09-17T06:51:34.803Z] [DEBUG] Hits: jp/macos/Utilities/top-free 4 app(s) found
[2026-09-17T06:51:35.636Z] [DEBUG] RSS ok: au/macos/Business/top-free entries=100
[2026-09-17T06:51:45.642Z] [DEBUG] Hits: au/macos/Business/top-free 4 app(s) found
[2026-09-17T06:51:46.726Z] [DEBUG] RSS ok: au/macos/Productivity/top-free entries=99
[2026-09-17T06:51:56.732Z] [DEBUG] Hits: au/macos/Productivity/top-free 4 app(s) found
[2026-09-17T06:51:56.732Z] [INFO] RSS progress: 20/60 (20 ok, 0 error, 64 points)
[2026-09-17T06:51:57.597Z] [DEBUG] RSS ok: au/macos/Utilities/top-free entries=100
[2026-09-17T06:52:07.603Z] [DEBUG] Hits: au/macos/Utilities/top-free 1 app(s) found
[2026-09-17T06:52:08.494Z] [DEBUG] RSS ok: es/macos/Business/top-free entries=100
[2026-09-17T06:52:18.500Z] [DEBUG] Hits: es/macos/Business/top-free 3 app(s) found
[2026-09-17T06:52:19.223Z] [DEBUG] RSS ok: es/macos/Productivity/top-free entries=99
[2026-09-17T06:52:29.230Z] [DEBUG] Hits: es/macos/Productivity/top-free 5 app(s) found
[2026-09-17T06:52:30.071Z] [DEBUG] RSS ok: es/macos/Utilities/top-free entries=100
[2026-09-17T06:52:40.078Z] [DEBUG] Hits: es/macos/Utilities/top-free 1 app(s) found
[2026-09-17T06:52:40.793Z] [DEBUG] RSS ok: it/macos/Business/top-free entries=99
[2026-09-17T06:52:50.800Z] [DEBUG] Hits: it/macos/Business/top-free 2 app(s) found
[2026-09-17T06:52:51.479Z] [DEBUG] RSS ok: it/macos/Productivity/top-free entries=99
[2026-09-17T06:53:01.483Z] [DEBUG] Hits: it/macos/Productivity/top-free 4 app(s) found
[2026-09-17T06:53:02.197Z] [DEBUG] RSS ok: it/macos/Utilities/top-free entries=100
[2026-09-17T06:53:13.025Z] [DEBUG] RSS ok: pt/macos/Business/top-free entries=100
[2026-09-17T06:53:23.031Z] [DEBUG] Hits: pt/macos/Business/top-free 4 app(s) found
[2026-09-17T06:53:23.744Z] [DEBUG] RSS ok: pt/macos/Productivity/top-free entries=99
[2026-09-17T06:53:33.751Z] [DEBUG] Hits: pt/macos/Productivity/top-free 4 app(s) found
[2026-09-17T06:53:34.421Z] [DEBUG] RSS ok: pt/macos/Utilities/top-free entries=100
[2026-09-17T06:53:44.427Z] [INFO] RSS progress: 30/60 (30 ok, 0 error, 88 points)
[2026-09-17T06:53:45.154Z] [DEBUG] RSS ok: ch/macos/Business/top-free entries=100
[2026-09-17T06:53:55.160Z] [DEBUG] Hits: ch/macos/Business/top-free 4 app(s) found
[2026-09-17T06:53:55.765Z] [DEBUG] RSS ok: ch/macos/Productivity/top-free entries=99
[2026-09-17T06:54:05.771Z] [DEBUG] Hits: ch/macos/Productivity/top-free 4 app(s) found
[2026-09-17T06:54:06.491Z] [DEBUG] RSS ok: ch/macos/Utilities/top-free entries=100
[2026-09-17T06:54:16.497Z] [DEBUG] Hits: ch/macos/Utilities/top-free 3 app(s) found
[2026-09-17T06:54:17.313Z] [DEBUG] RSS ok: be/macos/Business/top-free entries=100
[2026-09-17T06:54:27.319Z] [DEBUG] Hits: be/macos/Business/top-free 3 app(s) found
[2026-09-17T06:54:27.883Z] [DEBUG] RSS ok: be/macos/Productivity/top-free entries=99
[2026-09-17T06:54:37.889Z] [DEBUG] Hits: be/macos/Productivity/top-free 5 app(s) found
[2026-09-17T06:54:38.759Z] [DEBUG] RSS ok: be/macos/Utilities/top-free entries=100
[2026-09-17T06:54:48.765Z] [DEBUG] Hits: be/macos/Utilities/top-free 1 app(s) found
[2026-09-17T06:54:49.480Z] [DEBUG] RSS ok: nl/macos/Business/top-free entries=100
[2026-09-17T06:54:59.486Z] [DEBUG] Hits: nl/macos/Business/top-free 2 app(s) found
[2026-09-17T06:55:00.254Z] [DEBUG] RSS ok: nl/macos/Productivity/top-free entries=99
[2026-09-17T06:55:10.260Z] [DEBUG] Hits: nl/macos/Productivity/top-free 5 app(s) found
[2026-09-17T06:55:10.988Z] [DEBUG] RSS ok: nl/macos/Utilities/top-free entries=100
[2026-09-17T06:55:20.994Z] [DEBUG] Hits: nl/macos/Utilities/top-free 3 app(s) found
[2026-09-17T06:55:21.628Z] [DEBUG] RSS ok: tw/macos/Business/top-free entries=100
[2026-09-17T06:55:31.634Z] [DEBUG] Hits: tw/macos/Business/top-free 3 app(s) found
[2026-09-17T06:55:31.634Z] [INFO] RSS progress: 40/60 (40 ok, 0 error, 121 points)
[2026-09-17T06:55:32.350Z] [DEBUG] RSS ok: tw/macos/Productivity/top-free entries=99
[2026-09-17T06:55:42.357Z] [DEBUG] Hits: tw/macos/Productivity/top-free 3 app(s) found
[2026-09-17T06:55:43.293Z] [DEBUG] RSS ok: tw/macos/Utilities/top-free entries=100
[2026-09-17T06:55:54.345Z] [DEBUG] RSS ok: hk/macos/Business/top-free entries=99
[2026-09-17T06:56:04.351Z] [DEBUG] Hits: hk/macos/Business/top-free 2 app(s) found
[2026-09-17T06:56:05.094Z] [DEBUG] RSS ok: hk/macos/Productivity/top-free entries=99
[2026-09-17T06:56:15.100Z] [DEBUG] Hits: hk/macos/Productivity/top-free 3 app(s) found
[2026-09-17T06:56:15.808Z] [DEBUG] RSS ok: hk/macos/Utilities/top-free entries=100
[2026-09-17T06:56:26.440Z] [DEBUG] RSS ok: nz/macos/Business/top-free entries=100
[2026-09-17T06:56:36.446Z] [DEBUG] Hits: nz/macos/Business/top-free 3 app(s) found
[2026-09-17T06:56:37.205Z] [DEBUG] RSS ok: nz/macos/Productivity/top-free entries=99
[2026-09-17T06:56:47.211Z] [DEBUG] Hits: nz/macos/Productivity/top-free 4 app(s) found
[2026-09-17T06:56:47.873Z] [DEBUG] RSS ok: nz/macos/Utilities/top-free entries=100
[2026-09-17T06:56:58.746Z] [DEBUG] RSS ok: sg/macos/Business/top-free entries=100
[2026-09-17T06:57:08.752Z] [DEBUG] Hits: sg/macos/Business/top-free 4 app(s) found
[2026-09-17T06:57:09.382Z] [DEBUG] RSS ok: sg/macos/Productivity/top-free entries=99
[2026-09-17T06:57:19.388Z] [DEBUG] Hits: sg/macos/Productivity/top-free 3 app(s) found
[2026-09-17T06:57:19.388Z] [INFO] RSS progress: 50/60 (50 ok, 0 error, 143 points)
[2026-09-17T06:57:20.063Z] [DEBUG] RSS ok: sg/macos/Utilities/top-free entries=100
[2026-09-17T06:57:30.069Z] [DEBUG] Hits: sg/macos/Utilities/top-free 3 app(s) found
[2026-09-17T06:57:30.737Z] [DEBUG] RSS ok: in/macos/Business/top-free entries=100
[2026-09-17T06:57:40.743Z] [DEBUG] Hits: in/macos/Business/top-free 3 app(s) found
[2026-09-17T06:57:41.430Z] [DEBUG] RSS ok: in/macos/Productivity/top-free entries=99
[2026-09-17T06:57:51.436Z] [DEBUG] Hits: in/macos/Productivity/top-free 2 app(s) found
[2026-09-17T06:57:52.069Z] [DEBUG] RSS ok: in/macos/Utilities/top-free entries=100
[2026-09-17T06:58:02.830Z] [DEBUG] RSS ok: za/macos/Business/top-free entries=100
[2026-09-17T06:58:12.836Z] [DEBUG] Hits: za/macos/Business/top-free 3 app(s) found
[2026-09-17T06:58:13.608Z] [DEBUG] RSS ok: za/macos/Productivity/top-free entries=99
[2026-09-17T06:58:23.614Z] [DEBUG] Hits: za/macos/Productivity/top-free 4 app(s) found
[2026-09-17T06:58:24.231Z] [DEBUG] RSS ok: za/macos/Utilities/top-free entries=100
[2026-09-17T06:58:34.237Z] [DEBUG] Hits: za/macos/Utilities/top-free 1 app(s) found
[2026-09-17T06:58:34.839Z] [DEBUG] RSS ok: br/macos/Business/top-free entries=100
[2026-09-17T06:58:44.845Z] [DEBUG] Hits: br/macos/Business/top-free 2 app(s) found
[2026-09-17T06:58:45.546Z] [DEBUG] RSS ok: br/macos/Productivity/top-free entries=99
[2026-09-17T06:58:55.552Z] [DEBUG] Hits: br/macos/Productivity/top-free 3 app(s) found
[2026-09-17T06:58:56.563Z] [DEBUG] RSS ok: br/macos/Utilities/top-free entries=100
[2026-09-17T06:59:06.570Z] [DEBUG] Hits: br/macos/Utilities/top-free 1 app(s) found
[2026-09-17T06:59:06.570Z] [INFO] RSS progress: 60/60 (60 ok, 0 error, 165 points)
[2026-09-17T06:59:06.570Z] [INFO] RSS fetch done: 60 ok, 0 error, 165 points
[2026-09-17T06:59:06.570Z] [INFO] Platform max returned: macos = 100
[2026-09-17T06:59:06.570Z] [INFO] RSS results: 60 ok, 0 error, 165 rank points
[2026-09-17T06:59:06.616Z] [INFO] Stored: 60 crawls, 165 points
[2026-09-17T06:59:06.633Z] [INFO] current.json written rows=23
[2026-09-17T06:59:06.634Z] [INFO] Current summary: on_chart=165, not_on_chart=295, depth_limited=0, crawl_error=0, total=460
[2026-09-17T06:59:06.634Z] [INFO] === Crawl complete === 645.9s
[2026-09-17T07:47:12.498Z] [INFO] === Crawl start === ts=2026-09-17T07:00:00Z
[2026-09-17T07:47:12.502Z] [INFO] Config loaded apps=4, platforms=macos, categories=Business,Productivity,Utilities
[2026-09-17T07:47:12.503Z] [INFO] App IDs to track: 23 our=4, competitors=19
[2026-09-17T07:47:12.504Z] [INFO] Lookup cached fetched_at=2026-09-17T00:47:17.168Z, 23 apps
[2026-09-17T07:47:12.505Z] [INFO] RSS requests: 60 countries=20, platforms=macos, categories=Business,Productivity,Utilities
[2026-09-17T07:47:12.505Z] [INFO] RSS fetch start: 60 requests, concurrency=1
[2026-09-17T07:47:13.285Z] [DEBUG] RSS ok: us/macos/Business/top-free entries=100
[2026-09-17T07:47:23.289Z] [DEBUG] Hits: us/macos/Business/top-free 4 app(s) found
[2026-09-17T07:47:24.219Z] [DEBUG] RSS ok: us/macos/Productivity/top-free entries=99
[2026-09-17T07:47:34.226Z] [DEBUG] Hits: us/macos/Productivity/top-free 6 app(s) found
[2026-09-17T07:47:34.922Z] [DEBUG] RSS ok: us/macos/Utilities/top-free entries=100
[2026-09-17T07:47:44.925Z] [DEBUG] Hits: us/macos/Utilities/top-free 1 app(s) found
[2026-09-17T07:47:45.645Z] [DEBUG] RSS ok: gb/macos/Business/top-free entries=100
[2026-09-17T07:47:55.647Z] [DEBUG] Hits: gb/macos/Business/top-free 4 app(s) found
[2026-09-17T07:47:56.538Z] [DEBUG] RSS ok: gb/macos/Productivity/top-free entries=99
[2026-09-17T07:48:06.541Z] [DEBUG] Hits: gb/macos/Productivity/top-free 4 app(s) found
[2026-09-17T07:48:07.334Z] [DEBUG] RSS ok: gb/macos/Utilities/top-free entries=100
[2026-09-17T07:48:17.341Z] [DEBUG] Hits: gb/macos/Utilities/top-free 3 app(s) found
[2026-09-17T07:48:18.538Z] [DEBUG] RSS ok: ca/macos/Business/top-free entries=100
[2026-09-17T07:48:28.541Z] [DEBUG] Hits: ca/macos/Business/top-free 5 app(s) found
[2026-09-17T07:48:29.216Z] [DEBUG] RSS ok: ca/macos/Productivity/top-free entries=99
[2026-09-17T07:48:39.222Z] [DEBUG] Hits: ca/macos/Productivity/top-free 4 app(s) found
[2026-09-17T07:48:40.150Z] [DEBUG] RSS ok: ca/macos/Utilities/top-free entries=100
[2026-09-17T07:48:51.073Z] [DEBUG] RSS ok: fr/macos/Business/top-free entries=98
[2026-09-17T07:49:01.079Z] [DEBUG] Hits: fr/macos/Business/top-free 3 app(s) found
[2026-09-17T07:49:01.079Z] [INFO] RSS progress: 10/60 (10 ok, 0 error, 34 points)
[2026-09-17T07:49:01.915Z] [DEBUG] RSS ok: fr/macos/Productivity/top-free entries=99
[2026-09-17T07:49:11.920Z] [DEBUG] Hits: fr/macos/Productivity/top-free 5 app(s) found
[2026-09-17T07:49:12.623Z] [DEBUG] RSS ok: fr/macos/Utilities/top-free entries=100
[2026-09-17T07:49:22.629Z] [DEBUG] Hits: fr/macos/Utilities/top-free 2 app(s) found
[2026-09-17T07:49:23.357Z] [DEBUG] RSS ok: de/macos/Business/top-free entries=99
[2026-09-17T07:49:33.363Z] [DEBUG] Hits: de/macos/Business/top-free 1 app(s) found
[2026-09-17T07:49:34.066Z] [DEBUG] RSS ok: de/macos/Productivity/top-free entries=99
[2026-09-17T07:49:44.073Z] [DEBUG] Hits: de/macos/Productivity/top-free 4 app(s) found
[2026-09-17T07:49:44.735Z] [DEBUG] RSS ok: de/macos/Utilities/top-free entries=100
[2026-09-17T07:49:54.741Z] [DEBUG] Hits: de/macos/Utilities/top-free 1 app(s) found
[2026-09-17T07:49:55.511Z] [DEBUG] RSS ok: jp/macos/Business/top-free entries=99
[2026-09-17T07:50:05.517Z] [DEBUG] Hits: jp/macos/Business/top-free 2 app(s) found
[2026-09-17T07:50:06.427Z] [DEBUG] RSS ok: jp/macos/Productivity/top-free entries=99
[2026-09-17T07:50:16.433Z] [DEBUG] Hits: jp/macos/Productivity/top-free 2 app(s) found
[2026-09-17T07:50:17.209Z] [DEBUG] RSS ok: jp/macos/Utilities/top-free entries=100
[2026-09-17T07:50:27.215Z] [DEBUG] Hits: jp/macos/Utilities/top-free 4 app(s) found
[2026-09-17T07:50:27.855Z] [DEBUG] RSS ok: au/macos/Business/top-free entries=100
[2026-09-17T07:50:37.859Z] [DEBUG] Hits: au/macos/Business/top-free 4 app(s) found
[2026-09-17T07:50:38.663Z] [DEBUG] RSS ok: au/macos/Productivity/top-free entries=99
[2026-09-17T07:50:48.665Z] [DEBUG] Hits: au/macos/Productivity/top-free 4 app(s) found
[2026-09-17T07:50:48.665Z] [INFO] RSS progress: 20/60 (20 ok, 0 error, 63 points)
[2026-09-17T07:50:49.440Z] [DEBUG] RSS ok: au/macos/Utilities/top-free entries=100
[2026-09-17T07:50:59.447Z] [DEBUG] Hits: au/macos/Utilities/top-free 1 app(s) found
[2026-09-17T07:51:00.174Z] [DEBUG] RSS ok: es/macos/Business/top-free entries=100
[2026-09-17T07:51:10.181Z] [DEBUG] Hits: es/macos/Business/top-free 3 app(s) found
[2026-09-17T07:51:10.948Z] [DEBUG] RSS ok: es/macos/Productivity/top-free entries=99
[2026-09-17T07:51:20.950Z] [DEBUG] Hits: es/macos/Productivity/top-free 5 app(s) found
[2026-09-17T07:51:21.800Z] [DEBUG] RSS ok: es/macos/Utilities/top-free entries=100
[2026-09-17T07:51:31.806Z] [DEBUG] Hits: es/macos/Utilities/top-free 1 app(s) found
[2026-09-17T07:51:32.614Z] [DEBUG] RSS ok: it/macos/Business/top-free entries=99
[2026-09-17T07:51:42.620Z] [DEBUG] Hits: it/macos/Business/top-free 2 app(s) found
[2026-09-17T07:51:43.405Z] [DEBUG] RSS ok: it/macos/Productivity/top-free entries=99
[2026-09-17T07:51:53.411Z] [DEBUG] Hits: it/macos/Productivity/top-free 4 app(s) found
[2026-09-17T07:51:54.251Z] [DEBUG] RSS ok: it/macos/Utilities/top-free entries=100
[2026-09-17T07:52:04.973Z] [DEBUG] RSS ok: pt/macos/Business/top-free entries=100
[2026-09-17T07:52:14.980Z] [DEBUG] Hits: pt/macos/Business/top-free 4 app(s) found
[2026-09-17T07:52:15.941Z] [DEBUG] RSS ok: pt/macos/Productivity/top-free entries=99
[2026-09-17T07:52:25.947Z] [DEBUG] Hits: pt/macos/Productivity/top-free 4 app(s) found
[2026-09-17T07:52:26.592Z] [DEBUG] RSS ok: pt/macos/Utilities/top-free entries=100
[2026-09-17T07:52:36.598Z] [INFO] RSS progress: 30/60 (30 ok, 0 error, 87 points)
[2026-09-17T07:52:37.500Z] [DEBUG] RSS ok: ch/macos/Business/top-free entries=100
[2026-09-17T07:52:47.507Z] [DEBUG] Hits: ch/macos/Business/top-free 4 app(s) found
[2026-09-17T07:52:48.229Z] [DEBUG] RSS ok: ch/macos/Productivity/top-free entries=99
[2026-09-17T07:52:58.236Z] [DEBUG] Hits: ch/macos/Productivity/top-free 4 app(s) found
[2026-09-17T07:52:59.126Z] [DEBUG] RSS ok: ch/macos/Utilities/top-free entries=100
[2026-09-17T07:53:09.132Z] [DEBUG] Hits: ch/macos/Utilities/top-free 2 app(s) found
[2026-09-17T07:53:09.921Z] [DEBUG] RSS ok: be/macos/Business/top-free entries=100
[2026-09-17T07:53:19.928Z] [DEBUG] Hits: be/macos/Business/top-free 3 app(s) found
[2026-09-17T07:53:21.524Z] [DEBUG] RSS ok: be/macos/Productivity/top-free entries=99
[2026-09-17T07:53:31.531Z] [DEBUG] Hits: be/macos/Productivity/top-free 5 app(s) found
[2026-09-17T07:53:32.228Z] [DEBUG] RSS ok: be/macos/Utilities/top-free entries=100
[2026-09-17T07:53:42.234Z] [DEBUG] Hits: be/macos/Utilities/top-free 1 app(s) found
[2026-09-17T07:53:43.106Z] [DEBUG] RSS ok: nl/macos/Business/top-free entries=100
[2026-09-17T07:53:53.112Z] [DEBUG] Hits: nl/macos/Business/top-free 2 app(s) found
[2026-09-17T07:53:53.736Z] [DEBUG] RSS ok: nl/macos/Productivity/top-free entries=99
[2026-09-17T07:54:03.742Z] [DEBUG] Hits: nl/macos/Productivity/top-free 5 app(s) found
[2026-09-17T07:54:04.497Z] [DEBUG] RSS ok: nl/macos/Utilities/top-free entries=100
[2026-09-17T07:54:14.503Z] [DEBUG] Hits: nl/macos/Utilities/top-free 3 app(s) found
[2026-09-17T07:54:15.179Z] [DEBUG] RSS ok: tw/macos/Business/top-free entries=100
[2026-09-17T07:54:25.185Z] [DEBUG] Hits: tw/macos/Business/top-free 3 app(s) found
[2026-09-17T07:54:25.185Z] [INFO] RSS progress: 40/60 (40 ok, 0 error, 119 points)
[2026-09-17T07:54:26.033Z] [DEBUG] RSS ok: tw/macos/Productivity/top-free entries=99
[2026-09-17T07:54:36.039Z] [DEBUG] Hits: tw/macos/Productivity/top-free 3 app(s) found
[2026-09-17T07:54:36.695Z] [DEBUG] RSS ok: tw/macos/Utilities/top-free entries=100
[2026-09-17T07:54:47.948Z] [DEBUG] RSS ok: hk/macos/Business/top-free entries=100
[2026-09-17T07:54:57.954Z] [DEBUG] Hits: hk/macos/Business/top-free 2 app(s) found
[2026-09-17T07:54:58.604Z] [DEBUG] RSS ok: hk/macos/Productivity/top-free entries=99
[2026-09-17T07:55:08.609Z] [DEBUG] Hits: hk/macos/Productivity/top-free 3 app(s) found
[2026-09-17T07:55:09.321Z] [DEBUG] RSS ok: hk/macos/Utilities/top-free entries=100
[2026-09-17T07:55:19.327Z] [DEBUG] Hits: hk/macos/Utilities/top-free 1 app(s) found
[2026-09-17T07:55:20.096Z] [DEBUG] RSS ok: nz/macos/Business/top-free entries=100
[2026-09-17T07:55:30.102Z] [DEBUG] Hits: nz/macos/Business/top-free 1 app(s) found
[2026-09-17T07:55:30.864Z] [DEBUG] RSS ok: nz/macos/Productivity/top-free entries=99
[2026-09-17T07:55:40.870Z] [DEBUG] Hits: nz/macos/Productivity/top-free 4 app(s) found
[2026-09-17T07:55:41.705Z] [DEBUG] RSS ok: nz/macos/Utilities/top-free entries=100
[2026-09-17T07:55:52.379Z] [DEBUG] RSS ok: sg/macos/Business/top-free entries=100
[2026-09-17T07:56:02.385Z] [DEBUG] Hits: sg/macos/Business/top-free 4 app(s) found
[2026-09-17T07:56:03.105Z] [DEBUG] RSS ok: sg/macos/Productivity/top-free entries=99
[2026-09-17T07:56:13.111Z] [DEBUG] Hits: sg/macos/Productivity/top-free 3 app(s) found
[2026-09-17T07:56:13.111Z] [INFO] RSS progress: 50/60 (50 ok, 0 error, 140 points)
[2026-09-17T07:56:13.922Z] [DEBUG] RSS ok: sg/macos/Utilities/top-free entries=100
[2026-09-17T07:56:23.923Z] [DEBUG] Hits: sg/macos/Utilities/top-free 2 app(s) found
[2026-09-17T07:56:24.631Z] [DEBUG] RSS ok: in/macos/Business/top-free entries=100
[2026-09-17T07:56:34.637Z] [DEBUG] Hits: in/macos/Business/top-free 3 app(s) found
[2026-09-17T07:56:35.421Z] [DEBUG] RSS ok: in/macos/Productivity/top-free entries=99
[2026-09-17T07:56:45.427Z] [DEBUG] Hits: in/macos/Productivity/top-free 2 app(s) found
[2026-09-17T07:56:46.103Z] [DEBUG] RSS ok: in/macos/Utilities/top-free entries=100
[2026-09-17T07:56:56.988Z] [DEBUG] RSS ok: za/macos/Business/top-free entries=99
[2026-09-17T07:57:06.994Z] [DEBUG] Hits: za/macos/Business/top-free 3 app(s) found
[2026-09-17T07:57:07.747Z] [DEBUG] RSS ok: za/macos/Productivity/top-free entries=99
[2026-09-17T07:57:17.753Z] [DEBUG] Hits: za/macos/Productivity/top-free 3 app(s) found
[2026-09-17T07:57:18.392Z] [DEBUG] RSS ok: za/macos/Utilities/top-free entries=100
[2026-09-17T07:57:28.399Z] [DEBUG] Hits: za/macos/Utilities/top-free 1 app(s) found
[2026-09-17T07:57:29.217Z] [DEBUG] RSS ok: br/macos/Business/top-free entries=100
[2026-09-17T07:57:39.223Z] [DEBUG] Hits: br/macos/Business/top-free 2 app(s) found
[2026-09-17T07:57:40.234Z] [DEBUG] RSS ok: br/macos/Productivity/top-free entries=99
[2026-09-17T07:57:50.241Z] [DEBUG] Hits: br/macos/Productivity/top-free 3 app(s) found
[2026-09-17T07:57:50.869Z] [DEBUG] RSS ok: br/macos/Utilities/top-free entries=100
[2026-09-17T07:58:00.875Z] [DEBUG] Hits: br/macos/Utilities/top-free 1 app(s) found
[2026-09-17T07:58:00.875Z] [INFO] RSS progress: 60/60 (60 ok, 0 error, 160 points)
[2026-09-17T07:58:00.875Z] [INFO] RSS fetch done: 60 ok, 0 error, 160 points
[2026-09-17T07:58:00.875Z] [INFO] Platform max returned: macos = 100
[2026-09-17T07:58:00.876Z] [INFO] RSS results: 60 ok, 0 error, 160 rank points
[2026-09-17T07:58:00.920Z] [INFO] Stored: 60 crawls, 160 points
[2026-09-17T07:58:00.937Z] [INFO] current.json written rows=23
[2026-09-17T07:58:00.939Z] [INFO] Current summary: on_chart=160, not_on_chart=300, depth_limited=0, crawl_error=0, total=460
[2026-09-17T07:58:00.939Z] [INFO] === Crawl complete === 648.4s
[2026-09-17T08:47:13.780Z] [INFO] === Crawl start === ts=2026-09-17T08:00:00Z
[2026-09-17T08:47:13.783Z] [INFO] Config loaded apps=4, platforms=macos, categories=Business,Productivity,Utilities
[2026-09-17T08:47:13.784Z] [INFO] App IDs to track: 23 our=4, competitors=19
[2026-09-17T08:47:13.785Z] [INFO] Lookup cached fetched_at=2026-09-17T00:47:17.168Z, 23 apps
[2026-09-17T08:47:13.785Z] [INFO] RSS requests: 60 countries=20, platforms=macos, categories=Business,Productivity,Utilities
[2026-09-17T08:47:13.786Z] [INFO] RSS fetch start: 60 requests, concurrency=1
[2026-09-17T08:47:14.577Z] [DEBUG] RSS ok: us/macos/Business/top-free entries=100
[2026-09-17T08:47:24.579Z] [DEBUG] Hits: us/macos/Business/top-free 4 app(s) found
[2026-09-17T08:47:25.335Z] [DEBUG] RSS ok: us/macos/Productivity/top-free entries=99
[2026-09-17T08:47:35.342Z] [DEBUG] Hits: us/macos/Productivity/top-free 6 app(s) found
[2026-09-17T08:47:36.178Z] [DEBUG] RSS ok: us/macos/Utilities/top-free entries=100
[2026-09-17T08:47:46.185Z] [DEBUG] Hits: us/macos/Utilities/top-free 1 app(s) found
[2026-09-17T08:47:46.933Z] [DEBUG] RSS ok: gb/macos/Business/top-free entries=100
[2026-09-17T08:47:56.939Z] [DEBUG] Hits: gb/macos/Business/top-free 4 app(s) found
[2026-09-17T08:47:57.731Z] [DEBUG] RSS ok: gb/macos/Productivity/top-free entries=99
[2026-09-17T08:48:07.737Z] [DEBUG] Hits: gb/macos/Productivity/top-free 4 app(s) found
[2026-09-17T08:48:08.609Z] [DEBUG] RSS ok: gb/macos/Utilities/top-free entries=100
[2026-09-17T08:48:18.616Z] [DEBUG] Hits: gb/macos/Utilities/top-free 3 app(s) found
[2026-09-17T08:48:19.307Z] [DEBUG] RSS ok: ca/macos/Business/top-free entries=100
[2026-09-17T08:48:29.314Z] [DEBUG] Hits: ca/macos/Business/top-free 5 app(s) found
[2026-09-17T08:48:30.102Z] [DEBUG] RSS ok: ca/macos/Productivity/top-free entries=99
[2026-09-17T08:48:40.109Z] [DEBUG] Hits: ca/macos/Productivity/top-free 4 app(s) found
[2026-09-17T08:48:40.820Z] [DEBUG] RSS ok: ca/macos/Utilities/top-free entries=100
[2026-09-17T08:48:51.637Z] [DEBUG] RSS ok: fr/macos/Business/top-free entries=98
[2026-09-17T08:49:01.643Z] [DEBUG] Hits: fr/macos/Business/top-free 3 app(s) found
[2026-09-17T08:49:01.643Z] [INFO] RSS progress: 10/60 (10 ok, 0 error, 34 points)
[2026-09-17T08:49:02.433Z] [DEBUG] RSS ok: fr/macos/Productivity/top-free entries=99
[2026-09-17T08:49:12.439Z] [DEBUG] Hits: fr/macos/Productivity/top-free 5 app(s) found
[2026-09-17T08:49:13.201Z] [DEBUG] RSS ok: fr/macos/Utilities/top-free entries=100
[2026-09-17T08:49:23.206Z] [DEBUG] Hits: fr/macos/Utilities/top-free 2 app(s) found
[2026-09-17T08:49:24.061Z] [DEBUG] RSS ok: de/macos/Business/top-free entries=99
[2026-09-17T08:49:34.068Z] [DEBUG] Hits: de/macos/Business/top-free 1 app(s) found
[2026-09-17T08:49:34.874Z] [DEBUG] RSS ok: de/macos/Productivity/top-free entries=99
[2026-09-17T08:49:44.880Z] [DEBUG] Hits: de/macos/Productivity/top-free 4 app(s) found
[2026-09-17T08:49:45.563Z] [DEBUG] RSS ok: de/macos/Utilities/top-free entries=100
[2026-09-17T08:49:55.569Z] [DEBUG] Hits: de/macos/Utilities/top-free 1 app(s) found
[2026-09-17T08:49:56.392Z] [DEBUG] RSS ok: jp/macos/Business/top-free entries=99
[2026-09-17T08:50:06.398Z] [DEBUG] Hits: jp/macos/Business/top-free 2 app(s) found
[2026-09-17T08:50:07.343Z] [DEBUG] RSS ok: jp/macos/Productivity/top-free entries=99
[2026-09-17T08:50:17.348Z] [DEBUG] Hits: jp/macos/Productivity/top-free 2 app(s) found
[2026-09-17T08:50:18.217Z] [DEBUG] RSS ok: jp/macos/Utilities/top-free entries=100
[2026-09-17T08:50:28.222Z] [DEBUG] Hits: jp/macos/Utilities/top-free 4 app(s) found
[2026-09-17T08:50:28.940Z] [DEBUG] RSS ok: au/macos/Business/top-free entries=100
[2026-09-17T08:50:38.947Z] [DEBUG] Hits: au/macos/Business/top-free 4 app(s) found
[2026-09-17T08:50:39.615Z] [DEBUG] RSS ok: au/macos/Productivity/top-free entries=99
[2026-09-17T08:50:49.621Z] [DEBUG] Hits: au/macos/Productivity/top-free 4 app(s) found
[2026-09-17T08:50:49.621Z] [INFO] RSS progress: 20/60 (20 ok, 0 error, 63 points)
[2026-09-17T08:50:50.476Z] [DEBUG] RSS ok: au/macos/Utilities/top-free entries=100
[2026-09-17T08:51:00.482Z] [DEBUG] Hits: au/macos/Utilities/top-free 1 app(s) found
[2026-09-17T08:51:01.110Z] [DEBUG] RSS ok: es/macos/Business/top-free entries=100
[2026-09-17T08:51:11.115Z] [DEBUG] Hits: es/macos/Business/top-free 3 app(s) found
[2026-09-17T08:51:11.940Z] [DEBUG] RSS ok: es/macos/Productivity/top-free entries=99
[2026-09-17T08:51:21.946Z] [DEBUG] Hits: es/macos/Productivity/top-free 5 app(s) found
[2026-09-17T08:51:22.654Z] [DEBUG] RSS ok: es/macos/Utilities/top-free entries=100
[2026-09-17T08:51:32.661Z] [DEBUG] Hits: es/macos/Utilities/top-free 1 app(s) found
[2026-09-17T08:51:33.479Z] [DEBUG] RSS ok: it/macos/Business/top-free entries=99
[2026-09-17T08:51:43.483Z] [DEBUG] Hits: it/macos/Business/top-free 2 app(s) found
[2026-09-17T08:51:44.253Z] [DEBUG] RSS ok: it/macos/Productivity/top-free entries=99
[2026-09-17T08:51:54.259Z] [DEBUG] Hits: it/macos/Productivity/top-free 4 app(s) found
[2026-09-17T08:51:55.066Z] [DEBUG] RSS ok: it/macos/Utilities/top-free entries=100
[2026-09-17T08:52:05.882Z] [DEBUG] RSS ok: pt/macos/Business/top-free entries=100
[2026-09-17T08:52:15.888Z] [DEBUG] Hits: pt/macos/Business/top-free 4 app(s) found
[2026-09-17T08:52:16.814Z] [DEBUG] RSS ok: pt/macos/Productivity/top-free entries=99
[2026-09-17T08:52:26.820Z] [DEBUG] Hits: pt/macos/Productivity/top-free 4 app(s) found
[2026-09-17T08:52:27.538Z] [DEBUG] RSS ok: pt/macos/Utilities/top-free entries=100
[2026-09-17T08:52:37.544Z] [INFO] RSS progress: 30/60 (30 ok, 0 error, 87 points)
[2026-09-17T08:52:38.412Z] [DEBUG] RSS ok: ch/macos/Business/top-free entries=100
[2026-09-17T08:52:48.419Z] [DEBUG] Hits: ch/macos/Business/top-free 4 app(s) found
[2026-09-17T08:52:49.254Z] [DEBUG] RSS ok: ch/macos/Productivity/top-free entries=99
[2026-09-17T08:52:59.260Z] [DEBUG] Hits: ch/macos/Productivity/top-free 4 app(s) found
[2026-09-17T08:53:00.186Z] [DEBUG] RSS ok: ch/macos/Utilities/top-free entries=100
[2026-09-17T08:53:10.191Z] [DEBUG] Hits: ch/macos/Utilities/top-free 2 app(s) found
[2026-09-17T08:53:10.983Z] [DEBUG] RSS ok: be/macos/Business/top-free entries=100
[2026-09-17T08:53:20.989Z] [DEBUG] Hits: be/macos/Business/top-free 3 app(s) found
[2026-09-17T08:53:21.826Z] [DEBUG] RSS ok: be/macos/Productivity/top-free entries=99
[2026-09-17T08:53:31.832Z] [DEBUG] Hits: be/macos/Productivity/top-free 5 app(s) found
[2026-09-17T08:53:32.748Z] [DEBUG] RSS ok: be/macos/Utilities/top-free entries=100
[2026-09-17T08:53:42.754Z] [DEBUG] Hits: be/macos/Utilities/top-free 1 app(s) found
[2026-09-17T08:53:43.541Z] [DEBUG] RSS ok: nl/macos/Business/top-free entries=100
[2026-09-17T08:53:53.548Z] [DEBUG] Hits: nl/macos/Business/top-free 2 app(s) found
[2026-09-17T08:53:54.374Z] [DEBUG] RSS ok: nl/macos/Productivity/top-free entries=99
[2026-09-17T08:54:04.380Z] [DEBUG] Hits: nl/macos/Productivity/top-free 5 app(s) found
[2026-09-17T08:54:05.145Z] [DEBUG] RSS ok: nl/macos/Utilities/top-free entries=100
[2026-09-17T08:54:15.150Z] [DEBUG] Hits: nl/macos/Utilities/top-free 3 app(s) found
[2026-09-17T08:54:15.808Z] [DEBUG] RSS ok: tw/macos/Business/top-free entries=100
[2026-09-17T08:54:25.814Z] [DEBUG] Hits: tw/macos/Business/top-free 3 app(s) found
[2026-09-17T08:54:25.814Z] [INFO] RSS progress: 40/60 (40 ok, 0 error, 119 points)
[2026-09-17T08:54:26.693Z] [DEBUG] RSS ok: tw/macos/Productivity/top-free entries=99
[2026-09-17T08:54:36.700Z] [DEBUG] Hits: tw/macos/Productivity/top-free 3 app(s) found
[2026-09-17T08:54:38.242Z] [DEBUG] RSS ok: tw/macos/Utilities/top-free entries=100
[2026-09-17T08:54:49.172Z] [DEBUG] RSS ok: hk/macos/Business/top-free entries=100
[2026-09-17T08:54:59.176Z] [DEBUG] Hits: hk/macos/Business/top-free 2 app(s) found
[2026-09-17T08:54:59.953Z] [DEBUG] RSS ok: hk/macos/Productivity/top-free entries=99
[2026-09-17T08:55:09.958Z] [DEBUG] Hits: hk/macos/Productivity/top-free 3 app(s) found
[2026-09-17T08:55:10.816Z] [DEBUG] RSS ok: hk/macos/Utilities/top-free entries=100
[2026-09-17T08:55:20.822Z] [DEBUG] Hits: hk/macos/Utilities/top-free 1 app(s) found
[2026-09-17T08:55:21.468Z] [DEBUG] RSS ok: nz/macos/Business/top-free entries=100
[2026-09-17T08:55:31.475Z] [DEBUG] Hits: nz/macos/Business/top-free 1 app(s) found
[2026-09-17T08:55:32.305Z] [DEBUG] RSS ok: nz/macos/Productivity/top-free entries=99
[2026-09-17T08:55:42.311Z] [DEBUG] Hits: nz/macos/Productivity/top-free 4 app(s) found
[2026-09-17T08:55:43.180Z] [DEBUG] RSS ok: nz/macos/Utilities/top-free entries=100
[2026-09-17T08:55:53.918Z] [DEBUG] RSS ok: sg/macos/Business/top-free entries=100
[2026-09-17T08:56:03.925Z] [DEBUG] Hits: sg/macos/Business/top-free 4 app(s) found
[2026-09-17T08:56:04.695Z] [DEBUG] RSS ok: sg/macos/Productivity/top-free entries=99
[2026-09-17T08:56:14.696Z] [DEBUG] Hits: sg/macos/Productivity/top-free 3 app(s) found
[2026-09-17T08:56:14.696Z] [INFO] RSS progress: 50/60 (50 ok, 0 error, 140 points)
[2026-09-17T08:56:15.464Z] [DEBUG] RSS ok: sg/macos/Utilities/top-free entries=100
[2026-09-17T08:56:25.471Z] [DEBUG] Hits: sg/macos/Utilities/top-free 2 app(s) found
[2026-09-17T08:56:26.276Z] [DEBUG] RSS ok: in/macos/Business/top-free entries=100
[2026-09-17T08:56:36.282Z] [DEBUG] Hits: in/macos/Business/top-free 3 app(s) found
[2026-09-17T08:56:36.971Z] [DEBUG] RSS ok: in/macos/Productivity/top-free entries=99
[2026-09-17T08:56:46.976Z] [DEBUG] Hits: in/macos/Productivity/top-free 2 app(s) found
[2026-09-17T08:56:47.678Z] [DEBUG] RSS ok: in/macos/Utilities/top-free entries=100
[2026-09-17T08:56:58.437Z] [DEBUG] RSS ok: za/macos/Business/top-free entries=99
[2026-09-17T08:57:08.442Z] [DEBUG] Hits: za/macos/Business/top-free 3 app(s) found
[2026-09-17T08:57:09.193Z] [DEBUG] RSS ok: za/macos/Productivity/top-free entries=99
[2026-09-17T08:57:19.199Z] [DEBUG] Hits: za/macos/Productivity/top-free 3 app(s) found
[2026-09-17T08:57:19.964Z] [DEBUG] RSS ok: za/macos/Utilities/top-free entries=100
[2026-09-17T08:57:29.966Z] [DEBUG] Hits: za/macos/Utilities/top-free 1 app(s) found
[2026-09-17T08:57:30.994Z] [DEBUG] RSS ok: br/macos/Business/top-free entries=100
[2026-09-17T08:57:41.000Z] [DEBUG] Hits: br/macos/Business/top-free 2 app(s) found
[2026-09-17T08:57:41.871Z] [DEBUG] RSS ok: br/macos/Productivity/top-free entries=99
[2026-09-17T08:57:51.877Z] [DEBUG] Hits: br/macos/Productivity/top-free 3 app(s) found
[2026-09-17T08:57:52.675Z] [DEBUG] RSS ok: br/macos/Utilities/top-free entries=100
[2026-09-17T08:58:02.680Z] [DEBUG] Hits: br/macos/Utilities/top-free 1 app(s) found
[2026-09-17T08:58:02.680Z] [INFO] RSS progress: 60/60 (60 ok, 0 error, 160 points)
[2026-09-17T08:58:02.681Z] [INFO] RSS fetch done: 60 ok, 0 error, 160 points
[2026-09-17T08:58:02.681Z] [INFO] Platform max returned: macos = 100
[2026-09-17T08:58:02.681Z] [INFO] RSS results: 60 ok, 0 error, 160 rank points
[2026-09-17T08:58:02.714Z] [INFO] Stored: 60 crawls, 160 points
[2026-09-17T08:58:02.732Z] [INFO] current.json written rows=23
[2026-09-17T08:58:02.733Z] [INFO] Current summary: on_chart=160, not_on_chart=300, depth_limited=0, crawl_error=0, total=460
[2026-09-17T08:58:02.733Z] [INFO] === Crawl complete === 649.0s
[2026-09-17T09:47:47.055Z] [INFO] === Crawl start === ts=2026-09-17T09:00:00Z
[2026-09-17T09:47:47.060Z] [INFO] App IDs to track: 23 our=4, competitors=19
[2026-09-17T09:47:47.059Z] [INFO] Config loaded apps=4, platforms=macos, categories=Business,Productivity,Utilities
[2026-09-17T09:47:47.061Z] [INFO] Lookup cached fetched_at=2026-09-17T00:47:17.168Z, 23 apps
[2026-09-17T09:47:47.062Z] [INFO] RSS requests: 60 countries=20, platforms=macos, categories=Business,Productivity,Utilities
[2026-09-17T09:47:47.062Z] [INFO] RSS fetch start: 60 requests, concurrency=1
[2026-09-17T09:47:47.701Z] [DEBUG] RSS ok: us/macos/Business/top-free entries=100
[2026-09-17T09:47:57.705Z] [DEBUG] Hits: us/macos/Business/top-free 4 app(s) found
[2026-09-17T09:47:58.395Z] [DEBUG] RSS ok: us/macos/Productivity/top-free entries=99
[2026-09-17T09:48:08.401Z] [DEBUG] Hits: us/macos/Productivity/top-free 6 app(s) found
[2026-09-17T09:48:09.005Z] [DEBUG] RSS ok: us/macos/Utilities/top-free entries=100
[2026-09-17T09:48:19.011Z] [DEBUG] Hits: us/macos/Utilities/top-free 1 app(s) found
[2026-09-17T09:48:19.625Z] [DEBUG] RSS ok: gb/macos/Business/top-free entries=100
[2026-09-17T09:48:29.632Z] [DEBUG] Hits: gb/macos/Business/top-free 4 app(s) found
[2026-09-17T09:48:30.433Z] [DEBUG] RSS ok: gb/macos/Productivity/top-free entries=99
[2026-09-17T09:48:40.440Z] [DEBUG] Hits: gb/macos/Productivity/top-free 4 app(s) found
[2026-09-17T09:48:41.166Z] [DEBUG] RSS ok: gb/macos/Utilities/top-free entries=100
[2026-09-17T09:48:51.172Z] [DEBUG] Hits: gb/macos/Utilities/top-free 3 app(s) found
[2026-09-17T09:48:51.949Z] [DEBUG] RSS ok: ca/macos/Business/top-free entries=100
[2026-09-17T09:49:01.952Z] [DEBUG] Hits: ca/macos/Business/top-free 5 app(s) found
[2026-09-17T09:49:02.610Z] [DEBUG] RSS ok: ca/macos/Productivity/top-free entries=99
[2026-09-17T09:49:12.616Z] [DEBUG] Hits: ca/macos/Productivity/top-free 4 app(s) found
[2026-09-17T09:49:13.275Z] [DEBUG] RSS ok: ca/macos/Utilities/top-free entries=100
[2026-09-17T09:49:24.085Z] [DEBUG] RSS ok: fr/macos/Business/top-free entries=98
[2026-09-17T09:49:34.090Z] [DEBUG] Hits: fr/macos/Business/top-free 3 app(s) found
[2026-09-17T09:49:34.090Z] [INFO] RSS progress: 10/60 (10 ok, 0 error, 34 points)
[2026-09-17T09:49:34.936Z] [DEBUG] RSS ok: fr/macos/Productivity/top-free entries=99
[2026-09-17T09:49:44.943Z] [DEBUG] Hits: fr/macos/Productivity/top-free 5 app(s) found
[2026-09-17T09:49:45.685Z] [DEBUG] RSS ok: fr/macos/Utilities/top-free entries=100
[2026-09-17T09:49:55.689Z] [DEBUG] Hits: fr/macos/Utilities/top-free 2 app(s) found
[2026-09-17T09:49:56.295Z] [DEBUG] RSS ok: de/macos/Business/top-free entries=99
[2026-09-17T09:50:06.302Z] [DEBUG] Hits: de/macos/Business/top-free 1 app(s) found
[2026-09-17T09:50:06.988Z] [DEBUG] RSS ok: de/macos/Productivity/top-free entries=99
[2026-09-17T09:50:16.994Z] [DEBUG] Hits: de/macos/Productivity/top-free 4 app(s) found
[2026-09-17T09:50:17.891Z] [DEBUG] RSS ok: de/macos/Utilities/top-free entries=100
[2026-09-17T09:50:27.897Z] [DEBUG] Hits: de/macos/Utilities/top-free 1 app(s) found
[2026-09-17T09:50:28.564Z] [DEBUG] RSS ok: jp/macos/Business/top-free entries=99
[2026-09-17T09:50:38.570Z] [DEBUG] Hits: jp/macos/Business/top-free 2 app(s) found
[2026-09-17T09:50:39.392Z] [DEBUG] RSS ok: jp/macos/Productivity/top-free entries=99
[2026-09-17T09:50:49.394Z] [DEBUG] Hits: jp/macos/Productivity/top-free 2 app(s) found
[2026-09-17T09:50:50.076Z] [DEBUG] RSS ok: jp/macos/Utilities/top-free entries=100
[2026-09-17T09:51:00.083Z] [DEBUG] Hits: jp/macos/Utilities/top-free 4 app(s) found
[2026-09-17T09:51:00.852Z] [DEBUG] RSS ok: au/macos/Business/top-free entries=100
[2026-09-17T09:51:10.858Z] [DEBUG] Hits: au/macos/Business/top-free 4 app(s) found
[2026-09-17T09:51:11.510Z] [DEBUG] RSS ok: au/macos/Productivity/top-free entries=99
[2026-09-17T09:51:21.516Z] [INFO] RSS progress: 20/60 (20 ok, 0 error, 63 points)
[2026-09-17T09:51:21.516Z] [DEBUG] Hits: au/macos/Productivity/top-free 4 app(s) found
[2026-09-17T09:51:22.217Z] [DEBUG] RSS ok: au/macos/Utilities/top-free entries=100
[2026-09-17T09:51:32.223Z] [DEBUG] Hits: au/macos/Utilities/top-free 1 app(s) found
[2026-09-17T09:51:33.007Z] [DEBUG] RSS ok: es/macos/Business/top-free entries=100
[2026-09-17T09:51:43.013Z] [DEBUG] Hits: es/macos/Business/top-free 3 app(s) found
[2026-09-17T09:51:43.878Z] [DEBUG] RSS ok: es/macos/Productivity/top-free entries=99
[2026-09-17T09:51:53.884Z] [DEBUG] Hits: es/macos/Productivity/top-free 5 app(s) found
[2026-09-17T09:51:54.585Z] [DEBUG] RSS ok: es/macos/Utilities/top-free entries=100
[2026-09-17T09:52:04.591Z] [DEBUG] Hits: es/macos/Utilities/top-free 1 app(s) found
[2026-09-17T09:52:05.275Z] [DEBUG] RSS ok: it/macos/Business/top-free entries=99
[2026-09-17T09:52:15.281Z] [DEBUG] Hits: it/macos/Business/top-free 2 app(s) found
[2026-09-17T09:52:16.032Z] [DEBUG] RSS ok: it/macos/Productivity/top-free entries=99
[2026-09-17T09:52:26.038Z] [DEBUG] Hits: it/macos/Productivity/top-free 4 app(s) found
[2026-09-17T09:52:26.647Z] [DEBUG] RSS ok: it/macos/Utilities/top-free entries=100
[2026-09-17T09:52:37.480Z] [DEBUG] RSS ok: pt/macos/Business/top-free entries=100
[2026-09-17T09:52:47.486Z] [DEBUG] Hits: pt/macos/Business/top-free 4 app(s) found
[2026-09-17T09:52:48.257Z] [DEBUG] RSS ok: pt/macos/Productivity/top-free entries=99
[2026-09-17T09:52:58.264Z] [DEBUG] Hits: pt/macos/Productivity/top-free 4 app(s) found
[2026-09-17T09:52:58.989Z] [DEBUG] RSS ok: pt/macos/Utilities/top-free entries=100
[2026-09-17T09:53:08.996Z] [INFO] RSS progress: 30/60 (30 ok, 0 error, 87 points)
[2026-09-17T09:53:09.746Z] [DEBUG] RSS ok: ch/macos/Business/top-free entries=100
[2026-09-17T09:53:19.752Z] [DEBUG] Hits: ch/macos/Business/top-free 4 app(s) found
[2026-09-17T09:53:20.432Z] [DEBUG] RSS ok: ch/macos/Productivity/top-free entries=99
[2026-09-17T09:53:30.434Z] [DEBUG] Hits: ch/macos/Productivity/top-free 4 app(s) found
[2026-09-17T09:53:31.077Z] [DEBUG] RSS ok: ch/macos/Utilities/top-free entries=100
[2026-09-17T09:53:41.083Z] [DEBUG] Hits: ch/macos/Utilities/top-free 2 app(s) found
[2026-09-17T09:53:41.903Z] [DEBUG] RSS ok: be/macos/Business/top-free entries=100
[2026-09-17T09:53:51.909Z] [DEBUG] Hits: be/macos/Business/top-free 3 app(s) found
[2026-09-17T09:53:52.704Z] [DEBUG] RSS ok: be/macos/Productivity/top-free entries=99
[2026-09-17T09:54:02.710Z] [DEBUG] Hits: be/macos/Productivity/top-free 5 app(s) found
[2026-09-17T09:54:03.499Z] [DEBUG] RSS ok: be/macos/Utilities/top-free entries=100
[2026-09-17T09:54:13.505Z] [DEBUG] Hits: be/macos/Utilities/top-free 1 app(s) found
[2026-09-17T09:54:14.150Z] [DEBUG] RSS ok: nl/macos/Business/top-free entries=100
[2026-09-17T09:54:24.156Z] [DEBUG] Hits: nl/macos/Business/top-free 2 app(s) found
[2026-09-17T09:54:25.222Z] [DEBUG] RSS ok: nl/macos/Productivity/top-free entries=99
[2026-09-17T09:54:35.228Z] [DEBUG] Hits: nl/macos/Productivity/top-free 5 app(s) found
[2026-09-17T09:54:35.898Z] [DEBUG] RSS ok: nl/macos/Utilities/top-free entries=100
[2026-09-17T09:54:45.904Z] [DEBUG] Hits: nl/macos/Utilities/top-free 3 app(s) found
[2026-09-17T09:54:46.669Z] [DEBUG] RSS ok: tw/macos/Business/top-free entries=100
[2026-09-17T09:54:56.675Z] [DEBUG] Hits: tw/macos/Business/top-free 3 app(s) found
[2026-09-17T09:54:56.675Z] [INFO] RSS progress: 40/60 (40 ok, 0 error, 119 points)
[2026-09-17T09:54:57.348Z] [DEBUG] RSS ok: tw/macos/Productivity/top-free entries=99
[2026-09-17T09:55:07.354Z] [DEBUG] Hits: tw/macos/Productivity/top-free 3 app(s) found
[2026-09-17T09:55:08.181Z] [DEBUG] RSS ok: tw/macos/Utilities/top-free entries=100
[2026-09-17T09:55:18.978Z] [DEBUG] RSS ok: hk/macos/Business/top-free entries=100
[2026-09-17T09:55:28.984Z] [DEBUG] Hits: hk/macos/Business/top-free 2 app(s) found
[2026-09-17T09:55:29.560Z] [DEBUG] RSS ok: hk/macos/Productivity/top-free entries=99
[2026-09-17T09:55:39.567Z] [DEBUG] Hits: hk/macos/Productivity/top-free 3 app(s) found
[2026-09-17T09:55:40.276Z] [DEBUG] RSS ok: hk/macos/Utilities/top-free entries=100
[2026-09-17T09:55:50.284Z] [DEBUG] Hits: hk/macos/Utilities/top-free 1 app(s) found
[2026-09-17T09:55:50.908Z] [DEBUG] RSS ok: nz/macos/Business/top-free entries=100
[2026-09-17T09:56:00.914Z] [DEBUG] Hits: nz/macos/Business/top-free 1 app(s) found
[2026-09-17T09:56:01.572Z] [DEBUG] RSS ok: nz/macos/Productivity/top-free entries=99
[2026-09-17T09:56:11.578Z] [DEBUG] Hits: nz/macos/Productivity/top-free 4 app(s) found
[2026-09-17T09:56:12.720Z] [DEBUG] RSS ok: nz/macos/Utilities/top-free entries=100
[2026-09-17T09:56:23.490Z] [DEBUG] RSS ok: sg/macos/Business/top-free entries=100
[2026-09-17T09:56:33.496Z] [DEBUG] Hits: sg/macos/Business/top-free 4 app(s) found
[2026-09-17T09:56:34.365Z] [DEBUG] RSS ok: sg/macos/Productivity/top-free entries=99
[2026-09-17T09:56:44.367Z] [INFO] RSS progress: 50/60 (50 ok, 0 error, 140 points)
[2026-09-17T09:56:44.367Z] [DEBUG] Hits: sg/macos/Productivity/top-free 3 app(s) found
[2026-09-17T09:56:45.103Z] [DEBUG] RSS ok: sg/macos/Utilities/top-free entries=100
[2026-09-17T09:56:55.109Z] [DEBUG] Hits: sg/macos/Utilities/top-free 2 app(s) found
[2026-09-17T09:56:55.931Z] [DEBUG] RSS ok: in/macos/Business/top-free entries=100
[2026-09-17T09:57:05.938Z] [DEBUG] Hits: in/macos/Business/top-free 3 app(s) found
[2026-09-17T09:57:06.673Z] [DEBUG] RSS ok: in/macos/Productivity/top-free entries=99
[2026-09-17T09:57:16.679Z] [DEBUG] Hits: in/macos/Productivity/top-free 2 app(s) found
[2026-09-17T09:57:17.454Z] [DEBUG] RSS ok: in/macos/Utilities/top-free entries=100
[2026-09-17T09:57:28.268Z] [DEBUG] RSS ok: za/macos/Business/top-free entries=99
[2026-09-17T09:57:38.275Z] [DEBUG] Hits: za/macos/Business/top-free 3 app(s) found
[2026-09-17T09:57:39.081Z] [DEBUG] RSS ok: za/macos/Productivity/top-free entries=99
[2026-09-17T09:57:49.082Z] [DEBUG] Hits: za/macos/Productivity/top-free 3 app(s) found
[2026-09-17T09:57:49.830Z] [DEBUG] RSS ok: za/macos/Utilities/top-free entries=100
[2026-09-17T09:57:59.836Z] [DEBUG] Hits: za/macos/Utilities/top-free 1 app(s) found
[2026-09-17T09:58:00.606Z] [DEBUG] RSS ok: br/macos/Business/top-free entries=100
[2026-09-17T09:58:10.612Z] [DEBUG] Hits: br/macos/Business/top-free 2 app(s) found
[2026-09-17T09:58:11.472Z] [DEBUG] RSS ok: br/macos/Productivity/top-free entries=99
[2026-09-17T09:58:21.479Z] [DEBUG] Hits: br/macos/Productivity/top-free 3 app(s) found
[2026-09-17T09:58:22.213Z] [DEBUG] RSS ok: br/macos/Utilities/top-free entries=100
[2026-09-17T09:58:32.220Z] [DEBUG] Hits: br/macos/Utilities/top-free 1 app(s) found
[2026-09-17T09:58:32.220Z] [INFO] RSS progress: 60/60 (60 ok, 0 error, 160 points)
[2026-09-17T09:58:32.220Z] [INFO] RSS fetch done: 60 ok, 0 error, 160 points
[2026-09-17T09:58:32.220Z] [INFO] Platform max returned: macos = 100
[2026-09-17T09:58:32.221Z] [INFO] RSS results: 60 ok, 0 error, 160 rank points
[2026-09-17T09:58:32.264Z] [INFO] Stored: 60 crawls, 160 points
[2026-09-17T09:58:32.292Z] [INFO] current.json written rows=23
[2026-09-17T09:58:32.293Z] [INFO] Current summary: on_chart=160, not_on_chart=300, depth_limited=0, crawl_error=0, total=460
[2026-09-17T09:58:32.294Z] [INFO] === Crawl complete === 645.2s
[2026-09-17T10:47:14.836Z] [INFO] === Crawl start === ts=2026-09-17T10:00:00Z
[2026-09-17T10:47:14.839Z] [INFO] Config loaded apps=4, platforms=macos, categories=Business,Productivity,Utilities
[2026-09-17T10:47:14.839Z] [INFO] App IDs to track: 23 our=4, competitors=19
[2026-09-17T10:47:14.840Z] [INFO] Lookup cached fetched_at=2026-09-17T00:47:17.168Z, 23 apps
[2026-09-17T10:47:14.840Z] [INFO] RSS requests: 60 countries=20, platforms=macos, categories=Business,Productivity,Utilities
[2026-09-17T10:47:14.841Z] [INFO] RSS fetch start: 60 requests, concurrency=1
[2026-09-17T10:47:16.253Z] [DEBUG] RSS ok: us/macos/Business/top-free entries=100
[2026-09-17T10:47:26.256Z] [DEBUG] Hits: us/macos/Business/top-free 4 app(s) found
[2026-09-17T10:47:27.063Z] [DEBUG] RSS ok: us/macos/Productivity/top-free entries=99
[2026-09-17T10:47:37.070Z] [DEBUG] Hits: us/macos/Productivity/top-free 6 app(s) found
[2026-09-17T10:47:38.082Z] [DEBUG] RSS ok: us/macos/Utilities/top-free entries=100
[2026-09-17T10:47:48.089Z] [DEBUG] Hits: us/macos/Utilities/top-free 1 app(s) found
[2026-09-17T10:47:48.927Z] [DEBUG] RSS ok: gb/macos/Business/top-free entries=100
[2026-09-17T10:47:58.933Z] [DEBUG] Hits: gb/macos/Business/top-free 4 app(s) found
[2026-09-17T10:47:59.766Z] [DEBUG] RSS ok: gb/macos/Productivity/top-free entries=99
[2026-09-17T10:48:09.766Z] [DEBUG] Hits: gb/macos/Productivity/top-free 4 app(s) found
[2026-09-17T10:48:10.621Z] [DEBUG] RSS ok: gb/macos/Utilities/top-free entries=100
[2026-09-17T10:48:20.627Z] [DEBUG] Hits: gb/macos/Utilities/top-free 3 app(s) found
[2026-09-17T10:48:21.509Z] [DEBUG] RSS ok: ca/macos/Business/top-free entries=100
[2026-09-17T10:48:31.514Z] [DEBUG] Hits: ca/macos/Business/top-free 5 app(s) found
[2026-09-17T10:48:32.271Z] [DEBUG] RSS ok: ca/macos/Productivity/top-free entries=99
[2026-09-17T10:48:42.277Z] [DEBUG] Hits: ca/macos/Productivity/top-free 4 app(s) found
[2026-09-17T10:48:43.120Z] [DEBUG] RSS ok: ca/macos/Utilities/top-free entries=100
[2026-09-17T10:48:54.062Z] [DEBUG] RSS ok: fr/macos/Business/top-free entries=99
[2026-09-17T10:49:04.069Z] [DEBUG] Hits: fr/macos/Business/top-free 3 app(s) found
[2026-09-17T10:49:04.069Z] [INFO] RSS progress: 10/60 (10 ok, 0 error, 34 points)
[2026-09-17T10:49:05.300Z] [DEBUG] RSS ok: fr/macos/Productivity/top-free entries=99
[2026-09-17T10:49:15.307Z] [DEBUG] Hits: fr/macos/Productivity/top-free 4 app(s) found
[2026-09-17T10:49:16.119Z] [DEBUG] RSS ok: fr/macos/Utilities/top-free entries=100
[2026-09-17T10:49:26.125Z] [DEBUG] Hits: fr/macos/Utilities/top-free 2 app(s) found
[2026-09-17T10:49:27.138Z] [DEBUG] RSS ok: de/macos/Business/top-free entries=99
[2026-09-17T10:49:38.016Z] [DEBUG] RSS ok: de/macos/Productivity/top-free entries=99
[2026-09-17T10:49:48.022Z] [DEBUG] Hits: de/macos/Productivity/top-free 4 app(s) found
[2026-09-17T10:49:48.853Z] [DEBUG] RSS ok: de/macos/Utilities/top-free entries=100
[2026-09-17T10:49:58.860Z] [DEBUG] Hits: de/macos/Utilities/top-free 2 app(s) found
[2026-09-17T10:49:59.695Z] [DEBUG] RSS ok: jp/macos/Business/top-free entries=100
[2026-09-17T10:50:09.701Z] [DEBUG] Hits: jp/macos/Business/top-free 2 app(s) found
[2026-09-17T10:50:10.599Z] [DEBUG] RSS ok: jp/macos/Productivity/top-free entries=99
[2026-09-17T10:50:20.606Z] [DEBUG] Hits: jp/macos/Productivity/top-free 3 app(s) found
[2026-09-17T10:50:21.364Z] [DEBUG] RSS ok: jp/macos/Utilities/top-free entries=100
[2026-09-17T10:50:31.371Z] [DEBUG] Hits: jp/macos/Utilities/top-free 4 app(s) found
[2026-09-17T10:50:32.176Z] [DEBUG] RSS ok: au/macos/Business/top-free entries=100
[2026-09-17T10:50:42.182Z] [DEBUG] Hits: au/macos/Business/top-free 4 app(s) found
[2026-09-17T10:50:42.967Z] [DEBUG] RSS ok: au/macos/Productivity/top-free entries=99
[2026-09-17T10:50:52.975Z] [DEBUG] Hits: au/macos/Productivity/top-free 4 app(s) found
[2026-09-17T10:50:52.975Z] [INFO] RSS progress: 20/60 (20 ok, 0 error, 63 points)
[2026-09-17T10:50:53.994Z] [DEBUG] RSS ok: au/macos/Utilities/top-free entries=100
[2026-09-17T10:51:04.001Z] [DEBUG] Hits: au/macos/Utilities/top-free 2 app(s) found
[2026-09-17T10:51:04.849Z] [DEBUG] RSS ok: es/macos/Business/top-free entries=100
[2026-09-17T10:51:14.856Z] [DEBUG] Hits: es/macos/Business/top-free 3 app(s) found
[2026-09-17T10:51:15.780Z] [DEBUG] RSS ok: es/macos/Productivity/top-free entries=99
[2026-09-17T10:51:25.781Z] [DEBUG] Hits: es/macos/Productivity/top-free 5 app(s) found
[2026-09-17T10:51:26.759Z] [DEBUG] RSS ok: es/macos/Utilities/top-free entries=100
[2026-09-17T10:51:36.765Z] [DEBUG] Hits: es/macos/Utilities/top-free 1 app(s) found
[2026-09-17T10:51:37.588Z] [DEBUG] RSS ok: it/macos/Business/top-free entries=99
[2026-09-17T10:51:47.595Z] [DEBUG] Hits: it/macos/Business/top-free 2 app(s) found
[2026-09-17T10:51:48.526Z] [DEBUG] RSS ok: it/macos/Productivity/top-free entries=99
[2026-09-17T10:51:58.532Z] [DEBUG] Hits: it/macos/Productivity/top-free 4 app(s) found
[2026-09-17T10:51:59.401Z] [DEBUG] RSS ok: it/macos/Utilities/top-free entries=100
[2026-09-17T10:52:09.407Z] [DEBUG] Hits: it/macos/Utilities/top-free 1 app(s) found
[2026-09-17T10:52:10.268Z] [DEBUG] RSS ok: pt/macos/Business/top-free entries=100
[2026-09-17T10:52:20.273Z] [DEBUG] Hits: pt/macos/Business/top-free 4 app(s) found
[2026-09-17T10:52:21.188Z] [DEBUG] RSS ok: pt/macos/Productivity/top-free entries=99
[2026-09-17T10:52:31.194Z] [DEBUG] Hits: pt/macos/Productivity/top-free 4 app(s) found
[2026-09-17T10:52:32.064Z] [DEBUG] RSS ok: pt/macos/Utilities/top-free entries=100
[2026-09-17T10:52:42.071Z] [DEBUG] Hits: pt/macos/Utilities/top-free 2 app(s) found
[2026-09-17T10:52:42.071Z] [INFO] RSS progress: 30/60 (30 ok, 0 error, 91 points)
[2026-09-17T10:52:43.045Z] [DEBUG] RSS ok: ch/macos/Business/top-free entries=100
[2026-09-17T10:52:53.051Z] [DEBUG] Hits: ch/macos/Business/top-free 4 app(s) found
[2026-09-17T10:52:54.008Z] [DEBUG] RSS ok: ch/macos/Productivity/top-free entries=99
[2026-09-17T10:53:04.010Z] [DEBUG] Hits: ch/macos/Productivity/top-free 4 app(s) found
[2026-09-17T10:53:04.867Z] [DEBUG] RSS ok: ch/macos/Utilities/top-free entries=100
[2026-09-17T10:53:14.873Z] [DEBUG] Hits: ch/macos/Utilities/top-free 1 app(s) found
[2026-09-17T10:53:15.827Z] [DEBUG] RSS ok: be/macos/Business/top-free entries=100
[2026-09-17T10:53:25.833Z] [DEBUG] Hits: be/macos/Business/top-free 3 app(s) found
[2026-09-17T10:53:27.175Z] [DEBUG] RSS ok: be/macos/Productivity/top-free entries=99
[2026-09-17T10:53:37.181Z] [DEBUG] Hits: be/macos/Productivity/top-free 4 app(s) found
[2026-09-17T10:53:38.044Z] [DEBUG] RSS ok: be/macos/Utilities/top-free entries=100
[2026-09-17T10:53:48.045Z] [DEBUG] Hits: be/macos/Utilities/top-free 2 app(s) found
[2026-09-17T10:53:48.846Z] [DEBUG] RSS ok: nl/macos/Business/top-free entries=100
[2026-09-17T10:53:58.853Z] [DEBUG] Hits: nl/macos/Business/top-free 3 app(s) found
[2026-09-17T10:53:59.612Z] [DEBUG] RSS ok: nl/macos/Productivity/top-free entries=99
[2026-09-17T10:54:09.619Z] [DEBUG] Hits: nl/macos/Productivity/top-free 5 app(s) found
[2026-09-17T10:54:10.475Z] [DEBUG] RSS ok: nl/macos/Utilities/top-free entries=100
[2026-09-17T10:54:20.481Z] [DEBUG] Hits: nl/macos/Utilities/top-free 1 app(s) found
[2026-09-17T10:54:21.144Z] [DEBUG] RSS ok: tw/macos/Business/top-free entries=100
[2026-09-17T10:54:31.150Z] [DEBUG] Hits: tw/macos/Business/top-free 3 app(s) found
[2026-09-17T10:54:31.150Z] [INFO] RSS progress: 40/60 (40 ok, 0 error, 121 points)
[2026-09-17T10:54:32.043Z] [DEBUG] RSS ok: tw/macos/Productivity/top-free entries=99
[2026-09-17T10:54:42.049Z] [DEBUG] Hits: tw/macos/Productivity/top-free 3 app(s) found
[2026-09-17T10:54:42.853Z] [DEBUG] RSS ok: tw/macos/Utilities/top-free entries=100
[2026-09-17T10:54:53.879Z] [DEBUG] RSS ok: hk/macos/Business/top-free entries=100
[2026-09-17T10:55:03.886Z] [DEBUG] Hits: hk/macos/Business/top-free 2 app(s) found
[2026-09-17T10:55:04.776Z] [DEBUG] RSS ok: hk/macos/Productivity/top-free entries=99
[2026-09-17T10:55:14.782Z] [DEBUG] Hits: hk/macos/Productivity/top-free 4 app(s) found
[2026-09-17T10:55:15.634Z] [DEBUG] RSS ok: hk/macos/Utilities/top-free entries=100
[2026-09-17T10:55:25.640Z] [DEBUG] Hits: hk/macos/Utilities/top-free 1 app(s) found
[2026-09-17T10:55:26.360Z] [DEBUG] RSS ok: nz/macos/Business/top-free entries=100
[2026-09-17T10:55:36.366Z] [DEBUG] Hits: nz/macos/Business/top-free 3 app(s) found
[2026-09-17T10:55:37.283Z] [DEBUG] RSS ok: nz/macos/Productivity/top-free entries=99
[2026-09-17T10:55:47.289Z] [DEBUG] Hits: nz/macos/Productivity/top-free 4 app(s) found
[2026-09-17T10:55:48.191Z] [DEBUG] RSS ok: nz/macos/Utilities/top-free entries=100
[2026-09-17T10:55:59.021Z] [DEBUG] RSS ok: sg/macos/Business/top-free entries=100
[2026-09-17T10:56:09.027Z] [DEBUG] Hits: sg/macos/Business/top-free 4 app(s) found
[2026-09-17T10:56:09.864Z] [DEBUG] RSS ok: sg/macos/Productivity/top-free entries=99
[2026-09-17T10:56:19.871Z] [DEBUG] Hits: sg/macos/Productivity/top-free 3 app(s) found
[2026-09-17T10:56:19.871Z] [INFO] RSS progress: 50/60 (50 ok, 0 error, 145 points)
[2026-09-17T10:56:20.807Z] [DEBUG] RSS ok: sg/macos/Utilities/top-free entries=100
[2026-09-17T10:56:30.813Z] [DEBUG] Hits: sg/macos/Utilities/top-free 2 app(s) found
[2026-09-17T10:56:31.766Z] [DEBUG] RSS ok: in/macos/Business/top-free entries=100
[2026-09-17T10:56:41.773Z] [DEBUG] Hits: in/macos/Business/top-free 3 app(s) found
[2026-09-17T10:56:42.609Z] [DEBUG] RSS ok: in/macos/Productivity/top-free entries=99
[2026-09-17T10:56:52.617Z] [DEBUG] Hits: in/macos/Productivity/top-free 2 app(s) found
[2026-09-17T10:56:53.497Z] [DEBUG] RSS ok: in/macos/Utilities/top-free entries=100
[2026-09-17T10:57:04.415Z] [DEBUG] RSS ok: za/macos/Business/top-free entries=99
[2026-09-17T10:57:14.421Z] [DEBUG] Hits: za/macos/Business/top-free 3 app(s) found
[2026-09-17T10:57:15.202Z] [DEBUG] RSS ok: za/macos/Productivity/top-free entries=99
[2026-09-17T10:57:25.208Z] [DEBUG] Hits: za/macos/Productivity/top-free 2 app(s) found
[2026-09-17T10:57:26.024Z] [DEBUG] RSS ok: za/macos/Utilities/top-free entries=100
[2026-09-17T10:57:36.031Z] [DEBUG] Hits: za/macos/Utilities/top-free 3 app(s) found
[2026-09-17T10:57:36.878Z] [DEBUG] RSS ok: br/macos/Business/top-free entries=100
[2026-09-17T10:57:46.884Z] [DEBUG] Hits: br/macos/Business/top-free 2 app(s) found
[2026-09-17T10:57:47.826Z] [DEBUG] RSS ok: br/macos/Productivity/top-free entries=99
[2026-09-17T10:57:57.830Z] [DEBUG] Hits: br/macos/Productivity/top-free 3 app(s) found
[2026-09-17T10:57:58.699Z] [DEBUG] RSS ok: br/macos/Utilities/top-free entries=100
[2026-09-17T10:58:08.706Z] [DEBUG] Hits: br/macos/Utilities/top-free 1 app(s) found
[2026-09-17T10:58:08.706Z] [INFO] RSS progress: 60/60 (60 ok, 0 error, 166 points)
[2026-09-17T10:58:08.707Z] [INFO] RSS fetch done: 60 ok, 0 error, 166 points
[2026-09-17T10:58:08.707Z] [INFO] Platform max returned: macos = 100
[2026-09-17T10:58:08.707Z] [INFO] RSS results: 60 ok, 0 error, 166 rank points
[2026-09-17T10:58:08.728Z] [INFO] Stored: 60 crawls, 166 points
[2026-09-17T10:58:08.749Z] [INFO] current.json written rows=23
[2026-09-17T10:58:08.750Z] [INFO] === Crawl complete === 653.9s
[2026-09-17T10:58:08.749Z] [INFO] Current summary: on_chart=166, not_on_chart=294, depth_limited=0, crawl_error=0, total=460
[2026-09-17T11:47:13.047Z] [INFO] === Crawl start === ts=2026-09-17T11:00:00Z
[2026-09-17T11:47:13.051Z] [INFO] Config loaded apps=4, platforms=macos, categories=Business,Productivity,Utilities
[2026-09-17T11:47:13.051Z] [INFO] App IDs to track: 23 our=4, competitors=19
[2026-09-17T11:47:13.053Z] [INFO] Lookup cached fetched_at=2026-09-17T00:47:17.168Z, 23 apps
[2026-09-17T11:47:13.053Z] [INFO] RSS requests: 60 countries=20, platforms=macos, categories=Business,Productivity,Utilities
[2026-09-17T11:47:13.054Z] [INFO] RSS fetch start: 60 requests, concurrency=1
[2026-09-17T11:47:14.364Z] [DEBUG] RSS ok: us/macos/Business/top-free entries=100
[2026-09-17T11:47:24.368Z] [DEBUG] Hits: us/macos/Business/top-free 4 app(s) found
[2026-09-17T11:47:25.046Z] [DEBUG] RSS ok: us/macos/Productivity/top-free entries=99
[2026-09-17T11:47:35.052Z] [DEBUG] Hits: us/macos/Productivity/top-free 6 app(s) found
[2026-09-17T11:47:35.760Z] [DEBUG] RSS ok: us/macos/Utilities/top-free entries=100
[2026-09-17T11:47:45.766Z] [DEBUG] Hits: us/macos/Utilities/top-free 1 app(s) found
[2026-09-17T11:47:46.424Z] [DEBUG] RSS ok: gb/macos/Business/top-free entries=100
[2026-09-17T11:47:56.431Z] [DEBUG] Hits: gb/macos/Business/top-free 4 app(s) found
[2026-09-17T11:47:57.099Z] [DEBUG] RSS ok: gb/macos/Productivity/top-free entries=99
[2026-09-17T11:48:07.104Z] [DEBUG] Hits: gb/macos/Productivity/top-free 4 app(s) found
[2026-09-17T11:48:08.023Z] [DEBUG] RSS ok: gb/macos/Utilities/top-free entries=100
[2026-09-17T11:48:18.028Z] [DEBUG] Hits: gb/macos/Utilities/top-free 3 app(s) found
[2026-09-17T11:48:18.714Z] [DEBUG] RSS ok: ca/macos/Business/top-free entries=100
[2026-09-17T11:48:28.715Z] [DEBUG] Hits: ca/macos/Business/top-free 5 app(s) found
[2026-09-17T11:48:29.970Z] [DEBUG] RSS ok: ca/macos/Productivity/top-free entries=99
[2026-09-17T11:48:39.976Z] [DEBUG] Hits: ca/macos/Productivity/top-free 4 app(s) found
[2026-09-17T11:48:40.770Z] [DEBUG] RSS ok: ca/macos/Utilities/top-free entries=100
[2026-09-17T11:48:51.501Z] [DEBUG] RSS ok: fr/macos/Business/top-free entries=99
[2026-09-17T11:49:01.507Z] [DEBUG] Hits: fr/macos/Business/top-free 3 app(s) found
[2026-09-17T11:49:01.508Z] [INFO] RSS progress: 10/60 (10 ok, 0 error, 34 points)
[2026-09-17T11:49:02.276Z] [DEBUG] RSS ok: fr/macos/Productivity/top-free entries=99
[2026-09-17T11:49:12.282Z] [DEBUG] Hits: fr/macos/Productivity/top-free 4 app(s) found
[2026-09-17T11:49:13.038Z] [DEBUG] RSS ok: fr/macos/Utilities/top-free entries=100
[2026-09-17T11:49:23.044Z] [DEBUG] Hits: fr/macos/Utilities/top-free 2 app(s) found
[2026-09-17T11:49:24.017Z] [DEBUG] RSS ok: de/macos/Business/top-free entries=99
[2026-09-17T11:49:34.604Z] [DEBUG] RSS ok: de/macos/Productivity/top-free entries=99
[2026-09-17T11:49:44.611Z] [DEBUG] Hits: de/macos/Productivity/top-free 4 app(s) found
[2026-09-17T11:49:45.338Z] [DEBUG] RSS ok: de/macos/Utilities/top-free entries=100
[2026-09-17T11:49:55.344Z] [DEBUG] Hits: de/macos/Utilities/top-free 2 app(s) found
[2026-09-17T11:49:56.242Z] [DEBUG] RSS ok: jp/macos/Business/top-free entries=100
[2026-09-17T11:50:06.248Z] [DEBUG] Hits: jp/macos/Business/top-free 2 app(s) found
[2026-09-17T11:50:06.878Z] [DEBUG] RSS ok: jp/macos/Productivity/top-free entries=99
[2026-09-17T11:50:16.885Z] [DEBUG] Hits: jp/macos/Productivity/top-free 3 app(s) found
[2026-09-17T11:50:17.511Z] [DEBUG] RSS ok: jp/macos/Utilities/top-free entries=100
[2026-09-17T11:50:27.518Z] [DEBUG] Hits: jp/macos/Utilities/top-free 4 app(s) found
[2026-09-17T11:50:28.300Z] [DEBUG] RSS ok: au/macos/Business/top-free entries=100
[2026-09-17T11:50:38.304Z] [DEBUG] Hits: au/macos/Business/top-free 4 app(s) found
[2026-09-17T11:50:38.933Z] [DEBUG] RSS ok: au/macos/Productivity/top-free entries=99
[2026-09-17T11:50:48.939Z] [DEBUG] Hits: au/macos/Productivity/top-free 4 app(s) found
[2026-09-17T11:50:48.939Z] [INFO] RSS progress: 20/60 (20 ok, 0 error, 63 points)
[2026-09-17T11:50:49.602Z] [DEBUG] RSS ok: au/macos/Utilities/top-free entries=100
[2026-09-17T11:50:59.609Z] [DEBUG] Hits: au/macos/Utilities/top-free 2 app(s) found
[2026-09-17T11:51:00.334Z] [DEBUG] RSS ok: es/macos/Business/top-free entries=100
[2026-09-17T11:51:10.340Z] [DEBUG] Hits: es/macos/Business/top-free 3 app(s) found
[2026-09-17T11:51:11.218Z] [DEBUG] RSS ok: es/macos/Productivity/top-free entries=99
[2026-09-17T11:51:21.224Z] [DEBUG] Hits: es/macos/Productivity/top-free 5 app(s) found
[2026-09-17T11:51:21.962Z] [DEBUG] RSS ok: es/macos/Utilities/top-free entries=100
[2026-09-17T11:51:31.969Z] [DEBUG] Hits: es/macos/Utilities/top-free 1 app(s) found
[2026-09-17T11:51:32.639Z] [DEBUG] RSS ok: it/macos/Business/top-free entries=99
[2026-09-17T11:51:42.646Z] [DEBUG] Hits: it/macos/Business/top-free 2 app(s) found
[2026-09-17T11:51:43.295Z] [DEBUG] RSS ok: it/macos/Productivity/top-free entries=99
[2026-09-17T11:51:53.300Z] [DEBUG] Hits: it/macos/Productivity/top-free 4 app(s) found
[2026-09-17T11:51:54.018Z] [DEBUG] RSS ok: it/macos/Utilities/top-free entries=100
[2026-09-17T11:52:04.025Z] [DEBUG] Hits: it/macos/Utilities/top-free 1 app(s) found
[2026-09-17T11:52:04.953Z] [DEBUG] RSS ok: pt/macos/Business/top-free entries=100
[2026-09-17T11:52:14.959Z] [DEBUG] Hits: pt/macos/Business/top-free 4 app(s) found
[2026-09-17T11:52:15.601Z] [DEBUG] RSS ok: pt/macos/Productivity/top-free entries=99
[2026-09-17T11:52:25.607Z] [DEBUG] Hits: pt/macos/Productivity/top-free 4 app(s) found
[2026-09-17T11:52:26.471Z] [DEBUG] RSS ok: pt/macos/Utilities/top-free entries=100
[2026-09-17T11:52:36.477Z] [DEBUG] Hits: pt/macos/Utilities/top-free 2 app(s) found
[2026-09-17T11:52:36.477Z] [INFO] RSS progress: 30/60 (30 ok, 0 error, 91 points)
[2026-09-17T11:52:37.275Z] [DEBUG] RSS ok: ch/macos/Business/top-free entries=100
[2026-09-17T11:52:47.281Z] [DEBUG] Hits: ch/macos/Business/top-free 4 app(s) found
[2026-09-17T11:52:48.081Z] [DEBUG] RSS ok: ch/macos/Productivity/top-free entries=99
[2026-09-17T11:52:58.087Z] [DEBUG] Hits: ch/macos/Productivity/top-free 4 app(s) found
[2026-09-17T11:52:58.809Z] [DEBUG] RSS ok: ch/macos/Utilities/top-free entries=100
[2026-09-17T11:53:08.815Z] [DEBUG] Hits: ch/macos/Utilities/top-free 1 app(s) found
[2026-09-17T11:53:09.511Z] [DEBUG] RSS ok: be/macos/Business/top-free entries=100
[2026-09-17T11:53:19.515Z] [DEBUG] Hits: be/macos/Business/top-free 3 app(s) found
[2026-09-17T11:53:20.107Z] [DEBUG] RSS ok: be/macos/Productivity/top-free entries=99
[2026-09-17T11:53:30.114Z] [DEBUG] Hits: be/macos/Productivity/top-free 4 app(s) found
[2026-09-17T11:53:31.126Z] [DEBUG] RSS ok: be/macos/Utilities/top-free entries=100
[2026-09-17T11:53:41.132Z] [DEBUG] Hits: be/macos/Utilities/top-free 2 app(s) found
[2026-09-17T11:53:41.813Z] [DEBUG] RSS ok: nl/macos/Business/top-free entries=100
[2026-09-17T11:53:51.819Z] [DEBUG] Hits: nl/macos/Business/top-free 3 app(s) found
[2026-09-17T11:53:52.544Z] [DEBUG] RSS ok: nl/macos/Productivity/top-free entries=99
[2026-09-17T11:54:02.551Z] [DEBUG] Hits: nl/macos/Productivity/top-free 5 app(s) found
[2026-09-17T11:54:03.266Z] [DEBUG] RSS ok: nl/macos/Utilities/top-free entries=100
[2026-09-17T11:54:13.273Z] [DEBUG] Hits: nl/macos/Utilities/top-free 1 app(s) found
[2026-09-17T11:54:14.099Z] [DEBUG] RSS ok: tw/macos/Business/top-free entries=100
[2026-09-17T11:54:24.105Z] [INFO] RSS progress: 40/60 (40 ok, 0 error, 121 points)
[2026-09-17T11:54:24.105Z] [DEBUG] Hits: tw/macos/Business/top-free 3 app(s) found
[2026-09-17T11:54:24.847Z] [DEBUG] RSS ok: tw/macos/Productivity/top-free entries=99
[2026-09-17T11:54:34.853Z] [DEBUG] Hits: tw/macos/Productivity/top-free 3 app(s) found
[2026-09-17T11:54:35.652Z] [DEBUG] RSS ok: tw/macos/Utilities/top-free entries=100
[2026-09-17T11:54:46.405Z] [DEBUG] RSS ok: hk/macos/Business/top-free entries=100
[2026-09-17T11:54:56.410Z] [DEBUG] Hits: hk/macos/Business/top-free 2 app(s) found
[2026-09-17T11:54:57.151Z] [DEBUG] RSS ok: hk/macos/Productivity/top-free entries=99
[2026-09-17T11:55:07.158Z] [DEBUG] Hits: hk/macos/Productivity/top-free 4 app(s) found
[2026-09-17T11:55:07.825Z] [DEBUG] RSS ok: hk/macos/Utilities/top-free entries=100
[2026-09-17T11:55:17.831Z] [DEBUG] Hits: hk/macos/Utilities/top-free 1 app(s) found
[2026-09-17T11:55:18.468Z] [DEBUG] RSS ok: nz/macos/Business/top-free entries=100
[2026-09-17T11:55:28.472Z] [DEBUG] Hits: nz/macos/Business/top-free 3 app(s) found
[2026-09-17T11:55:29.251Z] [DEBUG] RSS ok: nz/macos/Productivity/top-free entries=99
[2026-09-17T11:55:39.258Z] [DEBUG] Hits: nz/macos/Productivity/top-free 4 app(s) found
[2026-09-17T11:55:40.124Z] [DEBUG] RSS ok: nz/macos/Utilities/top-free entries=100
[2026-09-17T11:55:50.761Z] [DEBUG] RSS ok: sg/macos/Business/top-free entries=100
[2026-09-17T11:56:00.767Z] [DEBUG] Hits: sg/macos/Business/top-free 4 app(s) found
[2026-09-17T11:56:01.613Z] [DEBUG] RSS ok: sg/macos/Productivity/top-free entries=99
[2026-09-17T11:56:11.619Z] [DEBUG] Hits: sg/macos/Productivity/top-free 3 app(s) found
[2026-09-17T11:56:11.619Z] [INFO] RSS progress: 50/60 (50 ok, 0 error, 145 points)
[2026-09-17T11:56:12.372Z] [DEBUG] RSS ok: sg/macos/Utilities/top-free entries=100
[2026-09-17T11:56:22.378Z] [DEBUG] Hits: sg/macos/Utilities/top-free 2 app(s) found
[2026-09-17T11:56:23.047Z] [DEBUG] RSS ok: in/macos/Business/top-free entries=100
[2026-09-17T11:56:33.053Z] [DEBUG] Hits: in/macos/Business/top-free 3 app(s) found
[2026-09-17T11:56:33.793Z] [DEBUG] RSS ok: in/macos/Productivity/top-free entries=99
[2026-09-17T11:56:43.794Z] [DEBUG] Hits: in/macos/Productivity/top-free 2 app(s) found
[2026-09-17T11:56:44.420Z] [DEBUG] RSS ok: in/macos/Utilities/top-free entries=100
[2026-09-17T11:56:55.109Z] [DEBUG] RSS ok: za/macos/Business/top-free entries=99
[2026-09-17T11:57:05.112Z] [DEBUG] Hits: za/macos/Business/top-free 3 app(s) found
[2026-09-17T11:57:05.718Z] [DEBUG] RSS ok: za/macos/Productivity/top-free entries=99
[2026-09-17T11:57:15.724Z] [DEBUG] Hits: za/macos/Productivity/top-free 2 app(s) found
[2026-09-17T11:57:16.399Z] [DEBUG] RSS ok: za/macos/Utilities/top-free entries=100
[2026-09-17T11:57:26.405Z] [DEBUG] Hits: za/macos/Utilities/top-free 3 app(s) found
[2026-09-17T11:57:27.127Z] [DEBUG] RSS ok: br/macos/Business/top-free entries=100
[2026-09-17T11:57:37.133Z] [DEBUG] Hits: br/macos/Business/top-free 2 app(s) found
[2026-09-17T11:57:37.812Z] [DEBUG] RSS ok: br/macos/Productivity/top-free entries=99
[2026-09-17T11:57:47.818Z] [DEBUG] Hits: br/macos/Productivity/top-free 3 app(s) found
[2026-09-17T11:57:48.475Z] [DEBUG] RSS ok: br/macos/Utilities/top-free entries=100
[2026-09-17T11:57:58.481Z] [DEBUG] Hits: br/macos/Utilities/top-free 1 app(s) found
[2026-09-17T11:57:58.481Z] [INFO] RSS progress: 60/60 (60 ok, 0 error, 166 points)
[2026-09-17T11:57:58.482Z] [INFO] RSS fetch done: 60 ok, 0 error, 166 points
[2026-09-17T11:57:58.482Z] [INFO] Platform max returned: macos = 100
[2026-09-17T11:57:58.482Z] [INFO] RSS results: 60 ok, 0 error, 166 rank points
[2026-09-17T11:57:58.526Z] [INFO] Stored: 60 crawls, 166 points
[2026-09-17T11:57:58.554Z] [INFO] current.json written rows=23
[2026-09-17T11:57:58.555Z] [INFO] Current summary: on_chart=166, not_on_chart=294, depth_limited=0, crawl_error=0, total=460
[2026-09-17T11:57:58.555Z] [INFO] === Crawl complete === 645.5s
[2026-09-17T12:47:14.036Z] [INFO] === Crawl start === ts=2026-09-17T12:00:00Z
[2026-09-17T12:47:14.040Z] [INFO] Config loaded apps=4, platforms=macos, categories=Business,Productivity,Utilities
[2026-09-17T12:47:14.040Z] [INFO] App IDs to track: 23 our=4, competitors=19
[2026-09-17T12:47:14.041Z] [INFO] Lookup cached fetched_at=2026-09-17T00:47:17.168Z, 23 apps
[2026-09-17T12:47:14.042Z] [INFO] RSS requests: 60 countries=20, platforms=macos, categories=Business,Productivity,Utilities
[2026-09-17T12:47:14.042Z] [INFO] RSS fetch start: 60 requests, concurrency=1
[2026-09-17T12:47:14.878Z] [DEBUG] RSS ok: us/macos/Business/top-free entries=100
[2026-09-17T12:47:24.882Z] [DEBUG] Hits: us/macos/Business/top-free 4 app(s) found
[2026-09-17T12:47:25.453Z] [DEBUG] RSS ok: us/macos/Productivity/top-free entries=99
[2026-09-17T12:47:35.459Z] [DEBUG] Hits: us/macos/Productivity/top-free 6 app(s) found
[2026-09-17T12:47:36.107Z] [DEBUG] RSS ok: us/macos/Utilities/top-free entries=100
[2026-09-17T12:47:46.113Z] [DEBUG] Hits: us/macos/Utilities/top-free 1 app(s) found
[2026-09-17T12:47:46.928Z] [DEBUG] RSS ok: gb/macos/Business/top-free entries=100
[2026-09-17T12:47:56.934Z] [DEBUG] Hits: gb/macos/Business/top-free 4 app(s) found
[2026-09-17T12:47:57.650Z] [DEBUG] RSS ok: gb/macos/Productivity/top-free entries=99
[2026-09-17T12:48:07.656Z] [DEBUG] Hits: gb/macos/Productivity/top-free 4 app(s) found
[2026-09-17T12:48:08.338Z] [DEBUG] RSS ok: gb/macos/Utilities/top-free entries=100
[2026-09-17T12:48:18.345Z] [DEBUG] Hits: gb/macos/Utilities/top-free 3 app(s) found
[2026-09-17T12:48:18.907Z] [DEBUG] RSS ok: ca/macos/Business/top-free entries=100
[2026-09-17T12:48:28.914Z] [DEBUG] Hits: ca/macos/Business/top-free 5 app(s) found
[2026-09-17T12:48:29.683Z] [DEBUG] RSS ok: ca/macos/Productivity/top-free entries=99
[2026-09-17T12:48:39.689Z] [DEBUG] Hits: ca/macos/Productivity/top-free 4 app(s) found
[2026-09-17T12:48:40.285Z] [DEBUG] RSS ok: ca/macos/Utilities/top-free entries=100
[2026-09-17T12:48:50.967Z] [DEBUG] RSS ok: fr/macos/Business/top-free entries=99
[2026-09-17T12:49:00.974Z] [DEBUG] Hits: fr/macos/Business/top-free 3 app(s) found
[2026-09-17T12:49:00.974Z] [INFO] RSS progress: 10/60 (10 ok, 0 error, 34 points)
[2026-09-17T12:49:01.675Z] [DEBUG] RSS ok: fr/macos/Productivity/top-free entries=99
[2026-09-17T12:49:11.681Z] [DEBUG] Hits: fr/macos/Productivity/top-free 4 app(s) found
[2026-09-17T12:49:12.460Z] [DEBUG] RSS ok: fr/macos/Utilities/top-free entries=100
[2026-09-17T12:49:22.466Z] [DEBUG] Hits: fr/macos/Utilities/top-free 2 app(s) found
[2026-09-17T12:49:23.156Z] [DEBUG] RSS ok: de/macos/Business/top-free entries=99
[2026-09-17T12:49:33.899Z] [DEBUG] RSS ok: de/macos/Productivity/top-free entries=99
[2026-09-17T12:49:43.905Z] [DEBUG] Hits: de/macos/Productivity/top-free 4 app(s) found
[2026-09-17T12:49:44.836Z] [DEBUG] RSS ok: de/macos/Utilities/top-free entries=100
[2026-09-17T12:49:54.837Z] [DEBUG] Hits: de/macos/Utilities/top-free 2 app(s) found
[2026-09-17T12:49:55.480Z] [DEBUG] RSS ok: jp/macos/Business/top-free entries=100
[2026-09-17T12:50:05.486Z] [DEBUG] Hits: jp/macos/Business/top-free 2 app(s) found
[2026-09-17T12:50:06.408Z] [DEBUG] RSS ok: jp/macos/Productivity/top-free entries=99
[2026-09-17T12:50:16.408Z] [DEBUG] Hits: jp/macos/Productivity/top-free 3 app(s) found
[2026-09-17T12:50:17.171Z] [DEBUG] RSS ok: jp/macos/Utilities/top-free entries=100
[2026-09-17T12:50:27.177Z] [DEBUG] Hits: jp/macos/Utilities/top-free 4 app(s) found
[2026-09-17T12:50:27.763Z] [DEBUG] RSS ok: au/macos/Business/top-free entries=100
[2026-09-17T12:50:37.767Z] [DEBUG] Hits: au/macos/Business/top-free 4 app(s) found
[2026-09-17T12:50:38.436Z] [DEBUG] RSS ok: au/macos/Productivity/top-free entries=99
[2026-09-17T12:50:48.443Z] [DEBUG] Hits: au/macos/Productivity/top-free 4 app(s) found
[2026-09-17T12:50:48.443Z] [INFO] RSS progress: 20/60 (20 ok, 0 error, 63 points)
[2026-09-17T12:50:49.307Z] [DEBUG] RSS ok: au/macos/Utilities/top-free entries=100
[2026-09-17T12:50:59.314Z] [DEBUG] Hits: au/macos/Utilities/top-free 2 app(s) found
[2026-09-17T12:51:00.055Z] [DEBUG] RSS ok: es/macos/Business/top-free entries=100
[2026-09-17T12:51:10.062Z] [DEBUG] Hits: es/macos/Business/top-free 3 app(s) found
[2026-09-17T12:51:10.755Z] [DEBUG] RSS ok: es/macos/Productivity/top-free entries=99
[2026-09-17T12:51:20.760Z] [DEBUG] Hits: es/macos/Productivity/top-free 5 app(s) found
[2026-09-17T12:51:21.428Z] [DEBUG] RSS ok: es/macos/Utilities/top-free entries=100
[2026-09-17T12:51:31.435Z] [DEBUG] Hits: es/macos/Utilities/top-free 1 app(s) found
[2026-09-17T12:51:32.163Z] [DEBUG] RSS ok: it/macos/Business/top-free entries=99
[2026-09-17T12:51:42.170Z] [DEBUG] Hits: it/macos/Business/top-free 2 app(s) found
[2026-09-17T12:51:43.018Z] [DEBUG] RSS ok: it/macos/Productivity/top-free entries=99
[2026-09-17T12:51:53.025Z] [DEBUG] Hits: it/macos/Productivity/top-free 4 app(s) found
[2026-09-17T12:51:53.643Z] [DEBUG] RSS ok: it/macos/Utilities/top-free entries=100
[2026-09-17T12:52:03.650Z] [DEBUG] Hits: it/macos/Utilities/top-free 1 app(s) found
[2026-09-17T12:52:04.327Z] [DEBUG] RSS ok: pt/macos/Business/top-free entries=100
[2026-09-17T12:52:14.334Z] [DEBUG] Hits: pt/macos/Business/top-free 4 app(s) found
[2026-09-17T12:52:15.184Z] [DEBUG] RSS ok: pt/macos/Productivity/top-free entries=99
[2026-09-17T12:52:25.190Z] [DEBUG] Hits: pt/macos/Productivity/top-free 4 app(s) found
[2026-09-17T12:52:25.837Z] [DEBUG] RSS ok: pt/macos/Utilities/top-free entries=100
[2026-09-17T12:52:35.844Z] [DEBUG] Hits: pt/macos/Utilities/top-free 2 app(s) found
[2026-09-17T12:52:35.844Z] [INFO] RSS progress: 30/60 (30 ok, 0 error, 91 points)
[2026-09-17T12:52:36.607Z] [DEBUG] RSS ok: ch/macos/Business/top-free entries=100
[2026-09-17T12:52:46.609Z] [DEBUG] Hits: ch/macos/Business/top-free 4 app(s) found
[2026-09-17T12:52:47.690Z] [DEBUG] RSS ok: ch/macos/Productivity/top-free entries=99
[2026-09-17T12:52:57.695Z] [DEBUG] Hits: ch/macos/Productivity/top-free 4 app(s) found
[2026-09-17T12:52:58.733Z] [DEBUG] RSS ok: ch/macos/Utilities/top-free entries=100
[2026-09-17T12:53:08.739Z] [DEBUG] Hits: ch/macos/Utilities/top-free 1 app(s) found
[2026-09-17T12:53:09.467Z] [DEBUG] RSS ok: be/macos/Business/top-free entries=100
[2026-09-17T12:53:19.474Z] [DEBUG] Hits: be/macos/Business/top-free 3 app(s) found
[2026-09-17T12:53:20.185Z] [DEBUG] RSS ok: be/macos/Productivity/top-free entries=99
[2026-09-17T12:53:30.191Z] [DEBUG] Hits: be/macos/Productivity/top-free 4 app(s) found
[2026-09-17T12:53:31.065Z] [DEBUG] RSS ok: be/macos/Utilities/top-free entries=100
[2026-09-17T12:53:41.071Z] [DEBUG] Hits: be/macos/Utilities/top-free 2 app(s) found
[2026-09-17T12:53:41.867Z] [DEBUG] RSS ok: nl/macos/Business/top-free entries=100
[2026-09-17T12:53:51.872Z] [DEBUG] Hits: nl/macos/Business/top-free 3 app(s) found
[2026-09-17T12:53:52.701Z] [DEBUG] RSS ok: nl/macos/Productivity/top-free entries=99
[2026-09-17T12:54:02.704Z] [DEBUG] Hits: nl/macos/Productivity/top-free 5 app(s) found
[2026-09-17T12:54:03.625Z] [DEBUG] RSS ok: nl/macos/Utilities/top-free entries=100
[2026-09-17T12:54:13.630Z] [DEBUG] Hits: nl/macos/Utilities/top-free 1 app(s) found
[2026-09-17T12:54:14.277Z] [DEBUG] RSS ok: tw/macos/Business/top-free entries=100
[2026-09-17T12:54:24.284Z] [DEBUG] Hits: tw/macos/Business/top-free 3 app(s) found
[2026-09-17T12:54:24.284Z] [INFO] RSS progress: 40/60 (40 ok, 0 error, 121 points)
[2026-09-17T12:54:24.982Z] [DEBUG] RSS ok: tw/macos/Productivity/top-free entries=99
[2026-09-17T12:54:34.989Z] [DEBUG] Hits: tw/macos/Productivity/top-free 3 app(s) found
[2026-09-17T12:54:35.635Z] [DEBUG] RSS ok: tw/macos/Utilities/top-free entries=100
[2026-09-17T12:54:46.379Z] [DEBUG] RSS ok: hk/macos/Business/top-free entries=100
[2026-09-17T12:54:56.386Z] [DEBUG] Hits: hk/macos/Business/top-free 2 app(s) found
[2026-09-17T12:54:57.056Z] [DEBUG] RSS ok: hk/macos/Productivity/top-free entries=99
[2026-09-17T12:55:07.063Z] [DEBUG] Hits: hk/macos/Productivity/top-free 4 app(s) found
[2026-09-17T12:55:07.986Z] [DEBUG] RSS ok: hk/macos/Utilities/top-free entries=100
[2026-09-17T12:55:17.992Z] [DEBUG] Hits: hk/macos/Utilities/top-free 1 app(s) found
[2026-09-17T12:55:18.712Z] [DEBUG] RSS ok: nz/macos/Business/top-free entries=100
[2026-09-17T12:55:28.718Z] [DEBUG] Hits: nz/macos/Business/top-free 3 app(s) found
[2026-09-17T12:55:29.363Z] [DEBUG] RSS ok: nz/macos/Productivity/top-free entries=99
[2026-09-17T12:55:39.370Z] [DEBUG] Hits: nz/macos/Productivity/top-free 4 app(s) found
[2026-09-17T12:55:40.049Z] [DEBUG] RSS ok: nz/macos/Utilities/top-free entries=100
[2026-09-17T12:55:50.779Z] [DEBUG] RSS ok: sg/macos/Business/top-free entries=100
[2026-09-17T12:56:00.784Z] [DEBUG] Hits: sg/macos/Business/top-free 4 app(s) found
[2026-09-17T12:56:01.778Z] [DEBUG] RSS ok: sg/macos/Productivity/top-free entries=99
[2026-09-17T12:56:11.784Z] [DEBUG] Hits: sg/macos/Productivity/top-free 3 app(s) found
[2026-09-17T12:56:11.785Z] [INFO] RSS progress: 50/60 (50 ok, 0 error, 145 points)
[2026-09-17T12:56:12.533Z] [DEBUG] RSS ok: sg/macos/Utilities/top-free entries=100
[2026-09-17T12:56:22.539Z] [DEBUG] Hits: sg/macos/Utilities/top-free 2 app(s) found
[2026-09-17T12:56:23.275Z] [DEBUG] RSS ok: in/macos/Business/top-free entries=100
[2026-09-17T12:56:33.281Z] [DEBUG] Hits: in/macos/Business/top-free 3 app(s) found
[2026-09-17T12:56:33.957Z] [DEBUG] RSS ok: in/macos/Productivity/top-free entries=99
[2026-09-17T12:56:43.961Z] [DEBUG] Hits: in/macos/Productivity/top-free 2 app(s) found
[2026-09-17T12:56:44.663Z] [DEBUG] RSS ok: in/macos/Utilities/top-free entries=100
[2026-09-17T12:56:55.324Z] [DEBUG] RSS ok: za/macos/Business/top-free entries=99
[2026-09-17T12:57:05.328Z] [DEBUG] Hits: za/macos/Business/top-free 3 app(s) found
[2026-09-17T12:57:06.192Z] [DEBUG] RSS ok: za/macos/Productivity/top-free entries=99
[2026-09-17T12:57:16.198Z] [DEBUG] Hits: za/macos/Productivity/top-free 2 app(s) found
[2026-09-17T12:57:16.954Z] [DEBUG] RSS ok: za/macos/Utilities/top-free entries=100
[2026-09-17T12:57:26.961Z] [DEBUG] Hits: za/macos/Utilities/top-free 3 app(s) found
[2026-09-17T12:57:28.013Z] [DEBUG] RSS ok: br/macos/Business/top-free entries=100
[2026-09-17T12:57:38.020Z] [DEBUG] Hits: br/macos/Business/top-free 2 app(s) found
[2026-09-17T12:57:38.782Z] [DEBUG] RSS ok: br/macos/Productivity/top-free entries=99
[2026-09-17T12:57:48.789Z] [DEBUG] Hits: br/macos/Productivity/top-free 3 app(s) found
[2026-09-17T12:57:49.607Z] [DEBUG] RSS ok: br/macos/Utilities/top-free entries=100
[2026-09-17T12:57:59.609Z] [DEBUG] Hits: br/macos/Utilities/top-free 1 app(s) found
[2026-09-17T12:57:59.610Z] [INFO] RSS progress: 60/60 (60 ok, 0 error, 166 points)
[2026-09-17T12:57:59.610Z] [INFO] RSS fetch done: 60 ok, 0 error, 166 points
[2026-09-17T12:57:59.610Z] [INFO] Platform max returned: macos = 100
[2026-09-17T12:57:59.611Z] [INFO] RSS results: 60 ok, 0 error, 166 rank points
[2026-09-17T12:57:59.656Z] [INFO] Stored: 60 crawls, 166 points
[2026-09-17T12:57:59.677Z] [INFO] current.json written rows=23
[2026-09-17T12:57:59.678Z] [INFO] Current summary: on_chart=166, not_on_chart=294, depth_limited=0, crawl_error=0, total=460
[2026-09-17T12:57:59.678Z] [INFO] === Crawl complete === 645.6s
[2026-09-17T13:47:15.399Z] [INFO] === Crawl start === ts=2026-09-17T13:00:00Z
[2026-09-17T13:47:15.403Z] [INFO] Config loaded apps=4, platforms=macos, categories=Business,Productivity,Utilities
[2026-09-17T13:47:15.403Z] [INFO] App IDs to track: 23 our=4, competitors=19
[2026-09-17T13:47:15.405Z] [INFO] Lookup cached fetched_at=2026-09-17T00:47:17.168Z, 23 apps
[2026-09-17T13:47:15.405Z] [INFO] RSS requests: 60 countries=20, platforms=macos, categories=Business,Productivity,Utilities
[2026-09-17T13:47:15.406Z] [INFO] RSS fetch start: 60 requests, concurrency=1
[2026-09-17T13:47:16.777Z] [DEBUG] RSS ok: us/macos/Business/top-free entries=100
[2026-09-17T13:47:26.781Z] [DEBUG] Hits: us/macos/Business/top-free 4 app(s) found
[2026-09-17T13:47:31.736Z] [DEBUG] RSS ok: us/macos/Productivity/top-free entries=99
[2026-09-17T13:47:41.743Z] [DEBUG] Hits: us/macos/Productivity/top-free 6 app(s) found
[2026-09-17T13:47:42.555Z] [DEBUG] RSS ok: us/macos/Utilities/top-free entries=100
[2026-09-17T13:47:52.561Z] [DEBUG] Hits: us/macos/Utilities/top-free 1 app(s) found
[2026-09-17T13:47:53.354Z] [DEBUG] RSS ok: gb/macos/Business/top-free entries=100
[2026-09-17T13:48:03.361Z] [DEBUG] Hits: gb/macos/Business/top-free 4 app(s) found
[2026-09-17T13:48:04.244Z] [DEBUG] RSS ok: gb/macos/Productivity/top-free entries=99
[2026-09-17T13:48:14.249Z] [DEBUG] Hits: gb/macos/Productivity/top-free 4 app(s) found
[2026-09-17T13:48:15.049Z] [DEBUG] RSS ok: gb/macos/Utilities/top-free entries=100
[2026-09-17T13:48:25.055Z] [DEBUG] Hits: gb/macos/Utilities/top-free 3 app(s) found
[2026-09-17T13:48:25.943Z] [DEBUG] RSS ok: ca/macos/Business/top-free entries=100
[2026-09-17T13:48:35.948Z] [DEBUG] Hits: ca/macos/Business/top-free 5 app(s) found
[2026-09-17T13:48:36.869Z] [DEBUG] RSS ok: ca/macos/Productivity/top-free entries=99
[2026-09-17T13:48:46.875Z] [DEBUG] Hits: ca/macos/Productivity/top-free 4 app(s) found
[2026-09-17T13:48:47.535Z] [DEBUG] RSS ok: ca/macos/Utilities/top-free entries=100
[2026-09-17T13:48:58.203Z] [DEBUG] RSS ok: fr/macos/Business/top-free entries=100
[2026-09-17T13:49:08.209Z] [DEBUG] Hits: fr/macos/Business/top-free 3 app(s) found
[2026-09-17T13:49:08.210Z] [INFO] RSS progress: 10/60 (10 ok, 0 error, 34 points)
[2026-09-17T13:49:08.960Z] [DEBUG] RSS ok: fr/macos/Productivity/top-free entries=99
[2026-09-17T13:49:18.967Z] [DEBUG] Hits: fr/macos/Productivity/top-free 5 app(s) found
[2026-09-17T13:49:19.727Z] [DEBUG] RSS ok: fr/macos/Utilities/top-free entries=100
[2026-09-17T13:49:29.733Z] [DEBUG] Hits: fr/macos/Utilities/top-free 2 app(s) found
[2026-09-17T13:49:30.475Z] [DEBUG] RSS ok: de/macos/Business/top-free entries=99
[2026-09-17T13:49:41.308Z] [DEBUG] RSS ok: de/macos/Productivity/top-free entries=99
[2026-09-17T13:49:51.314Z] [DEBUG] Hits: de/macos/Productivity/top-free 4 app(s) found
[2026-09-17T13:49:52.193Z] [DEBUG] RSS ok: de/macos/Utilities/top-free entries=100
[2026-09-17T13:50:02.198Z] [DEBUG] Hits: de/macos/Utilities/top-free 2 app(s) found
[2026-09-17T13:50:02.925Z] [DEBUG] RSS ok: jp/macos/Business/top-free entries=100
[2026-09-17T13:50:12.930Z] [DEBUG] Hits: jp/macos/Business/top-free 2 app(s) found
[2026-09-17T13:50:13.856Z] [DEBUG] RSS ok: jp/macos/Productivity/top-free entries=99
[2026-09-17T13:50:23.862Z] [DEBUG] Hits: jp/macos/Productivity/top-free 3 app(s) found
[2026-09-17T13:50:24.616Z] [DEBUG] RSS ok: jp/macos/Utilities/top-free entries=100
[2026-09-17T13:50:34.622Z] [DEBUG] Hits: jp/macos/Utilities/top-free 4 app(s) found
[2026-09-17T13:50:35.309Z] [DEBUG] RSS ok: au/macos/Business/top-free entries=100
[2026-09-17T13:50:45.316Z] [DEBUG] Hits: au/macos/Business/top-free 3 app(s) found
[2026-09-17T13:50:46.382Z] [DEBUG] RSS ok: au/macos/Productivity/top-free entries=99
[2026-09-17T13:50:56.388Z] [DEBUG] Hits: au/macos/Productivity/top-free 4 app(s) found
[2026-09-17T13:50:56.388Z] [INFO] RSS progress: 20/60 (20 ok, 0 error, 63 points)
[2026-09-17T13:50:57.651Z] [DEBUG] RSS ok: au/macos/Utilities/top-free entries=100
[2026-09-17T13:51:07.657Z] [DEBUG] Hits: au/macos/Utilities/top-free 1 app(s) found
[2026-09-17T13:51:08.435Z] [DEBUG] RSS ok: es/macos/Business/top-free entries=100
[2026-09-17T13:51:18.441Z] [DEBUG] Hits: es/macos/Business/top-free 3 app(s) found
[2026-09-17T13:51:19.174Z] [DEBUG] RSS ok: es/macos/Productivity/top-free entries=99
[2026-09-17T13:51:29.179Z] [DEBUG] Hits: es/macos/Productivity/top-free 5 app(s) found
[2026-09-17T13:51:29.846Z] [DEBUG] RSS ok: es/macos/Utilities/top-free entries=100
[2026-09-17T13:51:40.642Z] [DEBUG] RSS ok: it/macos/Business/top-free entries=100
[2026-09-17T13:51:50.648Z] [DEBUG] Hits: it/macos/Business/top-free 2 app(s) found
[2026-09-17T13:51:51.504Z] [DEBUG] RSS ok: it/macos/Productivity/top-free entries=99
[2026-09-17T13:52:01.511Z] [DEBUG] Hits: it/macos/Productivity/top-free 5 app(s) found
[2026-09-17T13:52:02.333Z] [DEBUG] RSS ok: it/macos/Utilities/top-free entries=100
[2026-09-17T13:52:12.337Z] [DEBUG] Hits: it/macos/Utilities/top-free 1 app(s) found
[2026-09-17T13:52:13.052Z] [DEBUG] RSS ok: pt/macos/Business/top-free entries=100
[2026-09-17T13:52:23.059Z] [DEBUG] Hits: pt/macos/Business/top-free 3 app(s) found
[2026-09-17T13:52:23.868Z] [DEBUG] RSS ok: pt/macos/Productivity/top-free entries=99
[2026-09-17T13:52:33.874Z] [DEBUG] Hits: pt/macos/Productivity/top-free 4 app(s) found
[2026-09-17T13:52:34.574Z] [DEBUG] RSS ok: pt/macos/Utilities/top-free entries=100
[2026-09-17T13:52:44.580Z] [DEBUG] Hits: pt/macos/Utilities/top-free 2 app(s) found
[2026-09-17T13:52:44.580Z] [INFO] RSS progress: 30/60 (30 ok, 0 error, 89 points)
[2026-09-17T13:52:45.422Z] [DEBUG] RSS ok: ch/macos/Business/top-free entries=100
[2026-09-17T13:52:55.429Z] [DEBUG] Hits: ch/macos/Business/top-free 4 app(s) found
[2026-09-17T13:52:56.907Z] [DEBUG] RSS ok: ch/macos/Productivity/top-free entries=99
[2026-09-17T13:53:06.913Z] [DEBUG] Hits: ch/macos/Productivity/top-free 5 app(s) found
[2026-09-17T13:53:07.655Z] [DEBUG] RSS ok: ch/macos/Utilities/top-free entries=100
[2026-09-17T13:53:17.661Z] [DEBUG] Hits: ch/macos/Utilities/top-free 1 app(s) found
[2026-09-17T13:53:18.410Z] [DEBUG] RSS ok: be/macos/Business/top-free entries=100
[2026-09-17T13:53:28.416Z] [DEBUG] Hits: be/macos/Business/top-free 3 app(s) found
[2026-09-17T13:53:29.164Z] [DEBUG] RSS ok: be/macos/Productivity/top-free entries=99
[2026-09-17T13:53:39.170Z] [DEBUG] Hits: be/macos/Productivity/top-free 3 app(s) found
[2026-09-17T13:53:40.216Z] [DEBUG] RSS ok: be/macos/Utilities/top-free entries=100
[2026-09-17T13:53:50.222Z] [DEBUG] Hits: be/macos/Utilities/top-free 3 app(s) found
[2026-09-17T13:53:51.068Z] [DEBUG] RSS ok: nl/macos/Business/top-free entries=100
[2026-09-17T13:54:01.074Z] [DEBUG] Hits: nl/macos/Business/top-free 3 app(s) found
[2026-09-17T13:54:01.783Z] [DEBUG] RSS ok: nl/macos/Productivity/top-free entries=99
[2026-09-17T13:54:11.787Z] [DEBUG] Hits: nl/macos/Productivity/top-free 4 app(s) found
[2026-09-17T13:54:12.559Z] [DEBUG] RSS ok: nl/macos/Utilities/top-free entries=100
[2026-09-17T13:54:22.566Z] [DEBUG] Hits: nl/macos/Utilities/top-free 2 app(s) found
[2026-09-17T13:54:23.277Z] [DEBUG] RSS ok: tw/macos/Business/top-free entries=100
[2026-09-17T13:54:33.278Z] [DEBUG] Hits: tw/macos/Business/top-free 3 app(s) found
[2026-09-17T13:54:33.279Z] [INFO] RSS progress: 40/60 (40 ok, 0 error, 120 points)
[2026-09-17T13:54:33.970Z] [DEBUG] RSS ok: tw/macos/Productivity/top-free entries=99
[2026-09-17T13:54:43.975Z] [DEBUG] Hits: tw/macos/Productivity/top-free 4 app(s) found
[2026-09-17T13:54:44.906Z] [DEBUG] RSS ok: tw/macos/Utilities/top-free entries=100
[2026-09-17T13:54:54.912Z] [DEBUG] Hits: tw/macos/Utilities/top-free 1 app(s) found
[2026-09-17T13:54:55.641Z] [DEBUG] RSS ok: hk/macos/Business/top-free entries=100
[2026-09-17T13:55:05.647Z] [DEBUG] Hits: hk/macos/Business/top-free 2 app(s) found
[2026-09-17T13:55:06.592Z] [DEBUG] RSS ok: hk/macos/Productivity/top-free entries=99
[2026-09-17T13:55:16.598Z] [DEBUG] Hits: hk/macos/Productivity/top-free 3 app(s) found
[2026-09-17T13:55:18.700Z] [DEBUG] RSS ok: hk/macos/Utilities/top-free entries=100
[2026-09-17T13:55:28.706Z] [DEBUG] Hits: hk/macos/Utilities/top-free 1 app(s) found
[2026-09-17T13:55:29.352Z] [DEBUG] RSS ok: nz/macos/Business/top-free entries=100
[2026-09-17T13:55:39.358Z] [DEBUG] Hits: nz/macos/Business/top-free 3 app(s) found
[2026-09-17T13:55:39.994Z] [DEBUG] RSS ok: nz/macos/Productivity/top-free entries=99
[2026-09-17T13:55:50.000Z] [DEBUG] Hits: nz/macos/Productivity/top-free 4 app(s) found
[2026-09-17T13:55:50.670Z] [DEBUG] RSS ok: nz/macos/Utilities/top-free entries=100
[2026-09-17T13:56:01.916Z] [DEBUG] RSS ok: sg/macos/Business/top-free entries=100
[2026-09-17T13:56:11.921Z] [DEBUG] Hits: sg/macos/Business/top-free 4 app(s) found
[2026-09-17T13:56:12.709Z] [DEBUG] RSS ok: sg/macos/Productivity/top-free entries=99
[2026-09-17T13:56:22.716Z] [DEBUG] Hits: sg/macos/Productivity/top-free 3 app(s) found
[2026-09-17T13:56:22.716Z] [INFO] RSS progress: 50/60 (50 ok, 0 error, 145 points)
[2026-09-17T13:56:23.432Z] [DEBUG] RSS ok: sg/macos/Utilities/top-free entries=100
[2026-09-17T13:56:33.439Z] [DEBUG] Hits: sg/macos/Utilities/top-free 1 app(s) found
[2026-09-17T13:56:34.088Z] [DEBUG] RSS ok: in/macos/Business/top-free entries=100
[2026-09-17T13:56:44.095Z] [DEBUG] Hits: in/macos/Business/top-free 3 app(s) found
[2026-09-17T13:56:44.144Z] [DEBUG] RSS ok: in/macos/Productivity/top-free entries=99
[2026-09-17T13:56:54.150Z] [DEBUG] Hits: in/macos/Productivity/top-free 2 app(s) found
[2026-09-17T13:56:54.971Z] [DEBUG] RSS ok: in/macos/Utilities/top-free entries=100
[2026-09-17T13:57:06.029Z] [DEBUG] RSS ok: za/macos/Business/top-free entries=99
[2026-09-17T13:57:16.035Z] [DEBUG] Hits: za/macos/Business/top-free 3 app(s) found
[2026-09-17T13:57:16.762Z] [DEBUG] RSS ok: za/macos/Productivity/top-free entries=99
[2026-09-17T13:57:26.768Z] [DEBUG] Hits: za/macos/Productivity/top-free 3 app(s) found
[2026-09-17T13:57:27.646Z] [DEBUG] RSS ok: za/macos/Utilities/top-free entries=100
[2026-09-17T13:57:37.653Z] [DEBUG] Hits: za/macos/Utilities/top-free 2 app(s) found
[2026-09-17T13:57:39.109Z] [DEBUG] RSS ok: br/macos/Business/top-free entries=100
[2026-09-17T13:57:49.116Z] [DEBUG] Hits: br/macos/Business/top-free 2 app(s) found
[2026-09-17T13:57:50.125Z] [DEBUG] RSS ok: br/macos/Productivity/top-free entries=99
[2026-09-17T13:58:00.131Z] [DEBUG] Hits: br/macos/Productivity/top-free 3 app(s) found
[2026-09-17T13:58:00.850Z] [DEBUG] RSS ok: br/macos/Utilities/top-free entries=100
[2026-09-17T13:58:10.857Z] [DEBUG] Hits: br/macos/Utilities/top-free 1 app(s) found
[2026-09-17T13:58:10.857Z] [INFO] RSS progress: 60/60 (60 ok, 0 error, 165 points)
[2026-09-17T13:58:10.858Z] [INFO] RSS fetch done: 60 ok, 0 error, 165 points
[2026-09-17T13:58:10.858Z] [INFO] Platform max returned: macos = 100
[2026-09-17T13:58:10.858Z] [INFO] RSS results: 60 ok, 0 error, 165 rank points
[2026-09-17T13:58:10.901Z] [INFO] Stored: 60 crawls, 165 points
[2026-09-17T13:58:10.930Z] [INFO] current.json written rows=23
[2026-09-17T13:58:10.931Z] [INFO] Current summary: on_chart=165, not_on_chart=295, depth_limited=0, crawl_error=0, total=460
[2026-09-17T13:58:10.931Z] [INFO] === Crawl complete === 655.5s
[2026-09-17T14:47:18.999Z] [INFO] === Crawl start === ts=2026-09-17T14:00:00Z
[2026-09-17T14:47:19.003Z] [INFO] Config loaded apps=4, platforms=macos, categories=Business,Productivity,Utilities
[2026-09-17T14:47:19.003Z] [INFO] App IDs to track: 23 our=4, competitors=19
[2026-09-17T14:47:19.004Z] [INFO] Lookup cached fetched_at=2026-09-17T00:47:17.168Z, 23 apps
[2026-09-17T14:47:19.005Z] [INFO] RSS requests: 60 countries=20, platforms=macos, categories=Business,Productivity,Utilities
[2026-09-17T14:47:19.005Z] [INFO] RSS fetch start: 60 requests, concurrency=1
[2026-09-17T14:47:20.214Z] [DEBUG] RSS ok: us/macos/Business/top-free entries=100
[2026-09-17T14:47:30.217Z] [DEBUG] Hits: us/macos/Business/top-free 4 app(s) found
[2026-09-17T14:47:30.927Z] [DEBUG] RSS ok: us/macos/Productivity/top-free entries=99
[2026-09-17T14:47:40.933Z] [DEBUG] Hits: us/macos/Productivity/top-free 6 app(s) found
[2026-09-17T14:47:41.713Z] [DEBUG] RSS ok: us/macos/Utilities/top-free entries=100
[2026-09-17T14:47:51.720Z] [DEBUG] Hits: us/macos/Utilities/top-free 1 app(s) found
[2026-09-17T14:47:52.400Z] [DEBUG] RSS ok: gb/macos/Business/top-free entries=100
[2026-09-17T14:48:02.406Z] [DEBUG] Hits: gb/macos/Business/top-free 4 app(s) found
[2026-09-17T14:48:03.232Z] [DEBUG] RSS ok: gb/macos/Productivity/top-free entries=99
[2026-09-17T14:48:13.238Z] [DEBUG] Hits: gb/macos/Productivity/top-free 4 app(s) found
[2026-09-17T14:48:13.923Z] [DEBUG] RSS ok: gb/macos/Utilities/top-free entries=100
[2026-09-17T14:48:23.925Z] [DEBUG] Hits: gb/macos/Utilities/top-free 3 app(s) found
[2026-09-17T14:48:24.574Z] [DEBUG] RSS ok: ca/macos/Business/top-free entries=100
[2026-09-17T14:48:34.580Z] [DEBUG] Hits: ca/macos/Business/top-free 5 app(s) found
[2026-09-17T14:48:35.242Z] [DEBUG] RSS ok: ca/macos/Productivity/top-free entries=99
[2026-09-17T14:48:45.249Z] [DEBUG] Hits: ca/macos/Productivity/top-free 4 app(s) found
[2026-09-17T14:48:46.073Z] [DEBUG] RSS ok: ca/macos/Utilities/top-free entries=100
[2026-09-17T14:48:57.008Z] [DEBUG] RSS ok: fr/macos/Business/top-free entries=100
[2026-09-17T14:49:07.015Z] [DEBUG] Hits: fr/macos/Business/top-free 3 app(s) found
[2026-09-17T14:49:07.015Z] [INFO] RSS progress: 10/60 (10 ok, 0 error, 34 points)
[2026-09-17T14:49:07.903Z] [DEBUG] RSS ok: fr/macos/Productivity/top-free entries=99
[2026-09-17T14:49:17.910Z] [DEBUG] Hits: fr/macos/Productivity/top-free 5 app(s) found
[2026-09-17T14:49:18.757Z] [DEBUG] RSS ok: fr/macos/Utilities/top-free entries=100
[2026-09-17T14:49:28.763Z] [DEBUG] Hits: fr/macos/Utilities/top-free 2 app(s) found
[2026-09-17T14:49:29.387Z] [DEBUG] RSS ok: de/macos/Business/top-free entries=99
[2026-09-17T14:49:40.247Z] [DEBUG] RSS ok: de/macos/Productivity/top-free entries=99
[2026-09-17T14:49:50.253Z] [DEBUG] Hits: de/macos/Productivity/top-free 4 app(s) found
[2026-09-17T14:49:50.901Z] [DEBUG] RSS ok: de/macos/Utilities/top-free entries=100
[2026-09-17T14:50:00.907Z] [DEBUG] Hits: de/macos/Utilities/top-free 2 app(s) found
[2026-09-17T14:50:01.591Z] [DEBUG] RSS ok: jp/macos/Business/top-free entries=100
[2026-09-17T14:50:11.597Z] [DEBUG] Hits: jp/macos/Business/top-free 2 app(s) found
[2026-09-17T14:50:12.432Z] [DEBUG] RSS ok: jp/macos/Productivity/top-free entries=99
[2026-09-17T14:50:22.439Z] [DEBUG] Hits: jp/macos/Productivity/top-free 3 app(s) found
[2026-09-17T14:50:23.198Z] [DEBUG] RSS ok: jp/macos/Utilities/top-free entries=100
[2026-09-17T14:50:33.203Z] [DEBUG] Hits: jp/macos/Utilities/top-free 4 app(s) found
[2026-09-17T14:50:33.919Z] [DEBUG] RSS ok: au/macos/Business/top-free entries=100
[2026-09-17T14:50:43.924Z] [DEBUG] Hits: au/macos/Business/top-free 3 app(s) found
[2026-09-17T14:50:44.529Z] [DEBUG] RSS ok: au/macos/Productivity/top-free entries=99
[2026-09-17T14:50:54.535Z] [DEBUG] Hits: au/macos/Productivity/top-free 4 app(s) found
[2026-09-17T14:50:54.535Z] [INFO] RSS progress: 20/60 (20 ok, 0 error, 63 points)
[2026-09-17T14:50:55.361Z] [DEBUG] RSS ok: au/macos/Utilities/top-free entries=100
[2026-09-17T14:51:05.368Z] [DEBUG] Hits: au/macos/Utilities/top-free 1 app(s) found
[2026-09-17T14:51:06.110Z] [DEBUG] RSS ok: es/macos/Business/top-free entries=100
[2026-09-17T14:51:16.116Z] [DEBUG] Hits: es/macos/Business/top-free 3 app(s) found
[2026-09-17T14:51:16.832Z] [DEBUG] RSS ok: es/macos/Productivity/top-free entries=99
[2026-09-17T14:51:26.837Z] [DEBUG] Hits: es/macos/Productivity/top-free 5 app(s) found
[2026-09-17T14:51:27.521Z] [DEBUG] RSS ok: es/macos/Utilities/top-free entries=100
[2026-09-17T14:51:40.532Z] [DEBUG] RSS ok: it/macos/Business/top-free entries=100
[2026-09-17T14:51:50.538Z] [DEBUG] Hits: it/macos/Business/top-free 2 app(s) found
[2026-09-17T14:51:51.467Z] [DEBUG] RSS ok: it/macos/Productivity/top-free entries=99
[2026-09-17T14:52:01.473Z] [DEBUG] Hits: it/macos/Productivity/top-free 5 app(s) found
[2026-09-17T14:52:02.208Z] [DEBUG] RSS ok: it/macos/Utilities/top-free entries=100
[2026-09-17T14:52:12.213Z] [DEBUG] Hits: it/macos/Utilities/top-free 1 app(s) found
[2026-09-17T14:52:13.013Z] [DEBUG] RSS ok: pt/macos/Business/top-free entries=100
[2026-09-17T14:52:23.020Z] [DEBUG] Hits: pt/macos/Business/top-free 3 app(s) found
[2026-09-17T14:52:23.768Z] [DEBUG] RSS ok: pt/macos/Productivity/top-free entries=99
[2026-09-17T14:52:33.774Z] [DEBUG] Hits: pt/macos/Productivity/top-free 4 app(s) found
[2026-09-17T14:52:34.575Z] [DEBUG] RSS ok: pt/macos/Utilities/top-free entries=100
[2026-09-17T14:52:44.580Z] [DEBUG] Hits: pt/macos/Utilities/top-free 2 app(s) found
[2026-09-17T14:52:44.581Z] [INFO] RSS progress: 30/60 (30 ok, 0 error, 89 points)
[2026-09-17T14:52:45.395Z] [DEBUG] RSS ok: ch/macos/Business/top-free entries=100
[2026-09-17T14:52:55.401Z] [DEBUG] Hits: ch/macos/Business/top-free 4 app(s) found
[2026-09-17T14:52:56.009Z] [DEBUG] RSS ok: ch/macos/Productivity/top-free entries=99
[2026-09-17T14:53:06.010Z] [DEBUG] Hits: ch/macos/Productivity/top-free 5 app(s) found
[2026-09-17T14:53:06.733Z] [DEBUG] RSS ok: ch/macos/Utilities/top-free entries=100
[2026-09-17T14:53:16.738Z] [DEBUG] Hits: ch/macos/Utilities/top-free 1 app(s) found
[2026-09-17T14:53:17.554Z] [DEBUG] RSS ok: be/macos/Business/top-free entries=100
[2026-09-17T14:53:27.559Z] [DEBUG] Hits: be/macos/Business/top-free 3 app(s) found
[2026-09-17T14:53:28.169Z] [DEBUG] RSS ok: be/macos/Productivity/top-free entries=99
[2026-09-17T14:53:38.173Z] [DEBUG] Hits: be/macos/Productivity/top-free 3 app(s) found
[2026-09-17T14:53:38.853Z] [DEBUG] RSS ok: be/macos/Utilities/top-free entries=100
[2026-09-17T14:53:48.859Z] [DEBUG] Hits: be/macos/Utilities/top-free 3 app(s) found
[2026-09-17T14:53:49.555Z] [DEBUG] RSS ok: nl/macos/Business/top-free entries=100
[2026-09-17T14:53:59.561Z] [DEBUG] Hits: nl/macos/Business/top-free 3 app(s) found
[2026-09-17T14:54:00.321Z] [DEBUG] RSS ok: nl/macos/Productivity/top-free entries=99
[2026-09-17T14:54:10.327Z] [DEBUG] Hits: nl/macos/Productivity/top-free 4 app(s) found
[2026-09-17T14:54:10.974Z] [DEBUG] RSS ok: nl/macos/Utilities/top-free entries=100
[2026-09-17T14:54:20.979Z] [DEBUG] Hits: nl/macos/Utilities/top-free 2 app(s) found
[2026-09-17T14:54:21.943Z] [DEBUG] RSS ok: tw/macos/Business/top-free entries=100
[2026-09-17T14:54:31.950Z] [DEBUG] Hits: tw/macos/Business/top-free 3 app(s) found
[2026-09-17T14:54:31.950Z] [INFO] RSS progress: 40/60 (40 ok, 0 error, 120 points)
[2026-09-17T14:54:32.621Z] [DEBUG] RSS ok: tw/macos/Productivity/top-free entries=99
[2026-09-17T14:54:42.627Z] [DEBUG] Hits: tw/macos/Productivity/top-free 4 app(s) found
[2026-09-17T14:54:43.741Z] [DEBUG] RSS ok: tw/macos/Utilities/top-free entries=100
[2026-09-17T14:54:53.747Z] [DEBUG] Hits: tw/macos/Utilities/top-free 1 app(s) found
[2026-09-17T14:54:54.520Z] [DEBUG] RSS ok: hk/macos/Business/top-free entries=100
[2026-09-17T14:55:04.525Z] [DEBUG] Hits: hk/macos/Business/top-free 2 app(s) found
[2026-09-17T14:55:05.301Z] [DEBUG] RSS ok: hk/macos/Productivity/top-free entries=99
[2026-09-17T14:55:15.307Z] [DEBUG] Hits: hk/macos/Productivity/top-free 3 app(s) found
[2026-09-17T14:55:15.983Z] [DEBUG] RSS ok: hk/macos/Utilities/top-free entries=100
[2026-09-17T14:55:25.988Z] [DEBUG] Hits: hk/macos/Utilities/top-free 1 app(s) found
[2026-09-17T14:55:26.898Z] [DEBUG] RSS ok: nz/macos/Business/top-free entries=100
[2026-09-17T14:55:36.904Z] [DEBUG] Hits: nz/macos/Business/top-free 3 app(s) found
[2026-09-17T14:55:37.662Z] [DEBUG] RSS ok: nz/macos/Productivity/top-free entries=99
[2026-09-17T14:55:47.669Z] [DEBUG] Hits: nz/macos/Productivity/top-free 4 app(s) found
[2026-09-17T14:55:48.603Z] [DEBUG] RSS ok: nz/macos/Utilities/top-free entries=100
[2026-09-17T14:55:59.358Z] [DEBUG] RSS ok: sg/macos/Business/top-free entries=100
[2026-09-17T14:56:09.364Z] [DEBUG] Hits: sg/macos/Business/top-free 4 app(s) found
[2026-09-17T14:56:10.068Z] [DEBUG] RSS ok: sg/macos/Productivity/top-free entries=99
[2026-09-17T14:56:20.074Z] [DEBUG] Hits: sg/macos/Productivity/top-free 3 app(s) found
[2026-09-17T14:56:20.074Z] [INFO] RSS progress: 50/60 (50 ok, 0 error, 145 points)
[2026-09-17T14:56:20.851Z] [DEBUG] RSS ok: sg/macos/Utilities/top-free entries=100
[2026-09-17T14:56:30.858Z] [DEBUG] Hits: sg/macos/Utilities/top-free 1 app(s) found
[2026-09-17T14:56:31.585Z] [DEBUG] RSS ok: in/macos/Business/top-free entries=100
[2026-09-17T14:56:41.591Z] [DEBUG] Hits: in/macos/Business/top-free 3 app(s) found
[2026-09-17T14:56:42.543Z] [DEBUG] RSS ok: in/macos/Productivity/top-free entries=99
[2026-09-17T14:56:52.549Z] [DEBUG] Hits: in/macos/Productivity/top-free 3 app(s) found
[2026-09-17T14:56:53.240Z] [DEBUG] RSS ok: in/macos/Utilities/top-free entries=100
[2026-09-17T14:57:03.981Z] [DEBUG] RSS ok: za/macos/Business/top-free entries=99
[2026-09-17T14:57:13.987Z] [DEBUG] Hits: za/macos/Business/top-free 3 app(s) found
[2026-09-17T14:57:14.703Z] [DEBUG] RSS ok: za/macos/Productivity/top-free entries=99
[2026-09-17T14:57:24.709Z] [DEBUG] Hits: za/macos/Productivity/top-free 3 app(s) found
[2026-09-17T14:57:25.329Z] [DEBUG] RSS ok: za/macos/Utilities/top-free entries=100
[2026-09-17T14:57:35.335Z] [DEBUG] Hits: za/macos/Utilities/top-free 2 app(s) found
[2026-09-17T14:57:36.343Z] [DEBUG] RSS ok: br/macos/Business/top-free entries=100
[2026-09-17T14:57:46.349Z] [DEBUG] Hits: br/macos/Business/top-free 2 app(s) found
[2026-09-17T14:57:47.305Z] [DEBUG] RSS ok: br/macos/Productivity/top-free entries=99
[2026-09-17T14:57:57.311Z] [DEBUG] Hits: br/macos/Productivity/top-free 3 app(s) found
[2026-09-17T14:57:58.100Z] [DEBUG] RSS ok: br/macos/Utilities/top-free entries=100
[2026-09-17T14:58:08.106Z] [DEBUG] Hits: br/macos/Utilities/top-free 1 app(s) found
[2026-09-17T14:58:08.106Z] [INFO] RSS progress: 60/60 (60 ok, 0 error, 166 points)
[2026-09-17T14:58:08.106Z] [INFO] RSS fetch done: 60 ok, 0 error, 166 points
[2026-09-17T14:58:08.106Z] [INFO] Platform max returned: macos = 100
[2026-09-17T14:58:08.107Z] [INFO] RSS results: 60 ok, 0 error, 166 rank points
[2026-09-17T14:58:08.133Z] [INFO] Stored: 60 crawls, 166 points
[2026-09-17T14:58:08.156Z] [INFO] current.json written rows=23
[2026-09-17T14:58:08.157Z] [INFO] Current summary: on_chart=166, not_on_chart=294, depth_limited=0, crawl_error=0, total=460
[2026-09-17T14:58:08.157Z] [INFO] === Crawl complete === 649.2s
[2026-09-17T15:47:12.753Z] [INFO] === Crawl start === ts=2026-09-17T15:00:00Z
[2026-09-17T15:47:12.757Z] [INFO] App IDs to track: 23 our=4, competitors=19
[2026-09-17T15:47:12.757Z] [INFO] Config loaded apps=4, platforms=macos, categories=Business,Productivity,Utilities
[2026-09-17T15:47:12.758Z] [INFO] Lookup cached fetched_at=2026-09-17T00:47:17.168Z, 23 apps
[2026-09-17T15:47:12.759Z] [INFO] RSS requests: 60 countries=20, platforms=macos, categories=Business,Productivity,Utilities
[2026-09-17T15:47:12.759Z] [INFO] RSS fetch start: 60 requests, concurrency=1
[2026-09-17T15:47:13.625Z] [DEBUG] RSS ok: us/macos/Business/top-free entries=100
[2026-09-17T15:47:23.627Z] [DEBUG] Hits: us/macos/Business/top-free 4 app(s) found
[2026-09-17T15:47:24.578Z] [DEBUG] RSS ok: us/macos/Productivity/top-free entries=99
[2026-09-17T15:47:34.585Z] [DEBUG] Hits: us/macos/Productivity/top-free 6 app(s) found
[2026-09-17T15:47:35.445Z] [DEBUG] RSS ok: us/macos/Utilities/top-free entries=100
[2026-09-17T15:47:45.452Z] [DEBUG] Hits: us/macos/Utilities/top-free 1 app(s) found
[2026-09-17T15:47:46.376Z] [DEBUG] RSS ok: gb/macos/Business/top-free entries=100
[2026-09-17T15:47:56.383Z] [DEBUG] Hits: gb/macos/Business/top-free 4 app(s) found
[2026-09-17T15:47:57.255Z] [DEBUG] RSS ok: gb/macos/Productivity/top-free entries=99
[2026-09-17T15:48:07.262Z] [DEBUG] Hits: gb/macos/Productivity/top-free 4 app(s) found
[2026-09-17T15:48:08.643Z] [DEBUG] RSS ok: gb/macos/Utilities/top-free entries=100
[2026-09-17T15:48:18.650Z] [DEBUG] Hits: gb/macos/Utilities/top-free 3 app(s) found
[2026-09-17T15:48:19.789Z] [DEBUG] RSS ok: ca/macos/Business/top-free entries=100
[2026-09-17T15:48:29.796Z] [DEBUG] Hits: ca/macos/Business/top-free 5 app(s) found
[2026-09-17T15:48:30.519Z] [DEBUG] RSS ok: ca/macos/Productivity/top-free entries=99
[2026-09-17T15:48:40.525Z] [DEBUG] Hits: ca/macos/Productivity/top-free 4 app(s) found
[2026-09-17T15:48:41.360Z] [DEBUG] RSS ok: ca/macos/Utilities/top-free entries=100
[2026-09-17T15:48:52.405Z] [DEBUG] RSS ok: fr/macos/Business/top-free entries=100
[2026-09-17T15:49:02.411Z] [DEBUG] Hits: fr/macos/Business/top-free 3 app(s) found
[2026-09-17T15:49:02.411Z] [INFO] RSS progress: 10/60 (10 ok, 0 error, 34 points)
[2026-09-17T15:49:03.396Z] [DEBUG] RSS ok: fr/macos/Productivity/top-free entries=99
[2026-09-17T15:49:13.403Z] [DEBUG] Hits: fr/macos/Productivity/top-free 5 app(s) found
[2026-09-17T15:49:14.215Z] [DEBUG] RSS ok: fr/macos/Utilities/top-free entries=100
[2026-09-17T15:49:24.221Z] [DEBUG] Hits: fr/macos/Utilities/top-free 2 app(s) found
[2026-09-17T15:49:25.076Z] [DEBUG] RSS ok: de/macos/Business/top-free entries=99
[2026-09-17T15:49:35.852Z] [DEBUG] RSS ok: de/macos/Productivity/top-free entries=99
[2026-09-17T15:49:45.859Z] [DEBUG] Hits: de/macos/Productivity/top-free 4 app(s) found
[2026-09-17T15:49:46.713Z] [DEBUG] RSS ok: de/macos/Utilities/top-free entries=100
[2026-09-17T15:49:56.719Z] [DEBUG] Hits: de/macos/Utilities/top-free 2 app(s) found
[2026-09-17T15:49:57.495Z] [DEBUG] RSS ok: jp/macos/Business/top-free entries=100
[2026-09-17T15:50:07.501Z] [DEBUG] Hits: jp/macos/Business/top-free 2 app(s) found
[2026-09-17T15:50:08.284Z] [DEBUG] RSS ok: jp/macos/Productivity/top-free entries=99
[2026-09-17T15:50:18.289Z] [DEBUG] Hits: jp/macos/Productivity/top-free 3 app(s) found
[2026-09-17T15:50:19.172Z] [DEBUG] RSS ok: jp/macos/Utilities/top-free entries=100
[2026-09-17T15:50:29.179Z] [DEBUG] Hits: jp/macos/Utilities/top-free 4 app(s) found
[2026-09-17T15:50:30.046Z] [DEBUG] RSS ok: au/macos/Business/top-free entries=100
[2026-09-17T15:50:40.052Z] [DEBUG] Hits: au/macos/Business/top-free 3 app(s) found
[2026-09-17T15:50:40.814Z] [DEBUG] RSS ok: au/macos/Productivity/top-free entries=99
[2026-09-17T15:50:50.820Z] [INFO] RSS progress: 20/60 (20 ok, 0 error, 63 points)
[2026-09-17T15:50:50.820Z] [DEBUG] Hits: au/macos/Productivity/top-free 4 app(s) found
[2026-09-17T15:50:51.736Z] [DEBUG] RSS ok: au/macos/Utilities/top-free entries=100
[2026-09-17T15:51:01.742Z] [DEBUG] Hits: au/macos/Utilities/top-free 1 app(s) found
[2026-09-17T15:51:02.470Z] [DEBUG] RSS ok: es/macos/Business/top-free entries=100
[2026-09-17T15:51:12.476Z] [DEBUG] Hits: es/macos/Business/top-free 3 app(s) found
[2026-09-17T15:51:13.486Z] [DEBUG] RSS ok: es/macos/Productivity/top-free entries=99
[2026-09-17T15:51:23.492Z] [DEBUG] Hits: es/macos/Productivity/top-free 5 app(s) found
[2026-09-17T15:51:24.252Z] [DEBUG] RSS ok: es/macos/Utilities/top-free entries=100
[2026-09-17T15:51:35.034Z] [DEBUG] RSS ok: it/macos/Business/top-free entries=100
[2026-09-17T15:51:45.041Z] [DEBUG] Hits: it/macos/Business/top-free 2 app(s) found
[2026-09-17T15:51:45.816Z] [DEBUG] RSS ok: it/macos/Productivity/top-free entries=99
[2026-09-17T15:51:55.823Z] [DEBUG] Hits: it/macos/Productivity/top-free 5 app(s) found
[2026-09-17T15:51:56.828Z] [DEBUG] RSS ok: it/macos/Utilities/top-free entries=100
[2026-09-17T15:52:06.835Z] [DEBUG] Hits: it/macos/Utilities/top-free 1 app(s) found
[2026-09-17T15:52:07.843Z] [DEBUG] RSS ok: pt/macos/Business/top-free entries=100
[2026-09-17T15:52:17.849Z] [DEBUG] Hits: pt/macos/Business/top-free 3 app(s) found
[2026-09-17T15:52:18.929Z] [DEBUG] RSS ok: pt/macos/Productivity/top-free entries=99
[2026-09-17T15:52:28.936Z] [DEBUG] Hits: pt/macos/Productivity/top-free 4 app(s) found
[2026-09-17T15:52:29.805Z] [DEBUG] RSS ok: pt/macos/Utilities/top-free entries=100
[2026-09-17T15:52:39.812Z] [DEBUG] Hits: pt/macos/Utilities/top-free 2 app(s) found
[2026-09-17T15:52:39.812Z] [INFO] RSS progress: 30/60 (30 ok, 0 error, 89 points)
[2026-09-17T15:52:40.929Z] [DEBUG] RSS ok: ch/macos/Business/top-free entries=100
[2026-09-17T15:52:50.936Z] [DEBUG] Hits: ch/macos/Business/top-free 4 app(s) found
[2026-09-17T15:52:52.047Z] [DEBUG] RSS ok: ch/macos/Productivity/top-free entries=99
[2026-09-17T15:53:02.053Z] [DEBUG] Hits: ch/macos/Productivity/top-free 5 app(s) found
[2026-09-17T15:53:03.058Z] [DEBUG] RSS ok: ch/macos/Utilities/top-free entries=100
[2026-09-17T15:53:13.064Z] [DEBUG] Hits: ch/macos/Utilities/top-free 1 app(s) found
[2026-09-17T15:53:13.894Z] [DEBUG] RSS ok: be/macos/Business/top-free entries=100
[2026-09-17T15:53:23.901Z] [DEBUG] Hits: be/macos/Business/top-free 3 app(s) found
[2026-09-17T15:53:24.795Z] [DEBUG] RSS ok: be/macos/Productivity/top-free entries=99
[2026-09-17T15:53:34.801Z] [DEBUG] Hits: be/macos/Productivity/top-free 3 app(s) found
[2026-09-17T15:53:35.661Z] [DEBUG] RSS ok: be/macos/Utilities/top-free entries=100
[2026-09-17T15:53:45.668Z] [DEBUG] Hits: be/macos/Utilities/top-free 3 app(s) found
[2026-09-17T15:53:46.635Z] [DEBUG] RSS ok: nl/macos/Business/top-free entries=100
[2026-09-17T15:53:56.642Z] [DEBUG] Hits: nl/macos/Business/top-free 3 app(s) found
[2026-09-17T15:53:57.456Z] [DEBUG] RSS ok: nl/macos/Productivity/top-free entries=99
[2026-09-17T15:54:07.463Z] [DEBUG] Hits: nl/macos/Productivity/top-free 4 app(s) found
[2026-09-17T15:54:08.199Z] [DEBUG] RSS ok: nl/macos/Utilities/top-free entries=100
[2026-09-17T15:54:18.204Z] [DEBUG] Hits: nl/macos/Utilities/top-free 2 app(s) found
[2026-09-17T15:54:18.939Z] [DEBUG] RSS ok: tw/macos/Business/top-free entries=100
[2026-09-17T15:54:28.946Z] [DEBUG] Hits: tw/macos/Business/top-free 3 app(s) found
[2026-09-17T15:54:28.946Z] [INFO] RSS progress: 40/60 (40 ok, 0 error, 120 points)
[2026-09-17T15:54:29.772Z] [DEBUG] RSS ok: tw/macos/Productivity/top-free entries=99
[2026-09-17T15:54:39.779Z] [DEBUG] Hits: tw/macos/Productivity/top-free 4 app(s) found
[2026-09-17T15:54:40.455Z] [DEBUG] RSS ok: tw/macos/Utilities/top-free entries=100
[2026-09-17T15:54:50.462Z] [DEBUG] Hits: tw/macos/Utilities/top-free 1 app(s) found
[2026-09-17T15:54:51.413Z] [DEBUG] RSS ok: hk/macos/Business/top-free entries=100
[2026-09-17T15:55:01.420Z] [DEBUG] Hits: hk/macos/Business/top-free 2 app(s) found
[2026-09-17T15:55:02.232Z] [DEBUG] RSS ok: hk/macos/Productivity/top-free entries=99
[2026-09-17T15:55:12.239Z] [DEBUG] Hits: hk/macos/Productivity/top-free 3 app(s) found
[2026-09-17T15:55:12.912Z] [DEBUG] RSS ok: hk/macos/Utilities/top-free entries=100
[2026-09-17T15:55:22.919Z] [DEBUG] Hits: hk/macos/Utilities/top-free 1 app(s) found
[2026-09-17T15:55:23.768Z] [DEBUG] RSS ok: nz/macos/Business/top-free entries=100
[2026-09-17T15:55:33.773Z] [DEBUG] Hits: nz/macos/Business/top-free 3 app(s) found
[2026-09-17T15:55:34.537Z] [DEBUG] RSS ok: nz/macos/Productivity/top-free entries=99
[2026-09-17T15:55:44.544Z] [DEBUG] Hits: nz/macos/Productivity/top-free 4 app(s) found
[2026-09-17T15:55:45.300Z] [DEBUG] RSS ok: nz/macos/Utilities/top-free entries=100
[2026-09-17T15:55:56.031Z] [DEBUG] RSS ok: sg/macos/Business/top-free entries=100
[2026-09-17T15:56:06.036Z] [DEBUG] Hits: sg/macos/Business/top-free 4 app(s) found
[2026-09-17T15:56:06.702Z] [DEBUG] RSS ok: sg/macos/Productivity/top-free entries=99
[2026-09-17T15:56:16.707Z] [DEBUG] Hits: sg/macos/Productivity/top-free 3 app(s) found
[2026-09-17T15:56:16.707Z] [INFO] RSS progress: 50/60 (50 ok, 0 error, 145 points)
[2026-09-17T15:56:17.571Z] [DEBUG] RSS ok: sg/macos/Utilities/top-free entries=100
[2026-09-17T15:56:27.578Z] [DEBUG] Hits: sg/macos/Utilities/top-free 1 app(s) found
[2026-09-17T15:56:28.367Z] [DEBUG] RSS ok: in/macos/Business/top-free entries=100
[2026-09-17T15:56:38.374Z] [DEBUG] Hits: in/macos/Business/top-free 3 app(s) found
[2026-09-17T15:56:39.410Z] [DEBUG] RSS ok: in/macos/Productivity/top-free entries=99
[2026-09-17T15:56:49.415Z] [DEBUG] Hits: in/macos/Productivity/top-free 3 app(s) found
[2026-09-17T15:56:50.189Z] [DEBUG] RSS ok: in/macos/Utilities/top-free entries=100
[2026-09-17T15:57:00.992Z] [DEBUG] RSS ok: za/macos/Business/top-free entries=99
[2026-09-17T15:57:10.995Z] [DEBUG] Hits: za/macos/Business/top-free 3 app(s) found
[2026-09-17T15:57:11.827Z] [DEBUG] RSS ok: za/macos/Productivity/top-free entries=99
[2026-09-17T15:57:21.834Z] [DEBUG] Hits: za/macos/Productivity/top-free 3 app(s) found
[2026-09-17T15:57:22.599Z] [DEBUG] RSS ok: za/macos/Utilities/top-free entries=100
[2026-09-17T15:57:32.606Z] [DEBUG] Hits: za/macos/Utilities/top-free 3 app(s) found
[2026-09-17T15:57:33.408Z] [DEBUG] RSS ok: br/macos/Business/top-free entries=100
[2026-09-17T15:57:43.414Z] [DEBUG] Hits: br/macos/Business/top-free 2 app(s) found
[2026-09-17T15:57:44.195Z] [DEBUG] RSS ok: br/macos/Productivity/top-free entries=99
[2026-09-17T15:57:54.202Z] [DEBUG] Hits: br/macos/Productivity/top-free 3 app(s) found
[2026-09-17T15:57:54.906Z] [DEBUG] RSS ok: br/macos/Utilities/top-free entries=100
[2026-09-17T15:58:04.910Z] [INFO] RSS fetch done: 60 ok, 0 error, 166 points
[2026-09-17T15:58:04.910Z] [INFO] RSS progress: 60/60 (60 ok, 0 error, 166 points)
[2026-09-17T15:58:04.911Z] [INFO] Platform max returned: macos = 100
[2026-09-17T15:58:04.911Z] [INFO] RSS results: 60 ok, 0 error, 166 rank points
[2026-09-17T15:58:04.942Z] [INFO] Stored: 60 crawls, 166 points
[2026-09-17T15:58:04.974Z] [INFO] current.json written rows=23
[2026-09-17T15:58:04.975Z] [INFO] Current summary: on_chart=166, not_on_chart=294, depth_limited=0, crawl_error=0, total=460
[2026-09-17T15:58:04.975Z] [INFO] === Crawl complete === 652.2s
[2026-09-17T16:47:13.505Z] [INFO] === Crawl start === ts=2026-09-17T16:00:00Z
[2026-09-17T16:47:13.509Z] [INFO] Config loaded apps=4, platforms=macos, categories=Business,Productivity,Utilities
[2026-09-17T16:47:13.509Z] [INFO] App IDs to track: 23 our=4, competitors=19
[2026-09-17T16:47:13.511Z] [INFO] Lookup cached fetched_at=2026-09-17T00:47:17.168Z, 23 apps
[2026-09-17T16:47:13.511Z] [INFO] RSS requests: 60 countries=20, platforms=macos, categories=Business,Productivity,Utilities
[2026-09-17T16:47:13.512Z] [INFO] RSS fetch start: 60 requests, concurrency=1
[2026-09-17T16:47:14.252Z] [DEBUG] RSS ok: us/macos/Business/top-free entries=100
[2026-09-17T16:47:24.255Z] [DEBUG] Hits: us/macos/Business/top-free 4 app(s) found
[2026-09-17T16:47:25.021Z] [DEBUG] RSS ok: us/macos/Productivity/top-free entries=99
[2026-09-17T16:47:35.028Z] [DEBUG] Hits: us/macos/Productivity/top-free 6 app(s) found
[2026-09-17T16:47:35.721Z] [DEBUG] RSS ok: us/macos/Utilities/top-free entries=100
[2026-09-17T16:47:45.726Z] [DEBUG] Hits: us/macos/Utilities/top-free 1 app(s) found
[2026-09-17T16:47:46.466Z] [DEBUG] RSS ok: gb/macos/Business/top-free entries=100
[2026-09-17T16:47:56.472Z] [DEBUG] Hits: gb/macos/Business/top-free 4 app(s) found
[2026-09-17T16:47:57.131Z] [DEBUG] RSS ok: gb/macos/Productivity/top-free entries=99
[2026-09-17T16:48:07.137Z] [DEBUG] Hits: gb/macos/Productivity/top-free 4 app(s) found
[2026-09-17T16:48:07.860Z] [DEBUG] RSS ok: gb/macos/Utilities/top-free entries=100
[2026-09-17T16:48:17.867Z] [DEBUG] Hits: gb/macos/Utilities/top-free 3 app(s) found
[2026-09-17T16:48:18.559Z] [DEBUG] RSS ok: ca/macos/Business/top-free entries=100
[2026-09-17T16:48:28.566Z] [DEBUG] Hits: ca/macos/Business/top-free 5 app(s) found
[2026-09-17T16:48:29.588Z] [DEBUG] RSS ok: ca/macos/Productivity/top-free entries=99
[2026-09-17T16:48:39.591Z] [DEBUG] Hits: ca/macos/Productivity/top-free 4 app(s) found
[2026-09-17T16:48:40.407Z] [DEBUG] RSS ok: ca/macos/Utilities/top-free entries=100
[2026-09-17T16:48:51.188Z] [DEBUG] RSS ok: fr/macos/Business/top-free entries=99
[2026-09-17T16:49:01.195Z] [DEBUG] Hits: fr/macos/Business/top-free 3 app(s) found
[2026-09-17T16:49:01.195Z] [INFO] RSS progress: 10/60 (10 ok, 0 error, 34 points)
[2026-09-17T16:49:01.991Z] [DEBUG] RSS ok: fr/macos/Productivity/top-free entries=99
[2026-09-17T16:49:11.996Z] [DEBUG] Hits: fr/macos/Productivity/top-free 4 app(s) found
[2026-09-17T16:49:13.041Z] [DEBUG] RSS ok: fr/macos/Utilities/top-free entries=100
[2026-09-17T16:49:23.048Z] [DEBUG] Hits: fr/macos/Utilities/top-free 2 app(s) found
[2026-09-17T16:49:24.098Z] [DEBUG] RSS ok: de/macos/Business/top-free entries=99
[2026-09-17T16:49:34.965Z] [DEBUG] RSS ok: de/macos/Productivity/top-free entries=99
[2026-09-17T16:49:44.972Z] [DEBUG] Hits: de/macos/Productivity/top-free 4 app(s) found
[2026-09-17T16:49:45.662Z] [DEBUG] RSS ok: de/macos/Utilities/top-free entries=100
[2026-09-17T16:49:55.669Z] [DEBUG] Hits: de/macos/Utilities/top-free 3 app(s) found
[2026-09-17T16:49:56.489Z] [DEBUG] RSS ok: jp/macos/Business/top-free entries=100
[2026-09-17T16:50:06.495Z] [DEBUG] Hits: jp/macos/Business/top-free 2 app(s) found
[2026-09-17T16:50:07.257Z] [DEBUG] RSS ok: jp/macos/Productivity/top-free entries=99
[2026-09-17T16:50:17.264Z] [DEBUG] Hits: jp/macos/Productivity/top-free 3 app(s) found
[2026-09-17T16:50:18.033Z] [DEBUG] RSS ok: jp/macos/Utilities/top-free entries=100
[2026-09-17T16:50:28.039Z] [DEBUG] Hits: jp/macos/Utilities/top-free 4 app(s) found
[2026-09-17T16:50:28.647Z] [DEBUG] RSS ok: au/macos/Business/top-free entries=100
[2026-09-17T16:50:38.653Z] [DEBUG] Hits: au/macos/Business/top-free 4 app(s) found
[2026-09-17T16:50:39.410Z] [DEBUG] RSS ok: au/macos/Productivity/top-free entries=99
[2026-09-17T16:50:49.415Z] [DEBUG] Hits: au/macos/Productivity/top-free 4 app(s) found
[2026-09-17T16:50:49.416Z] [INFO] RSS progress: 20/60 (20 ok, 0 error, 64 points)
[2026-09-17T16:50:50.155Z] [DEBUG] RSS ok: au/macos/Utilities/top-free entries=100
[2026-09-17T16:51:00.159Z] [DEBUG] Hits: au/macos/Utilities/top-free 1 app(s) found
[2026-09-17T16:51:00.841Z] [DEBUG] RSS ok: es/macos/Business/top-free entries=100
[2026-09-17T16:51:10.847Z] [DEBUG] Hits: es/macos/Business/top-free 3 app(s) found
[2026-09-17T16:51:11.469Z] [DEBUG] RSS ok: es/macos/Productivity/top-free entries=99
[2026-09-17T16:51:21.475Z] [DEBUG] Hits: es/macos/Productivity/top-free 5 app(s) found
[2026-09-17T16:51:22.151Z] [DEBUG] RSS ok: es/macos/Utilities/top-free entries=100
[2026-09-17T16:51:32.158Z] [DEBUG] Hits: es/macos/Utilities/top-free 1 app(s) found
[2026-09-17T16:51:32.906Z] [DEBUG] RSS ok: it/macos/Business/top-free entries=100
[2026-09-17T16:51:42.913Z] [DEBUG] Hits: it/macos/Business/top-free 2 app(s) found
[2026-09-17T16:51:43.806Z] [DEBUG] RSS ok: it/macos/Productivity/top-free entries=99
[2026-09-17T16:51:53.812Z] [DEBUG] Hits: it/macos/Productivity/top-free 5 app(s) found
[2026-09-17T16:51:54.587Z] [DEBUG] RSS ok: it/macos/Utilities/top-free entries=100
[2026-09-17T16:52:04.594Z] [DEBUG] Hits: it/macos/Utilities/top-free 1 app(s) found
[2026-09-17T16:52:05.418Z] [DEBUG] RSS ok: pt/macos/Business/top-free entries=100
[2026-09-17T16:52:15.423Z] [DEBUG] Hits: pt/macos/Business/top-free 3 app(s) found
[2026-09-17T16:52:16.270Z] [DEBUG] RSS ok: pt/macos/Productivity/top-free entries=99
[2026-09-17T16:52:26.275Z] [DEBUG] Hits: pt/macos/Productivity/top-free 4 app(s) found
[2026-09-17T16:52:26.929Z] [DEBUG] RSS ok: pt/macos/Utilities/top-free entries=100
[2026-09-17T16:52:36.936Z] [INFO] RSS progress: 30/60 (30 ok, 0 error, 89 points)
[2026-09-17T16:52:37.652Z] [DEBUG] RSS ok: ch/macos/Business/top-free entries=100
[2026-09-17T16:52:47.657Z] [DEBUG] Hits: ch/macos/Business/top-free 4 app(s) found
[2026-09-17T16:52:48.664Z] [DEBUG] RSS ok: ch/macos/Productivity/top-free entries=99
[2026-09-17T16:52:58.671Z] [DEBUG] Hits: ch/macos/Productivity/top-free 5 app(s) found
[2026-09-17T16:52:59.381Z] [DEBUG] RSS ok: ch/macos/Utilities/top-free entries=100
[2026-09-17T16:53:09.388Z] [DEBUG] Hits: ch/macos/Utilities/top-free 3 app(s) found
[2026-09-17T16:53:10.327Z] [DEBUG] RSS ok: be/macos/Business/top-free entries=100
[2026-09-17T16:53:20.334Z] [DEBUG] Hits: be/macos/Business/top-free 3 app(s) found
[2026-09-17T16:53:21.152Z] [DEBUG] RSS ok: be/macos/Productivity/top-free entries=99
[2026-09-17T16:53:31.157Z] [DEBUG] Hits: be/macos/Productivity/top-free 3 app(s) found
[2026-09-17T16:53:31.928Z] [DEBUG] RSS ok: be/macos/Utilities/top-free entries=100
[2026-09-17T16:53:41.935Z] [DEBUG] Hits: be/macos/Utilities/top-free 3 app(s) found
[2026-09-17T16:53:42.655Z] [DEBUG] RSS ok: nl/macos/Business/top-free entries=100
[2026-09-17T16:53:52.661Z] [DEBUG] Hits: nl/macos/Business/top-free 3 app(s) found
[2026-09-17T16:53:53.452Z] [DEBUG] RSS ok: nl/macos/Productivity/top-free entries=99
[2026-09-17T16:54:03.459Z] [DEBUG] Hits: nl/macos/Productivity/top-free 4 app(s) found
[2026-09-17T16:54:04.192Z] [DEBUG] RSS ok: nl/macos/Utilities/top-free entries=100
[2026-09-17T16:54:14.199Z] [DEBUG] Hits: nl/macos/Utilities/top-free 2 app(s) found
[2026-09-17T16:54:14.877Z] [DEBUG] RSS ok: tw/macos/Business/top-free entries=100
[2026-09-17T16:54:24.883Z] [DEBUG] Hits: tw/macos/Business/top-free 4 app(s) found
[2026-09-17T16:54:24.883Z] [INFO] RSS progress: 40/60 (40 ok, 0 error, 123 points)
[2026-09-17T16:54:25.738Z] [DEBUG] RSS ok: tw/macos/Productivity/top-free entries=99
[2026-09-17T16:54:35.743Z] [DEBUG] Hits: tw/macos/Productivity/top-free 4 app(s) found
[2026-09-17T16:54:36.427Z] [DEBUG] RSS ok: tw/macos/Utilities/top-free entries=100
[2026-09-17T16:54:47.133Z] [DEBUG] RSS ok: hk/macos/Business/top-free entries=94
[2026-09-17T16:54:57.140Z] [DEBUG] Hits: hk/macos/Business/top-free 2 app(s) found
[2026-09-17T16:54:58.079Z] [DEBUG] RSS ok: hk/macos/Productivity/top-free entries=99
[2026-09-17T16:55:08.085Z] [DEBUG] Hits: hk/macos/Productivity/top-free 4 app(s) found
[2026-09-17T16:55:08.796Z] [DEBUG] RSS ok: hk/macos/Utilities/top-free entries=100
[2026-09-17T16:55:18.802Z] [DEBUG] Hits: hk/macos/Utilities/top-free 1 app(s) found
[2026-09-17T16:55:19.461Z] [DEBUG] RSS ok: nz/macos/Business/top-free entries=100
[2026-09-17T16:55:29.468Z] [DEBUG] Hits: nz/macos/Business/top-free 3 app(s) found
[2026-09-17T16:55:30.363Z] [DEBUG] RSS ok: nz/macos/Productivity/top-free entries=99
[2026-09-17T16:55:40.370Z] [DEBUG] Hits: nz/macos/Productivity/top-free 4 app(s) found
[2026-09-17T16:55:41.139Z] [DEBUG] RSS ok: nz/macos/Utilities/top-free entries=100
[2026-09-17T16:55:51.836Z] [DEBUG] RSS ok: sg/macos/Business/top-free entries=100
[2026-09-17T16:56:01.843Z] [DEBUG] Hits: sg/macos/Business/top-free 4 app(s) found
[2026-09-17T16:56:02.683Z] [DEBUG] RSS ok: sg/macos/Productivity/top-free entries=99
[2026-09-17T16:56:12.690Z] [DEBUG] Hits: sg/macos/Productivity/top-free 3 app(s) found
[2026-09-17T16:56:12.690Z] [INFO] RSS progress: 50/60 (50 ok, 0 error, 148 points)
[2026-09-17T16:56:13.440Z] [DEBUG] RSS ok: sg/macos/Utilities/top-free entries=100
[2026-09-17T16:56:23.446Z] [DEBUG] Hits: sg/macos/Utilities/top-free 1 app(s) found
[2026-09-17T16:56:24.086Z] [DEBUG] RSS ok: in/macos/Business/top-free entries=100
[2026-09-17T16:56:34.091Z] [DEBUG] Hits: in/macos/Business/top-free 3 app(s) found
[2026-09-17T16:56:34.668Z] [DEBUG] RSS ok: in/macos/Productivity/top-free entries=99
[2026-09-17T16:56:44.674Z] [DEBUG] Hits: in/macos/Productivity/top-free 3 app(s) found
[2026-09-17T16:56:45.306Z] [DEBUG] RSS ok: in/macos/Utilities/top-free entries=100
[2026-09-17T16:56:55.948Z] [DEBUG] RSS ok: za/macos/Business/top-free entries=99
[2026-09-17T16:57:05.954Z] [DEBUG] Hits: za/macos/Business/top-free 3 app(s) found
[2026-09-17T16:57:08.863Z] [DEBUG] RSS ok: za/macos/Productivity/top-free entries=99
[2026-09-17T16:57:18.870Z] [DEBUG] Hits: za/macos/Productivity/top-free 3 app(s) found
[2026-09-17T16:57:19.568Z] [DEBUG] RSS ok: za/macos/Utilities/top-free entries=100
[2026-09-17T16:57:29.575Z] [DEBUG] Hits: za/macos/Utilities/top-free 3 app(s) found
[2026-09-17T16:57:30.241Z] [DEBUG] RSS ok: br/macos/Business/top-free entries=100
[2026-09-17T16:57:40.249Z] [DEBUG] Hits: br/macos/Business/top-free 1 app(s) found
[2026-09-17T16:57:41.192Z] [DEBUG] RSS ok: br/macos/Productivity/top-free entries=99
[2026-09-17T16:57:51.199Z] [DEBUG] Hits: br/macos/Productivity/top-free 3 app(s) found
[2026-09-17T16:57:52.137Z] [DEBUG] RSS ok: br/macos/Utilities/top-free entries=100
[2026-09-17T16:58:02.144Z] [INFO] RSS fetch done: 60 ok, 0 error, 168 points
[2026-09-17T16:58:02.144Z] [INFO] Platform max returned: macos = 100
[2026-09-17T16:58:02.143Z] [INFO] RSS progress: 60/60 (60 ok, 0 error, 168 points)
[2026-09-17T16:58:02.144Z] [INFO] RSS results: 60 ok, 0 error, 168 rank points
[2026-09-17T16:58:02.177Z] [INFO] Stored: 60 crawls, 168 points
[2026-09-17T16:58:02.200Z] [INFO] current.json written rows=23
[2026-09-17T16:58:02.201Z] [INFO] Current summary: on_chart=168, not_on_chart=286, depth_limited=6, crawl_error=0, total=460
[2026-09-17T16:58:02.201Z] [INFO] === Crawl complete === 648.7s
[2026-09-17T17:47:13.218Z] [INFO] === Crawl start === ts=2026-09-17T17:00:00Z
[2026-09-17T17:47:13.221Z] [INFO] Config loaded apps=4, platforms=macos, categories=Business,Productivity,Utilities
[2026-09-17T17:47:13.221Z] [INFO] App IDs to track: 23 our=4, competitors=19
[2026-09-17T17:47:13.223Z] [INFO] Lookup cached fetched_at=2026-09-17T00:47:17.168Z, 23 apps
[2026-09-17T17:47:13.223Z] [INFO] RSS requests: 60 countries=20, platforms=macos, categories=Business,Productivity,Utilities
[2026-09-17T17:47:13.223Z] [INFO] RSS fetch start: 60 requests, concurrency=1
[2026-09-17T17:47:13.944Z] [DEBUG] RSS ok: us/macos/Business/top-free entries=100
[2026-09-17T17:47:23.946Z] [DEBUG] Hits: us/macos/Business/top-free 4 app(s) found
[2026-09-17T17:47:24.552Z] [DEBUG] RSS ok: us/macos/Productivity/top-free entries=99
[2026-09-17T17:47:34.558Z] [DEBUG] Hits: us/macos/Productivity/top-free 6 app(s) found
[2026-09-17T17:47:35.243Z] [DEBUG] RSS ok: us/macos/Utilities/top-free entries=100
[2026-09-17T17:47:45.250Z] [DEBUG] Hits: us/macos/Utilities/top-free 1 app(s) found
[2026-09-17T17:47:46.257Z] [DEBUG] RSS ok: gb/macos/Business/top-free entries=100
[2026-09-17T17:47:56.264Z] [DEBUG] Hits: gb/macos/Business/top-free 4 app(s) found
[2026-09-17T17:47:57.030Z] [DEBUG] RSS ok: gb/macos/Productivity/top-free entries=99
[2026-09-17T17:48:07.036Z] [DEBUG] Hits: gb/macos/Productivity/top-free 4 app(s) found
[2026-09-17T17:48:07.827Z] [DEBUG] RSS ok: gb/macos/Utilities/top-free entries=100
[2026-09-17T17:48:17.834Z] [DEBUG] Hits: gb/macos/Utilities/top-free 3 app(s) found
[2026-09-17T17:48:18.748Z] [DEBUG] RSS ok: ca/macos/Business/top-free entries=100
[2026-09-17T17:48:28.754Z] [DEBUG] Hits: ca/macos/Business/top-free 5 app(s) found
[2026-09-17T17:48:29.417Z] [DEBUG] RSS ok: ca/macos/Productivity/top-free entries=99
[2026-09-17T17:48:39.423Z] [DEBUG] Hits: ca/macos/Productivity/top-free 4 app(s) found
[2026-09-17T17:48:40.215Z] [DEBUG] RSS ok: ca/macos/Utilities/top-free entries=100
[2026-09-17T17:48:50.934Z] [DEBUG] RSS ok: fr/macos/Business/top-free entries=99
[2026-09-17T17:49:00.940Z] [DEBUG] Hits: fr/macos/Business/top-free 3 app(s) found
[2026-09-17T17:49:00.940Z] [INFO] RSS progress: 10/60 (10 ok, 0 error, 34 points)
[2026-09-17T17:49:01.716Z] [DEBUG] RSS ok: fr/macos/Productivity/top-free entries=99
[2026-09-17T17:49:11.722Z] [DEBUG] Hits: fr/macos/Productivity/top-free 4 app(s) found
[2026-09-17T17:49:12.605Z] [DEBUG] RSS ok: fr/macos/Utilities/top-free entries=100
[2026-09-17T17:49:22.611Z] [DEBUG] Hits: fr/macos/Utilities/top-free 2 app(s) found
[2026-09-17T17:49:23.706Z] [DEBUG] RSS ok: de/macos/Business/top-free entries=99
[2026-09-17T17:49:34.437Z] [DEBUG] RSS ok: de/macos/Productivity/top-free entries=99
[2026-09-17T17:49:44.444Z] [DEBUG] Hits: de/macos/Productivity/top-free 4 app(s) found
[2026-09-17T17:49:45.155Z] [DEBUG] RSS ok: de/macos/Utilities/top-free entries=100
[2026-09-17T17:49:55.162Z] [DEBUG] Hits: de/macos/Utilities/top-free 3 app(s) found
[2026-09-17T17:49:55.919Z] [DEBUG] RSS ok: jp/macos/Business/top-free entries=100
[2026-09-17T17:50:05.925Z] [DEBUG] Hits: jp/macos/Business/top-free 2 app(s) found
[2026-09-17T17:50:06.676Z] [DEBUG] RSS ok: jp/macos/Productivity/top-free entries=99
[2026-09-17T17:50:16.682Z] [DEBUG] Hits: jp/macos/Productivity/top-free 3 app(s) found
[2026-09-17T17:50:17.454Z] [DEBUG] RSS ok: jp/macos/Utilities/top-free entries=100
[2026-09-17T17:50:27.460Z] [DEBUG] Hits: jp/macos/Utilities/top-free 4 app(s) found
[2026-09-17T17:50:28.148Z] [DEBUG] RSS ok: au/macos/Business/top-free entries=100
[2026-09-17T17:50:38.154Z] [DEBUG] Hits: au/macos/Business/top-free 4 app(s) found
[2026-09-17T17:50:39.016Z] [DEBUG] RSS ok: au/macos/Productivity/top-free entries=99
[2026-09-17T17:50:49.022Z] [DEBUG] Hits: au/macos/Productivity/top-free 4 app(s) found
[2026-09-17T17:50:49.022Z] [INFO] RSS progress: 20/60 (20 ok, 0 error, 64 points)
[2026-09-17T17:50:49.954Z] [DEBUG] RSS ok: au/macos/Utilities/top-free entries=100
[2026-09-17T17:50:59.960Z] [DEBUG] Hits: au/macos/Utilities/top-free 1 app(s) found
[2026-09-17T17:51:00.660Z] [DEBUG] RSS ok: es/macos/Business/top-free entries=100
[2026-09-17T17:51:10.666Z] [DEBUG] Hits: es/macos/Business/top-free 3 app(s) found
[2026-09-17T17:51:11.333Z] [DEBUG] RSS ok: es/macos/Productivity/top-free entries=99
[2026-09-17T17:51:21.339Z] [DEBUG] Hits: es/macos/Productivity/top-free 5 app(s) found
[2026-09-17T17:51:22.290Z] [DEBUG] RSS ok: es/macos/Utilities/top-free entries=100
[2026-09-17T17:51:32.296Z] [DEBUG] Hits: es/macos/Utilities/top-free 1 app(s) found
[2026-09-17T17:51:33.098Z] [DEBUG] RSS ok: it/macos/Business/top-free entries=100
[2026-09-17T17:51:43.104Z] [DEBUG] Hits: it/macos/Business/top-free 2 app(s) found
[2026-09-17T17:51:44.103Z] [DEBUG] RSS ok: it/macos/Productivity/top-free entries=99
[2026-09-17T17:51:54.109Z] [DEBUG] Hits: it/macos/Productivity/top-free 5 app(s) found
[2026-09-17T17:51:54.887Z] [DEBUG] RSS ok: it/macos/Utilities/top-free entries=100
[2026-09-17T17:52:04.893Z] [DEBUG] Hits: it/macos/Utilities/top-free 1 app(s) found
[2026-09-17T17:52:05.737Z] [DEBUG] RSS ok: pt/macos/Business/top-free entries=100
[2026-09-17T17:52:15.744Z] [DEBUG] Hits: pt/macos/Business/top-free 3 app(s) found
[2026-09-17T17:52:16.461Z] [DEBUG] RSS ok: pt/macos/Productivity/top-free entries=99
[2026-09-17T17:52:26.468Z] [DEBUG] Hits: pt/macos/Productivity/top-free 4 app(s) found
[2026-09-17T17:52:27.320Z] [DEBUG] RSS ok: pt/macos/Utilities/top-free entries=100
[2026-09-17T17:52:37.326Z] [INFO] RSS progress: 30/60 (30 ok, 0 error, 89 points)
[2026-09-17T17:52:38.102Z] [DEBUG] RSS ok: ch/macos/Business/top-free entries=100
[2026-09-17T17:52:48.108Z] [DEBUG] Hits: ch/macos/Business/top-free 4 app(s) found
[2026-09-17T17:52:48.930Z] [DEBUG] RSS ok: ch/macos/Productivity/top-free entries=99
[2026-09-17T17:52:58.936Z] [DEBUG] Hits: ch/macos/Productivity/top-free 5 app(s) found
[2026-09-17T17:52:59.680Z] [DEBUG] RSS ok: ch/macos/Utilities/top-free entries=100
[2026-09-17T17:53:09.687Z] [DEBUG] Hits: ch/macos/Utilities/top-free 3 app(s) found
[2026-09-17T17:53:10.597Z] [DEBUG] RSS ok: be/macos/Business/top-free entries=100
[2026-09-17T17:53:20.603Z] [DEBUG] Hits: be/macos/Business/top-free 3 app(s) found
[2026-09-17T17:53:21.249Z] [DEBUG] RSS ok: be/macos/Productivity/top-free entries=99
[2026-09-17T17:53:31.255Z] [DEBUG] Hits: be/macos/Productivity/top-free 3 app(s) found
[2026-09-17T17:53:32.006Z] [DEBUG] RSS ok: be/macos/Utilities/top-free entries=100
[2026-09-17T17:53:42.013Z] [DEBUG] Hits: be/macos/Utilities/top-free 3 app(s) found
[2026-09-17T17:53:42.722Z] [DEBUG] RSS ok: nl/macos/Business/top-free entries=100
[2026-09-17T17:53:52.728Z] [DEBUG] Hits: nl/macos/Business/top-free 3 app(s) found
[2026-09-17T17:53:53.484Z] [DEBUG] RSS ok: nl/macos/Productivity/top-free entries=99
[2026-09-17T17:54:03.490Z] [DEBUG] Hits: nl/macos/Productivity/top-free 4 app(s) found
[2026-09-17T17:54:04.256Z] [DEBUG] RSS ok: nl/macos/Utilities/top-free entries=100
[2026-09-17T17:54:14.262Z] [DEBUG] Hits: nl/macos/Utilities/top-free 2 app(s) found
[2026-09-17T17:54:15.180Z] [DEBUG] RSS ok: tw/macos/Business/top-free entries=100
[2026-09-17T17:54:25.185Z] [INFO] RSS progress: 40/60 (40 ok, 0 error, 123 points)
[2026-09-17T17:54:25.185Z] [DEBUG] Hits: tw/macos/Business/top-free 4 app(s) found
[2026-09-17T17:54:25.896Z] [DEBUG] RSS ok: tw/macos/Productivity/top-free entries=99
[2026-09-17T17:54:35.902Z] [DEBUG] Hits: tw/macos/Productivity/top-free 4 app(s) found
[2026-09-17T17:54:36.722Z] [DEBUG] RSS ok: tw/macos/Utilities/top-free entries=100
[2026-09-17T17:54:47.358Z] [DEBUG] RSS ok: hk/macos/Business/top-free entries=94
[2026-09-17T17:54:57.364Z] [DEBUG] Hits: hk/macos/Business/top-free 2 app(s) found
[2026-09-17T17:54:58.166Z] [DEBUG] RSS ok: hk/macos/Productivity/top-free entries=99
[2026-09-17T17:55:08.172Z] [DEBUG] Hits: hk/macos/Productivity/top-free 4 app(s) found
[2026-09-17T17:55:08.897Z] [DEBUG] RSS ok: hk/macos/Utilities/top-free entries=100
[2026-09-17T17:55:18.903Z] [DEBUG] Hits: hk/macos/Utilities/top-free 1 app(s) found
[2026-09-17T17:55:19.681Z] [DEBUG] RSS ok: nz/macos/Business/top-free entries=100
[2026-09-17T17:55:29.686Z] [DEBUG] Hits: nz/macos/Business/top-free 3 app(s) found
[2026-09-17T17:55:30.334Z] [DEBUG] RSS ok: nz/macos/Productivity/top-free entries=99
[2026-09-17T17:55:40.340Z] [DEBUG] Hits: nz/macos/Productivity/top-free 4 app(s) found
[2026-09-17T17:55:41.043Z] [DEBUG] RSS ok: nz/macos/Utilities/top-free entries=100
[2026-09-17T17:55:51.796Z] [DEBUG] RSS ok: sg/macos/Business/top-free entries=100
[2026-09-17T17:56:01.802Z] [DEBUG] Hits: sg/macos/Business/top-free 4 app(s) found
[2026-09-17T17:56:02.543Z] [DEBUG] RSS ok: sg/macos/Productivity/top-free entries=99
[2026-09-17T17:56:12.551Z] [DEBUG] Hits: sg/macos/Productivity/top-free 3 app(s) found
[2026-09-17T17:56:12.551Z] [INFO] RSS progress: 50/60 (50 ok, 0 error, 148 points)
[2026-09-17T17:56:13.217Z] [DEBUG] RSS ok: sg/macos/Utilities/top-free entries=100
[2026-09-17T17:56:23.223Z] [DEBUG] Hits: sg/macos/Utilities/top-free 1 app(s) found
[2026-09-17T17:56:24.577Z] [DEBUG] RSS ok: in/macos/Business/top-free entries=100
[2026-09-17T17:56:34.583Z] [DEBUG] Hits: in/macos/Business/top-free 3 app(s) found
[2026-09-17T17:56:35.361Z] [DEBUG] RSS ok: in/macos/Productivity/top-free entries=99
[2026-09-17T17:56:45.367Z] [DEBUG] Hits: in/macos/Productivity/top-free 3 app(s) found
[2026-09-17T17:56:46.070Z] [DEBUG] RSS ok: in/macos/Utilities/top-free entries=100
[2026-09-17T17:56:56.772Z] [DEBUG] RSS ok: za/macos/Business/top-free entries=99
[2026-09-17T17:57:06.778Z] [DEBUG] Hits: za/macos/Business/top-free 3 app(s) found
[2026-09-17T17:57:07.533Z] [DEBUG] RSS ok: za/macos/Productivity/top-free entries=99
[2026-09-17T17:57:17.540Z] [DEBUG] Hits: za/macos/Productivity/top-free 3 app(s) found
[2026-09-17T17:57:18.385Z] [DEBUG] RSS ok: za/macos/Utilities/top-free entries=100
[2026-09-17T17:57:28.391Z] [DEBUG] Hits: za/macos/Utilities/top-free 3 app(s) found
[2026-09-17T17:57:29.267Z] [DEBUG] RSS ok: br/macos/Business/top-free entries=100
[2026-09-17T17:57:39.273Z] [DEBUG] Hits: br/macos/Business/top-free 1 app(s) found
[2026-09-17T17:57:40.100Z] [DEBUG] RSS ok: br/macos/Productivity/top-free entries=99
[2026-09-17T17:57:50.106Z] [DEBUG] Hits: br/macos/Productivity/top-free 3 app(s) found
[2026-09-17T17:57:51.087Z] [DEBUG] RSS ok: br/macos/Utilities/top-free entries=100
[2026-09-17T17:58:01.093Z] [INFO] RSS progress: 60/60 (60 ok, 0 error, 168 points)
[2026-09-17T17:58:01.093Z] [INFO] RSS fetch done: 60 ok, 0 error, 168 points
[2026-09-17T17:58:01.093Z] [INFO] Platform max returned: macos = 100
[2026-09-17T17:58:01.093Z] [INFO] RSS results: 60 ok, 0 error, 168 rank points
[2026-09-17T17:58:01.118Z] [INFO] Stored: 60 crawls, 168 points
[2026-09-17T17:58:01.142Z] [INFO] current.json written rows=23
[2026-09-17T17:58:01.143Z] [INFO] Current summary: on_chart=168, not_on_chart=286, depth_limited=6, crawl_error=0, total=460
[2026-09-17T17:58:01.143Z] [INFO] === Crawl complete === 647.9s
[2026-09-17T18:47:11.864Z] [INFO] === Crawl start === ts=2026-09-17T18:00:00Z
[2026-09-17T18:47:11.869Z] [INFO] Config loaded apps=4, platforms=macos, categories=Business,Productivity,Utilities
[2026-09-17T18:47:11.869Z] [INFO] App IDs to track: 23 our=4, competitors=19
[2026-09-17T18:47:11.871Z] [INFO] Lookup cached fetched_at=2026-09-17T00:47:17.168Z, 23 apps
[2026-09-17T18:47:11.871Z] [INFO] RSS requests: 60 countries=20, platforms=macos, categories=Business,Productivity,Utilities
[2026-09-17T18:47:11.872Z] [INFO] RSS fetch start: 60 requests, concurrency=1
[2026-09-17T18:47:12.746Z] [DEBUG] RSS ok: us/macos/Business/top-free entries=100
[2026-09-17T18:47:22.749Z] [DEBUG] Hits: us/macos/Business/top-free 4 app(s) found
[2026-09-17T18:47:23.464Z] [DEBUG] RSS ok: us/macos/Productivity/top-free entries=99
[2026-09-17T18:47:33.471Z] [DEBUG] Hits: us/macos/Productivity/top-free 6 app(s) found
[2026-09-17T18:47:34.262Z] [DEBUG] RSS ok: us/macos/Utilities/top-free entries=100
[2026-09-17T18:47:44.268Z] [DEBUG] Hits: us/macos/Utilities/top-free 1 app(s) found
[2026-09-17T18:47:44.965Z] [DEBUG] RSS ok: gb/macos/Business/top-free entries=100
[2026-09-17T18:47:54.972Z] [DEBUG] Hits: gb/macos/Business/top-free 4 app(s) found
[2026-09-17T18:47:55.879Z] [DEBUG] RSS ok: gb/macos/Productivity/top-free entries=99
[2026-09-17T18:48:05.884Z] [DEBUG] Hits: gb/macos/Productivity/top-free 4 app(s) found
[2026-09-17T18:48:06.606Z] [DEBUG] RSS ok: gb/macos/Utilities/top-free entries=100
[2026-09-17T18:48:16.612Z] [DEBUG] Hits: gb/macos/Utilities/top-free 3 app(s) found
[2026-09-17T18:48:17.547Z] [DEBUG] RSS ok: ca/macos/Business/top-free entries=100
[2026-09-17T18:48:27.552Z] [DEBUG] Hits: ca/macos/Business/top-free 5 app(s) found
[2026-09-17T18:48:28.646Z] [DEBUG] RSS ok: ca/macos/Productivity/top-free entries=99
[2026-09-17T18:48:38.652Z] [DEBUG] Hits: ca/macos/Productivity/top-free 4 app(s) found
[2026-09-17T18:48:39.337Z] [DEBUG] RSS ok: ca/macos/Utilities/top-free entries=100
[2026-09-17T18:48:50.088Z] [DEBUG] RSS ok: fr/macos/Business/top-free entries=99
[2026-09-17T18:49:00.094Z] [DEBUG] Hits: fr/macos/Business/top-free 3 app(s) found
[2026-09-17T18:49:00.094Z] [INFO] RSS progress: 10/60 (10 ok, 0 error, 34 points)
[2026-09-17T18:49:00.953Z] [DEBUG] RSS ok: fr/macos/Productivity/top-free entries=99
[2026-09-17T18:49:10.959Z] [DEBUG] Hits: fr/macos/Productivity/top-free 4 app(s) found
[2026-09-17T18:49:11.655Z] [DEBUG] RSS ok: fr/macos/Utilities/top-free entries=100
[2026-09-17T18:49:21.660Z] [DEBUG] Hits: fr/macos/Utilities/top-free 2 app(s) found
[2026-09-17T18:49:22.357Z] [DEBUG] RSS ok: de/macos/Business/top-free entries=99
[2026-09-17T18:49:33.295Z] [DEBUG] RSS ok: de/macos/Productivity/top-free entries=99
[2026-09-17T18:49:43.302Z] [DEBUG] Hits: de/macos/Productivity/top-free 4 app(s) found
[2026-09-17T18:49:43.933Z] [DEBUG] RSS ok: de/macos/Utilities/top-free entries=100
[2026-09-17T18:49:53.939Z] [DEBUG] Hits: de/macos/Utilities/top-free 3 app(s) found
[2026-09-17T18:49:54.686Z] [DEBUG] RSS ok: jp/macos/Business/top-free entries=100
[2026-09-17T18:50:04.693Z] [DEBUG] Hits: jp/macos/Business/top-free 2 app(s) found
[2026-09-17T18:50:05.517Z] [DEBUG] RSS ok: jp/macos/Productivity/top-free entries=99
[2026-09-17T18:50:15.524Z] [DEBUG] Hits: jp/macos/Productivity/top-free 3 app(s) found
[2026-09-17T18:50:16.304Z] [DEBUG] RSS ok: jp/macos/Utilities/top-free entries=100
[2026-09-17T18:50:26.310Z] [DEBUG] Hits: jp/macos/Utilities/top-free 4 app(s) found
[2026-09-17T18:50:27.044Z] [DEBUG] RSS ok: au/macos/Business/top-free entries=100
[2026-09-17T18:50:37.046Z] [DEBUG] Hits: au/macos/Business/top-free 4 app(s) found
[2026-09-17T18:50:37.755Z] [DEBUG] RSS ok: au/macos/Productivity/top-free entries=99
[2026-09-17T18:50:47.761Z] [DEBUG] Hits: au/macos/Productivity/top-free 4 app(s) found
[2026-09-17T18:50:47.761Z] [INFO] RSS progress: 20/60 (20 ok, 0 error, 64 points)
[2026-09-17T18:50:48.422Z] [DEBUG] RSS ok: au/macos/Utilities/top-free entries=100
[2026-09-17T18:50:58.428Z] [DEBUG] Hits: au/macos/Utilities/top-free 1 app(s) found
[2026-09-17T18:50:59.377Z] [DEBUG] RSS ok: es/macos/Business/top-free entries=100
[2026-09-17T18:51:09.383Z] [DEBUG] Hits: es/macos/Business/top-free 3 app(s) found
[2026-09-17T18:51:10.043Z] [DEBUG] RSS ok: es/macos/Productivity/top-free entries=99
[2026-09-17T18:51:20.050Z] [DEBUG] Hits: es/macos/Productivity/top-free 5 app(s) found
[2026-09-17T18:51:20.840Z] [DEBUG] RSS ok: es/macos/Utilities/top-free entries=100
[2026-09-17T18:51:30.846Z] [DEBUG] Hits: es/macos/Utilities/top-free 1 app(s) found
[2026-09-17T18:51:31.572Z] [DEBUG] RSS ok: it/macos/Business/top-free entries=100
[2026-09-17T18:51:41.579Z] [DEBUG] Hits: it/macos/Business/top-free 2 app(s) found
[2026-09-17T18:51:42.522Z] [DEBUG] RSS ok: it/macos/Productivity/top-free entries=99
[2026-09-17T18:51:52.528Z] [DEBUG] Hits: it/macos/Productivity/top-free 5 app(s) found
[2026-09-17T18:51:53.337Z] [DEBUG] RSS ok: it/macos/Utilities/top-free entries=100
[2026-09-17T18:52:03.343Z] [DEBUG] Hits: it/macos/Utilities/top-free 1 app(s) found
[2026-09-17T18:52:04.051Z] [DEBUG] RSS ok: pt/macos/Business/top-free entries=100
[2026-09-17T18:52:14.054Z] [DEBUG] Hits: pt/macos/Business/top-free 3 app(s) found
[2026-09-17T18:52:14.861Z] [DEBUG] RSS ok: pt/macos/Productivity/top-free entries=99
[2026-09-17T18:52:24.868Z] [DEBUG] Hits: pt/macos/Productivity/top-free 4 app(s) found
[2026-09-17T18:52:25.426Z] [DEBUG] RSS ok: pt/macos/Utilities/top-free entries=100
[2026-09-17T18:52:35.428Z] [INFO] RSS progress: 30/60 (30 ok, 0 error, 89 points)
[2026-09-17T18:52:36.167Z] [DEBUG] RSS ok: ch/macos/Business/top-free entries=100
[2026-09-17T18:52:46.172Z] [DEBUG] Hits: ch/macos/Business/top-free 4 app(s) found
[2026-09-17T18:52:47.001Z] [DEBUG] RSS ok: ch/macos/Productivity/top-free entries=99
[2026-09-17T18:52:57.007Z] [DEBUG] Hits: ch/macos/Productivity/top-free 5 app(s) found
[2026-09-17T18:52:57.856Z] [DEBUG] RSS ok: ch/macos/Utilities/top-free entries=100
[2026-09-17T18:53:07.862Z] [DEBUG] Hits: ch/macos/Utilities/top-free 3 app(s) found
[2026-09-17T18:53:08.467Z] [DEBUG] RSS ok: be/macos/Business/top-free entries=100
[2026-09-17T18:53:18.473Z] [DEBUG] Hits: be/macos/Business/top-free 3 app(s) found
[2026-09-17T18:53:19.144Z] [DEBUG] RSS ok: be/macos/Productivity/top-free entries=99
[2026-09-17T18:53:29.148Z] [DEBUG] Hits: be/macos/Productivity/top-free 3 app(s) found
[2026-09-17T18:53:29.996Z] [DEBUG] RSS ok: be/macos/Utilities/top-free entries=100
[2026-09-17T18:53:40.002Z] [DEBUG] Hits: be/macos/Utilities/top-free 3 app(s) found
[2026-09-17T18:53:40.679Z] [DEBUG] RSS ok: nl/macos/Business/top-free entries=100
[2026-09-17T18:53:50.684Z] [DEBUG] Hits: nl/macos/Business/top-free 3 app(s) found
[2026-09-17T18:53:51.330Z] [DEBUG] RSS ok: nl/macos/Productivity/top-free entries=99
[2026-09-17T18:54:01.336Z] [DEBUG] Hits: nl/macos/Productivity/top-free 4 app(s) found
[2026-09-17T18:54:02.217Z] [DEBUG] RSS ok: nl/macos/Utilities/top-free entries=100
[2026-09-17T18:54:12.220Z] [DEBUG] Hits: nl/macos/Utilities/top-free 2 app(s) found
[2026-09-17T18:54:13.020Z] [DEBUG] RSS ok: tw/macos/Business/top-free entries=100
[2026-09-17T18:54:23.026Z] [INFO] RSS progress: 40/60 (40 ok, 0 error, 123 points)
[2026-09-17T18:54:23.026Z] [DEBUG] Hits: tw/macos/Business/top-free 4 app(s) found
[2026-09-17T18:54:23.974Z] [DEBUG] RSS ok: tw/macos/Productivity/top-free entries=99
[2026-09-17T18:54:33.980Z] [DEBUG] Hits: tw/macos/Productivity/top-free 4 app(s) found
[2026-09-17T18:54:34.574Z] [DEBUG] RSS ok: tw/macos/Utilities/top-free entries=100
[2026-09-17T18:54:45.285Z] [DEBUG] RSS ok: hk/macos/Business/top-free entries=94
[2026-09-17T18:54:55.291Z] [DEBUG] Hits: hk/macos/Business/top-free 2 app(s) found
[2026-09-17T18:54:56.001Z] [DEBUG] RSS ok: hk/macos/Productivity/top-free entries=99
[2026-09-17T18:55:06.007Z] [DEBUG] Hits: hk/macos/Productivity/top-free 4 app(s) found
[2026-09-17T18:55:06.842Z] [DEBUG] RSS ok: hk/macos/Utilities/top-free entries=100
[2026-09-17T18:55:16.848Z] [DEBUG] Hits: hk/macos/Utilities/top-free 1 app(s) found
[2026-09-17T18:55:17.791Z] [DEBUG] RSS ok: nz/macos/Business/top-free entries=100
[2026-09-17T18:55:27.797Z] [DEBUG] Hits: nz/macos/Business/top-free 3 app(s) found
[2026-09-17T18:55:28.581Z] [DEBUG] RSS ok: nz/macos/Productivity/top-free entries=99
[2026-09-17T18:55:38.587Z] [DEBUG] Hits: nz/macos/Productivity/top-free 4 app(s) found
[2026-09-17T18:55:39.277Z] [DEBUG] RSS ok: nz/macos/Utilities/top-free entries=100
[2026-09-17T18:55:50.151Z] [DEBUG] RSS ok: sg/macos/Business/top-free entries=100
[2026-09-17T18:56:00.156Z] [DEBUG] Hits: sg/macos/Business/top-free 4 app(s) found
[2026-09-17T18:56:00.957Z] [DEBUG] RSS ok: sg/macos/Productivity/top-free entries=99
[2026-09-17T18:56:10.963Z] [DEBUG] Hits: sg/macos/Productivity/top-free 3 app(s) found
[2026-09-17T18:56:10.964Z] [INFO] RSS progress: 50/60 (50 ok, 0 error, 148 points)
[2026-09-17T18:56:11.677Z] [DEBUG] RSS ok: sg/macos/Utilities/top-free entries=100
[2026-09-17T18:56:21.683Z] [DEBUG] Hits: sg/macos/Utilities/top-free 1 app(s) found
[2026-09-17T18:56:22.360Z] [DEBUG] RSS ok: in/macos/Business/top-free entries=100
[2026-09-17T18:56:32.367Z] [DEBUG] Hits: in/macos/Business/top-free 3 app(s) found
[2026-09-17T18:56:33.022Z] [DEBUG] RSS ok: in/macos/Productivity/top-free entries=99
[2026-09-17T18:56:43.028Z] [DEBUG] Hits: in/macos/Productivity/top-free 3 app(s) found
[2026-09-17T18:56:43.938Z] [DEBUG] RSS ok: in/macos/Utilities/top-free entries=100
[2026-09-17T18:56:54.782Z] [DEBUG] RSS ok: za/macos/Business/top-free entries=99
[2026-09-17T18:57:04.789Z] [DEBUG] Hits: za/macos/Business/top-free 3 app(s) found
[2026-09-17T18:57:05.609Z] [DEBUG] RSS ok: za/macos/Productivity/top-free entries=99
[2026-09-17T18:57:15.615Z] [DEBUG] Hits: za/macos/Productivity/top-free 3 app(s) found
[2026-09-17T18:57:16.408Z] [DEBUG] RSS ok: za/macos/Utilities/top-free entries=100
[2026-09-17T18:57:26.414Z] [DEBUG] Hits: za/macos/Utilities/top-free 3 app(s) found
[2026-09-17T18:57:27.371Z] [DEBUG] RSS ok: br/macos/Business/top-free entries=100
[2026-09-17T18:57:37.378Z] [DEBUG] Hits: br/macos/Business/top-free 1 app(s) found
[2026-09-17T18:57:38.340Z] [DEBUG] RSS ok: br/macos/Productivity/top-free entries=99
[2026-09-17T18:57:48.347Z] [DEBUG] Hits: br/macos/Productivity/top-free 3 app(s) found
[2026-09-17T18:57:49.251Z] [DEBUG] RSS ok: br/macos/Utilities/top-free entries=100
[2026-09-17T18:57:59.251Z] [INFO] RSS progress: 60/60 (60 ok, 0 error, 168 points)
[2026-09-17T18:57:59.252Z] [INFO] Platform max returned: macos = 100
[2026-09-17T18:57:59.252Z] [INFO] RSS fetch done: 60 ok, 0 error, 168 points
[2026-09-17T18:57:59.252Z] [INFO] RSS results: 60 ok, 0 error, 168 rank points
[2026-09-17T18:57:59.298Z] [INFO] Stored: 60 crawls, 168 points
[2026-09-17T18:57:59.331Z] [INFO] current.json written rows=23
[2026-09-17T18:57:59.331Z] [INFO] Current summary: on_chart=168, not_on_chart=286, depth_limited=6, crawl_error=0, total=460
[2026-09-17T18:57:59.332Z] [INFO] === Crawl complete === 647.5s
[2026-09-17T19:47:11.719Z] [INFO] === Crawl start === ts=2026-09-17T19:00:00Z
[2026-09-17T19:47:11.723Z] [INFO] Config loaded apps=4, platforms=macos, categories=Business,Productivity,Utilities
[2026-09-17T19:47:11.723Z] [INFO] App IDs to track: 23 our=4, competitors=19
[2026-09-17T19:47:11.725Z] [INFO] Lookup cached fetched_at=2026-09-17T00:47:17.168Z, 23 apps
[2026-09-17T19:47:11.726Z] [INFO] RSS requests: 60 countries=20, platforms=macos, categories=Business,Productivity,Utilities
[2026-09-17T19:47:11.726Z] [INFO] RSS fetch start: 60 requests, concurrency=1
[2026-09-17T19:47:12.612Z] [DEBUG] RSS ok: us/macos/Business/top-free entries=100
[2026-09-17T19:47:22.616Z] [DEBUG] Hits: us/macos/Business/top-free 4 app(s) found
[2026-09-17T19:47:23.463Z] [DEBUG] RSS ok: us/macos/Productivity/top-free entries=99
[2026-09-17T19:47:33.470Z] [DEBUG] Hits: us/macos/Productivity/top-free 6 app(s) found
[2026-09-17T19:47:34.324Z] [DEBUG] RSS ok: us/macos/Utilities/top-free entries=100
[2026-09-17T19:47:44.330Z] [DEBUG] Hits: us/macos/Utilities/top-free 1 app(s) found
[2026-09-17T19:47:45.175Z] [DEBUG] RSS ok: gb/macos/Business/top-free entries=100
[2026-09-17T19:47:55.181Z] [DEBUG] Hits: gb/macos/Business/top-free 4 app(s) found
[2026-09-17T19:47:55.920Z] [DEBUG] RSS ok: gb/macos/Productivity/top-free entries=99
[2026-09-17T19:48:05.922Z] [DEBUG] Hits: gb/macos/Productivity/top-free 4 app(s) found
[2026-09-17T19:48:06.712Z] [DEBUG] RSS ok: gb/macos/Utilities/top-free entries=100
[2026-09-17T19:48:16.719Z] [DEBUG] Hits: gb/macos/Utilities/top-free 3 app(s) found
[2026-09-17T19:48:17.562Z] [DEBUG] RSS ok: ca/macos/Business/top-free entries=100
[2026-09-17T19:48:27.568Z] [DEBUG] Hits: ca/macos/Business/top-free 5 app(s) found
[2026-09-17T19:48:28.390Z] [DEBUG] RSS ok: ca/macos/Productivity/top-free entries=99
[2026-09-17T19:48:38.394Z] [DEBUG] Hits: ca/macos/Productivity/top-free 5 app(s) found
[2026-09-17T19:48:39.315Z] [DEBUG] RSS ok: ca/macos/Utilities/top-free entries=100
[2026-09-17T19:48:50.085Z] [DEBUG] RSS ok: fr/macos/Business/top-free entries=99
[2026-09-17T19:49:00.091Z] [DEBUG] Hits: fr/macos/Business/top-free 3 app(s) found
[2026-09-17T19:49:00.091Z] [INFO] RSS progress: 10/60 (10 ok, 0 error, 35 points)
[2026-09-17T19:49:01.027Z] [DEBUG] RSS ok: fr/macos/Productivity/top-free entries=99
[2026-09-17T19:49:11.032Z] [DEBUG] Hits: fr/macos/Productivity/top-free 5 app(s) found
[2026-09-17T19:49:12.374Z] [DEBUG] RSS ok: fr/macos/Utilities/top-free entries=100
[2026-09-17T19:49:22.380Z] [DEBUG] Hits: fr/macos/Utilities/top-free 3 app(s) found
[2026-09-17T19:49:23.274Z] [DEBUG] RSS ok: de/macos/Business/top-free entries=99
[2026-09-17T19:49:34.104Z] [DEBUG] RSS ok: de/macos/Productivity/top-free entries=99
[2026-09-17T19:49:44.110Z] [DEBUG] Hits: de/macos/Productivity/top-free 4 app(s) found
[2026-09-17T19:49:45.015Z] [DEBUG] RSS ok: de/macos/Utilities/top-free entries=100
[2026-09-17T19:49:55.021Z] [DEBUG] Hits: de/macos/Utilities/top-free 2 app(s) found
[2026-09-17T19:49:56.018Z] [DEBUG] RSS ok: jp/macos/Business/top-free entries=100
[2026-09-17T19:50:06.024Z] [DEBUG] Hits: jp/macos/Business/top-free 2 app(s) found
[2026-09-17T19:50:06.859Z] [DEBUG] RSS ok: jp/macos/Productivity/top-free entries=99
[2026-09-17T19:50:16.865Z] [DEBUG] Hits: jp/macos/Productivity/top-free 3 app(s) found
[2026-09-17T19:50:17.793Z] [DEBUG] RSS ok: jp/macos/Utilities/top-free entries=100
[2026-09-17T19:50:27.800Z] [DEBUG] Hits: jp/macos/Utilities/top-free 4 app(s) found
[2026-09-17T19:50:28.630Z] [DEBUG] RSS ok: au/macos/Business/top-free entries=100
[2026-09-17T19:50:38.633Z] [DEBUG] Hits: au/macos/Business/top-free 4 app(s) found
[2026-09-17T19:50:39.421Z] [DEBUG] RSS ok: au/macos/Productivity/top-free entries=99
[2026-09-17T19:50:49.427Z] [DEBUG] Hits: au/macos/Productivity/top-free 3 app(s) found
[2026-09-17T19:50:49.427Z] [INFO] RSS progress: 20/60 (20 ok, 0 error, 65 points)
[2026-09-17T19:50:50.251Z] [DEBUG] RSS ok: au/macos/Utilities/top-free entries=100
[2026-09-17T19:51:00.258Z] [DEBUG] Hits: au/macos/Utilities/top-free 1 app(s) found
[2026-09-17T19:51:01.068Z] [DEBUG] RSS ok: es/macos/Business/top-free entries=100
[2026-09-17T19:51:11.074Z] [DEBUG] Hits: es/macos/Business/top-free 3 app(s) found
[2026-09-17T19:51:11.904Z] [DEBUG] RSS ok: es/macos/Productivity/top-free entries=99
[2026-09-17T19:51:21.910Z] [DEBUG] Hits: es/macos/Productivity/top-free 5 app(s) found
[2026-09-17T19:51:22.678Z] [DEBUG] RSS ok: es/macos/Utilities/top-free entries=100
[2026-09-17T19:51:32.685Z] [DEBUG] Hits: es/macos/Utilities/top-free 1 app(s) found
[2026-09-17T19:51:33.480Z] [DEBUG] RSS ok: it/macos/Business/top-free entries=100
[2026-09-17T19:51:43.485Z] [DEBUG] Hits: it/macos/Business/top-free 2 app(s) found
[2026-09-17T19:51:44.557Z] [DEBUG] RSS ok: it/macos/Productivity/top-free entries=99
[2026-09-17T19:51:54.563Z] [DEBUG] Hits: it/macos/Productivity/top-free 5 app(s) found
[2026-09-17T19:51:55.498Z] [DEBUG] RSS ok: it/macos/Utilities/top-free entries=100
[2026-09-17T19:52:05.501Z] [DEBUG] Hits: it/macos/Utilities/top-free 2 app(s) found
[2026-09-17T19:52:06.252Z] [DEBUG] RSS ok: pt/macos/Business/top-free entries=99
[2026-09-17T19:52:16.258Z] [DEBUG] Hits: pt/macos/Business/top-free 3 app(s) found
[2026-09-17T19:52:17.646Z] [DEBUG] RSS ok: pt/macos/Productivity/top-free entries=99
[2026-09-17T19:52:27.652Z] [DEBUG] Hits: pt/macos/Productivity/top-free 4 app(s) found
[2026-09-17T19:52:28.454Z] [DEBUG] RSS ok: pt/macos/Utilities/top-free entries=100
[2026-09-17T19:52:38.461Z] [INFO] RSS progress: 30/60 (30 ok, 0 error, 91 points)
[2026-09-17T19:52:40.922Z] [DEBUG] RSS ok: ch/macos/Business/top-free entries=100
[2026-09-17T19:52:50.929Z] [DEBUG] Hits: ch/macos/Business/top-free 2 app(s) found
[2026-09-17T19:52:51.845Z] [DEBUG] RSS ok: ch/macos/Productivity/top-free entries=99
[2026-09-17T19:53:01.851Z] [DEBUG] Hits: ch/macos/Productivity/top-free 5 app(s) found
[2026-09-17T19:53:02.755Z] [DEBUG] RSS ok: ch/macos/Utilities/top-free entries=100
[2026-09-17T19:53:12.762Z] [DEBUG] Hits: ch/macos/Utilities/top-free 3 app(s) found
[2026-09-17T19:53:13.704Z] [DEBUG] RSS ok: be/macos/Business/top-free entries=100
[2026-09-17T19:53:23.711Z] [DEBUG] Hits: be/macos/Business/top-free 2 app(s) found
[2026-09-17T19:53:24.653Z] [DEBUG] RSS ok: be/macos/Productivity/top-free entries=99
[2026-09-17T19:53:34.659Z] [DEBUG] Hits: be/macos/Productivity/top-free 4 app(s) found
[2026-09-17T19:53:35.455Z] [DEBUG] RSS ok: be/macos/Utilities/top-free entries=100
[2026-09-17T19:53:45.461Z] [DEBUG] Hits: be/macos/Utilities/top-free 3 app(s) found
[2026-09-17T19:53:46.278Z] [DEBUG] RSS ok: nl/macos/Business/top-free entries=100
[2026-09-17T19:53:56.284Z] [DEBUG] Hits: nl/macos/Business/top-free 3 app(s) found
[2026-09-17T19:53:57.153Z] [DEBUG] RSS ok: nl/macos/Productivity/top-free entries=99
[2026-09-17T19:54:07.154Z] [DEBUG] Hits: nl/macos/Productivity/top-free 4 app(s) found
[2026-09-17T19:54:07.907Z] [DEBUG] RSS ok: nl/macos/Utilities/top-free entries=100
[2026-09-17T19:54:17.913Z] [DEBUG] Hits: nl/macos/Utilities/top-free 1 app(s) found
[2026-09-17T19:54:18.739Z] [DEBUG] RSS ok: tw/macos/Business/top-free entries=100
[2026-09-17T19:54:28.745Z] [DEBUG] Hits: tw/macos/Business/top-free 4 app(s) found
[2026-09-17T19:54:28.745Z] [INFO] RSS progress: 40/60 (40 ok, 0 error, 122 points)
[2026-09-17T19:54:29.549Z] [DEBUG] RSS ok: tw/macos/Productivity/top-free entries=99
[2026-09-17T19:54:39.554Z] [DEBUG] Hits: tw/macos/Productivity/top-free 3 app(s) found
[2026-09-17T19:54:40.401Z] [DEBUG] RSS ok: tw/macos/Utilities/top-free entries=100
[2026-09-17T19:54:51.207Z] [DEBUG] RSS ok: hk/macos/Business/top-free entries=94
[2026-09-17T19:55:01.213Z] [DEBUG] Hits: hk/macos/Business/top-free 2 app(s) found
[2026-09-17T19:55:01.943Z] [DEBUG] RSS ok: hk/macos/Productivity/top-free entries=99
[2026-09-17T19:55:11.950Z] [DEBUG] Hits: hk/macos/Productivity/top-free 4 app(s) found
[2026-09-17T19:55:12.881Z] [DEBUG] RSS ok: hk/macos/Utilities/top-free entries=100
[2026-09-17T19:55:22.886Z] [DEBUG] Hits: hk/macos/Utilities/top-free 1 app(s) found
[2026-09-17T19:55:23.720Z] [DEBUG] RSS ok: nz/macos/Business/top-free entries=100
[2026-09-17T19:55:33.726Z] [DEBUG] Hits: nz/macos/Business/top-free 3 app(s) found
[2026-09-17T19:55:34.630Z] [DEBUG] RSS ok: nz/macos/Productivity/top-free entries=99
[2026-09-17T19:55:44.636Z] [DEBUG] Hits: nz/macos/Productivity/top-free 4 app(s) found
[2026-09-17T19:55:45.619Z] [DEBUG] RSS ok: nz/macos/Utilities/top-free entries=100
[2026-09-17T19:55:56.352Z] [DEBUG] RSS ok: sg/macos/Business/top-free entries=100
[2026-09-17T19:56:06.357Z] [DEBUG] Hits: sg/macos/Business/top-free 4 app(s) found
[2026-09-17T19:56:07.079Z] [DEBUG] RSS ok: sg/macos/Productivity/top-free entries=99
[2026-09-17T19:56:17.086Z] [DEBUG] Hits: sg/macos/Productivity/top-free 3 app(s) found
[2026-09-17T19:56:17.086Z] [INFO] RSS progress: 50/60 (50 ok, 0 error, 146 points)
[2026-09-17T19:56:17.921Z] [DEBUG] RSS ok: sg/macos/Utilities/top-free entries=100
[2026-09-17T19:56:27.927Z] [DEBUG] Hits: sg/macos/Utilities/top-free 1 app(s) found
[2026-09-17T19:56:28.855Z] [DEBUG] RSS ok: in/macos/Business/top-free entries=100
[2026-09-17T19:56:38.862Z] [DEBUG] Hits: in/macos/Business/top-free 3 app(s) found
[2026-09-17T19:56:39.710Z] [DEBUG] RSS ok: in/macos/Productivity/top-free entries=99
[2026-09-17T19:56:49.712Z] [DEBUG] Hits: in/macos/Productivity/top-free 3 app(s) found
[2026-09-17T19:56:50.444Z] [DEBUG] RSS ok: in/macos/Utilities/top-free entries=100
[2026-09-17T19:57:01.462Z] [DEBUG] RSS ok: za/macos/Business/top-free entries=99
[2026-09-17T19:57:11.469Z] [DEBUG] Hits: za/macos/Business/top-free 4 app(s) found
[2026-09-17T19:57:13.394Z] [DEBUG] RSS ok: za/macos/Productivity/top-free entries=99
[2026-09-17T19:57:23.400Z] [DEBUG] Hits: za/macos/Productivity/top-free 3 app(s) found
[2026-09-17T19:57:24.410Z] [DEBUG] RSS ok: za/macos/Utilities/top-free entries=100
[2026-09-17T19:57:34.417Z] [DEBUG] Hits: za/macos/Utilities/top-free 3 app(s) found
[2026-09-17T19:57:35.455Z] [DEBUG] RSS ok: br/macos/Business/top-free entries=100
[2026-09-17T19:57:45.461Z] [DEBUG] Hits: br/macos/Business/top-free 2 app(s) found
[2026-09-17T19:57:46.322Z] [DEBUG] RSS ok: br/macos/Productivity/top-free entries=99
[2026-09-17T19:57:56.328Z] [DEBUG] Hits: br/macos/Productivity/top-free 3 app(s) found
[2026-09-17T19:57:57.086Z] [DEBUG] RSS ok: br/macos/Utilities/top-free entries=100
[2026-09-17T19:58:07.090Z] [INFO] RSS progress: 60/60 (60 ok, 0 error, 168 points)
[2026-09-17T19:58:07.090Z] [INFO] RSS fetch done: 60 ok, 0 error, 168 points
[2026-09-17T19:58:07.090Z] [INFO] Platform max returned: macos = 100
[2026-09-17T19:58:07.091Z] [INFO] RSS results: 60 ok, 0 error, 168 rank points
[2026-09-17T19:58:07.134Z] [INFO] Stored: 60 crawls, 168 points
[2026-09-17T19:58:07.167Z] [INFO] current.json written rows=23
[2026-09-17T19:58:07.168Z] [INFO] Current summary: on_chart=168, not_on_chart=286, depth_limited=6, crawl_error=0, total=460
[2026-09-17T19:58:07.168Z] [INFO] === Crawl complete === 655.5s
[2026-09-17T20:47:11.724Z] [INFO] === Crawl start === ts=2026-09-17T20:00:00Z
[2026-09-17T20:47:11.729Z] [INFO] Config loaded apps=4, platforms=macos, categories=Business,Productivity,Utilities
[2026-09-17T20:47:11.729Z] [INFO] App IDs to track: 23 our=4, competitors=19
[2026-09-17T20:47:11.730Z] [INFO] Lookup cached fetched_at=2026-09-17T00:47:17.168Z, 23 apps
[2026-09-17T20:47:11.731Z] [INFO] RSS requests: 60 countries=20, platforms=macos, categories=Business,Productivity,Utilities
[2026-09-17T20:47:11.731Z] [INFO] RSS fetch start: 60 requests, concurrency=1
[2026-09-17T20:47:12.512Z] [DEBUG] RSS ok: us/macos/Business/top-free entries=100
[2026-09-17T20:47:22.514Z] [DEBUG] Hits: us/macos/Business/top-free 4 app(s) found
[2026-09-17T20:47:23.437Z] [DEBUG] RSS ok: us/macos/Productivity/top-free entries=99
[2026-09-17T20:47:33.443Z] [DEBUG] Hits: us/macos/Productivity/top-free 6 app(s) found
[2026-09-17T20:47:34.388Z] [DEBUG] RSS ok: us/macos/Utilities/top-free entries=100
[2026-09-17T20:47:44.392Z] [DEBUG] Hits: us/macos/Utilities/top-free 1 app(s) found
[2026-09-17T20:47:45.322Z] [DEBUG] RSS ok: gb/macos/Business/top-free entries=100
[2026-09-17T20:47:55.328Z] [DEBUG] Hits: gb/macos/Business/top-free 4 app(s) found
[2026-09-17T20:47:56.017Z] [DEBUG] RSS ok: gb/macos/Productivity/top-free entries=99
[2026-09-17T20:48:06.023Z] [DEBUG] Hits: gb/macos/Productivity/top-free 4 app(s) found
[2026-09-17T20:48:06.810Z] [DEBUG] RSS ok: gb/macos/Utilities/top-free entries=100
[2026-09-17T20:48:16.816Z] [DEBUG] Hits: gb/macos/Utilities/top-free 3 app(s) found
[2026-09-17T20:48:17.673Z] [DEBUG] RSS ok: ca/macos/Business/top-free entries=100
[2026-09-17T20:48:27.679Z] [DEBUG] Hits: ca/macos/Business/top-free 5 app(s) found
[2026-09-17T20:48:28.487Z] [DEBUG] RSS ok: ca/macos/Productivity/top-free entries=99
[2026-09-17T20:48:38.494Z] [DEBUG] Hits: ca/macos/Productivity/top-free 5 app(s) found
[2026-09-17T20:48:39.352Z] [DEBUG] RSS ok: ca/macos/Utilities/top-free entries=100
[2026-09-17T20:48:50.220Z] [DEBUG] RSS ok: fr/macos/Business/top-free entries=99
[2026-09-17T20:49:00.226Z] [DEBUG] Hits: fr/macos/Business/top-free 3 app(s) found
[2026-09-17T20:49:00.226Z] [INFO] RSS progress: 10/60 (10 ok, 0 error, 35 points)
[2026-09-17T20:49:01.180Z] [DEBUG] RSS ok: fr/macos/Productivity/top-free entries=99
[2026-09-17T20:49:11.187Z] [DEBUG] Hits: fr/macos/Productivity/top-free 5 app(s) found
[2026-09-17T20:49:12.535Z] [DEBUG] RSS ok: fr/macos/Utilities/top-free entries=100
[2026-09-17T20:49:22.538Z] [DEBUG] Hits: fr/macos/Utilities/top-free 3 app(s) found
[2026-09-17T20:49:23.436Z] [DEBUG] RSS ok: de/macos/Business/top-free entries=99
[2026-09-17T20:49:34.140Z] [DEBUG] RSS ok: de/macos/Productivity/top-free entries=99
[2026-09-17T20:49:44.146Z] [DEBUG] Hits: de/macos/Productivity/top-free 4 app(s) found
[2026-09-17T20:49:45.053Z] [DEBUG] RSS ok: de/macos/Utilities/top-free entries=100
[2026-09-17T20:49:55.059Z] [DEBUG] Hits: de/macos/Utilities/top-free 2 app(s) found
[2026-09-17T20:49:56.018Z] [DEBUG] RSS ok: jp/macos/Business/top-free entries=100
[2026-09-17T20:50:06.023Z] [DEBUG] Hits: jp/macos/Business/top-free 2 app(s) found
[2026-09-17T20:50:07.027Z] [DEBUG] RSS ok: jp/macos/Productivity/top-free entries=99
[2026-09-17T20:50:17.033Z] [DEBUG] Hits: jp/macos/Productivity/top-free 3 app(s) found
[2026-09-17T20:50:17.633Z] [DEBUG] RSS ok: jp/macos/Utilities/top-free entries=100
[2026-09-17T20:50:27.639Z] [DEBUG] Hits: jp/macos/Utilities/top-free 4 app(s) found
[2026-09-17T20:50:28.537Z] [DEBUG] RSS ok: au/macos/Business/top-free entries=100
[2026-09-17T20:50:38.543Z] [DEBUG] Hits: au/macos/Business/top-free 4 app(s) found
[2026-09-17T20:50:39.407Z] [DEBUG] RSS ok: au/macos/Productivity/top-free entries=99
[2026-09-17T20:50:49.413Z] [DEBUG] Hits: au/macos/Productivity/top-free 3 app(s) found
[2026-09-17T20:50:49.413Z] [INFO] RSS progress: 20/60 (20 ok, 0 error, 65 points)
[2026-09-17T20:50:50.458Z] [DEBUG] RSS ok: au/macos/Utilities/top-free entries=100
[2026-09-17T20:51:00.465Z] [DEBUG] Hits: au/macos/Utilities/top-free 1 app(s) found
[2026-09-17T20:51:01.263Z] [DEBUG] RSS ok: es/macos/Business/top-free entries=100
[2026-09-17T20:51:11.269Z] [DEBUG] Hits: es/macos/Business/top-free 3 app(s) found
[2026-09-17T20:51:11.979Z] [DEBUG] RSS ok: es/macos/Productivity/top-free entries=99
[2026-09-17T20:51:21.985Z] [DEBUG] Hits: es/macos/Productivity/top-free 5 app(s) found
[2026-09-17T20:51:22.720Z] [DEBUG] RSS ok: es/macos/Utilities/top-free entries=100
[2026-09-17T20:51:32.726Z] [DEBUG] Hits: es/macos/Utilities/top-free 1 app(s) found
[2026-09-17T20:51:33.512Z] [DEBUG] RSS ok: it/macos/Business/top-free entries=100
[2026-09-17T20:51:43.519Z] [DEBUG] Hits: it/macos/Business/top-free 2 app(s) found
[2026-09-17T20:51:44.287Z] [DEBUG] RSS ok: it/macos/Productivity/top-free entries=99
[2026-09-17T20:51:54.289Z] [DEBUG] Hits: it/macos/Productivity/top-free 5 app(s) found
[2026-09-17T20:51:54.971Z] [DEBUG] RSS ok: it/macos/Utilities/top-free entries=100
[2026-09-17T20:52:04.975Z] [DEBUG] Hits: it/macos/Utilities/top-free 2 app(s) found
[2026-09-17T20:52:05.763Z] [DEBUG] RSS ok: pt/macos/Business/top-free entries=99
[2026-09-17T20:52:15.769Z] [DEBUG] Hits: pt/macos/Business/top-free 3 app(s) found
[2026-09-17T20:52:16.757Z] [DEBUG] RSS ok: pt/macos/Productivity/top-free entries=99
[2026-09-17T20:52:26.763Z] [DEBUG] Hits: pt/macos/Productivity/top-free 4 app(s) found
[2026-09-17T20:52:27.974Z] [DEBUG] RSS ok: pt/macos/Utilities/top-free entries=100
[2026-09-17T20:52:37.980Z] [INFO] RSS progress: 30/60 (30 ok, 0 error, 91 points)
[2026-09-17T20:52:38.734Z] [DEBUG] RSS ok: ch/macos/Business/top-free entries=100
[2026-09-17T20:52:48.735Z] [DEBUG] Hits: ch/macos/Business/top-free 2 app(s) found
[2026-09-17T20:52:49.551Z] [DEBUG] RSS ok: ch/macos/Productivity/top-free entries=99
[2026-09-17T20:52:59.557Z] [DEBUG] Hits: ch/macos/Productivity/top-free 5 app(s) found
[2026-09-17T20:53:00.313Z] [DEBUG] RSS ok: ch/macos/Utilities/top-free entries=100
[2026-09-17T20:53:10.320Z] [DEBUG] Hits: ch/macos/Utilities/top-free 3 app(s) found
[2026-09-17T20:53:11.059Z] [DEBUG] RSS ok: be/macos/Business/top-free entries=100
[2026-09-17T20:53:21.065Z] [DEBUG] Hits: be/macos/Business/top-free 2 app(s) found
[2026-09-17T20:53:21.887Z] [DEBUG] RSS ok: be/macos/Productivity/top-free entries=99
[2026-09-17T20:53:31.893Z] [DEBUG] Hits: be/macos/Productivity/top-free 4 app(s) found
[2026-09-17T20:53:32.577Z] [DEBUG] RSS ok: be/macos/Utilities/top-free entries=100
[2026-09-17T20:53:42.584Z] [DEBUG] Hits: be/macos/Utilities/top-free 3 app(s) found
[2026-09-17T20:53:43.574Z] [DEBUG] RSS ok: nl/macos/Business/top-free entries=100
[2026-09-17T20:53:53.580Z] [DEBUG] Hits: nl/macos/Business/top-free 3 app(s) found
[2026-09-17T20:53:54.572Z] [DEBUG] RSS ok: nl/macos/Productivity/top-free entries=99
[2026-09-17T20:54:04.578Z] [DEBUG] Hits: nl/macos/Productivity/top-free 4 app(s) found
[2026-09-17T20:54:05.295Z] [DEBUG] RSS ok: nl/macos/Utilities/top-free entries=100
[2026-09-17T20:54:15.298Z] [DEBUG] Hits: nl/macos/Utilities/top-free 1 app(s) found
[2026-09-17T20:54:16.040Z] [DEBUG] RSS ok: tw/macos/Business/top-free entries=100
[2026-09-17T20:54:26.041Z] [DEBUG] Hits: tw/macos/Business/top-free 4 app(s) found
[2026-09-17T20:54:26.041Z] [INFO] RSS progress: 40/60 (40 ok, 0 error, 122 points)
[2026-09-17T20:54:27.049Z] [DEBUG] RSS ok: tw/macos/Productivity/top-free entries=99
[2026-09-17T20:54:37.055Z] [DEBUG] Hits: tw/macos/Productivity/top-free 3 app(s) found
[2026-09-17T20:54:37.900Z] [DEBUG] RSS ok: tw/macos/Utilities/top-free entries=100
[2026-09-17T20:54:48.599Z] [DEBUG] RSS ok: hk/macos/Business/top-free entries=94
[2026-09-17T20:54:58.601Z] [DEBUG] Hits: hk/macos/Business/top-free 2 app(s) found
[2026-09-17T20:54:59.515Z] [DEBUG] RSS ok: hk/macos/Productivity/top-free entries=99
[2026-09-17T20:55:09.521Z] [DEBUG] Hits: hk/macos/Productivity/top-free 4 app(s) found
[2026-09-17T20:55:10.400Z] [DEBUG] RSS ok: hk/macos/Utilities/top-free entries=100
[2026-09-17T20:55:20.407Z] [DEBUG] Hits: hk/macos/Utilities/top-free 1 app(s) found
[2026-09-17T20:55:21.293Z] [DEBUG] RSS ok: nz/macos/Business/top-free entries=100
[2026-09-17T20:55:31.298Z] [DEBUG] Hits: nz/macos/Business/top-free 3 app(s) found
[2026-09-17T20:55:32.323Z] [DEBUG] RSS ok: nz/macos/Productivity/top-free entries=99
[2026-09-17T20:55:42.329Z] [DEBUG] Hits: nz/macos/Productivity/top-free 4 app(s) found
[2026-09-17T20:55:43.096Z] [DEBUG] RSS ok: nz/macos/Utilities/top-free entries=100
[2026-09-17T20:55:53.804Z] [DEBUG] RSS ok: sg/macos/Business/top-free entries=100
[2026-09-17T20:56:03.811Z] [DEBUG] Hits: sg/macos/Business/top-free 4 app(s) found
[2026-09-17T20:56:04.561Z] [DEBUG] RSS ok: sg/macos/Productivity/top-free entries=99
[2026-09-17T20:56:14.568Z] [DEBUG] Hits: sg/macos/Productivity/top-free 3 app(s) found
[2026-09-17T20:56:14.568Z] [INFO] RSS progress: 50/60 (50 ok, 0 error, 146 points)
[2026-09-17T20:56:15.226Z] [DEBUG] RSS ok: sg/macos/Utilities/top-free entries=100
[2026-09-17T20:56:25.232Z] [DEBUG] Hits: sg/macos/Utilities/top-free 1 app(s) found
[2026-09-17T20:56:26.172Z] [DEBUG] RSS ok: in/macos/Business/top-free entries=100
[2026-09-17T20:56:36.178Z] [DEBUG] Hits: in/macos/Business/top-free 3 app(s) found
[2026-09-17T20:56:37.111Z] [DEBUG] RSS ok: in/macos/Productivity/top-free entries=99
[2026-09-17T20:56:47.118Z] [DEBUG] Hits: in/macos/Productivity/top-free 3 app(s) found
[2026-09-17T20:56:47.907Z] [DEBUG] RSS ok: in/macos/Utilities/top-free entries=100
[2026-09-17T20:56:58.576Z] [DEBUG] RSS ok: za/macos/Business/top-free entries=99
[2026-09-17T20:57:08.583Z] [DEBUG] Hits: za/macos/Business/top-free 4 app(s) found
[2026-09-17T20:57:09.518Z] [DEBUG] RSS ok: za/macos/Productivity/top-free entries=99
[2026-09-17T20:57:19.524Z] [DEBUG] Hits: za/macos/Productivity/top-free 3 app(s) found
[2026-09-17T20:57:20.253Z] [DEBUG] RSS ok: za/macos/Utilities/top-free entries=100
[2026-09-17T20:57:30.259Z] [DEBUG] Hits: za/macos/Utilities/top-free 3 app(s) found
[2026-09-17T20:57:31.173Z] [DEBUG] RSS ok: br/macos/Business/top-free entries=100
[2026-09-17T20:57:41.180Z] [DEBUG] Hits: br/macos/Business/top-free 2 app(s) found
[2026-09-17T20:57:42.025Z] [DEBUG] RSS ok: br/macos/Productivity/top-free entries=99
[2026-09-17T20:57:52.032Z] [DEBUG] Hits: br/macos/Productivity/top-free 3 app(s) found
[2026-09-17T20:57:52.957Z] [DEBUG] RSS ok: br/macos/Utilities/top-free entries=100
[2026-09-17T20:58:02.963Z] [INFO] RSS progress: 60/60 (60 ok, 0 error, 168 points)
[2026-09-17T20:58:02.963Z] [INFO] RSS fetch done: 60 ok, 0 error, 168 points
[2026-09-17T20:58:02.964Z] [INFO] Platform max returned: macos = 100
[2026-09-17T20:58:02.964Z] [INFO] RSS results: 60 ok, 0 error, 168 rank points
[2026-09-17T20:58:03.010Z] [INFO] Stored: 60 crawls, 168 points
[2026-09-17T20:58:03.045Z] [INFO] current.json written rows=23
[2026-09-17T20:58:03.046Z] [INFO] Current summary: on_chart=168, not_on_chart=286, depth_limited=6, crawl_error=0, total=460
[2026-09-17T20:58:03.046Z] [INFO] === Crawl complete === 651.3s
[2026-09-17T21:47:13.660Z] [INFO] === Crawl start === ts=2026-09-17T21:00:00Z
[2026-09-17T21:47:13.664Z] [INFO] Config loaded apps=4, platforms=macos, categories=Business,Productivity,Utilities
[2026-09-17T21:47:13.664Z] [INFO] App IDs to track: 23 our=4, competitors=19
[2026-09-17T21:47:13.666Z] [INFO] Lookup cached fetched_at=2026-09-17T00:47:17.168Z, 23 apps
[2026-09-17T21:47:13.666Z] [INFO] RSS requests: 60 countries=20, platforms=macos, categories=Business,Productivity,Utilities
[2026-09-17T21:47:13.667Z] [INFO] RSS fetch start: 60 requests, concurrency=1
[2026-09-17T21:47:14.350Z] [DEBUG] RSS ok: us/macos/Business/top-free entries=100
[2026-09-17T21:47:24.352Z] [DEBUG] Hits: us/macos/Business/top-free 4 app(s) found
[2026-09-17T21:47:25.081Z] [DEBUG] RSS ok: us/macos/Productivity/top-free entries=99
[2026-09-17T21:47:35.087Z] [DEBUG] Hits: us/macos/Productivity/top-free 6 app(s) found
[2026-09-17T21:47:35.807Z] [DEBUG] RSS ok: us/macos/Utilities/top-free entries=100
[2026-09-17T21:47:45.813Z] [DEBUG] Hits: us/macos/Utilities/top-free 1 app(s) found
[2026-09-17T21:47:46.682Z] [DEBUG] RSS ok: gb/macos/Business/top-free entries=100
[2026-09-17T21:47:56.688Z] [DEBUG] Hits: gb/macos/Business/top-free 4 app(s) found
[2026-09-17T21:47:57.262Z] [DEBUG] RSS ok: gb/macos/Productivity/top-free entries=99
[2026-09-17T21:48:07.267Z] [DEBUG] Hits: gb/macos/Productivity/top-free 4 app(s) found
[2026-09-17T21:48:08.002Z] [DEBUG] RSS ok: gb/macos/Utilities/top-free entries=100
[2026-09-17T21:48:18.009Z] [DEBUG] Hits: gb/macos/Utilities/top-free 3 app(s) found
[2026-09-17T21:48:18.827Z] [DEBUG] RSS ok: ca/macos/Business/top-free entries=100
[2026-09-17T21:48:28.833Z] [DEBUG] Hits: ca/macos/Business/top-free 5 app(s) found
[2026-09-17T21:48:29.616Z] [DEBUG] RSS ok: ca/macos/Productivity/top-free entries=99
[2026-09-17T21:48:39.622Z] [DEBUG] Hits: ca/macos/Productivity/top-free 5 app(s) found
[2026-09-17T21:48:40.388Z] [DEBUG] RSS ok: ca/macos/Utilities/top-free entries=100
[2026-09-17T21:48:51.289Z] [DEBUG] RSS ok: fr/macos/Business/top-free entries=99
[2026-09-17T21:49:01.291Z] [DEBUG] Hits: fr/macos/Business/top-free 3 app(s) found
[2026-09-17T21:49:01.291Z] [INFO] RSS progress: 10/60 (10 ok, 0 error, 35 points)
[2026-09-17T21:49:02.306Z] [DEBUG] RSS ok: fr/macos/Productivity/top-free entries=99
[2026-09-17T21:49:12.312Z] [DEBUG] Hits: fr/macos/Productivity/top-free 5 app(s) found
[2026-09-17T21:49:13.155Z] [DEBUG] RSS ok: fr/macos/Utilities/top-free entries=100
[2026-09-17T21:49:23.161Z] [DEBUG] Hits: fr/macos/Utilities/top-free 3 app(s) found
[2026-09-17T21:49:23.951Z] [DEBUG] RSS ok: de/macos/Business/top-free entries=99
[2026-09-17T21:49:34.607Z] [DEBUG] RSS ok: de/macos/Productivity/top-free entries=99
[2026-09-17T21:49:44.612Z] [DEBUG] Hits: de/macos/Productivity/top-free 4 app(s) found
[2026-09-17T21:49:45.636Z] [DEBUG] RSS ok: de/macos/Utilities/top-free entries=100
[2026-09-17T21:49:55.641Z] [DEBUG] Hits: de/macos/Utilities/top-free 2 app(s) found
[2026-09-17T21:49:56.423Z] [DEBUG] RSS ok: jp/macos/Business/top-free entries=100
[2026-09-17T21:50:06.429Z] [DEBUG] Hits: jp/macos/Business/top-free 2 app(s) found
[2026-09-17T21:50:07.322Z] [DEBUG] RSS ok: jp/macos/Productivity/top-free entries=99
[2026-09-17T21:50:17.328Z] [DEBUG] Hits: jp/macos/Productivity/top-free 3 app(s) found
[2026-09-17T21:50:18.115Z] [DEBUG] RSS ok: jp/macos/Utilities/top-free entries=100
[2026-09-17T21:50:28.121Z] [DEBUG] Hits: jp/macos/Utilities/top-free 4 app(s) found
[2026-09-17T21:50:29.001Z] [DEBUG] RSS ok: au/macos/Business/top-free entries=100
[2026-09-17T21:50:39.004Z] [DEBUG] Hits: au/macos/Business/top-free 4 app(s) found
[2026-09-17T21:50:39.620Z] [DEBUG] RSS ok: au/macos/Productivity/top-free entries=99
[2026-09-17T21:50:49.626Z] [DEBUG] Hits: au/macos/Productivity/top-free 3 app(s) found
[2026-09-17T21:50:49.627Z] [INFO] RSS progress: 20/60 (20 ok, 0 error, 65 points)
[2026-09-17T21:50:50.753Z] [DEBUG] RSS ok: au/macos/Utilities/top-free entries=100
[2026-09-17T21:51:00.759Z] [DEBUG] Hits: au/macos/Utilities/top-free 1 app(s) found
[2026-09-17T21:51:01.659Z] [DEBUG] RSS ok: es/macos/Business/top-free entries=100
[2026-09-17T21:51:11.666Z] [DEBUG] Hits: es/macos/Business/top-free 3 app(s) found
[2026-09-17T21:51:12.461Z] [DEBUG] RSS ok: es/macos/Productivity/top-free entries=99
[2026-09-17T21:51:22.468Z] [DEBUG] Hits: es/macos/Productivity/top-free 5 app(s) found
[2026-09-17T21:51:23.084Z] [DEBUG] RSS ok: es/macos/Utilities/top-free entries=100
[2026-09-17T21:51:33.090Z] [DEBUG] Hits: es/macos/Utilities/top-free 1 app(s) found
[2026-09-17T21:51:33.807Z] [DEBUG] RSS ok: it/macos/Business/top-free entries=100
[2026-09-17T21:51:43.813Z] [DEBUG] Hits: it/macos/Business/top-free 2 app(s) found
[2026-09-17T21:51:44.669Z] [DEBUG] RSS ok: it/macos/Productivity/top-free entries=99
[2026-09-17T21:51:54.675Z] [DEBUG] Hits: it/macos/Productivity/top-free 5 app(s) found
[2026-09-17T21:51:55.508Z] [DEBUG] RSS ok: it/macos/Utilities/top-free entries=100
[2026-09-17T21:52:05.514Z] [DEBUG] Hits: it/macos/Utilities/top-free 2 app(s) found
[2026-09-17T21:52:06.192Z] [DEBUG] RSS ok: pt/macos/Business/top-free entries=99
[2026-09-17T21:52:16.198Z] [DEBUG] Hits: pt/macos/Business/top-free 3 app(s) found
[2026-09-17T21:52:17.016Z] [DEBUG] RSS ok: pt/macos/Productivity/top-free entries=99
[2026-09-17T21:52:27.022Z] [DEBUG] Hits: pt/macos/Productivity/top-free 4 app(s) found
[2026-09-17T21:52:27.838Z] [DEBUG] RSS ok: pt/macos/Utilities/top-free entries=100
[2026-09-17T21:52:37.845Z] [INFO] RSS progress: 30/60 (30 ok, 0 error, 91 points)
[2026-09-17T21:52:38.751Z] [DEBUG] RSS ok: ch/macos/Business/top-free entries=100
[2026-09-17T21:52:48.757Z] [DEBUG] Hits: ch/macos/Business/top-free 2 app(s) found
[2026-09-17T21:52:49.697Z] [DEBUG] RSS ok: ch/macos/Productivity/top-free entries=99
[2026-09-17T21:52:59.703Z] [DEBUG] Hits: ch/macos/Productivity/top-free 5 app(s) found
[2026-09-17T21:53:00.325Z] [DEBUG] RSS ok: ch/macos/Utilities/top-free entries=100
[2026-09-17T21:53:10.332Z] [DEBUG] Hits: ch/macos/Utilities/top-free 3 app(s) found
[2026-09-17T21:53:11.082Z] [DEBUG] RSS ok: be/macos/Business/top-free entries=100
[2026-09-17T21:53:21.088Z] [DEBUG] Hits: be/macos/Business/top-free 2 app(s) found
[2026-09-17T21:53:21.892Z] [DEBUG] RSS ok: be/macos/Productivity/top-free entries=99
[2026-09-17T21:53:31.898Z] [DEBUG] Hits: be/macos/Productivity/top-free 4 app(s) found
[2026-09-17T21:53:32.544Z] [DEBUG] RSS ok: be/macos/Utilities/top-free entries=100
[2026-09-17T21:53:42.551Z] [DEBUG] Hits: be/macos/Utilities/top-free 3 app(s) found
[2026-09-17T21:53:43.582Z] [DEBUG] RSS ok: nl/macos/Business/top-free entries=100
[2026-09-17T21:53:53.588Z] [DEBUG] Hits: nl/macos/Business/top-free 3 app(s) found
[2026-09-17T21:53:54.218Z] [DEBUG] RSS ok: nl/macos/Productivity/top-free entries=99
[2026-09-17T21:54:04.224Z] [DEBUG] Hits: nl/macos/Productivity/top-free 4 app(s) found
[2026-09-17T21:54:04.965Z] [DEBUG] RSS ok: nl/macos/Utilities/top-free entries=100
[2026-09-17T21:54:14.971Z] [DEBUG] Hits: nl/macos/Utilities/top-free 1 app(s) found
[2026-09-17T21:54:15.624Z] [DEBUG] RSS ok: tw/macos/Business/top-free entries=100
[2026-09-17T21:54:25.630Z] [DEBUG] Hits: tw/macos/Business/top-free 4 app(s) found
[2026-09-17T21:54:25.631Z] [INFO] RSS progress: 40/60 (40 ok, 0 error, 122 points)
[2026-09-17T21:54:26.298Z] [DEBUG] RSS ok: tw/macos/Productivity/top-free entries=99
[2026-09-17T21:54:36.304Z] [DEBUG] Hits: tw/macos/Productivity/top-free 3 app(s) found
[2026-09-17T21:54:37.103Z] [DEBUG] RSS ok: tw/macos/Utilities/top-free entries=100
[2026-09-17T21:54:47.717Z] [DEBUG] RSS ok: hk/macos/Business/top-free entries=94
[2026-09-17T21:54:57.723Z] [DEBUG] Hits: hk/macos/Business/top-free 2 app(s) found
[2026-09-17T21:54:58.455Z] [DEBUG] RSS ok: hk/macos/Productivity/top-free entries=99
[2026-09-17T21:55:08.461Z] [DEBUG] Hits: hk/macos/Productivity/top-free 4 app(s) found
[2026-09-17T21:55:09.282Z] [DEBUG] RSS ok: hk/macos/Utilities/top-free entries=100
[2026-09-17T21:55:19.287Z] [DEBUG] Hits: hk/macos/Utilities/top-free 1 app(s) found
[2026-09-17T21:55:19.912Z] [DEBUG] RSS ok: nz/macos/Business/top-free entries=100
[2026-09-17T21:55:29.918Z] [DEBUG] Hits: nz/macos/Business/top-free 3 app(s) found
[2026-09-17T21:55:30.578Z] [DEBUG] RSS ok: nz/macos/Productivity/top-free entries=99
[2026-09-17T21:55:40.586Z] [DEBUG] Hits: nz/macos/Productivity/top-free 4 app(s) found
[2026-09-17T21:55:41.256Z] [DEBUG] RSS ok: nz/macos/Utilities/top-free entries=100
[2026-09-17T21:55:51.931Z] [DEBUG] RSS ok: sg/macos/Business/top-free entries=100
[2026-09-17T21:56:01.937Z] [DEBUG] Hits: sg/macos/Business/top-free 4 app(s) found
[2026-09-17T21:56:02.527Z] [DEBUG] RSS ok: sg/macos/Productivity/top-free entries=99
[2026-09-17T21:56:12.527Z] [DEBUG] Hits: sg/macos/Productivity/top-free 3 app(s) found
[2026-09-17T21:56:12.527Z] [INFO] RSS progress: 50/60 (50 ok, 0 error, 146 points)
[2026-09-17T21:56:13.183Z] [DEBUG] RSS ok: sg/macos/Utilities/top-free entries=100
[2026-09-17T21:56:23.189Z] [DEBUG] Hits: sg/macos/Utilities/top-free 1 app(s) found
[2026-09-17T21:56:23.810Z] [DEBUG] RSS ok: in/macos/Business/top-free entries=100
[2026-09-17T21:56:33.816Z] [DEBUG] Hits: in/macos/Business/top-free 3 app(s) found
[2026-09-17T21:56:34.428Z] [DEBUG] RSS ok: in/macos/Productivity/top-free entries=99
[2026-09-17T21:56:44.434Z] [DEBUG] Hits: in/macos/Productivity/top-free 3 app(s) found
[2026-09-17T21:56:45.031Z] [DEBUG] RSS ok: in/macos/Utilities/top-free entries=100
[2026-09-17T21:56:55.676Z] [DEBUG] RSS ok: za/macos/Business/top-free entries=99
[2026-09-17T21:57:05.681Z] [DEBUG] Hits: za/macos/Business/top-free 4 app(s) found
[2026-09-17T21:57:06.414Z] [DEBUG] RSS ok: za/macos/Productivity/top-free entries=99
[2026-09-17T21:57:16.420Z] [DEBUG] Hits: za/macos/Productivity/top-free 3 app(s) found
[2026-09-17T21:57:17.287Z] [DEBUG] RSS ok: za/macos/Utilities/top-free entries=100
[2026-09-17T21:57:27.290Z] [DEBUG] Hits: za/macos/Utilities/top-free 3 app(s) found
[2026-09-17T21:57:28.018Z] [DEBUG] RSS ok: br/macos/Business/top-free entries=100
[2026-09-17T21:57:38.020Z] [DEBUG] Hits: br/macos/Business/top-free 2 app(s) found
[2026-09-17T21:57:38.709Z] [DEBUG] RSS ok: br/macos/Productivity/top-free entries=99
[2026-09-17T21:57:48.715Z] [DEBUG] Hits: br/macos/Productivity/top-free 3 app(s) found
[2026-09-17T21:57:49.609Z] [DEBUG] RSS ok: br/macos/Utilities/top-free entries=100
[2026-09-17T21:57:59.615Z] [INFO] RSS progress: 60/60 (60 ok, 0 error, 168 points)
[2026-09-17T21:57:59.615Z] [INFO] RSS fetch done: 60 ok, 0 error, 168 points
[2026-09-17T21:57:59.615Z] [INFO] Platform max returned: macos = 100
[2026-09-17T21:57:59.616Z] [INFO] RSS results: 60 ok, 0 error, 168 rank points
[2026-09-17T21:57:59.662Z] [INFO] Stored: 60 crawls, 168 points
[2026-09-17T21:57:59.697Z] [INFO] current.json written rows=23
[2026-09-17T21:57:59.698Z] [INFO] Current summary: on_chart=168, not_on_chart=286, depth_limited=6, crawl_error=0, total=460
[2026-09-17T21:57:59.698Z] [INFO] === Crawl complete === 646.0s
[2026-09-17T22:47:11.727Z] [INFO] === Crawl start === ts=2026-09-17T22:00:00Z
[2026-09-17T22:47:11.731Z] [INFO] Config loaded apps=4, platforms=macos, categories=Business,Productivity,Utilities
[2026-09-17T22:47:11.731Z] [INFO] App IDs to track: 23 our=4, competitors=19
[2026-09-17T22:47:11.733Z] [INFO] Lookup cached fetched_at=2026-09-17T00:47:17.168Z, 23 apps
[2026-09-17T22:47:11.734Z] [INFO] RSS requests: 60 countries=20, platforms=macos, categories=Business,Productivity,Utilities
[2026-09-17T22:47:11.734Z] [INFO] RSS fetch start: 60 requests, concurrency=1
[2026-09-17T22:47:12.553Z] [DEBUG] RSS ok: us/macos/Business/top-free entries=100
[2026-09-17T22:47:22.556Z] [DEBUG] Hits: us/macos/Business/top-free 4 app(s) found
[2026-09-17T22:47:23.305Z] [DEBUG] RSS ok: us/macos/Productivity/top-free entries=99
[2026-09-17T22:47:33.310Z] [DEBUG] Hits: us/macos/Productivity/top-free 6 app(s) found
[2026-09-17T22:47:34.402Z] [DEBUG] RSS ok: us/macos/Utilities/top-free entries=100
[2026-09-17T22:47:44.403Z] [DEBUG] Hits: us/macos/Utilities/top-free 1 app(s) found
[2026-09-17T22:47:45.166Z] [DEBUG] RSS ok: gb/macos/Business/top-free entries=100
[2026-09-17T22:47:55.169Z] [DEBUG] Hits: gb/macos/Business/top-free 3 app(s) found
[2026-09-17T22:47:56.595Z] [DEBUG] RSS ok: gb/macos/Productivity/top-free entries=99
[2026-09-17T22:48:06.601Z] [DEBUG] Hits: gb/macos/Productivity/top-free 4 app(s) found
[2026-09-17T22:48:07.242Z] [DEBUG] RSS ok: gb/macos/Utilities/top-free entries=100
[2026-09-17T22:48:17.248Z] [DEBUG] Hits: gb/macos/Utilities/top-free 3 app(s) found
[2026-09-17T22:48:18.017Z] [DEBUG] RSS ok: ca/macos/Business/top-free entries=100
[2026-09-17T22:48:28.023Z] [DEBUG] Hits: ca/macos/Business/top-free 5 app(s) found
[2026-09-17T22:48:28.724Z] [DEBUG] RSS ok: ca/macos/Productivity/top-free entries=99
[2026-09-17T22:48:38.730Z] [DEBUG] Hits: ca/macos/Productivity/top-free 5 app(s) found
[2026-09-17T22:48:39.526Z] [DEBUG] RSS ok: ca/macos/Utilities/top-free entries=100
[2026-09-17T22:48:50.229Z] [DEBUG] RSS ok: fr/macos/Business/top-free entries=99
[2026-09-17T22:49:00.236Z] [DEBUG] Hits: fr/macos/Business/top-free 3 app(s) found
[2026-09-17T22:49:00.236Z] [INFO] RSS progress: 10/60 (10 ok, 0 error, 34 points)
[2026-09-17T22:49:00.880Z] [DEBUG] RSS ok: fr/macos/Productivity/top-free entries=99
[2026-09-17T22:49:10.887Z] [DEBUG] Hits: fr/macos/Productivity/top-free 4 app(s) found
[2026-09-17T22:49:11.774Z] [DEBUG] RSS ok: fr/macos/Utilities/top-free entries=100
[2026-09-17T22:49:21.779Z] [DEBUG] Hits: fr/macos/Utilities/top-free 2 app(s) found
[2026-09-17T22:49:22.516Z] [DEBUG] RSS ok: de/macos/Business/top-free entries=99
[2026-09-17T22:49:33.281Z] [DEBUG] RSS ok: de/macos/Productivity/top-free entries=99
[2026-09-17T22:49:43.287Z] [DEBUG] Hits: de/macos/Productivity/top-free 4 app(s) found
[2026-09-17T22:49:44.768Z] [DEBUG] RSS ok: de/macos/Utilities/top-free entries=100
[2026-09-17T22:49:54.775Z] [DEBUG] Hits: de/macos/Utilities/top-free 2 app(s) found
[2026-09-17T22:49:55.487Z] [DEBUG] RSS ok: jp/macos/Business/top-free entries=100
[2026-09-17T22:50:05.494Z] [DEBUG] Hits: jp/macos/Business/top-free 2 app(s) found
[2026-09-17T22:50:06.146Z] [DEBUG] RSS ok: jp/macos/Productivity/top-free entries=99
[2026-09-17T22:50:16.152Z] [DEBUG] Hits: jp/macos/Productivity/top-free 3 app(s) found
[2026-09-17T22:50:16.893Z] [DEBUG] RSS ok: jp/macos/Utilities/top-free entries=100
[2026-09-17T22:50:26.893Z] [DEBUG] Hits: jp/macos/Utilities/top-free 4 app(s) found
[2026-09-17T22:50:27.565Z] [DEBUG] RSS ok: au/macos/Business/top-free entries=100
[2026-09-17T22:50:37.572Z] [DEBUG] Hits: au/macos/Business/top-free 4 app(s) found
[2026-09-17T22:50:38.377Z] [DEBUG] RSS ok: au/macos/Productivity/top-free entries=99
[2026-09-17T22:50:48.383Z] [DEBUG] Hits: au/macos/Productivity/top-free 3 app(s) found
[2026-09-17T22:50:48.384Z] [INFO] RSS progress: 20/60 (20 ok, 0 error, 62 points)
[2026-09-17T22:50:49.267Z] [DEBUG] RSS ok: au/macos/Utilities/top-free entries=100
[2026-09-17T22:50:59.273Z] [DEBUG] Hits: au/macos/Utilities/top-free 1 app(s) found
[2026-09-17T22:50:59.972Z] [DEBUG] RSS ok: es/macos/Business/top-free entries=99
[2026-09-17T22:51:09.979Z] [DEBUG] Hits: es/macos/Business/top-free 3 app(s) found
[2026-09-17T22:51:10.772Z] [DEBUG] RSS ok: es/macos/Productivity/top-free entries=99
[2026-09-17T22:51:20.776Z] [DEBUG] Hits: es/macos/Productivity/top-free 5 app(s) found
[2026-09-17T22:51:21.631Z] [DEBUG] RSS ok: es/macos/Utilities/top-free entries=100
[2026-09-17T22:51:31.638Z] [DEBUG] Hits: es/macos/Utilities/top-free 1 app(s) found
[2026-09-17T22:51:32.429Z] [DEBUG] RSS ok: it/macos/Business/top-free entries=100
[2026-09-17T22:51:42.434Z] [DEBUG] Hits: it/macos/Business/top-free 2 app(s) found
[2026-09-17T22:51:43.396Z] [DEBUG] RSS ok: it/macos/Productivity/top-free entries=99
[2026-09-17T22:51:53.402Z] [DEBUG] Hits: it/macos/Productivity/top-free 5 app(s) found
[2026-09-17T22:51:54.169Z] [DEBUG] RSS ok: it/macos/Utilities/top-free entries=100
[2026-09-17T22:52:04.176Z] [DEBUG] Hits: it/macos/Utilities/top-free 2 app(s) found
[2026-09-17T22:52:04.997Z] [DEBUG] RSS ok: pt/macos/Business/top-free entries=99
[2026-09-17T22:52:15.002Z] [DEBUG] Hits: pt/macos/Business/top-free 3 app(s) found
[2026-09-17T22:52:15.775Z] [DEBUG] RSS ok: pt/macos/Productivity/top-free entries=99
[2026-09-17T22:52:25.782Z] [DEBUG] Hits: pt/macos/Productivity/top-free 4 app(s) found
[2026-09-17T22:52:26.749Z] [DEBUG] RSS ok: pt/macos/Utilities/top-free entries=100
[2026-09-17T22:52:36.755Z] [INFO] RSS progress: 30/60 (30 ok, 0 error, 88 points)
[2026-09-17T22:52:37.560Z] [DEBUG] RSS ok: ch/macos/Business/top-free entries=100
[2026-09-17T22:52:47.565Z] [DEBUG] Hits: ch/macos/Business/top-free 3 app(s) found
[2026-09-17T22:52:48.504Z] [DEBUG] RSS ok: ch/macos/Productivity/top-free entries=99
[2026-09-17T22:52:58.511Z] [DEBUG] Hits: ch/macos/Productivity/top-free 5 app(s) found
[2026-09-17T22:52:59.403Z] [DEBUG] RSS ok: ch/macos/Utilities/top-free entries=100
[2026-09-17T22:53:09.409Z] [DEBUG] Hits: ch/macos/Utilities/top-free 3 app(s) found
[2026-09-17T22:53:10.337Z] [DEBUG] RSS ok: be/macos/Business/top-free entries=100
[2026-09-17T22:53:20.343Z] [DEBUG] Hits: be/macos/Business/top-free 2 app(s) found
[2026-09-17T22:53:21.349Z] [DEBUG] RSS ok: be/macos/Productivity/top-free entries=99
[2026-09-17T22:53:31.356Z] [DEBUG] Hits: be/macos/Productivity/top-free 3 app(s) found
[2026-09-17T22:53:32.072Z] [DEBUG] RSS ok: be/macos/Utilities/top-free entries=100
[2026-09-17T22:53:42.078Z] [DEBUG] Hits: be/macos/Utilities/top-free 3 app(s) found
[2026-09-17T22:53:42.907Z] [DEBUG] RSS ok: nl/macos/Business/top-free entries=100
[2026-09-17T22:53:52.913Z] [DEBUG] Hits: nl/macos/Business/top-free 3 app(s) found
[2026-09-17T22:53:53.477Z] [DEBUG] RSS ok: nl/macos/Productivity/top-free entries=99
[2026-09-17T22:54:03.482Z] [DEBUG] Hits: nl/macos/Productivity/top-free 4 app(s) found
[2026-09-17T22:54:04.319Z] [DEBUG] RSS ok: nl/macos/Utilities/top-free entries=100
[2026-09-17T22:54:14.326Z] [DEBUG] Hits: nl/macos/Utilities/top-free 2 app(s) found
[2026-09-17T22:54:14.933Z] [DEBUG] RSS ok: tw/macos/Business/top-free entries=100
[2026-09-17T22:54:24.940Z] [DEBUG] Hits: tw/macos/Business/top-free 4 app(s) found
[2026-09-17T22:54:24.940Z] [INFO] RSS progress: 40/60 (40 ok, 0 error, 120 points)
[2026-09-17T22:54:26.290Z] [DEBUG] RSS ok: tw/macos/Productivity/top-free entries=99
[2026-09-17T22:54:36.296Z] [DEBUG] Hits: tw/macos/Productivity/top-free 3 app(s) found
[2026-09-17T22:54:37.026Z] [DEBUG] RSS ok: tw/macos/Utilities/top-free entries=100
[2026-09-17T22:54:47.786Z] [DEBUG] RSS ok: hk/macos/Business/top-free entries=94
[2026-09-17T22:54:57.791Z] [DEBUG] Hits: hk/macos/Business/top-free 2 app(s) found
[2026-09-17T22:54:58.595Z] [DEBUG] RSS ok: hk/macos/Productivity/top-free entries=99
[2026-09-17T22:55:08.602Z] [DEBUG] Hits: hk/macos/Productivity/top-free 4 app(s) found
[2026-09-17T22:55:09.502Z] [DEBUG] RSS ok: hk/macos/Utilities/top-free entries=100
[2026-09-17T22:55:19.508Z] [DEBUG] Hits: hk/macos/Utilities/top-free 1 app(s) found
[2026-09-17T22:55:20.497Z] [DEBUG] RSS ok: nz/macos/Business/top-free entries=100
[2026-09-17T22:55:30.504Z] [DEBUG] Hits: nz/macos/Business/top-free 3 app(s) found
[2026-09-17T22:55:31.485Z] [DEBUG] RSS ok: nz/macos/Productivity/top-free entries=99
[2026-09-17T22:55:41.491Z] [DEBUG] Hits: nz/macos/Productivity/top-free 3 app(s) found
[2026-09-17T22:55:42.612Z] [DEBUG] RSS ok: nz/macos/Utilities/top-free entries=100
[2026-09-17T22:55:53.634Z] [DEBUG] RSS ok: sg/macos/Business/top-free entries=100
[2026-09-17T22:56:03.638Z] [DEBUG] Hits: sg/macos/Business/top-free 4 app(s) found
[2026-09-17T22:56:04.448Z] [DEBUG] RSS ok: sg/macos/Productivity/top-free entries=99
[2026-09-17T22:56:14.454Z] [DEBUG] Hits: sg/macos/Productivity/top-free 3 app(s) found
[2026-09-17T22:56:14.454Z] [INFO] RSS progress: 50/60 (50 ok, 0 error, 143 points)
[2026-09-17T22:56:15.457Z] [DEBUG] RSS ok: sg/macos/Utilities/top-free entries=100
[2026-09-17T22:56:25.463Z] [DEBUG] Hits: sg/macos/Utilities/top-free 1 app(s) found
[2026-09-17T22:56:26.286Z] [DEBUG] RSS ok: in/macos/Business/top-free entries=100
[2026-09-17T22:56:36.292Z] [DEBUG] Hits: in/macos/Business/top-free 3 app(s) found
[2026-09-17T22:56:37.156Z] [DEBUG] RSS ok: in/macos/Productivity/top-free entries=99
[2026-09-17T22:56:47.162Z] [DEBUG] Hits: in/macos/Productivity/top-free 3 app(s) found
[2026-09-17T22:56:47.961Z] [DEBUG] RSS ok: in/macos/Utilities/top-free entries=100
[2026-09-17T22:56:58.748Z] [DEBUG] RSS ok: za/macos/Business/top-free entries=100
[2026-09-17T22:57:08.753Z] [DEBUG] Hits: za/macos/Business/top-free 4 app(s) found
[2026-09-17T22:57:09.495Z] [DEBUG] RSS ok: za/macos/Productivity/top-free entries=99
[2026-09-17T22:57:19.501Z] [DEBUG] Hits: za/macos/Productivity/top-free 3 app(s) found
[2026-09-17T22:57:20.538Z] [DEBUG] RSS ok: za/macos/Utilities/top-free entries=100
[2026-09-17T22:57:30.544Z] [DEBUG] Hits: za/macos/Utilities/top-free 3 app(s) found
[2026-09-17T22:57:31.861Z] [DEBUG] RSS ok: br/macos/Business/top-free entries=100
[2026-09-17T22:57:41.867Z] [DEBUG] Hits: br/macos/Business/top-free 2 app(s) found
[2026-09-17T22:57:42.653Z] [DEBUG] RSS ok: br/macos/Productivity/top-free entries=99
[2026-09-17T22:57:52.660Z] [DEBUG] Hits: br/macos/Productivity/top-free 3 app(s) found
[2026-09-17T22:57:53.495Z] [DEBUG] RSS ok: br/macos/Utilities/top-free entries=100
[2026-09-17T22:58:03.501Z] [INFO] RSS progress: 60/60 (60 ok, 0 error, 165 points)
[2026-09-17T22:58:03.501Z] [INFO] RSS fetch done: 60 ok, 0 error, 165 points
[2026-09-17T22:58:03.501Z] [INFO] Platform max returned: macos = 100
[2026-09-17T22:58:03.501Z] [INFO] RSS results: 60 ok, 0 error, 165 rank points
[2026-09-17T22:58:03.532Z] [INFO] Stored: 60 crawls, 165 points
[2026-09-17T22:58:03.569Z] [INFO] current.json written rows=23
[2026-09-17T22:58:03.570Z] [INFO] Current summary: on_chart=165, not_on_chart=289, depth_limited=6, crawl_error=0, total=460
[2026-09-17T22:58:03.570Z] [INFO] === Crawl complete === 651.8s
[2026-09-17T23:47:15.029Z] [INFO] === Crawl start === ts=2026-09-17T23:00:00Z
[2026-09-17T23:47:15.032Z] [INFO] Config loaded apps=4, platforms=macos, categories=Business,Productivity,Utilities
[2026-09-17T23:47:15.032Z] [INFO] App IDs to track: 23 our=4, competitors=19
[2026-09-17T23:47:15.033Z] [INFO] Lookup cached fetched_at=2026-09-17T00:47:17.168Z, 23 apps
[2026-09-17T23:47:15.034Z] [INFO] RSS requests: 60 countries=20, platforms=macos, categories=Business,Productivity,Utilities
[2026-09-17T23:47:15.034Z] [INFO] RSS fetch start: 60 requests, concurrency=1
[2026-09-17T23:47:16.141Z] [DEBUG] RSS ok: us/macos/Business/top-free entries=100
[2026-09-17T23:47:26.143Z] [DEBUG] Hits: us/macos/Business/top-free 4 app(s) found
[2026-09-17T23:47:26.931Z] [DEBUG] RSS ok: us/macos/Productivity/top-free entries=99
[2026-09-17T23:47:36.937Z] [DEBUG] Hits: us/macos/Productivity/top-free 6 app(s) found
[2026-09-17T23:47:37.953Z] [DEBUG] RSS ok: us/macos/Utilities/top-free entries=100
[2026-09-17T23:47:47.960Z] [DEBUG] Hits: us/macos/Utilities/top-free 1 app(s) found
[2026-09-17T23:47:48.720Z] [DEBUG] RSS ok: gb/macos/Business/top-free entries=100
[2026-09-17T23:47:58.726Z] [DEBUG] Hits: gb/macos/Business/top-free 3 app(s) found
[2026-09-17T23:47:59.666Z] [DEBUG] RSS ok: gb/macos/Productivity/top-free entries=99
[2026-09-17T23:48:09.672Z] [DEBUG] Hits: gb/macos/Productivity/top-free 4 app(s) found
[2026-09-17T23:48:10.427Z] [DEBUG] RSS ok: gb/macos/Utilities/top-free entries=100
[2026-09-17T23:48:20.434Z] [DEBUG] Hits: gb/macos/Utilities/top-free 3 app(s) found
[2026-09-17T23:48:21.256Z] [DEBUG] RSS ok: ca/macos/Business/top-free entries=100
[2026-09-17T23:48:31.259Z] [DEBUG] Hits: ca/macos/Business/top-free 5 app(s) found
[2026-09-17T23:48:32.197Z] [DEBUG] RSS ok: ca/macos/Productivity/top-free entries=99
[2026-09-17T23:48:42.202Z] [DEBUG] Hits: ca/macos/Productivity/top-free 5 app(s) found
[2026-09-17T23:48:43.026Z] [DEBUG] RSS ok: ca/macos/Utilities/top-free entries=100
[2026-09-17T23:48:53.866Z] [DEBUG] RSS ok: fr/macos/Business/top-free entries=99
[2026-09-17T23:49:03.867Z] [DEBUG] Hits: fr/macos/Business/top-free 3 app(s) found
[2026-09-17T23:49:03.867Z] [INFO] RSS progress: 10/60 (10 ok, 0 error, 34 points)
[2026-09-17T23:49:04.918Z] [DEBUG] RSS ok: fr/macos/Productivity/top-free entries=99
[2026-09-17T23:49:14.923Z] [DEBUG] Hits: fr/macos/Productivity/top-free 4 app(s) found
[2026-09-17T23:49:15.832Z] [DEBUG] RSS ok: fr/macos/Utilities/top-free entries=100
[2026-09-17T23:49:25.839Z] [DEBUG] Hits: fr/macos/Utilities/top-free 2 app(s) found
[2026-09-17T23:49:26.714Z] [DEBUG] RSS ok: de/macos/Business/top-free entries=99
[2026-09-17T23:49:37.501Z] [DEBUG] RSS ok: de/macos/Productivity/top-free entries=99
[2026-09-17T23:49:47.507Z] [DEBUG] Hits: de/macos/Productivity/top-free 4 app(s) found
[2026-09-17T23:49:48.458Z] [DEBUG] RSS ok: de/macos/Utilities/top-free entries=100
[2026-09-17T23:49:58.461Z] [DEBUG] Hits: de/macos/Utilities/top-free 2 app(s) found
[2026-09-17T23:49:59.253Z] [DEBUG] RSS ok: jp/macos/Business/top-free entries=100
[2026-09-17T23:50:09.260Z] [DEBUG] Hits: jp/macos/Business/top-free 2 app(s) found
[2026-09-17T23:50:10.204Z] [DEBUG] RSS ok: jp/macos/Productivity/top-free entries=99
[2026-09-17T23:50:20.209Z] [DEBUG] Hits: jp/macos/Productivity/top-free 3 app(s) found
[2026-09-17T23:50:21.025Z] [DEBUG] RSS ok: jp/macos/Utilities/top-free entries=100
[2026-09-17T23:50:31.031Z] [DEBUG] Hits: jp/macos/Utilities/top-free 4 app(s) found
[2026-09-17T23:50:31.902Z] [DEBUG] RSS ok: au/macos/Business/top-free entries=100
[2026-09-17T23:50:41.904Z] [DEBUG] Hits: au/macos/Business/top-free 4 app(s) found
[2026-09-17T23:50:42.905Z] [DEBUG] RSS ok: au/macos/Productivity/top-free entries=99
[2026-09-17T23:50:52.908Z] [DEBUG] Hits: au/macos/Productivity/top-free 3 app(s) found
[2026-09-17T23:50:52.908Z] [INFO] RSS progress: 20/60 (20 ok, 0 error, 62 points)
[2026-09-17T23:50:53.693Z] [DEBUG] RSS ok: au/macos/Utilities/top-free entries=100
[2026-09-17T23:51:03.699Z] [DEBUG] Hits: au/macos/Utilities/top-free 1 app(s) found
[2026-09-17T23:51:04.537Z] [DEBUG] RSS ok: es/macos/Business/top-free entries=99
[2026-09-17T23:51:14.544Z] [DEBUG] Hits: es/macos/Business/top-free 3 app(s) found
[2026-09-17T23:51:15.311Z] [DEBUG] RSS ok: es/macos/Productivity/top-free entries=99
[2026-09-17T23:51:25.318Z] [DEBUG] Hits: es/macos/Productivity/top-free 5 app(s) found
[2026-09-17T23:51:26.096Z] [DEBUG] RSS ok: es/macos/Utilities/top-free entries=100
[2026-09-17T23:51:36.100Z] [DEBUG] Hits: es/macos/Utilities/top-free 1 app(s) found
[2026-09-17T23:51:36.918Z] [DEBUG] RSS ok: it/macos/Business/top-free entries=100
[2026-09-17T23:51:46.925Z] [DEBUG] Hits: it/macos/Business/top-free 2 app(s) found
[2026-09-17T23:51:47.901Z] [DEBUG] RSS ok: it/macos/Productivity/top-free entries=99
[2026-09-17T23:51:57.908Z] [DEBUG] Hits: it/macos/Productivity/top-free 5 app(s) found
[2026-09-17T23:51:59.006Z] [DEBUG] RSS ok: it/macos/Utilities/top-free entries=100
[2026-09-17T23:52:09.013Z] [DEBUG] Hits: it/macos/Utilities/top-free 2 app(s) found
[2026-09-17T23:52:09.729Z] [DEBUG] RSS ok: pt/macos/Business/top-free entries=99
[2026-09-17T23:52:19.736Z] [DEBUG] Hits: pt/macos/Business/top-free 3 app(s) found
[2026-09-17T23:52:20.614Z] [DEBUG] RSS ok: pt/macos/Productivity/top-free entries=99
[2026-09-17T23:52:30.620Z] [DEBUG] Hits: pt/macos/Productivity/top-free 4 app(s) found
[2026-09-17T23:52:31.352Z] [DEBUG] RSS ok: pt/macos/Utilities/top-free entries=100
[2026-09-17T23:52:41.359Z] [INFO] RSS progress: 30/60 (30 ok, 0 error, 88 points)
[2026-09-17T23:52:42.117Z] [DEBUG] RSS ok: ch/macos/Business/top-free entries=100
[2026-09-17T23:52:52.124Z] [DEBUG] Hits: ch/macos/Business/top-free 3 app(s) found
[2026-09-17T23:52:52.953Z] [DEBUG] RSS ok: ch/macos/Productivity/top-free entries=99
[2026-09-17T23:53:02.959Z] [DEBUG] Hits: ch/macos/Productivity/top-free 5 app(s) found
[2026-09-17T23:53:03.919Z] [DEBUG] RSS ok: ch/macos/Utilities/top-free entries=100
[2026-09-17T23:53:13.924Z] [DEBUG] Hits: ch/macos/Utilities/top-free 3 app(s) found
[2026-09-17T23:53:14.797Z] [DEBUG] RSS ok: be/macos/Business/top-free entries=100
[2026-09-17T23:53:24.804Z] [DEBUG] Hits: be/macos/Business/top-free 2 app(s) found
[2026-09-17T23:53:25.723Z] [DEBUG] RSS ok: be/macos/Productivity/top-free entries=99
[2026-09-17T23:53:35.723Z] [DEBUG] Hits: be/macos/Productivity/top-free 3 app(s) found
[2026-09-17T23:53:36.854Z] [DEBUG] RSS ok: be/macos/Utilities/top-free entries=100
[2026-09-17T23:53:46.861Z] [DEBUG] Hits: be/macos/Utilities/top-free 3 app(s) found
[2026-09-17T23:53:47.804Z] [DEBUG] RSS ok: nl/macos/Business/top-free entries=100
[2026-09-17T23:53:57.811Z] [DEBUG] Hits: nl/macos/Business/top-free 3 app(s) found
[2026-09-17T23:53:58.588Z] [DEBUG] RSS ok: nl/macos/Productivity/top-free entries=99
[2026-09-17T23:54:08.594Z] [DEBUG] Hits: nl/macos/Productivity/top-free 4 app(s) found
[2026-09-17T23:54:09.388Z] [DEBUG] RSS ok: nl/macos/Utilities/top-free entries=100
[2026-09-17T23:54:19.395Z] [DEBUG] Hits: nl/macos/Utilities/top-free 2 app(s) found
[2026-09-17T23:54:20.237Z] [DEBUG] RSS ok: tw/macos/Business/top-free entries=100
[2026-09-17T23:54:30.243Z] [INFO] RSS progress: 40/60 (40 ok, 0 error, 120 points)
[2026-09-17T23:54:30.243Z] [DEBUG] Hits: tw/macos/Business/top-free 4 app(s) found
[2026-09-17T23:54:31.127Z] [DEBUG] RSS ok: tw/macos/Productivity/top-free entries=99
[2026-09-17T23:54:41.134Z] [DEBUG] Hits: tw/macos/Productivity/top-free 3 app(s) found
[2026-09-17T23:54:42.072Z] [DEBUG] RSS ok: tw/macos/Utilities/top-free entries=100
[2026-09-17T23:54:52.796Z] [DEBUG] RSS ok: hk/macos/Business/top-free entries=94
[2026-09-17T23:55:02.802Z] [DEBUG] Hits: hk/macos/Business/top-free 2 app(s) found
[2026-09-17T23:55:03.881Z] [DEBUG] RSS ok: hk/macos/Productivity/top-free entries=99
[2026-09-17T23:55:13.888Z] [DEBUG] Hits: hk/macos/Productivity/top-free 4 app(s) found
[2026-09-17T23:55:14.776Z] [DEBUG] RSS ok: hk/macos/Utilities/top-free entries=100
[2026-09-17T23:55:24.783Z] [DEBUG] Hits: hk/macos/Utilities/top-free 1 app(s) found
[2026-09-17T23:55:25.590Z] [DEBUG] RSS ok: nz/macos/Business/top-free entries=100
[2026-09-17T23:55:35.595Z] [DEBUG] Hits: nz/macos/Business/top-free 3 app(s) found
[2026-09-17T23:55:36.423Z] [DEBUG] RSS ok: nz/macos/Productivity/top-free entries=99
[2026-09-17T23:55:46.428Z] [DEBUG] Hits: nz/macos/Productivity/top-free 3 app(s) found
[2026-09-17T23:55:47.393Z] [DEBUG] RSS ok: nz/macos/Utilities/top-free entries=100
[2026-09-17T23:55:58.368Z] [DEBUG] RSS ok: sg/macos/Business/top-free entries=100
[2026-09-17T23:56:08.375Z] [DEBUG] Hits: sg/macos/Business/top-free 4 app(s) found
[2026-09-17T23:56:09.221Z] [DEBUG] RSS ok: sg/macos/Productivity/top-free entries=99
[2026-09-17T23:56:19.227Z] [DEBUG] Hits: sg/macos/Productivity/top-free 3 app(s) found
[2026-09-17T23:56:19.227Z] [INFO] RSS progress: 50/60 (50 ok, 0 error, 143 points)
[2026-09-17T23:56:20.021Z] [DEBUG] RSS ok: sg/macos/Utilities/top-free entries=100
[2026-09-17T23:56:30.027Z] [DEBUG] Hits: sg/macos/Utilities/top-free 1 app(s) found
[2026-09-17T23:56:30.693Z] [DEBUG] RSS ok: in/macos/Business/top-free entries=100
[2026-09-17T23:56:40.699Z] [DEBUG] Hits: in/macos/Business/top-free 3 app(s) found
[2026-09-17T23:56:41.693Z] [DEBUG] RSS ok: in/macos/Productivity/top-free entries=99
[2026-09-17T23:56:51.700Z] [DEBUG] Hits: in/macos/Productivity/top-free 3 app(s) found
[2026-09-17T23:56:52.410Z] [DEBUG] RSS ok: in/macos/Utilities/top-free entries=100
[2026-09-17T23:57:03.336Z] [DEBUG] RSS ok: za/macos/Business/top-free entries=100
[2026-09-17T23:57:13.342Z] [DEBUG] Hits: za/macos/Business/top-free 4 app(s) found
[2026-09-17T23:57:14.169Z] [DEBUG] RSS ok: za/macos/Productivity/top-free entries=99
[2026-09-17T23:57:24.176Z] [DEBUG] Hits: za/macos/Productivity/top-free 3 app(s) found
[2026-09-17T23:57:25.207Z] [DEBUG] RSS ok: za/macos/Utilities/top-free entries=100
[2026-09-17T23:57:35.213Z] [DEBUG] Hits: za/macos/Utilities/top-free 3 app(s) found
[2026-09-17T23:57:36.216Z] [DEBUG] RSS ok: br/macos/Business/top-free entries=100
[2026-09-17T23:57:46.219Z] [DEBUG] Hits: br/macos/Business/top-free 2 app(s) found
[2026-09-17T23:57:47.140Z] [DEBUG] RSS ok: br/macos/Productivity/top-free entries=99
[2026-09-17T23:57:57.146Z] [DEBUG] Hits: br/macos/Productivity/top-free 3 app(s) found
[2026-09-17T23:57:58.100Z] [DEBUG] RSS ok: br/macos/Utilities/top-free entries=100
[2026-09-17T23:58:08.106Z] [INFO] RSS progress: 60/60 (60 ok, 0 error, 165 points)
[2026-09-17T23:58:08.107Z] [INFO] RSS fetch done: 60 ok, 0 error, 165 points
[2026-09-17T23:58:08.107Z] [INFO] Platform max returned: macos = 100
[2026-09-17T23:58:08.107Z] [INFO] RSS results: 60 ok, 0 error, 165 rank points
[2026-09-17T23:58:08.129Z] [INFO] Stored: 60 crawls, 165 points
[2026-09-17T23:58:08.155Z] [INFO] current.json written rows=23
[2026-09-17T23:58:08.156Z] [INFO] Current summary: on_chart=165, not_on_chart=289, depth_limited=6, crawl_error=0, total=460
[2026-09-17T23:58:08.156Z] [INFO] === Crawl complete === 653.1s
